Seed,Evaluation,BestDistance
0,200,2427.9924940438245
0,300,2427.9924940438245
0,400,2349.311205883822
0,500,2243.5860382151277
0,600,2194.014057798197
0,700,2194.014057798197
0,800,2169.089970636011
0,900,2169.089970636011
0,1000,2127.5238030452683
0,1100,2127.5238030452683
0,1200,2127.5238030452683
0,1300,2127.5238030452683
0,1400,2124.459619551091
0,1500,2124.459619551091
0,1600,2082.0688750205345
0,1700,2082.0688750205345
0,1800,2021.0593884952618
0,1900,2020.5585106567842
0,2000,2016.245178089142
0,2100,1984.484158018474
0,2200,1984.484158018474
0,2300,1984.484158018474
0,2400,1984.484158018474
0,2500,1984.484158018474
0,2600,1984.484158018474
0,2700,1970.8343489337844
0,2800,1915.5675131941612
0,2900,1863.7716409690638
0,3000,1811.9886289709418
0,3100,1811.9886289709418
0,3200,1811.9886289709418
0,3300,1811.9886289709418
0,3400,1811.9886289709418
0,3500,1799.5128577146736
0,3600,1725.9198859778267
0,3700,1725.9198859778267
0,3800,1725.9198859778267
0,3900,1725.9198859778267
0,4000,1725.9198859778267
0,4100,1725.9198859778267
0,4200,1712.7323710842622
0,4300,1712.7323710842622
0,4400,1691.0806085351358
0,4500,1691.0806085351358
0,4600,1691.0806085351358
0,4700,1691.0806085351358
0,4800,1691.0806085351358
0,4900,1659.2957089044833
0,5000,1659.2957089044833
0,5100,1659.2957089044833
0,5200,1659.2957089044833
0,5300,1659.2957089044833
0,5400,1598.8693957673029
0,5500,1598.8693957673029
0,5600,1598.8693957673029
0,5700,1598.8693957673029
0,5800,1598.8693957673029
0,5900,1598.8693957673029
0,6000,1598.8693957673029
0,6100,1598.8693957673029
0,6200,1598.8693957673029
0,6300,1580.9603647535516
0,6400,1580.9603647535516
0,6500,1580.9603647535516
0,6600,1553.6820449276224
0,6700,1553.6820449276224
0,6800,1553.6820449276224
0,6900,1553.6820449276224
0,7000,1553.6820449276224
0,7100,1553.6820449276224
0,7200,1553.6820449276224
0,7300,1553.6820449276224
0,7400,1553.6820449276224
0,7500,1553.6820449276224
0,7600,1519.191868806924
0,7700,1519.191868806924
0,7800,1501.0724877867199
0,7900,1501.0724877867199
0,8000,1501.0724877867199
0,8100,1501.0724877867199
0,8200,1501.0724877867199
0,8300,1501.0724877867199
0,8400,1501.0724877867199
0,8500,1501.0724877867199
0,8600,1501.0724877867199
0,8700,1501.0724877867199
0,8800,1501.0724877867199
0,8900,1501.0724877867199
0,9000,1501.0724877867199
0,9100,1501.0724877867199
0,9200,1501.0724877867199
0,9300,1501.0724877867199
0,9400,1501.0724877867199
0,9500,1501.0724877867199
0,9600,1501.0724877867199
0,9700,1501.0724877867199
0,9800,1501.0724877867199
0,9900,1501.0724877867199
0,10000,1501.0724877867199
0,10100,1501.0724877867199
0,10200,1501.0724877867199
0,10300,1501.0724877867199
0,10400,1501.0724877867199
0,10500,1501.0724877867199
0,10600,1501.0724877867199
0,10700,1501.0724877867199
0,10800,1501.0724877867199
0,10900,1501.0724877867199
0,11000,1501.0724877867199
0,11100,1501.0724877867199
0,11200,1487.3579531506346
0,11300,1487.3579531506346
0,11400,1487.3579531506346
0,11500,1487.3579531506346
0,11600,1487.3579531506346
0,11700,1487.3579531506346
0,11800,1487.3579531506346
0,11900,1487.3579531506346
0,12000,1487.3579531506346
0,12100,1487.3579531506346
0,12200,1487.3579531506346
0,12300,1487.3579531506346
0,12400,1487.3579531506346
0,12500,1487.3579531506346
0,12600,1487.3579531506346
0,12700,1487.3579531506346
0,12800,1476.7765114510114
0,12900,1476.7765114510114
0,13000,1476.7765114510114
0,13100,1476.7765114510114
0,13200,1476.7765114510114
0,13300,1476.7765114510114
0,13400,1476.7765114510114
0,13500,1476.7765114510114
0,13600,1476.7765114510114
0,13700,1476.7765114510114
0,13800,1476.7765114510114
0,13900,1476.7765114510114
0,14000,1476.7765114510114
0,14100,1476.7765114510114
0,14200,1476.7765114510114
0,14300,1476.7765114510114
0,14400,1476.7765114510114
0,14500,1476.7765114510114
0,14600,1476.7765114510114
0,14700,1476.7765114510114
0,14800,1476.7765114510114
0,14900,1476.7765114510114
0,15000,1476.7765114510114
0,15100,1476.7765114510114
0,15200,1468.7638487977806
0,15300,1468.7638487977806
0,15400,1468.7638487977806
0,15500,1463.3730854336357
0,15600,1463.3730854336357
0,15700,1463.3730854336357
0,15800,1463.3730854336357
0,15900,1463.3730854336357
0,16000,1463.3730854336357
0,16100,1463.3730854336357
0,16200,1463.3730854336357
0,16300,1463.3730854336357
0,16400,1463.3730854336357
0,16500,1463.3730854336357
0,16600,1463.3730854336357
0,16700,1463.3730854336357
0,16800,1463.3730854336357
0,16900,1463.3730854336357
0,17000,1463.3730854336357
0,17100,1463.3730854336357
0,17200,1463.3730854336357
0,17300,1463.3730854336357
0,17400,1463.3730854336357
0,17500,1463.3730854336357
0,17600,1463.3730854336357
0,17700,1463.3730854336357
0,17800,1463.3730854336357
0,17900,1463.3730854336357
0,18000,1463.3730854336357
0,18100,1463.3730854336357
0,18200,1463.3730854336357
0,18300,1463.3730854336357
0,18400,1463.3730854336357
0,18500,1463.3730854336357
0,18600,1463.3730854336357
0,18700,1463.3730854336357
0,18800,1463.3730854336357
0,18900,1463.3730854336357
0,19000,1463.3730854336357
0,19100,1463.3730854336357
0,19200,1463.3730854336357
0,19300,1463.3730854336357
0,19400,1463.3730854336357
0,19500,1463.3730854336357
0,19600,1463.3730854336357
0,19700,1463.3730854336357
0,19800,1463.3730854336357
0,19900,1463.3730854336357
0,20000,1463.3730854336357
0,20100,1463.3730854336357
0,20200,1463.3730854336357
0,20300,1463.3730854336357
0,20400,1463.3730854336357
0,20500,1463.3730854336357
0,20600,1463.3730854336357
0,20700,1463.3730854336357
0,20800,1463.3730854336357
0,20900,1463.3730854336357
0,21000,1463.3730854336357
0,21100,1463.3730854336357
0,21200,1463.3730854336357
0,21300,1463.3730854336357
0,21400,1463.3730854336357
0,21500,1463.3730854336357
0,21600,1463.3730854336357
0,21700,1463.3730854336357
0,21800,1463.3730854336357
0,21900,1463.3730854336357
0,22000,1463.3730854336357
0,22100,1463.3730854336357
0,22200,1463.3730854336357
0,22300,1463.3730854336357
0,22400,1463.3730854336357
0,22500,1463.3730854336357
0,22600,1463.3730854336357
0,22700,1463.3730854336357
0,22800,1463.3730854336357
0,22900,1463.3730854336357
0,23000,1463.3730854336357
0,23100,1463.3730854336357
0,23200,1463.3730854336357
0,23300,1463.3730854336357
0,23400,1463.3730854336357
0,23500,1463.3730854336357
0,23600,1463.3730854336357
0,23700,1463.3730854336357
0,23800,1463.3730854336357
0,23900,1463.3730854336357
0,24000,1463.3730854336357
0,24100,1463.3730854336357
0,24200,1463.3730854336357
0,24300,1463.3730854336357
0,24400,1463.3730854336357
0,24500,1463.3730854336357
0,24600,1463.3730854336357
0,24700,1463.3730854336357
0,24800,1463.3730854336357
0,24900,1463.3730854336357
0,25000,1463.3730854336357
0,25100,1463.3730854336357
0,25200,1463.3730854336357
0,25300,1463.3730854336357
0,25400,1463.3730854336357
0,25500,1463.3730854336357
0,25600,1463.3730854336357
0,25700,1463.3730854336357
0,25800,1463.3730854336357
0,25900,1463.3730854336357
0,26000,1463.3730854336357
0,26100,1463.3730854336357
0,26200,1463.3730854336357
0,26300,1463.3730854336357
0,26400,1463.3730854336357
0,26500,1463.3730854336357
0,26600,1463.3730854336357
0,26700,1463.3730854336357
0,26800,1463.3730854336357
0,26900,1463.3730854336357
0,27000,1463.3730854336357
0,27100,1463.3730854336357
0,27200,1463.3730854336357
0,27300,1463.3730854336357
0,27400,1463.3730854336357
0,27500,1463.3730854336357
0,27600,1463.3730854336357
0,27700,1463.3730854336357
0,27800,1463.3730854336357
0,27900,1463.3730854336357
0,28000,1463.3730854336357
0,28100,1463.3730854336357
0,28200,1463.3730854336357
0,28300,1463.3730854336357
0,28400,1463.3730854336357
0,28500,1463.3730854336357
0,28600,1463.3730854336357
0,28700,1463.3730854336357
0,28800,1463.3730854336357
0,28900,1463.3730854336357
0,29000,1463.3730854336357
0,29100,1463.3730854336357
0,29200,1463.3730854336357
0,29300,1463.3730854336357
0,29400,1463.3730854336357
0,29500,1463.3730854336357
0,29600,1463.3730854336357
0,29700,1463.3730854336357
0,29800,1463.3730854336357
0,29900,1463.3730854336357
0,30000,1463.3730854336357
0,30100,1463.3730854336357
0,30200,1463.3730854336357
0,30300,1463.3730854336357
0,30400,1463.3730854336357
0,30500,1463.3730854336357
0,30600,1463.3730854336357
0,30700,1463.3730854336357
0,30800,1463.3730854336357
0,30900,1463.3730854336357
0,31000,1463.3730854336357
0,31100,1463.3730854336357
0,31200,1463.3730854336357
0,31300,1463.3730854336357
0,31400,1463.3730854336357
0,31500,1463.3730854336357
0,31600,1463.3730854336357
0,31700,1463.3730854336357
0,31800,1463.3730854336357
0,31900,1463.3730854336357
0,32000,1463.3730854336357
0,32100,1463.3730854336357
0,32200,1463.3730854336357
0,32300,1461.3607832946782
0,32400,1461.3607832946782
0,32500,1461.3607832946782
0,32600,1461.3607832946782
0,32700,1461.3607832946782
0,32800,1461.3607832946782
0,32900,1461.3607832946782
0,33000,1461.3607832946782
0,33100,1461.3607832946782
0,33200,1461.3607832946782
0,33300,1461.3607832946782
0,33400,1461.3607832946782
0,33500,1461.3607832946782
0,33600,1461.3607832946782
0,33700,1461.3607832946782
0,33800,1461.3607832946782
0,33900,1461.3607832946782
0,34000,1461.3607832946782
0,34100,1461.3607832946782
0,34200,1461.3607832946782
0,34300,1445.8047331076536
0,34400,1445.8047331076536
0,34500,1445.8047331076536
0,34600,1445.8047331076536
0,34700,1445.8047331076536
0,34800,1445.8047331076536
0,34900,1445.8047331076536
0,35000,1445.8047331076536
0,35100,1445.8047331076536
0,35200,1445.8047331076536
0,35300,1445.8047331076536
0,35400,1445.8047331076536
0,35500,1445.8047331076536
0,35600,1445.8047331076536
0,35700,1445.8047331076536
0,35800,1445.8047331076536
0,35900,1445.8047331076536
0,36000,1445.8047331076536
0,36100,1445.8047331076536
0,36200,1445.8047331076536
0,36300,1445.8047331076536
0,36400,1445.8047331076536
0,36500,1445.8047331076536
0,36600,1445.8047331076536
0,36700,1445.8047331076536
0,36800,1445.8047331076536
0,36900,1445.8047331076536
0,37000,1445.8047331076536
0,37100,1445.8047331076536
0,37200,1445.8047331076536
0,37300,1445.8047331076536
0,37400,1445.8047331076536
0,37500,1445.8047331076536
0,37600,1445.8047331076536
0,37700,1445.8047331076536
0,37800,1445.8047331076536
0,37900,1445.8047331076536
0,38000,1445.8047331076536
0,38100,1445.8047331076536
0,38200,1445.8047331076536
0,38300,1445.8047331076536
0,38400,1435.443993510355
0,38500,1435.443993510355
0,38600,1435.443993510355
0,38700,1435.443993510355
0,38800,1435.443993510355
0,38900,1435.443993510355
0,39000,1435.443993510355
0,39100,1435.443993510355
0,39200,1435.443993510355
0,39300,1435.443993510355
0,39400,1432.7370883173971
0,39500,1432.7370883173971
0,39600,1432.7370883173971
0,39700,1432.7370883173971
0,39800,1432.7370883173971
0,39900,1432.7370883173971
0,40000,1432.7370883173971
0,40100,1432.7370883173971
0,40200,1432.7370883173971
0,40300,1391.3922327179664
0,40400,1391.3922327179664
0,40500,1391.3922327179664
0,40600,1391.3922327179664
0,40700,1391.3922327179664
0,40800,1391.3922327179664
0,40900,1391.3922327179662
0,41000,1391.3922327179662
0,41100,1391.3922327179662
0,41200,1391.3922327179662
0,41300,1391.3922327179662
0,41400,1391.3922327179662
0,41500,1391.3922327179662
0,41600,1391.3922327179662
0,41700,1391.3922327179662
0,41800,1391.3922327179662
0,41900,1391.3922327179662
0,42000,1391.3922327179662
0,42100,1391.3922327179662
0,42200,1391.3922327179662
0,42300,1391.3922327179662
0,42400,1391.3922327179662
0,42500,1391.3922327179662
0,42600,1391.3922327179662
0,42700,1391.3922327179662
0,42800,1391.3922327179662
0,42900,1391.3922327179662
0,43000,1391.3922327179662
0,43100,1391.3922327179662
0,43200,1391.3922327179662
0,43300,1384.6301384590852
0,43400,1384.6301384590852
0,43500,1384.6301384590852
0,43600,1384.6301384590852
0,43700,1384.6301384590852
0,43800,1384.6301384590852
0,43900,1384.6301384590852
0,44000,1384.6301384590852
0,44100,1384.6301384590852
0,44200,1384.6301384590852
0,44300,1384.6301384590852
0,44400,1384.6301384590852
0,44500,1384.6301384590852
0,44600,1384.6301384590852
0,44700,1384.6301384590852
0,44800,1384.6301384590852
0,44900,1384.6301384590852
0,45000,1367.420512120566
0,45100,1367.420512120566
0,45200,1367.420512120566
0,45300,1367.420512120566
0,45400,1367.420512120566
0,45500,1367.420512120566
0,45600,1367.420512120566
0,45700,1367.420512120566
0,45800,1367.420512120566
0,45900,1367.420512120566
0,46000,1367.420512120566
0,46100,1367.420512120566
0,46200,1367.420512120566
0,46300,1367.420512120566
0,46400,1367.420512120566
0,46500,1367.420512120566
0,46600,1367.420512120566
0,46700,1367.420512120566
0,46800,1367.420512120566
0,46900,1367.420512120566
0,47000,1367.420512120566
0,47100,1367.420512120566
0,47200,1367.420512120566
0,47300,1367.420512120566
0,47400,1367.420512120566
0,47500,1367.420512120566
0,47600,1367.420512120566
0,47700,1367.420512120566
0,47800,1367.420512120566
0,47900,1367.420512120566
0,48000,1367.420512120566
0,48100,1367.420512120566
0,48200,1363.9269941923499
0,48300,1363.9269941923499
0,48400,1363.9269941923499
0,48500,1363.9269941923499
0,48600,1363.9269941923499
0,48700,1363.9269941923499
0,48800,1363.9269941923499
0,48900,1363.9269941923499
0,49000,1363.9269941923499
0,49100,1363.9269941923499
0,49200,1363.9269941923499
0,49300,1363.9269941923499
0,49400,1363.9269941923499
0,49500,1363.9269941923499
0,49600,1363.9269941923499
0,49700,1363.9269941923499
0,49800,1363.9269941923499
0,49900,1363.9269941923499
0,50000,1363.9269941923499
1,200,2465.2407909788317
1,300,2465.2407909788317
1,400,2276.819933887416
1,500,2276.819933887416
1,600,2221.1197598298054
1,700,2154.7871193736687
1,800,2154.7871193736687
1,900,2154.7871193736687
1,1000,2154.758774161254
1,1100,2095.190012597916
1,1200,2095.190012597916
1,1300,2095.190012597916
1,1400,2095.190012597916
1,1500,2021.6490732150546
1,1600,2000.9156087391573
1,1700,2000.9156087391573
1,1800,2000.9156087391573
1,1900,2000.9156087391573
1,2000,2000.9156087391573
1,2100,2000.9156087391573
1,2200,1953.0060035686627
1,2300,1953.0060035686627
1,2400,1948.2402165642939
1,2500,1924.4434441767319
1,2600,1901.7958689446841
1,2700,1901.7958689446841
1,2800,1901.7958689446841
1,2900,1901.7958689446841
1,3000,1901.7958689446841
1,3100,1877.7571604574523
1,3200,1877.7571604574523
1,3300,1820.1898004135537
1,3400,1820.1898004135537
1,3500,1820.1898004135537
1,3600,1792.7163776690695
1,3700,1792.7163776690695
1,3800,1792.7163776690695
1,3900,1792.7163776690695
1,4000,1792.7163776690695
1,4100,1783.715444255131
1,4200,1743.1688935526204
1,4300,1743.1688935526204
1,4400,1686.4666358938516
1,4500,1686.4666358938516
1,4600,1686.4666358938516
1,4700,1686.4666358938516
1,4800,1686.4666358938516
1,4900,1686.4666358938516
1,5000,1686.4666358938516
1,5100,1686.4666358938516
1,5200,1686.4666358938516
1,5300,1686.4666358938516
1,5400,1660.1219806018025
1,5500,1660.1219806018025
1,5600,1660.1219806018025
1,5700,1660.1219806018025
1,5800,1660.1219806018025
1,5900,1660.1219806018025
1,6000,1660.1219806018025
1,6100,1660.1219806018025
1,6200,1660.1219806018025
1,6300,1660.1219806018025
1,6400,1660.1219806018025
1,6500,1660.1219806018025
1,6600,1660.1219806018025
1,6700,1660.1219806018025
1,6800,1660.1219806018025
1,6900,1658.1960611787274
1,7000,1658.1960611787274
1,7100,1658.1960611787274
1,7200,1647.9350870580683
1,7300,1647.9350870580683
1,7400,1647.9350870580683
1,7500,1647.9350870580683
1,7600,1630.1326172311906
1,7700,1630.1326172311906
1,7800,1630.1326172311906
1,7900,1630.1326172311906
1,8000,1630.1326172311906
1,8100,1630.1326172311906
1,8200,1630.1326172311906
1,8300,1630.1326172311906
1,8400,1630.1326172311906
1,8500,1630.1326172311906
1,8600,1630.1326172311906
1,8700,1630.1326172311906
1,8800,1630.1326172311906
1,8900,1630.1326172311906
1,9000,1630.1326172311906
1,9100,1630.1326172311906
1,9200,1601.8477628620617
1,9300,1601.8477628620617
1,9400,1601.8477628620617
1,9500,1601.8477628620617
1,9600,1601.8477628620617
1,9700,1601.8477628620617
1,9800,1601.8477628620617
1,9900,1601.8477628620617
1,10000,1601.8477628620617
1,10100,1601.8477628620617
1,10200,1601.8477628620617
1,10300,1601.8477628620617
1,10400,1601.8477628620617
1,10500,1592.635803515223
1,10600,1592.635803515223
1,10700,1567.6855889381382
1,10800,1567.6855889381382
1,10900,1567.6855889381382
1,11000,1567.6855889381382
1,11100,1567.6855889381382
1,11200,1567.6855889381382
1,11300,1567.6855889381382
1,11400,1567.6855889381382
1,11500,1567.6855889381382
1,11600,1567.6855889381382
1,11700,1562.7458962030546
1,11800,1562.7458962030546
1,11900,1562.7458962030546
1,12000,1562.7458962030546
1,12100,1562.7458962030546
1,12200,1562.7458962030546
1,12300,1562.7458962030546
1,12400,1562.7458962030546
1,12500,1562.7458962030546
1,12600,1562.7458962030546
1,12700,1562.7458962030546
1,12800,1562.7458962030546
1,12900,1562.7458962030546
1,13000,1562.7458962030546
1,13100,1562.7458962030546
1,13200,1562.7458962030546
1,13300,1562.7458962030546
1,13400,1562.7458962030546
1,13500,1562.7458962030546
1,13600,1554.3812682036628
1,13700,1554.3812682036628
1,13800,1554.3812682036628
1,13900,1554.3812682036628
1,14000,1554.3812682036628
1,14100,1554.3812682036628
1,14200,1554.3812682036628
1,14300,1554.3812682036628
1,14400,1554.3812682036628
1,14500,1554.1919477049637
1,14600,1554.1919477049637
1,14700,1554.1919477049637
1,14800,1554.1919477049637
1,14900,1554.1919477049637
1,15000,1554.1919477049637
1,15100,1554.1919477049637
1,15200,1554.1919477049637
1,15300,1554.1919477049637
1,15400,1554.1919477049637
1,15500,1554.1919477049637
1,15600,1554.1919477049637
1,15700,1554.1919477049637
1,15800,1554.1919477049637
1,15900,1554.1919477049637
1,16000,1554.1919477049637
1,16100,1554.1919477049637
1,16200,1554.1919477049637
1,16300,1554.1919477049637
1,16400,1554.1919477049637
1,16500,1547.1433747094381
1,16600,1547.1433747094381
1,16700,1547.1433747094381
1,16800,1547.1433747094381
1,16900,1547.1433747094381
1,17000,1547.1433747094381
1,17100,1547.1433747094381
1,17200,1547.1433747094381
1,17300,1547.1433747094381
1,17400,1547.1433747094381
1,17500,1547.1433747094381
1,17600,1547.1433747094381
1,17700,1547.1433747094381
1,17800,1547.1433747094381
1,17900,1547.1433747094381
1,18000,1547.1433747094381
1,18100,1547.1433747094381
1,18200,1547.1433747094381
1,18300,1547.1433747094381
1,18400,1547.1433747094381
1,18500,1547.1433747094381
1,18600,1547.1433747094381
1,18700,1547.1433747094381
1,18800,1547.1433747094381
1,18900,1547.1433747094381
1,19000,1547.1433747094381
1,19100,1547.1433747094381
1,19200,1547.1433747094381
1,19300,1547.1433747094381
1,19400,1547.1433747094381
1,19500,1547.1433747094381
1,19600,1547.1433747094381
1,19700,1547.1433747094381
1,19800,1547.1433747094381
1,19900,1547.1433747094381
1,20000,1547.1433747094381
1,20100,1547.1433747094381
1,20200,1547.1433747094381
1,20300,1537.3275349621956
1,20400,1537.3275349621956
1,20500,1537.3275349621956
1,20600,1537.3275349621956
1,20700,1537.3275349621956
1,20800,1537.3275349621956
1,20900,1537.3275349621956
1,21000,1537.3275349621956
1,21100,1537.3275349621956
1,21200,1537.3275349621956
1,21300,1537.3275349621956
1,21400,1537.3275349621956
1,21500,1537.3275349621956
1,21600,1537.3275349621956
1,21700,1537.3275349621956
1,21800,1537.3275349621956
1,21900,1537.3275349621956
1,22000,1537.3275349621956
1,22100,1537.3275349621956
1,22200,1537.3275349621956
1,22300,1537.3275349621952
1,22400,1537.3275349621952
1,22500,1537.3275349621952
1,22600,1537.3275349621952
1,22700,1537.3275349621952
1,22800,1537.3275349621952
1,22900,1537.3275349621952
1,23000,1537.3275349621952
1,23100,1537.3275349621952
1,23200,1537.3275349621952
1,23300,1537.3275349621952
1,23400,1537.3275349621952
1,23500,1537.3275349621952
1,23600,1537.3275349621952
1,23700,1537.3275349621952
1,23800,1537.3275349621952
1,23900,1537.3275349621952
1,24000,1537.3275349621952
1,24100,1507.4064828024427
1,24200,1507.4064828024427
1,24300,1507.4064828024427
1,24400,1507.4064828024427
1,24500,1507.4064828024427
1,24600,1498.1262957715949
1,24700,1498.1262957715949
1,24800,1498.1262957715949
1,24900,1498.1262957715949
1,25000,1498.1262957715949
1,25100,1498.1262957715949
1,25200,1498.1262957715949
1,25300,1498.1262957715949
1,25400,1498.1262957715949
1,25500,1498.1262957715949
1,25600,1498.1262957715949
1,25700,1498.1262957715949
1,25800,1498.1262957715949
1,25900,1498.1262957715949
1,26000,1498.1262957715949
1,26100,1498.1262957715949
1,26200,1498.1262957715949
1,26300,1498.1262957715949
1,26400,1498.1262957715949
1,26500,1498.1262957715949
1,26600,1498.1262957715949
1,26700,1495.8333318473035
1,26800,1495.8333318473035
1,26900,1495.8333318473035
1,27000,1495.8333318473035
1,27100,1495.8333318473035
1,27200,1495.8333318473035
1,27300,1495.8333318473035
1,27400,1495.8333318473035
1,27500,1495.8333318473035
1,27600,1495.8333318473035
1,27700,1495.8333318473035
1,27800,1495.8333318473035
1,27900,1495.8333318473035
1,28000,1495.8333318473035
1,28100,1495.8333318473035
1,28200,1495.8333318473035
1,28300,1495.8333318473035
1,28400,1495.8333318473035
1,28500,1495.8333318473035
1,28600,1495.8333318473035
1,28700,1495.8333318473035
1,28800,1493.409020300709
1,28900,1493.409020300709
1,29000,1493.409020300709
1,29100,1493.409020300709
1,29200,1493.409020300709
1,29300,1493.409020300709
1,29400,1493.409020300709
1,29500,1493.409020300709
1,29600,1493.409020300709
1,29700,1493.409020300709
1,29800,1493.409020300709
1,29900,1448.0046064726657
1,30000,1448.0046064726657
1,30100,1448.0046064726657
1,30200,1448.0046064726657
1,30300,1448.0046064726657
1,30400,1448.0046064726657
1,30500,1448.0046064726657
1,30600,1448.0046064726657
1,30700,1448.0046064726657
1,30800,1448.0046064726657
1,30900,1448.0046064726657
1,31000,1448.0046064726657
1,31100,1448.0046064726657
1,31200,1448.0046064726657
1,31300,1448.0046064726657
1,31400,1448.0046064726657
1,31500,1441.0405691435753
1,31600,1441.0405691435753
1,31700,1441.0405691435753
1,31800,1441.0405691435753
1,31900,1441.0405691435753
1,32000,1441.0405691435753
1,32100,1441.0405691435753
1,32200,1441.0405691435753
1,32300,1441.0405691435753
1,32400,1441.0405691435753
1,32500,1441.0405691435753
1,32600,1441.0405691435753
1,32700,1441.0405691435753
1,32800,1441.0405691435753
1,32900,1441.0405691435753
1,33000,1441.0405691435753
1,33100,1441.0405691435753
1,33200,1441.0405691435753
1,33300,1441.0405691435753
1,33400,1441.0405691435753
1,33500,1441.0405691435753
1,33600,1441.0405691435753
1,33700,1420.8472445608948
1,33800,1420.8472445608948
1,33900,1420.8472445608948
1,34000,1420.8472445608948
1,34100,1420.8472445608948
1,34200,1420.8472445608948
1,34300,1420.847244560894
1,34400,1420.847244560894
1,34500,1420.847244560894
1,34600,1420.847244560894
1,34700,1420.847244560894
1,34800,1420.847244560894
1,34900,1420.847244560894
1,35000,1420.847244560894
1,35100,1420.847244560894
1,35200,1420.847244560894
1,35300,1420.847244560894
1,35400,1420.847244560894
1,35500,1420.847244560894
1,35600,1420.847244560894
1,35700,1420.847244560894
1,35800,1420.847244560894
1,35900,1420.847244560894
1,36000,1420.847244560894
1,36100,1420.847244560894
1,36200,1420.847244560894
1,36300,1420.847244560894
1,36400,1420.847244560894
1,36500,1420.847244560894
1,36600,1420.847244560894
1,36700,1420.847244560894
1,36800,1420.847244560894
1,36900,1420.847244560894
1,37000,1420.847244560894
1,37100,1420.847244560894
1,37200,1420.847244560894
1,37300,1420.847244560894
1,37400,1420.847244560894
1,37500,1420.847244560894
1,37600,1420.847244560894
1,37700,1420.847244560894
1,37800,1420.847244560894
1,37900,1420.847244560894
1,38000,1420.847244560894
1,38100,1420.847244560894
1,38200,1420.847244560894
1,38300,1420.847244560894
1,38400,1420.847244560894
1,38500,1420.847244560894
1,38600,1420.847244560894
1,38700,1420.847244560894
1,38800,1420.847244560894
1,38900,1420.847244560894
1,39000,1420.847244560894
1,39100,1420.847244560894
1,39200,1420.847244560894
1,39300,1420.847244560894
1,39400,1420.847244560894
1,39500,1420.847244560894
1,39600,1420.847244560894
1,39700,1420.847244560894
1,39800,1420.847244560894
1,39900,1420.847244560894
1,40000,1420.847244560894
1,40100,1420.847244560894
1,40200,1420.847244560894
1,40300,1420.847244560894
1,40400,1420.847244560894
1,40500,1420.847244560894
1,40600,1420.847244560894
1,40700,1420.847244560894
1,40800,1420.847244560894
1,40900,1420.847244560894
1,41000,1420.847244560894
1,41100,1420.847244560894
1,41200,1420.847244560894
1,41300,1420.847244560894
1,41400,1420.847244560894
1,41500,1420.847244560894
1,41600,1420.847244560894
1,41700,1420.847244560894
1,41800,1420.847244560894
1,41900,1420.847244560894
1,42000,1420.847244560894
1,42100,1420.847244560894
1,42200,1420.847244560894
1,42300,1420.847244560894
1,42400,1420.847244560894
1,42500,1420.847244560894
1,42600,1420.847244560894
1,42700,1420.847244560894
1,42800,1420.847244560894
1,42900,1420.847244560894
1,43000,1416.0268223098387
1,43100,1416.0268223098387
1,43200,1416.0268223098387
1,43300,1416.0268223098387
1,43400,1416.0268223098387
1,43500,1416.0268223098387
1,43600,1416.0268223098387
1,43700,1416.0268223098387
1,43800,1416.0268223098387
1,43900,1416.0268223098387
1,44000,1416.0268223098387
1,44100,1416.0268223098387
1,44200,1416.0268223098387
1,44300,1416.0268223098387
1,44400,1416.0268223098387
1,44500,1416.0268223098387
1,44600,1416.0268223098387
1,44700,1416.0268223098387
1,44800,1416.0268223098387
1,44900,1416.0268223098387
1,45000,1416.0268223098387
1,45100,1416.0268223098387
1,45200,1416.0268223098387
1,45300,1416.0268223098387
1,45400,1416.0268223098387
1,45500,1416.0268223098387
1,45600,1416.0268223098387
1,45700,1416.0268223098387
1,45800,1416.0268223098387
1,45900,1416.0268223098387
1,46000,1416.0268223098387
1,46100,1416.0268223098387
1,46200,1416.0268223098387
1,46300,1416.0268223098387
1,46400,1416.0268223098387
1,46500,1416.0268223098387
1,46600,1416.0268223098387
1,46700,1416.0268223098387
1,46800,1416.0268223098387
1,46900,1416.0268223098387
1,47000,1416.0268223098387
1,47100,1416.0268223098387
1,47200,1416.0268223098387
1,47300,1416.0268223098387
1,47400,1416.0268223098387
1,47500,1416.0268223098387
1,47600,1416.0268223098387
1,47700,1407.3549992046187
1,47800,1407.3549992046187
1,47900,1407.3549992046187
1,48000,1407.3549992046187
1,48100,1407.3549992046187
1,48200,1407.3549992046187
1,48300,1407.3549992046187
1,48400,1407.3549992046187
1,48500,1407.3549992046187
1,48600,1407.3549992046187
1,48700,1407.3549992046187
1,48800,1407.3549992046187
1,48900,1407.3549992046187
1,49000,1407.3549992046187
1,49100,1407.3549992046187
1,49200,1407.3549992046187
1,49300,1407.3549992046187
1,49400,1407.3549992046187
1,49500,1407.3549992046187
1,49600,1407.3549992046187
1,49700,1404.796835773462
1,49800,1404.796835773462
1,49900,1404.796835773462
1,50000,1404.796835773462
2,200,2554.1905718927346
2,300,2410.5579608230523
2,400,2377.516664483193
2,500,2361.856470769277
2,600,2361.856470769277
2,700,2317.7159787325377
2,800,2225.985357866222
2,900,2225.985357866222
2,1000,2225.985357866222
2,1100,2212.521577390335
2,1200,2083.1086228277254
2,1300,2083.1086228277254
2,1400,2065.186622350153
2,1500,1996.0136793297088
2,1600,1996.0136793297088
2,1700,1948.9334886891943
2,1800,1904.2453335892205
2,1900,1904.2453335892205
2,2000,1904.2453335892205
2,2100,1904.2453335892205
2,2200,1904.2453335892205
2,2300,1900.112415956306
2,2400,1900.112415956306
2,2500,1900.112415956306
2,2600,1813.2253433855808
2,2700,1775.0090038603735
2,2800,1775.0090038603735
2,2900,1775.0090038603735
2,3000,1775.0090038603735
2,3100,1775.0090038603735
2,3200,1775.0090038603735
2,3300,1775.0090038603735
2,3400,1775.0090038603735
2,3500,1758.6244125322803
2,3600,1758.6244125322803
2,3700,1758.6244125322803
2,3800,1758.6244125322803
2,3900,1758.6244125322803
2,4000,1758.6244125322803
2,4100,1747.5704197263362
2,4200,1747.5704197263362
2,4300,1702.8800430557103
2,4400,1702.8800430557103
2,4500,1702.8800430557103
2,4600,1702.8800430557103
2,4700,1702.8800430557103
2,4800,1689.1706902370627
2,4900,1662.1851497586226
2,5000,1662.1851497586226
2,5100,1662.1851497586226
2,5200,1662.1851497586226
2,5300,1649.3731344203834
2,5400,1649.3731344203834
2,5500,1649.3731344203834
2,5600,1649.3731344203834
2,5700,1649.3731344203834
2,5800,1649.3731344203834
2,5900,1649.3731344203834
2,6000,1649.3731344203834
2,6100,1649.3731344203834
2,6200,1649.3731344203834
2,6300,1649.3731344203834
2,6400,1582.7531377637797
2,6500,1582.7531377637797
2,6600,1582.7531377637797
2,6700,1582.7531377637797
2,6800,1582.7531377637797
2,6900,1582.7531377637797
2,7000,1582.7531377637797
2,7100,1582.7531377637797
2,7200,1582.7531377637797
2,7300,1582.7531377637797
2,7400,1582.7531377637797
2,7500,1582.7531377637797
2,7600,1582.7531377637797
2,7700,1582.7531377637797
2,7800,1582.7531377637797
2,7900,1582.7531377637797
2,8000,1582.7531377637797
2,8100,1582.7531377637797
2,8200,1582.7531377637797
2,8300,1582.7531377637797
2,8400,1582.7531377637797
2,8500,1582.7531377637797
2,8600,1582.7531377637797
2,8700,1582.7531377637797
2,8800,1582.7531377637797
2,8900,1582.7531377637797
2,9000,1582.7531377637797
2,9100,1582.7531377637797
2,9200,1582.7531377637797
2,9300,1582.7531377637797
2,9400,1582.7531377637797
2,9500,1582.7531377637797
2,9600,1582.7531377637797
2,9700,1582.7531377637797
2,9800,1582.7531377637797
2,9900,1582.7531377637797
2,10000,1582.7531377637797
2,10100,1582.7531377637797
2,10200,1582.7531377637797
2,10300,1582.7531377637797
2,10400,1582.7531377637797
2,10500,1582.7531377637797
2,10600,1582.7531377637797
2,10700,1582.7531377637797
2,10800,1582.7531377637797
2,10900,1582.7531377637797
2,11000,1582.7531377637797
2,11100,1582.7531377637797
2,11200,1582.7531377637797
2,11300,1582.7531377637797
2,11400,1582.7531377637797
2,11500,1582.7531377637797
2,11600,1582.7531377637797
2,11700,1582.7531377637797
2,11800,1582.7531377637797
2,11900,1582.7531377637797
2,12000,1582.7531377637797
2,12100,1582.7531377637797
2,12200,1582.7531377637797
2,12300,1582.7531377637797
2,12400,1582.7531377637797
2,12500,1582.7531377637797
2,12600,1582.7531377637797
2,12700,1582.7531377637797
2,12800,1582.7531377637797
2,12900,1582.7531377637797
2,13000,1582.7531377637797
2,13100,1582.7531377637797
2,13200,1582.7531377637797
2,13300,1582.7531377637797
2,13400,1582.7531377637797
2,13500,1582.7531377637797
2,13600,1582.7531377637797
2,13700,1582.7531377637797
2,13800,1582.7531377637797
2,13900,1582.7531377637797
2,14000,1582.7531377637797
2,14100,1582.7531377637797
2,14200,1582.7531377637797
2,14300,1582.7531377637797
2,14400,1582.7531377637797
2,14500,1581.760972995022
2,14600,1581.760972995022
2,14700,1581.760972995022
2,14800,1581.760972995022
2,14900,1568.517603008475
2,15000,1568.517603008475
2,15100,1568.517603008475
2,15200,1568.517603008475
2,15300,1568.517603008475
2,15400,1568.517603008475
2,15500,1568.517603008475
2,15600,1568.517603008475
2,15700,1568.517603008475
2,15800,1568.517603008475
2,15900,1568.517603008475
2,16000,1568.517603008475
2,16100,1568.517603008475
2,16200,1568.517603008475
2,16300,1568.517603008475
2,16400,1568.517603008475
2,16500,1568.517603008475
2,16600,1568.517603008475
2,16700,1568.517603008475
2,16800,1568.517603008475
2,16900,1568.517603008475
2,17000,1568.517603008475
2,17100,1535.180498537828
2,17200,1535.180498537828
2,17300,1535.180498537828
2,17400,1535.180498537828
2,17500,1535.180498537828
2,17600,1535.180498537828
2,17700,1535.1804985378278
2,17800,1535.1804985378278
2,17900,1535.1804985378278
2,18000,1535.1804985378278
2,18100,1535.1804985378278
2,18200,1535.1804985378278
2,18300,1535.1804985378278
2,18400,1535.1804985378278
2,18500,1535.1804985378278
2,18600,1535.1804985378278
2,18700,1535.1804985378278
2,18800,1535.1804985378278
2,18900,1535.1804985378278
2,19000,1535.1804985378278
2,19100,1532.2286649821804
2,19200,1532.2286649821804
2,19300,1532.2286649821804
2,19400,1523.9582255949333
2,19500,1523.9582255949333
2,19600,1523.9582255949333
2,19700,1523.9582255949333
2,19800,1521.4273822693626
2,19900,1521.4273822693626
2,20000,1521.4273822693626
2,20100,1521.4273822693626
2,20200,1521.4273822693626
2,20300,1521.4273822693626
2,20400,1521.4273822693626
2,20500,1521.4273822693626
2,20600,1521.4273822693626
2,20700,1521.4273822693626
2,20800,1521.4273822693626
2,20900,1521.4273822693626
2,21000,1521.4273822693626
2,21100,1521.4273822693626
2,21200,1521.4273822693626
2,21300,1504.1181190585805
2,21400,1504.1181190585805
2,21500,1504.1181190585805
2,21600,1504.1181190585805
2,21700,1504.1181190585805
2,21800,1504.1181190585805
2,21900,1504.1181190585805
2,22000,1504.1181190585805
2,22100,1504.1181190585805
2,22200,1504.1181190585805
2,22300,1503.5610475748151
2,22400,1503.5610475748151
2,22500,1503.5610475748151
2,22600,1503.5610475748151
2,22700,1503.5610475748151
2,22800,1503.5610475748151
2,22900,1503.5610475748151
2,23000,1473.2266410502475
2,23100,1473.2266410502475
2,23200,1473.2266410502475
2,23300,1473.2266410502475
2,23400,1473.2266410502475
2,23500,1473.2266410502475
2,23600,1473.2266410502475
2,23700,1455.7210936594706
2,23800,1455.7210936594706
2,23900,1434.0634780384833
2,24000,1434.0634780384833
2,24100,1434.0634780384833
2,24200,1434.0634780384833
2,24300,1434.0634780384833
2,24400,1434.0634780384833
2,24500,1434.0634780384833
2,24600,1434.0634780384833
2,24700,1434.0634780384833
2,24800,1434.0634780384833
2,24900,1434.0634780384833
2,25000,1434.0634780384833
2,25100,1434.0634780384833
2,25200,1434.0634780384833
2,25300,1434.0634780384833
2,25400,1434.0634780384833
2,25500,1434.0634780384833
2,25600,1434.0634780384833
2,25700,1434.0634780384833
2,25800,1434.0634780384833
2,25900,1434.0634780384833
2,26000,1434.0634780384833
2,26100,1431.3429525530669
2,26200,1431.3429525530669
2,26300,1431.3429525530669
2,26400,1431.3429525530669
2,26500,1431.3429525530669
2,26600,1431.3429525530669
2,26700,1431.3429525530669
2,26800,1431.3429525530669
2,26900,1431.3429525530669
2,27000,1431.3429525530669
2,27100,1431.3429525530669
2,27200,1431.3429525530669
2,27300,1431.3429525530669
2,27400,1431.3429525530669
2,27500,1431.3429525530669
2,27600,1431.3429525530669
2,27700,1431.3429525530669
2,27800,1431.3429525530669
2,27900,1431.3429525530669
2,28000,1427.7067878341297
2,28100,1427.7067878341297
2,28200,1427.7067878341297
2,28300,1427.7067878341297
2,28400,1427.7067878341297
2,28500,1427.7067878341297
2,28600,1427.7067878341297
2,28700,1427.7067878341297
2,28800,1427.7067878341297
2,28900,1427.7067878341297
2,29000,1427.7067878341297
2,29100,1427.7067878341297
2,29200,1427.7067878341297
2,29300,1427.7067878341297
2,29400,1427.7067878341297
2,29500,1427.7067878341297
2,29600,1427.7067878341297
2,29700,1427.7067878341297
2,29800,1427.7067878341297
2,29900,1402.4626879461396
2,30000,1402.4626879461396
2,30100,1402.4626879461396
2,30200,1402.4626879461396
2,30300,1402.4626879461396
2,30400,1402.4626879461396
2,30500,1402.4626879461396
2,30600,1402.4626879461396
2,30700,1402.4626879461393
2,30800,1402.4626879461393
2,30900,1402.4626879461393
2,31000,1402.4626879461393
2,31100,1402.4626879461393
2,31200,1402.4626879461393
2,31300,1402.4626879461393
2,31400,1402.4626879461393
2,31500,1402.4626879461393
2,31600,1402.4626879461393
2,31700,1402.4626879461393
2,31800,1402.4626879461393
2,31900,1402.4626879461393
2,32000,1402.4626879461393
2,32100,1402.4626879461393
2,32200,1402.4626879461393
2,32300,1402.4626879461393
2,32400,1402.4626879461393
2,32500,1402.4626879461393
2,32600,1402.4626879461393
2,32700,1387.876199368982
2,32800,1387.876199368982
2,32900,1387.876199368982
2,33000,1387.876199368982
2,33100,1387.876199368982
2,33200,1387.876199368982
2,33300,1387.876199368982
2,33400,1387.876199368982
2,33500,1387.876199368982
2,33600,1387.876199368982
2,33700,1387.876199368982
2,33800,1387.876199368982
2,33900,1387.876199368982
2,34000,1387.876199368982
2,34100,1387.876199368982
2,34200,1387.876199368982
2,34300,1387.876199368982
2,34400,1387.876199368982
2,34500,1387.876199368982
2,34600,1387.876199368982
2,34700,1387.876199368982
2,34800,1387.876199368982
2,34900,1387.876199368982
2,35000,1387.876199368982
2,35100,1387.876199368982
2,35200,1387.876199368982
2,35300,1387.876199368982
2,35400,1387.876199368982
2,35500,1387.876199368982
2,35600,1387.876199368982
2,35700,1387.876199368982
2,35800,1387.876199368982
2,35900,1387.876199368982
2,36000,1387.876199368982
2,36100,1387.876199368982
2,36200,1387.876199368982
2,36300,1387.876199368982
2,36400,1387.876199368982
2,36500,1387.876199368982
2,36600,1387.876199368982
2,36700,1387.876199368982
2,36800,1387.876199368982
2,36900,1387.876199368982
2,37000,1385.0358029088939
2,37100,1385.0358029088939
2,37200,1385.0358029088939
2,37300,1385.0358029088939
2,37400,1385.0358029088939
2,37500,1385.0358029088939
2,37600,1385.0358029088939
2,37700,1385.0358029088939
2,37800,1385.0358029088939
2,37900,1385.0358029088939
2,38000,1385.0358029088939
2,38100,1385.0358029088939
2,38200,1385.0358029088939
2,38300,1385.0358029088939
2,38400,1385.0358029088939
2,38500,1385.0358029088939
2,38600,1385.0358029088939
2,38700,1385.0358029088939
2,38800,1385.0358029088939
2,38900,1385.0358029088939
2,39000,1385.0358029088939
2,39100,1385.0358029088939
2,39200,1385.0358029088939
2,39300,1385.0358029088939
2,39400,1385.0358029088939
2,39500,1385.0358029088939
2,39600,1385.0358029088939
2,39700,1385.0358029088939
2,39800,1385.0358029088939
2,39900,1385.0358029088939
2,40000,1385.0358029088939
2,40100,1385.0358029088939
2,40200,1385.0358029088939
2,40300,1385.0358029088939
2,40400,1385.0358029088939
2,40500,1385.0358029088939
2,40600,1385.0358029088939
2,40700,1385.0358029088939
2,40800,1385.0358029088939
2,40900,1385.0358029088939
2,41000,1385.0358029088939
2,41100,1385.0358029088939
2,41200,1360.36572459711
2,41300,1360.36572459711
2,41400,1360.36572459711
2,41500,1360.36572459711
2,41600,1360.36572459711
2,41700,1360.36572459711
2,41800,1360.36572459711
2,41900,1360.36572459711
2,42000,1360.36572459711
2,42100,1360.36572459711
2,42200,1360.36572459711
2,42300,1360.36572459711
2,42400,1360.36572459711
2,42500,1360.36572459711
2,42600,1360.36572459711
2,42700,1360.36572459711
2,42800,1360.36572459711
2,42900,1360.36572459711
2,43000,1360.36572459711
2,43100,1360.36572459711
2,43200,1360.36572459711
2,43300,1360.36572459711
2,43400,1360.36572459711
2,43500,1360.36572459711
2,43600,1360.36572459711
2,43700,1360.36572459711
2,43800,1360.36572459711
2,43900,1360.36572459711
2,44000,1360.36572459711
2,44100,1360.36572459711
2,44200,1360.36572459711
2,44300,1360.36572459711
2,44400,1360.36572459711
2,44500,1360.36572459711
2,44600,1360.36572459711
2,44700,1360.36572459711
2,44800,1360.36572459711
2,44900,1360.36572459711
2,45000,1360.36572459711
2,45100,1360.36572459711
2,45200,1360.36572459711
2,45300,1360.36572459711
2,45400,1360.36572459711
2,45500,1360.36572459711
2,45600,1360.36572459711
2,45700,1360.36572459711
2,45800,1360.36572459711
2,45900,1360.36572459711
2,46000,1360.36572459711
2,46100,1360.36572459711
2,46200,1360.36572459711
2,46300,1360.36572459711
2,46400,1360.36572459711
2,46500,1360.36572459711
2,46600,1360.36572459711
2,46700,1360.36572459711
2,46800,1360.36572459711
2,46900,1360.36572459711
2,47000,1360.36572459711
2,47100,1360.36572459711
2,47200,1360.36572459711
2,47300,1360.36572459711
2,47400,1360.36572459711
2,47500,1360.36572459711
2,47600,1360.36572459711
2,47700,1360.36572459711
2,47800,1360.36572459711
2,47900,1360.36572459711
2,48000,1360.36572459711
2,48100,1360.36572459711
2,48200,1360.36572459711
2,48300,1360.36572459711
2,48400,1360.36572459711
2,48500,1360.36572459711
2,48600,1360.36572459711
2,48700,1360.36572459711
2,48800,1360.36572459711
2,48900,1360.36572459711
2,49000,1360.36572459711
2,49100,1360.36572459711
2,49200,1360.36572459711
2,49300,1353.4242609964497
2,49400,1353.4242609964497
2,49500,1353.4242609964497
2,49600,1353.4242609964497
2,49700,1353.4242609964497
2,49800,1353.4242609964497
2,49900,1353.4242609964497
2,50000,1353.4242609964497
3,200,2432.5624292340394
3,300,2412.1870684990186
3,400,2334.4703520069575
3,500,2313.860029131355
3,600,2311.2464226051407
3,700,2234.5428488738794
3,800,2200.8976945855557
3,900,2200.8976945855557
3,1000,2200.8976945855557
3,1100,2200.8976945855557
3,1200,2200.8976945855557
3,1300,2128.0065023930074
3,1400,2117.497403616012
3,1500,2064.8188531402784
3,1600,2064.8188531402784
3,1700,2064.8188531402784
3,1800,2064.8188531402784
3,1900,2064.8188531402784
3,2000,2064.8188531402784
3,2100,2064.8188531402784
3,2200,2022.3641307624794
3,2300,2022.3641307624794
3,2400,2022.3641307624794
3,2500,2022.3641307624794
3,2600,2001.9354809546405
3,2700,2001.9354809546405
3,2800,2001.9354809546405
3,2900,2001.9354809546405
3,3000,1998.9277776321853
3,3100,1998.9277776321853
3,3200,1998.9277776321853
3,3300,1998.9277776321853
3,3400,1998.9277776321853
3,3500,1961.0839311016548
3,3600,1961.0839311016548
3,3700,1961.0839311016548
3,3800,1932.3959089759694
3,3900,1932.3959089759694
3,4000,1932.3959089759694
3,4100,1932.3959089759694
3,4200,1932.3959089759694
3,4300,1805.8674667376467
3,4400,1805.8674667376467
3,4500,1805.8674667376467
3,4600,1805.8674667376467
3,4700,1805.8674667376467
3,4800,1780.1760378105403
3,4900,1780.1760378105403
3,5000,1780.1760378105403
3,5100,1771.1022323966613
3,5200,1767.6129778643092
3,5300,1767.6129778643092
3,5400,1767.6129778643092
3,5500,1767.6129778643092
3,5600,1767.6129778643092
3,5700,1767.6129778643092
3,5800,1767.6129778643092
3,5900,1767.6129778643092
3,6000,1767.6129778643092
3,6100,1767.6129778643092
3,6200,1767.6129778643092
3,6300,1754.6444709679006
3,6400,1753.3294323133798
3,6500,1753.3294323133798
3,6600,1753.3294323133798
3,6700,1753.3294323133798
3,6800,1753.3294323133798
3,6900,1753.3294323133798
3,7000,1753.3294323133798
3,7100,1753.3294323133798
3,7200,1753.3294323133798
3,7300,1753.3294323133798
3,7400,1753.3294323133798
3,7500,1753.3294323133798
3,7600,1753.3294323133798
3,7700,1753.3294323133798
3,7800,1753.3294323133798
3,7900,1706.8561873969456
3,8000,1685.2375664576991
3,8100,1685.2375664576991
3,8200,1685.2375664576991
3,8300,1685.2375664576991
3,8400,1685.2375664576991
3,8500,1685.2375664576991
3,8600,1685.2375664576991
3,8700,1685.2375664576991
3,8800,1685.2375664576991
3,8900,1685.2375664576991
3,9000,1685.2375664576991
3,9100,1685.2375664576991
3,9200,1685.2375664576991
3,9300,1685.2375664576991
3,9400,1685.2375664576991
3,9500,1685.2375664576991
3,9600,1685.2375664576991
3,9700,1685.2375664576991
3,9800,1685.2375664576991
3,9900,1685.2375664576991
3,10000,1685.2375664576991
3,10100,1685.2375664576991
3,10200,1685.2375664576991
3,10300,1685.2375664576991
3,10400,1685.2375664576991
3,10500,1685.2375664576991
3,10600,1685.2375664576991
3,10700,1685.2375664576991
3,10800,1685.2375664576991
3,10900,1685.2375664576991
3,11000,1685.2375664576991
3,11100,1685.2375664576991
3,11200,1685.2375664576991
3,11300,1685.2375664576991
3,11400,1685.2375664576991
3,11500,1685.2375664576991
3,11600,1685.2375664576991
3,11700,1685.2375664576991
3,11800,1685.2375664576991
3,11900,1685.2375664576991
3,12000,1685.2375664576991
3,12100,1685.2375664576991
3,12200,1685.2375664576991
3,12300,1685.2375664576991
3,12400,1685.2375664576991
3,12500,1685.2375664576991
3,12600,1652.2533320107477
3,12700,1652.2533320107477
3,12800,1652.2533320107477
3,12900,1652.2533320107477
3,13000,1652.2533320107477
3,13100,1652.2533320107477
3,13200,1652.2533320107477
3,13300,1652.2533320107477
3,13400,1652.2533320107477
3,13500,1652.2533320107477
3,13600,1652.2533320107477
3,13700,1652.2533320107477
3,13800,1652.2533320107477
3,13900,1652.2533320107477
3,14000,1652.2533320107477
3,14100,1652.2533320107477
3,14200,1652.2533320107477
3,14300,1652.2533320107477
3,14400,1652.2533320107477
3,14500,1652.2533320107477
3,14600,1648.0036772289745
3,14700,1648.0036772289745
3,14800,1648.0036772289745
3,14900,1648.0036772289745
3,15000,1648.0036772289745
3,15100,1648.0036772289745
3,15200,1648.0036772289745
3,15300,1648.0036772289745
3,15400,1648.0036772289745
3,15500,1648.0036772289745
3,15600,1648.0036772289745
3,15700,1648.0036772289745
3,15800,1648.0036772289745
3,15900,1648.0036772289745
3,16000,1648.0036772289745
3,16100,1648.0036772289745
3,16200,1648.0036772289745
3,16300,1648.0036772289745
3,16400,1648.0036772289745
3,16500,1648.0036772289745
3,16600,1648.0036772289745
3,16700,1648.0036772289745
3,16800,1648.0036772289745
3,16900,1648.0036772289745
3,17000,1648.0036772289745
3,17100,1648.0036772289745
3,17200,1648.0036772289745
3,17300,1648.0036772289745
3,17400,1648.0036772289745
3,17500,1648.0036772289745
3,17600,1648.0036772289745
3,17700,1648.0036772289745
3,17800,1648.0036772289745
3,17900,1648.0036772289745
3,18000,1633.3210925220108
3,18100,1633.3210925220108
3,18200,1633.3210925220108
3,18300,1633.3210925220108
3,18400,1633.3210925220108
3,18500,1633.3210925220108
3,18600,1633.3210925220108
3,18700,1633.3210925220108
3,18800,1633.3210925220108
3,18900,1633.3210925220108
3,19000,1633.3210925220103
3,19100,1633.3210925220103
3,19200,1633.3210925220103
3,19300,1633.3210925220103
3,19400,1633.3210925220103
3,19500,1633.3210925220103
3,19600,1633.3210925220103
3,19700,1633.3210925220103
3,19800,1633.3210925220103
3,19900,1633.3210925220103
3,20000,1633.3210925220103
3,20100,1633.3210925220103
3,20200,1633.3210925220103
3,20300,1633.3210925220103
3,20400,1626.044188523101
3,20500,1626.044188523101
3,20600,1626.044188523101
3,20700,1626.044188523101
3,20800,1626.044188523101
3,20900,1626.044188523101
3,21000,1626.044188523101
3,21100,1626.044188523101
3,21200,1626.044188523101
3,21300,1626.044188523101
3,21400,1626.044188523101
3,21500,1626.044188523101
3,21600,1626.044188523101
3,21700,1626.044188523101
3,21800,1626.044188523101
3,21900,1591.9901245532535
3,22000,1591.9901245532535
3,22100,1591.9901245532535
3,22200,1591.9901245532535
3,22300,1591.9901245532535
3,22400,1591.9901245532535
3,22500,1591.9901245532535
3,22600,1591.9901245532535
3,22700,1591.9901245532535
3,22800,1591.9901245532535
3,22900,1591.9901245532535
3,23000,1591.9901245532535
3,23100,1591.9901245532535
3,23200,1591.9901245532535
3,23300,1591.9901245532535
3,23400,1591.9901245532535
3,23500,1591.9901245532535
3,23600,1591.9901245532535
3,23700,1591.9901245532535
3,23800,1591.9901245532535
3,23900,1591.9901245532535
3,24000,1591.9901245532535
3,24100,1591.9901245532535
3,24200,1591.9901245532535
3,24300,1591.9901245532535
3,24400,1591.9901245532535
3,24500,1591.9901245532535
3,24600,1591.9901245532535
3,24700,1591.9901245532535
3,24800,1591.9901245532535
3,24900,1591.9901245532535
3,25000,1591.9901245532535
3,25100,1591.9901245532535
3,25200,1573.7348173825542
3,25300,1573.7348173825542
3,25400,1573.7348173825542
3,25500,1573.7348173825542
3,25600,1573.7348173825542
3,25700,1573.7348173825542
3,25800,1573.7348173825542
3,25900,1573.7348173825542
3,26000,1573.7348173825542
3,26100,1573.7348173825542
3,26200,1573.7348173825542
3,26300,1573.7348173825542
3,26400,1573.7348173825542
3,26500,1573.7348173825542
3,26600,1573.7348173825542
3,26700,1573.7348173825542
3,26800,1573.7348173825542
3,26900,1573.7348173825542
3,27000,1573.7348173825542
3,27100,1573.7348173825542
3,27200,1573.7348173825542
3,27300,1573.7348173825542
3,27400,1573.7348173825542
3,27500,1573.7348173825542
3,27600,1573.7348173825542
3,27700,1573.7348173825542
3,27800,1557.109462877151
3,27900,1557.109462877151
3,28000,1557.109462877151
3,28100,1552.635636323816
3,28200,1552.635636323816
3,28300,1552.6356363238158
3,28400,1552.6356363238158
3,28500,1552.6356363238158
3,28600,1552.6356363238158
3,28700,1552.6356363238158
3,28800,1552.6356363238158
3,28900,1552.6356363238158
3,29000,1552.6356363238158
3,29100,1552.6356363238158
3,29200,1552.6356363238158
3,29300,1552.6356363238158
3,29400,1552.6356363238158
3,29500,1552.6356363238158
3,29600,1552.6356363238158
3,29700,1552.6356363238158
3,29800,1552.6356363238158
3,29900,1552.6356363238158
3,30000,1552.6356363238158
3,30100,1552.6356363238158
3,30200,1552.6356363238158
3,30300,1552.6356363238158
3,30400,1552.6356363238158
3,30500,1552.6356363238158
3,30600,1552.6356363238158
3,30700,1552.6356363238158
3,30800,1552.6356363238158
3,30900,1550.5144845524221
3,31000,1550.5144845524221
3,31100,1550.5144845524221
3,31200,1550.5144845524221
3,31300,1550.5144845524221
3,31400,1550.5144845524221
3,31500,1550.5144845524221
3,31600,1550.5144845524221
3,31700,1550.5144845524221
3,31800,1550.5144845524221
3,31900,1550.5144845524221
3,32000,1550.5144845524221
3,32100,1550.5144845524221
3,32200,1550.5144845524221
3,32300,1550.5144845524221
3,32400,1550.5144845524221
3,32500,1550.5144845524221
3,32600,1549.2452302331003
3,32700,1549.2452302331003
3,32800,1549.2452302331003
3,32900,1549.2452302331003
3,33000,1549.2452302331003
3,33100,1549.2452302331003
3,33200,1549.2452302331003
3,33300,1549.2452302331003
3,33400,1549.2452302331003
3,33500,1549.2452302331003
3,33600,1549.2452302331003
3,33700,1549.2452302331003
3,33800,1549.2452302331003
3,33900,1549.2452302331003
3,34000,1549.2452302331003
3,34100,1549.2452302331003
3,34200,1549.2452302331003
3,34300,1549.2452302331003
3,34400,1549.2452302331003
3,34500,1549.2452302331003
3,34600,1549.2452302331003
3,34700,1549.2452302331003
3,34800,1549.2452302331003
3,34900,1549.2452302331003
3,35000,1549.2452302331003
3,35100,1549.2452302331003
3,35200,1549.2452302331003
3,35300,1549.2452302331003
3,35400,1549.2452302331003
3,35500,1549.2452302331003
3,35600,1549.2452302331003
3,35700,1549.2452302331003
3,35800,1549.2452302331003
3,35900,1549.2452302331003
3,36000,1549.2452302331003
3,36100,1549.2452302331003
3,36200,1549.2452302331003
3,36300,1549.2452302331003
3,36400,1549.2452302331003
3,36500,1549.2452302331003
3,36600,1549.2452302331003
3,36700,1549.2452302331003
3,36800,1549.2452302331003
3,36900,1527.0831636706757
3,37000,1527.0831636706757
3,37100,1527.0831636706757
3,37200,1527.0831636706757
3,37300,1527.0831636706757
3,37400,1527.0831636706757
3,37500,1527.0831636706757
3,37600,1527.0831636706757
3,37700,1527.0831636706757
3,37800,1527.0831636706757
3,37900,1527.0831636706757
3,38000,1527.0831636706757
3,38100,1527.0831636706757
3,38200,1527.0831636706757
3,38300,1527.0831636706757
3,38400,1527.0831636706757
3,38500,1527.0831636706757
3,38600,1527.0831636706757
3,38700,1527.0831636706757
3,38800,1527.0831636706757
3,38900,1527.0831636706757
3,39000,1527.0831636706757
3,39100,1527.0831636706757
3,39200,1527.0831636706757
3,39300,1527.0831636706757
3,39400,1527.0831636706757
3,39500,1527.0831636706757
3,39600,1527.0831636706757
3,39700,1527.0831636706757
3,39800,1527.0831636706757
3,39900,1527.0831636706757
3,40000,1522.394297917981
3,40100,1522.394297917981
3,40200,1522.394297917981
3,40300,1522.394297917981
3,40400,1522.394297917981
3,40500,1522.394297917981
3,40600,1522.394297917981
3,40700,1522.394297917981
3,40800,1522.394297917981
3,40900,1522.394297917981
3,41000,1522.394297917981
3,41100,1522.394297917981
3,41200,1522.394297917981
3,41300,1522.394297917981
3,41400,1522.394297917981
3,41500,1522.394297917981
3,41600,1522.394297917981
3,41700,1522.394297917981
3,41800,1522.394297917981
3,41900,1522.394297917981
3,42000,1522.394297917981
3,42100,1522.394297917981
3,42200,1522.394297917981
3,42300,1522.394297917981
3,42400,1506.7838196907746
3,42500,1506.7838196907746
3,42600,1506.7838196907746
3,42700,1506.7838196907746
3,42800,1506.7838196907746
3,42900,1506.7838196907746
3,43000,1506.7838196907746
3,43100,1506.7838196907746
3,43200,1506.7838196907746
3,43300,1506.7838196907746
3,43400,1506.7838196907746
3,43500,1506.7838196907746
3,43600,1506.7838196907746
3,43700,1506.7838196907746
3,43800,1506.7838196907746
3,43900,1506.7838196907746
3,44000,1506.7838196907746
3,44100,1506.7838196907746
3,44200,1506.7838196907746
3,44300,1506.7838196907746
3,44400,1503.9448963322716
3,44500,1503.9448963322716
3,44600,1503.9448963322716
3,44700,1503.9448963322716
3,44800,1503.9448963322716
3,44900,1503.9448963322716
3,45000,1503.9448963322716
3,45100,1503.9448963322716
3,45200,1503.9448963322716
3,45300,1503.9448963322716
3,45400,1503.9448963322716
3,45500,1503.9448963322716
3,45600,1503.9448963322716
3,45700,1484.018041732581
3,45800,1484.018041732581
3,45900,1484.018041732581
3,46000,1484.018041732581
3,46100,1484.018041732581
3,46200,1484.018041732581
3,46300,1484.018041732581
3,46400,1484.018041732581
3,46500,1484.018041732581
3,46600,1484.018041732581
3,46700,1484.018041732581
3,46800,1484.018041732581
3,46900,1484.018041732581
3,47000,1484.018041732581
3,47100,1484.018041732581
3,47200,1484.018041732581
3,47300,1484.018041732581
3,47400,1484.018041732581
3,47500,1484.018041732581
3,47600,1484.018041732581
3,47700,1484.018041732581
3,47800,1484.018041732581
3,47900,1484.018041732581
3,48000,1484.018041732581
3,48100,1484.018041732581
3,48200,1484.018041732581
3,48300,1484.018041732581
3,48400,1484.018041732581
3,48500,1484.018041732581
3,48600,1484.018041732581
3,48700,1484.018041732581
3,48800,1484.018041732581
3,48900,1484.018041732581
3,49000,1484.018041732581
3,49100,1484.018041732581
3,49200,1484.018041732581
3,49300,1484.018041732581
3,49400,1484.018041732581
3,49500,1484.018041732581
3,49600,1484.018041732581
3,49700,1484.018041732581
3,49800,1484.018041732581
3,49900,1484.018041732581
3,50000,1484.018041732581
4,200,2458.6615604965746
4,300,2313.2327737390456
4,400,2313.2327737390456
4,500,2268.530623636715
4,600,2268.530623636715
4,700,2268.530623636715
4,800,2093.5255531674657
4,900,2093.5255531674657
4,1000,2093.5255531674657
4,1100,2093.5255531674657
4,1200,2093.5255531674657
4,1300,2093.5255531674657
4,1400,2093.5255531674657
4,1500,2093.5255531674657
4,1600,2015.9099590669339
4,1700,2015.9099590669339
4,1800,2008.3408294903938
4,1900,2008.3408294903938
4,2000,1977.4145310098215
4,2100,1977.4145310098215
4,2200,1894.2340233512639
4,2300,1894.2340233512639
4,2400,1894.2340233512639
4,2500,1894.2340233512639
4,2600,1894.2340233512639
4,2700,1882.4909822316613
4,2800,1865.7283072335956
4,2900,1860.974275421183
4,3000,1804.1414680394705
4,3100,1804.1414680394705
4,3200,1804.1414680394705
4,3300,1804.1414680394705
4,3400,1793.040679397253
4,3500,1793.040679397253
4,3600,1792.7858785731914
4,3700,1762.37851652303
4,3800,1741.729968000864
4,3900,1741.729968000864
4,4000,1741.729968000864
4,4100,1741.729968000864
4,4200,1741.729968000864
4,4300,1741.729968000864
4,4400,1741.729968000864
4,4500,1741.729968000864
4,4600,1741.729968000864
4,4700,1741.729968000864
4,4800,1725.862175037606
4,4900,1725.862175037606
4,5000,1715.1395173868768
4,5100,1715.1395173868768
4,5200,1715.1395173868768
4,5300,1715.1395173868768
4,5400,1706.1041408940714
4,5500,1642.7799240683094
4,5600,1642.7799240683094
4,5700,1642.7799240683094
4,5800,1642.7799240683094
4,5900,1642.7799240683094
4,6000,1642.7799240683094
4,6100,1642.7799240683094
4,6200,1642.7799240683094
4,6300,1642.7799240683094
4,6400,1623.7734931360749
4,6500,1623.7734931360749
4,6600,1623.7734931360749
4,6700,1623.7734931360749
4,6800,1623.7734931360749
4,6900,1623.7734931360749
4,7000,1623.7734931360749
4,7100,1623.7734931360749
4,7200,1623.7734931360749
4,7300,1623.7734931360749
4,7400,1623.7734931360749
4,7500,1623.7734931360749
4,7600,1623.7734931360749
4,7700,1623.7734931360749
4,7800,1623.7734931360749
4,7900,1623.7734931360749
4,8000,1623.7734931360749
4,8100,1623.7734931360749
4,8200,1621.6362937450222
4,8300,1621.6362937450222
4,8400,1621.6362937450222
4,8500,1621.6362937450222
4,8600,1621.6362937450222
4,8700,1621.6362937450222
4,8800,1621.6362937450222
4,8900,1621.6362937450222
4,9000,1621.6362937450222
4,9100,1621.6362937450222
4,9200,1621.6362937450222
4,9300,1621.6362937450222
4,9400,1621.6362937450222
4,9500,1621.6362937450222
4,9600,1621.6362937450222
4,9700,1621.6362937450222
4,9800,1621.6362937450222
4,9900,1621.6362937450222
4,10000,1599.4870526380907
4,10100,1599.4870526380907
4,10200,1599.4870526380907
4,10300,1599.4870526380907
4,10400,1599.4870526380907
4,10500,1599.4870526380907
4,10600,1599.4870526380907
4,10700,1582.172240281952
4,10800,1582.172240281952
4,10900,1582.172240281952
4,11000,1582.172240281952
4,11100,1582.172240281952
4,11200,1582.172240281952
4,11300,1582.172240281952
4,11400,1582.172240281952
4,11500,1582.172240281952
4,11600,1582.172240281952
4,11700,1582.172240281952
4,11800,1582.172240281952
4,11900,1582.172240281952
4,12000,1582.172240281952
4,12100,1582.172240281952
4,12200,1582.172240281952
4,12300,1582.172240281952
4,12400,1582.172240281952
4,12500,1582.172240281952
4,12600,1582.172240281952
4,12700,1582.172240281952
4,12800,1582.172240281952
4,12900,1582.172240281952
4,13000,1582.172240281952
4,13100,1579.1876907714025
4,13200,1579.1876907714025
4,13300,1579.1876907714025
4,13400,1579.1876907714025
4,13500,1579.1876907714025
4,13600,1579.1876907714025
4,13700,1579.1876907714025
4,13800,1579.1876907714025
4,13900,1579.1876907714025
4,14000,1579.1876907714025
4,14100,1579.1876907714025
4,14200,1579.1876907714025
4,14300,1579.1876907714025
4,14400,1579.1876907714025
4,14500,1579.1876907714025
4,14600,1579.1876907714025
4,14700,1578.246431035736
4,14800,1578.246431035736
4,14900,1526.7244510721976
4,15000,1526.7244510721976
4,15100,1526.7244510721976
4,15200,1526.7244510721976
4,15300,1526.7244510721976
4,15400,1526.7244510721976
4,15500,1526.7244510721976
4,15600,1526.7244510721976
4,15700,1526.7244510721976
4,15800,1526.7244510721976
4,15900,1526.7244510721976
4,16000,1526.7244510721976
4,16100,1526.7244510721976
4,16200,1526.7244510721976
4,16300,1526.7244510721976
4,16400,1526.7244510721976
4,16500,1526.7244510721976
4,16600,1526.7244510721976
4,16700,1526.7244510721976
4,16800,1526.7244510721976
4,16900,1526.7244510721976
4,17000,1526.7244510721976
4,17100,1526.7244510721976
4,17200,1526.7244510721976
4,17300,1526.7244510721976
4,17400,1526.7244510721976
4,17500,1526.7244510721976
4,17600,1526.7244510721976
4,17700,1526.7244510721976
4,17800,1526.7244510721976
4,17900,1526.7244510721976
4,18000,1526.7244510721976
4,18100,1526.7244510721976
4,18200,1526.7244510721976
4,18300,1526.7244510721976
4,18400,1526.7244510721976
4,18500,1526.7244510721976
4,18600,1526.7244510721976
4,18700,1526.7244510721976
4,18800,1526.7244510721976
4,18900,1526.7244510721976
4,19000,1526.7244510721976
4,19100,1526.7244510721976
4,19200,1526.7244510721976
4,19300,1526.7244510721976
4,19400,1526.7244510721976
4,19500,1526.7244510721976
4,19600,1526.7244510721976
4,19700,1526.7244510721976
4,19800,1526.7244510721976
4,19900,1526.7244510721976
4,20000,1526.7244510721976
4,20100,1526.7244510721976
4,20200,1526.7244510721976
4,20300,1508.7843406662525
4,20400,1508.7843406662525
4,20500,1508.7843406662525
4,20600,1508.7843406662525
4,20700,1508.7843406662525
4,20800,1508.7843406662525
4,20900,1508.7843406662525
4,21000,1508.7843406662525
4,21100,1508.7843406662525
4,21200,1501.0748385526895
4,21300,1501.0748385526895
4,21400,1485.1580576039112
4,21500,1485.1580576039112
4,21600,1485.1580576039112
4,21700,1485.1580576039112
4,21800,1485.1580576039112
4,21900,1485.1580576039112
4,22000,1485.1580576039112
4,22100,1485.1580576039112
4,22200,1485.1580576039112
4,22300,1485.1580576039112
4,22400,1485.1580576039112
4,22500,1485.1580576039112
4,22600,1485.1580576039112
4,22700,1485.1580576039112
4,22800,1485.1580576039112
4,22900,1485.1580576039112
4,23000,1485.1580576039112
4,23100,1485.1580576039112
4,23200,1485.1580576039112
4,23300,1485.1580576039112
4,23400,1485.1580576039112
4,23500,1485.1580576039112
4,23600,1475.9769820980853
4,23700,1475.9769820980853
4,23800,1475.9769820980853
4,23900,1475.9769820980853
4,24000,1475.9769820980853
4,24100,1475.9769820980853
4,24200,1475.9769820980853
4,24300,1475.9769820980853
4,24400,1475.9769820980853
4,24500,1475.9769820980853
4,24600,1475.9769820980853
4,24700,1475.9769820980853
4,24800,1475.9769820980853
4,24900,1475.9769820980853
4,25000,1475.9769820980853
4,25100,1475.9769820980853
4,25200,1475.9769820980853
4,25300,1475.9769820980853
4,25400,1475.9769820980853
4,25500,1475.9769820980853
4,25600,1475.9769820980853
4,25700,1475.9769820980853
4,25800,1475.9769820980853
4,25900,1475.9769820980853
4,26000,1475.9769820980853
4,26100,1475.9769820980853
4,26200,1475.9769820980853
4,26300,1475.9769820980853
4,26400,1475.9769820980853
4,26500,1475.9769820980853
4,26600,1475.9769820980853
4,26700,1475.9769820980853
4,26800,1475.9769820980853
4,26900,1475.9769820980853
4,27000,1475.9769820980853
4,27100,1475.9769820980853
4,27200,1475.9769820980853
4,27300,1475.9769820980853
4,27400,1475.9769820980853
4,27500,1475.9769820980853
4,27600,1475.9769820980853
4,27700,1475.9769820980853
4,27800,1475.9769820980853
4,27900,1475.9769820980853
4,28000,1475.9769820980853
4,28100,1475.9769820980853
4,28200,1475.9769820980853
4,28300,1475.9769820980853
4,28400,1475.9769820980853
4,28500,1475.9769820980853
4,28600,1475.9769820980853
4,28700,1475.9769820980853
4,28800,1475.9769820980853
4,28900,1475.9769820980853
4,29000,1472.232339365991
4,29100,1472.232339365991
4,29200,1472.232339365991
4,29300,1472.232339365991
4,29400,1472.232339365991
4,29500,1472.232339365991
4,29600,1472.232339365991
4,29700,1472.232339365991
4,29800,1472.232339365991
4,29900,1472.232339365991
4,30000,1472.232339365991
4,30100,1472.232339365991
4,30200,1472.232339365991
4,30300,1472.232339365991
4,30400,1472.232339365991
4,30500,1472.232339365991
4,30600,1472.232339365991
4,30700,1472.232339365991
4,30800,1472.232339365991
4,30900,1472.232339365991
4,31000,1472.232339365991
4,31100,1472.232339365991
4,31200,1472.232339365991
4,31300,1472.232339365991
4,31400,1472.232339365991
4,31500,1472.232339365991
4,31600,1472.232339365991
4,31700,1472.232339365991
4,31800,1472.232339365991
4,31900,1472.232339365991
4,32000,1472.232339365991
4,32100,1472.232339365991
4,32200,1472.232339365991
4,32300,1472.232339365991
4,32400,1472.232339365991
4,32500,1472.232339365991
4,32600,1472.232339365991
4,32700,1472.232339365991
4,32800,1472.232339365991
4,32900,1472.232339365991
4,33000,1472.232339365991
4,33100,1472.232339365991
4,33200,1472.232339365991
4,33300,1472.232339365991
4,33400,1472.232339365991
4,33500,1472.232339365991
4,33600,1472.232339365991
4,33700,1472.232339365991
4,33800,1472.232339365991
4,33900,1472.232339365991
4,34000,1472.232339365991
4,34100,1472.232339365991
4,34200,1472.232339365991
4,34300,1472.232339365991
4,34400,1472.232339365991
4,34500,1472.232339365991
4,34600,1472.232339365991
4,34700,1472.232339365991
4,34800,1472.232339365991
4,34900,1472.232339365991
4,35000,1472.232339365991
4,35100,1472.232339365991
4,35200,1472.232339365991
4,35300,1472.232339365991
4,35400,1472.232339365991
4,35500,1472.232339365991
4,35600,1472.232339365991
4,35700,1472.232339365991
4,35800,1472.232339365991
4,35900,1472.232339365991
4,36000,1468.924506068474
4,36100,1468.924506068474
4,36200,1468.924506068474
4,36300,1468.924506068474
4,36400,1468.924506068474
4,36500,1468.924506068474
4,36600,1468.924506068474
4,36700,1468.924506068474
4,36800,1468.924506068474
4,36900,1468.924506068474
4,37000,1468.924506068474
4,37100,1468.924506068474
4,37200,1468.924506068474
4,37300,1468.924506068474
4,37400,1468.924506068474
4,37500,1468.924506068474
4,37600,1468.924506068474
4,37700,1468.924506068474
4,37800,1468.924506068474
4,37900,1468.924506068474
4,38000,1468.924506068474
4,38100,1468.924506068474
4,38200,1468.924506068474
4,38300,1468.924506068474
4,38400,1468.924506068474
4,38500,1468.924506068474
4,38600,1468.924506068474
4,38700,1468.924506068474
4,38800,1468.924506068474
4,38900,1468.924506068474
4,39000,1468.924506068474
4,39100,1468.924506068474
4,39200,1468.924506068474
4,39300,1468.924506068474
4,39400,1468.924506068474
4,39500,1468.924506068474
4,39600,1468.924506068474
4,39700,1468.924506068474
4,39800,1468.924506068474
4,39900,1468.924506068474
4,40000,1468.924506068474
4,40100,1468.924506068474
4,40200,1468.924506068474
4,40300,1468.9245060684739
4,40400,1468.9245060684739
4,40500,1468.9245060684739
4,40600,1468.9245060684739
4,40700,1468.9245060684739
4,40800,1468.9245060684739
4,40900,1468.9245060684739
4,41000,1468.9245060684739
4,41100,1468.9245060684739
4,41200,1468.9245060684739
4,41300,1468.9245060684739
4,41400,1468.9245060684739
4,41500,1468.9245060684739
4,41600,1468.9245060684739
4,41700,1468.9245060684739
4,41800,1468.9245060684739
4,41900,1468.9245060684739
4,42000,1468.9245060684739
4,42100,1468.9245060684739
4,42200,1468.9245060684739
4,42300,1468.9245060684739
4,42400,1468.9245060684739
4,42500,1468.9245060684739
4,42600,1468.9245060684739
4,42700,1468.9245060684739
4,42800,1468.9245060684739
4,42900,1468.9245060684739
4,43000,1468.9245060684739
4,43100,1468.9245060684739
4,43200,1468.9245060684739
4,43300,1468.9245060684739
4,43400,1468.9245060684739
4,43500,1468.9245060684739
4,43600,1468.9245060684739
4,43700,1468.9245060684739
4,43800,1468.9245060684739
4,43900,1468.9245060684739
4,44000,1468.9245060684739
4,44100,1468.9245060684739
4,44200,1468.9245060684739
4,44300,1468.9245060684739
4,44400,1468.9245060684739
4,44500,1468.9245060684739
4,44600,1468.9245060684739
4,44700,1468.9245060684739
4,44800,1468.9245060684739
4,44900,1468.9245060684739
4,45000,1468.9245060684739
4,45100,1468.9245060684739
4,45200,1446.285478434891
4,45300,1446.285478434891
4,45400,1446.285478434891
4,45500,1446.285478434891
4,45600,1446.285478434891
4,45700,1446.285478434891
4,45800,1446.285478434891
4,45900,1446.285478434891
4,46000,1446.285478434891
4,46100,1446.285478434891
4,46200,1446.285478434891
4,46300,1446.285478434891
4,46400,1446.285478434891
4,46500,1446.285478434891
4,46600,1446.285478434891
4,46700,1446.285478434891
4,46800,1446.285478434891
4,46900,1446.285478434891
4,47000,1446.285478434891
4,47100,1446.285478434891
4,47200,1446.285478434891
4,47300,1446.285478434891
4,47400,1446.285478434891
4,47500,1446.285478434891
4,47600,1446.285478434891
4,47700,1446.285478434891
4,47800,1446.285478434891
4,47900,1446.285478434891
4,48000,1446.285478434891
4,48100,1446.285478434891
4,48200,1446.285478434891
4,48300,1446.285478434891
4,48400,1446.285478434891
4,48500,1446.285478434891
4,48600,1446.285478434891
4,48700,1446.285478434891
4,48800,1446.285478434891
4,48900,1446.285478434891
4,49000,1446.285478434891
4,49100,1446.285478434891
4,49200,1446.285478434891
4,49300,1446.285478434891
4,49400,1446.285478434891
4,49500,1446.285478434891
4,49600,1446.285478434891
4,49700,1446.285478434891
4,49800,1446.285478434891
4,49900,1446.285478434891
4,50000,1446.285478434891
5,200,2527.87382806391
5,300,2464.3444459636407
5,400,2325.956891477891
5,500,2325.956891477891
5,600,2292.2249422435825
5,700,2188.3603801723307
5,800,2188.3603801723307
5,900,2188.3603801723307
5,1000,2174.2273446402855
5,1100,2096.0329757274903
5,1200,2096.0329757274903
5,1300,2096.0329757274903
5,1400,2096.0329757274903
5,1500,2096.0329757274903
5,1600,2065.0895981369067
5,1700,2065.0895981369067
5,1800,2062.906083527146
5,1900,2062.906083527146
5,2000,1945.2741989740402
5,2100,1945.2741989740402
5,2200,1945.2741989740402
5,2300,1930.4507060286628
5,2400,1930.4507060286628
5,2500,1928.2645093387632
5,2600,1923.2268949676804
5,2700,1923.2268949676804
5,2800,1910.9532815134119
5,2900,1910.9532815134119
5,3000,1910.9532815134119
5,3100,1826.374834363276
5,3200,1826.374834363276
5,3300,1826.374834363276
5,3400,1826.374834363276
5,3500,1826.374834363276
5,3600,1795.137650333631
5,3700,1795.137650333631
5,3800,1795.137650333631
5,3900,1795.137650333631
5,4000,1795.137650333631
5,4100,1787.0022631004317
5,4200,1787.0022631004317
5,4300,1787.0022631004317
5,4400,1775.890940559218
5,4500,1775.890940559218
5,4600,1775.890940559218
5,4700,1774.9293139667905
5,4800,1774.9293139667905
5,4900,1774.9293139667905
5,5000,1774.9293139667905
5,5100,1774.9293139667905
5,5200,1774.9293139667905
5,5300,1769.1815837730023
5,5400,1757.026956937507
5,5500,1757.026956937507
5,5600,1757.026956937507
5,5700,1757.026956937507
5,5800,1705.5625956585598
5,5900,1705.5625956585598
5,6000,1705.5625956585598
5,6100,1705.5625956585598
5,6200,1705.5625956585598
5,6300,1705.5625956585598
5,6400,1705.5625956585598
5,6500,1705.5625956585598
5,6600,1705.5625956585598
5,6700,1705.5625956585598
5,6800,1705.5625956585598
5,6900,1705.5625956585598
5,7000,1678.6098736061974
5,7100,1678.6098736061974
5,7200,1678.6098736061974
5,7300,1678.6098736061974
5,7400,1678.6098736061974
5,7500,1678.6098736061974
5,7600,1678.6098736061974
5,7700,1678.6098736061974
5,7800,1678.6098736061974
5,7900,1678.6098736061974
5,8000,1678.6098736061974
5,8100,1678.6098736061974
5,8200,1678.6098736061974
5,8300,1663.1753078431839
5,8400,1663.1753078431839
5,8500,1663.1753078431839
5,8600,1663.1753078431839
5,8700,1663.1753078431839
5,8800,1663.1753078431839
5,8900,1663.1753078431839
5,9000,1637.3956849863475
5,9100,1623.4636683888484
5,9200,1623.4636683888484
5,9300,1623.4636683888484
5,9400,1623.4636683888484
5,9500,1623.4636683888484
5,9600,1623.4636683888484
5,9700,1623.4636683888484
5,9800,1623.4636683888484
5,9900,1623.4636683888484
5,10000,1623.4636683888484
5,10100,1623.4636683888484
5,10200,1623.4636683888484
5,10300,1623.4636683888484
5,10400,1623.4636683888484
5,10500,1618.574537263107
5,10600,1618.574537263107
5,10700,1618.574537263107
5,10800,1618.574537263107
5,10900,1618.574537263107
5,11000,1618.574537263107
5,11100,1618.574537263107
5,11200,1618.574537263107
5,11300,1618.574537263107
5,11400,1618.574537263107
5,11500,1618.574537263107
5,11600,1618.574537263107
5,11700,1618.574537263107
5,11800,1618.574537263107
5,11900,1617.024926663459
5,12000,1617.024926663459
5,12100,1617.024926663459
5,12200,1617.024926663459
5,12300,1617.024926663459
5,12400,1617.024926663459
5,12500,1617.024926663459
5,12600,1617.024926663459
5,12700,1617.024926663459
5,12800,1617.024926663459
5,12900,1617.024926663459
5,13000,1617.024926663459
5,13100,1617.024926663459
5,13200,1617.024926663459
5,13300,1617.024926663459
5,13400,1617.024926663459
5,13500,1617.024926663459
5,13600,1616.6037373503177
5,13700,1616.6037373503177
5,13800,1616.6037373503177
5,13900,1616.6037373503177
5,14000,1616.6037373503177
5,14100,1616.6037373503177
5,14200,1592.6488756154456
5,14300,1592.6488756154456
5,14400,1592.6488756154456
5,14500,1592.6488756154456
5,14600,1592.6488756154456
5,14700,1592.6488756154456
5,14800,1592.6488756154456
5,14900,1586.3279901772319
5,15000,1586.3279901772319
5,15100,1586.3279901772319
5,15200,1586.3279901772319
5,15300,1586.3279901772319
5,15400,1586.3279901772319
5,15500,1586.3279901772319
5,15600,1586.3279901772319
5,15700,1569.8670660982668
5,15800,1569.8670660982668
5,15900,1569.8670660982668
5,16000,1569.8670660982668
5,16100,1569.8670660982668
5,16200,1569.8670660982668
5,16300,1569.8670660982668
5,16400,1498.6239638533073
5,16500,1498.6239638533073
5,16600,1498.6239638533073
5,16700,1498.6239638533073
5,16800,1498.6239638533073
5,16900,1498.6239638533073
5,17000,1498.6239638533073
5,17100,1498.6239638533073
5,17200,1498.6239638533073
5,17300,1498.6239638533073
5,17400,1498.6239638533073
5,17500,1498.6239638533073
5,17600,1498.6239638533073
5,17700,1498.6239638533073
5,17800,1498.6239638533073
5,17900,1498.6239638533073
5,18000,1498.6239638533073
5,18100,1498.6239638533073
5,18200,1488.8316655122203
5,18300,1488.8316655122203
5,18400,1488.8316655122203
5,18500,1488.8316655122203
5,18600,1488.8316655122203
5,18700,1488.8316655122203
5,18800,1488.8316655122203
5,18900,1488.8316655122203
5,19000,1488.8316655122203
5,19100,1488.8316655122203
5,19200,1488.8316655122203
5,19300,1488.8316655122203
5,19400,1488.8316655122203
5,19500,1488.8316655122203
5,19600,1488.8316655122203
5,19700,1488.8316655122203
5,19800,1488.8316655122203
5,19900,1488.8316655122203
5,20000,1488.8316655122203
5,20100,1488.8316655122203
5,20200,1488.8316655122203
5,20300,1488.8316655122203
5,20400,1488.8316655122203
5,20500,1488.8316655122203
5,20600,1488.8316655122203
5,20700,1488.8316655122203
5,20800,1488.8316655122203
5,20900,1488.8316655122203
5,21000,1488.8316655122203
5,21100,1488.8316655122203
5,21200,1488.8316655122203
5,21300,1488.8316655122203
5,21400,1488.8316655122203
5,21500,1488.8316655122203
5,21600,1488.8316655122203
5,21700,1488.8316655122203
5,21800,1488.8316655122203
5,21900,1488.8316655122203
5,22000,1488.8316655122203
5,22100,1488.8316655122203
5,22200,1488.8316655122203
5,22300,1488.8316655122203
5,22400,1488.8316655122203
5,22500,1488.8316655122203
5,22600,1488.8316655122203
5,22700,1488.8316655122203
5,22800,1488.8316655122203
5,22900,1488.8316655122203
5,23000,1488.8316655122203
5,23100,1488.8316655122203
5,23200,1488.8316655122203
5,23300,1488.8316655122203
5,23400,1488.8316655122203
5,23500,1488.8316655122203
5,23600,1488.8316655122203
5,23700,1488.8316655122203
5,23800,1488.8316655122203
5,23900,1488.8316655122203
5,24000,1488.8316655122203
5,24100,1488.8316655122203
5,24200,1488.8316655122203
5,24300,1488.8316655122203
5,24400,1488.8316655122203
5,24500,1488.8316655122203
5,24600,1488.0972633009455
5,24700,1488.0972633009455
5,24800,1488.0972633009455
5,24900,1488.0972633009455
5,25000,1488.0972633009455
5,25100,1488.0972633009455
5,25200,1488.0972633009455
5,25300,1488.0972633009455
5,25400,1488.0972633009455
5,25500,1488.0972633009455
5,25600,1488.0972633009455
5,25700,1488.0972633009455
5,25800,1488.0972633009455
5,25900,1488.0972633009455
5,26000,1488.0972633009455
5,26100,1488.0972633009455
5,26200,1488.0972633009455
5,26300,1488.0972633009455
5,26400,1488.0972633009455
5,26500,1488.0972633009455
5,26600,1488.0972633009455
5,26700,1488.0972633009455
5,26800,1488.0972633009455
5,26900,1488.0972633009455
5,27000,1488.0972633009455
5,27100,1488.0972633009455
5,27200,1488.0972633009455
5,27300,1488.0972633009455
5,27400,1488.0972633009455
5,27500,1488.0972633009455
5,27600,1488.0972633009455
5,27700,1488.0972633009455
5,27800,1488.0972633009455
5,27900,1486.2989448556477
5,28000,1486.2989448556477
5,28100,1486.2989448556477
5,28200,1473.5718217819722
5,28300,1473.5718217819722
5,28400,1473.5718217819722
5,28500,1473.5718217819715
5,28600,1473.5718217819715
5,28700,1473.5718217819715
5,28800,1473.5718217819715
5,28900,1473.5718217819715
5,29000,1473.5718217819715
5,29100,1473.5718217819715
5,29200,1473.5718217819715
5,29300,1473.5718217819715
5,29400,1473.5718217819715
5,29500,1473.5718217819715
5,29600,1473.5718217819715
5,29700,1473.5718217819715
5,29800,1473.5718217819715
5,29900,1473.5718217819715
5,30000,1473.5718217819715
5,30100,1473.5718217819715
5,30200,1473.5718217819715
5,30300,1473.5718217819715
5,30400,1473.5718217819715
5,30500,1473.5718217819715
5,30600,1473.5718217819715
5,30700,1473.5718217819715
5,30800,1473.5718217819715
5,30900,1473.5718217819715
5,31000,1473.5718217819715
5,31100,1473.5718217819715
5,31200,1473.5718217819715
5,31300,1473.5718217819715
5,31400,1473.5718217819715
5,31500,1473.5718217819715
5,31600,1473.5718217819715
5,31700,1473.5718217819715
5,31800,1473.5718217819715
5,31900,1473.5718217819715
5,32000,1473.5718217819715
5,32100,1473.5718217819715
5,32200,1473.5718217819715
5,32300,1473.5718217819715
5,32400,1473.5718217819715
5,32500,1473.5718217819715
5,32600,1473.5718217819715
5,32700,1471.0984664951773
5,32800,1471.0984664951773
5,32900,1471.0984664951773
5,33000,1471.0984664951773
5,33100,1471.098466495177
5,33200,1471.098466495177
5,33300,1467.8279977768677
5,33400,1453.43708159268
5,33500,1453.43708159268
5,33600,1453.43708159268
5,33700,1453.43708159268
5,33800,1453.43708159268
5,33900,1453.43708159268
5,34000,1453.43708159268
5,34100,1451.4458374364565
5,34200,1451.4458374364565
5,34300,1451.4458374364565
5,34400,1451.4458374364565
5,34500,1451.4458374364565
5,34600,1451.4458374364565
5,34700,1451.4458374364565
5,34800,1451.4458374364565
5,34900,1451.4458374364565
5,35000,1451.4458374364565
5,35100,1451.4458374364565
5,35200,1451.4458374364565
5,35300,1451.4458374364565
5,35400,1451.4458374364565
5,35500,1451.4458374364565
5,35600,1451.4458374364565
5,35700,1451.4458374364565
5,35800,1451.4458374364565
5,35900,1451.4458374364565
5,36000,1451.4458374364565
5,36100,1451.4458374364565
5,36200,1451.4458374364565
5,36300,1451.4458374364565
5,36400,1451.4458374364565
5,36500,1451.4458374364565
5,36600,1451.4458374364565
5,36700,1451.4458374364565
5,36800,1451.4458374364565
5,36900,1451.4458374364565
5,37000,1451.4458374364565
5,37100,1451.4458374364565
5,37200,1451.4458374364565
5,37300,1451.4458374364565
5,37400,1451.4458374364565
5,37500,1439.7672404851946
5,37600,1439.7672404851946
5,37700,1439.7672404851946
5,37800,1439.7672404851946
5,37900,1439.7672404851946
5,38000,1439.7672404851946
5,38100,1439.7672404851946
5,38200,1439.7672404851946
5,38300,1439.7672404851946
5,38400,1439.7672404851946
5,38500,1439.7672404851946
5,38600,1439.7672404851946
5,38700,1439.7672404851946
5,38800,1439.7672404851946
5,38900,1439.7672404851946
5,39000,1439.7672404851946
5,39100,1439.7672404851946
5,39200,1439.7672404851946
5,39300,1439.7672404851946
5,39400,1439.7672404851946
5,39500,1419.8474876633366
5,39600,1419.8474876633366
5,39700,1419.8474876633366
5,39800,1419.8474876633366
5,39900,1419.8474876633366
5,40000,1419.8474876633366
5,40100,1419.8474876633366
5,40200,1419.8474876633366
5,40300,1419.8474876633366
5,40400,1419.8474876633366
5,40500,1419.8474876633366
5,40600,1419.8474876633366
5,40700,1419.8474876633366
5,40800,1419.8474876633366
5,40900,1419.8474876633366
5,41000,1419.8474876633366
5,41100,1419.8474876633366
5,41200,1419.8474876633366
5,41300,1419.8474876633366
5,41400,1419.8474876633366
5,41500,1419.8474876633366
5,41600,1419.8474876633366
5,41700,1419.8474876633366
5,41800,1419.8474876633366
5,41900,1419.8474876633366
5,42000,1419.8474876633366
5,42100,1419.8474876633366
5,42200,1419.8474876633366
5,42300,1419.8474876633366
5,42400,1419.8474876633366
5,42500,1419.8474876633366
5,42600,1419.8474876633366
5,42700,1419.8474876633366
5,42800,1419.8474876633366
5,42900,1419.8474876633366
5,43000,1419.8474876633366
5,43100,1419.8474876633366
5,43200,1419.8474876633366
5,43300,1419.8474876633366
5,43400,1419.8474876633366
5,43500,1419.8474876633366
5,43600,1419.8474876633366
5,43700,1419.8474876633366
5,43800,1419.8474876633366
5,43900,1419.8474876633366
5,44000,1419.8474876633366
5,44100,1419.8474876633366
5,44200,1419.8474876633366
5,44300,1419.8474876633366
5,44400,1419.8474876633366
5,44500,1419.8474876633366
5,44600,1419.8474876633366
5,44700,1419.8474876633366
5,44800,1419.8474876633366
5,44900,1419.8474876633366
5,45000,1419.8474876633366
5,45100,1419.8474876633366
5,45200,1419.8474876633366
5,45300,1419.8474876633366
5,45400,1419.8474876633366
5,45500,1419.8474876633366
5,45600,1419.8474876633366
5,45700,1419.8474876633366
5,45800,1419.8474876633366
5,45900,1419.8474876633366
5,46000,1419.8474876633366
5,46100,1419.8474876633366
5,46200,1419.8474876633366
5,46300,1419.8474876633366
5,46400,1419.8474876633366
5,46500,1419.8474876633366
5,46600,1419.8474876633366
5,46700,1419.8474876633366
5,46800,1419.8474876633366
5,46900,1419.8474876633366
5,47000,1419.8474876633366
5,47100,1419.8474876633366
5,47200,1419.8474876633366
5,47300,1419.8474876633366
5,47400,1419.8474876633366
5,47500,1419.8474876633366
5,47600,1419.8474876633366
5,47700,1419.8474876633366
5,47800,1419.8474876633366
5,47900,1419.8474876633366
5,48000,1419.8474876633366
5,48100,1419.8474876633366
5,48200,1419.8474876633366
5,48300,1419.8474876633366
5,48400,1419.8474876633366
5,48500,1419.8474876633366
5,48600,1419.8474876633366
5,48700,1419.8474876633366
5,48800,1419.8474876633366
5,48900,1419.8474876633366
5,49000,1419.8474876633366
5,49100,1419.8474876633366
5,49200,1419.8474876633366
5,49300,1419.8474876633366
5,49400,1419.8474876633366
5,49500,1419.8474876633366
5,49600,1419.8474876633366
5,49700,1419.8474876633366
5,49800,1419.8474876633366
5,49900,1419.8474876633366
5,50000,1419.8474876633366
6,200,2467.2821550662593
6,300,2256.55104381973
6,400,2256.55104381973
6,500,2256.55104381973
6,600,2236.6073686401387
6,700,2236.6073686401387
6,800,2236.6073686401387
6,900,2194.123035758826
6,1000,2097.8476448891292
6,1100,2097.8476448891292
6,1200,2097.8476448891292
6,1300,2097.8476448891292
6,1400,2097.8476448891292
6,1500,2097.8476448891292
6,1600,2097.8476448891292
6,1700,2062.3887392918455
6,1800,2062.3887392918455
6,1900,1969.4390652079815
6,2000,1969.4390652079815
6,2100,1969.4390652079815
6,2200,1969.4390652079815
6,2300,1969.4390652079815
6,2400,1969.4390652079815
6,2500,1955.06851386612
6,2600,1955.06851386612
6,2700,1955.06851386612
6,2800,1929.788181395955
6,2900,1837.7668069916551
6,3000,1837.7668069916551
6,3100,1837.7668069916551
6,3200,1837.7668069916551
6,3300,1837.7668069916551
6,3400,1837.7668069916551
6,3500,1837.7668069916551
6,3600,1837.7668069916551
6,3700,1837.7668069916551
6,3800,1837.7668069916551
6,3900,1802.7938017314966
6,4000,1802.7938017314966
6,4100,1802.7938017314966
6,4200,1802.7938017314966
6,4300,1802.7938017314966
6,4400,1802.7938017314966
6,4500,1802.7938017314966
6,4600,1802.7938017314966
6,4700,1802.7938017314966
6,4800,1802.7938017314966
6,4900,1802.7938017314966
6,5000,1802.7938017314966
6,5100,1802.7938017314966
6,5200,1802.7938017314966
6,5300,1802.7938017314966
6,5400,1802.7938017314966
6,5500,1802.7938017314966
6,5600,1802.7938017314966
6,5700,1802.7938017314966
6,5800,1802.7938017314966
6,5900,1802.7938017314966
6,6000,1802.7938017314966
6,6100,1802.7938017314966
6,6200,1802.7938017314966
6,6300,1802.7938017314966
6,6400,1802.7938017314966
6,6500,1802.7938017314966
6,6600,1802.7938017314966
6,6700,1802.7938017314966
6,6800,1802.7938017314966
6,6900,1802.7938017314966
6,7000,1802.7938017314966
6,7100,1802.7938017314966
6,7200,1802.7938017314966
6,7300,1802.7938017314966
6,7400,1802.7938017314966
6,7500,1802.7938017314966
6,7600,1802.7938017314966
6,7700,1802.7938017314966
6,7800,1802.7938017314966
6,7900,1802.7938017314966
6,8000,1802.7938017314966
6,8100,1802.7938017314966
6,8200,1802.7938017314966
6,8300,1802.7938017314966
6,8400,1802.7938017314966
6,8500,1802.7938017314966
6,8600,1802.7938017314966
6,8700,1802.7938017314966
6,8800,1802.7938017314966
6,8900,1802.7938017314966
6,9000,1802.7938017314966
6,9100,1802.7938017314966
6,9200,1802.7938017314966
6,9300,1802.7938017314966
6,9400,1802.7938017314966
6,9500,1802.7938017314966
6,9600,1802.7938017314966
6,9700,1802.7938017314966
6,9800,1802.7938017314966
6,9900,1802.7938017314966
6,10000,1802.7938017314966
6,10100,1802.7938017314966
6,10200,1802.7938017314966
6,10300,1802.7938017314966
6,10400,1802.7938017314966
6,10500,1802.7938017314966
6,10600,1802.7938017314966
6,10700,1802.7938017314966
6,10800,1802.7938017314966
6,10900,1802.7938017314966
6,11000,1802.7938017314966
6,11100,1802.7938017314966
6,11200,1802.7938017314966
6,11300,1802.7938017314966
6,11400,1802.7938017314966
6,11500,1802.7938017314966
6,11600,1802.7938017314966
6,11700,1802.7938017314966
6,11800,1802.7938017314966
6,11900,1802.7938017314966
6,12000,1802.7938017314966
6,12100,1802.7938017314966
6,12200,1802.7938017314966
6,12300,1802.7938017314966
6,12400,1802.7938017314966
6,12500,1802.7938017314966
6,12600,1802.7938017314966
6,12700,1802.7938017314966
6,12800,1802.7938017314966
6,12900,1802.7938017314966
6,13000,1802.7938017314966
6,13100,1802.7938017314966
6,13200,1802.7938017314966
6,13300,1802.7938017314966
6,13400,1802.7938017314966
6,13500,1802.7938017314966
6,13600,1802.7938017314966
6,13700,1802.7938017314966
6,13800,1802.7938017314966
6,13900,1802.7938017314966
6,14000,1802.7938017314966
6,14100,1802.7938017314966
6,14200,1802.7938017314966
6,14300,1802.7938017314966
6,14400,1802.7938017314966
6,14500,1802.7938017314966
6,14600,1802.7938017314966
6,14700,1802.7938017314966
6,14800,1802.7938017314966
6,14900,1802.7938017314966
6,15000,1802.7938017314966
6,15100,1802.7938017314966
6,15200,1802.7938017314966
6,15300,1802.7938017314966
6,15400,1802.7938017314966
6,15500,1802.7938017314966
6,15600,1802.7938017314966
6,15700,1797.847742504706
6,15800,1797.847742504706
6,15900,1797.847742504706
6,16000,1797.847742504706
6,16100,1797.847742504706
6,16200,1797.847742504706
6,16300,1780.7738453932218
6,16400,1780.7738453932218
6,16500,1780.7738453932218
6,16600,1780.7738453932218
6,16700,1780.7738453932218
6,16800,1780.7738453932218
6,16900,1780.7738453932218
6,17000,1780.7738453932218
6,17100,1780.7738453932218
6,17200,1780.7738453932218
6,17300,1780.7738453932218
6,17400,1780.7738453932218
6,17500,1780.7738453932218
6,17600,1780.7738453932218
6,17700,1780.7738453932218
6,17800,1780.7738453932218
6,17900,1780.7738453932218
6,18000,1780.7738453932218
6,18100,1780.7738453932218
6,18200,1780.7738453932218
6,18300,1780.7738453932218
6,18400,1765.1900806785866
6,18500,1765.1900806785866
6,18600,1765.1900806785866
6,18700,1765.1900806785866
6,18800,1765.1900806785866
6,18900,1765.1900806785866
6,19000,1765.1900806785866
6,19100,1765.1900806785866
6,19200,1765.1900806785866
6,19300,1744.384876973133
6,19400,1744.384876973133
6,19500,1744.384876973133
6,19600,1744.384876973133
6,19700,1744.384876973133
6,19800,1744.384876973133
6,19900,1744.384876973133
6,20000,1744.384876973133
6,20100,1744.384876973133
6,20200,1744.3848769731326
6,20300,1720.6875963996915
6,20400,1720.6875963996915
6,20500,1720.6875963996915
6,20600,1720.6875963996915
6,20700,1720.6875963996915
6,20800,1720.6875963996915
6,20900,1720.6875963996915
6,21000,1720.6875963996915
6,21100,1720.6875963996915
6,21200,1720.6875963996915
6,21300,1714.4818662159455
6,21400,1714.4818662159455
6,21500,1714.4818662159455
6,21600,1710.14649170986
6,21700,1710.14649170986
6,21800,1710.14649170986
6,21900,1710.14649170986
6,22000,1710.14649170986
6,22100,1652.7800683054343
6,22200,1632.7827516932482
6,22300,1632.7827516932482
6,22400,1632.7827516932482
6,22500,1632.7827516932482
6,22600,1608.0092070147964
6,22700,1608.0092070147964
6,22800,1608.0092070147964
6,22900,1608.0092070147964
6,23000,1608.0092070147964
6,23100,1608.0092070147964
6,23200,1608.0092070147964
6,23300,1608.0092070147964
6,23400,1608.0092070147964
6,23500,1608.0092070147964
6,23600,1608.0092070147964
6,23700,1608.0092070147964
6,23800,1608.0092070147964
6,23900,1608.0092070147964
6,24000,1608.0092070147964
6,24100,1608.0092070147964
6,24200,1608.0092070147964
6,24300,1603.0330927592954
6,24400,1603.0330927592954
6,24500,1603.0330927592954
6,24600,1603.0330927592954
6,24700,1603.0330927592954
6,24800,1597.2328244086248
6,24900,1597.2328244086248
6,25000,1597.2328244086248
6,25100,1597.2328244086248
6,25200,1597.2328244086248
6,25300,1597.2328244086248
6,25400,1597.2328244086248
6,25500,1597.2328244086248
6,25600,1597.2328244086248
6,25700,1597.2328244086248
6,25800,1597.2328244086248
6,25900,1597.2328244086248
6,26000,1597.2328244086248
6,26100,1597.2328244086248
6,26200,1597.2328244086248
6,26300,1597.2328244086248
6,26400,1597.2328244086248
6,26500,1597.2328244086248
6,26600,1597.2328244086248
6,26700,1597.2328244086248
6,26800,1597.2328244086248
6,26900,1597.2328244086248
6,27000,1597.2328244086248
6,27100,1597.2328244086248
6,27200,1597.2328244086243
6,27300,1597.2328244086243
6,27400,1597.2328244086243
6,27500,1591.1227892876846
6,27600,1591.1227892876846
6,27700,1591.1227892876846
6,27800,1591.1227892876846
6,27900,1591.1227892876846
6,28000,1591.1227892876846
6,28100,1591.1227892876846
6,28200,1591.1227892876846
6,28300,1591.1227892876846
6,28400,1591.1227892876846
6,28500,1591.1227892876846
6,28600,1591.1227892876846
6,28700,1591.1227892876846
6,28800,1591.1227892876846
6,28900,1587.9340320466922
6,29000,1587.9340320466922
6,29100,1587.9340320466922
6,29200,1587.9340320466922
6,29300,1587.9340320466922
6,29400,1587.638902674893
6,29500,1587.638902674893
6,29600,1587.638902674893
6,29700,1587.638902674893
6,29800,1587.638902674893
6,29900,1545.4079671797358
6,30000,1545.4079671797358
6,30100,1545.4079671797358
6,30200,1545.4079671797358
6,30300,1545.4079671797358
6,30400,1545.4079671797358
6,30500,1545.4079671797358
6,30600,1545.4079671797358
6,30700,1545.4079671797358
6,30800,1545.4079671797358
6,30900,1545.4079671797358
6,31000,1545.4079671797358
6,31100,1544.6658741892734
6,31200,1512.3371856215417
6,31300,1512.3371856215417
6,31400,1512.3371856215417
6,31500,1512.3371856215417
6,31600,1512.3371856215417
6,31700,1512.3371856215417
6,31800,1512.3371856215417
6,31900,1512.3371856215417
6,32000,1512.3371856215417
6,32100,1512.3371856215417
6,32200,1492.2355302699993
6,32300,1492.2355302699993
6,32400,1492.2355302699993
6,32500,1492.2355302699993
6,32600,1492.2355302699993
6,32700,1492.2355302699993
6,32800,1492.2355302699993
6,32900,1492.2355302699993
6,33000,1492.235530269999
6,33100,1492.235530269999
6,33200,1462.814649606211
6,33300,1462.814649606211
6,33400,1462.814649606211
6,33500,1462.814649606211
6,33600,1462.814649606211
6,33700,1462.814649606211
6,33800,1462.814649606211
6,33900,1462.814649606211
6,34000,1462.814649606211
6,34100,1462.814649606211
6,34200,1462.814649606211
6,34300,1462.814649606211
6,34400,1462.814649606211
6,34500,1462.814649606211
6,34600,1462.814649606211
6,34700,1462.814649606211
6,34800,1462.814649606211
6,34900,1462.814649606211
6,35000,1462.814649606211
6,35100,1462.814649606211
6,35200,1462.814649606211
6,35300,1462.814649606211
6,35400,1462.814649606211
6,35500,1462.814649606211
6,35600,1462.814649606211
6,35700,1462.814649606211
6,35800,1462.814649606211
6,35900,1462.814649606211
6,36000,1462.814649606211
6,36100,1462.814649606211
6,36200,1462.814649606211
6,36300,1462.814649606211
6,36400,1462.814649606211
6,36500,1462.814649606211
6,36600,1462.814649606211
6,36700,1462.814649606211
6,36800,1462.814649606211
6,36900,1462.814649606211
6,37000,1462.814649606211
6,37100,1462.814649606211
6,37200,1462.814649606211
6,37300,1462.814649606211
6,37400,1462.814649606211
6,37500,1462.814649606211
6,37600,1462.814649606211
6,37700,1462.814649606211
6,37800,1462.814649606211
6,37900,1462.814649606211
6,38000,1462.814649606211
6,38100,1462.814649606211
6,38200,1462.814649606211
6,38300,1462.814649606211
6,38400,1462.814649606211
6,38500,1462.814649606211
6,38600,1462.814649606211
6,38700,1462.814649606211
6,38800,1462.814649606211
6,38900,1462.814649606211
6,39000,1462.814649606211
6,39100,1462.814649606211
6,39200,1462.814649606211
6,39300,1462.814649606211
6,39400,1462.814649606211
6,39500,1462.814649606211
6,39600,1462.814649606211
6,39700,1462.814649606211
6,39800,1462.814649606211
6,39900,1462.814649606211
6,40000,1462.814649606211
6,40100,1462.814649606211
6,40200,1462.814649606211
6,40300,1462.814649606211
6,40400,1462.814649606211
6,40500,1462.814649606211
6,40600,1462.814649606211
6,40700,1462.814649606211
6,40800,1462.814649606211
6,40900,1462.814649606211
6,41000,1462.814649606211
6,41100,1462.814649606211
6,41200,1462.814649606211
6,41300,1462.814649606211
6,41400,1462.814649606211
6,41500,1462.814649606211
6,41600,1462.814649606211
6,41700,1462.814649606211
6,41800,1462.814649606211
6,41900,1460.19310523783
6,42000,1460.19310523783
6,42100,1460.19310523783
6,42200,1460.19310523783
6,42300,1460.19310523783
6,42400,1460.19310523783
6,42500,1460.19310523783
6,42600,1460.19310523783
6,42700,1460.19310523783
6,42800,1460.19310523783
6,42900,1447.9130340307786
6,43000,1447.9130340307786
6,43100,1447.9130340307786
6,43200,1447.9130340307786
6,43300,1447.9130340307786
6,43400,1447.9130340307786
6,43500,1447.9130340307786
6,43600,1447.9130340307784
6,43700,1447.9130340307784
6,43800,1447.9130340307784
6,43900,1447.9130340307784
6,44000,1447.9130340307784
6,44100,1447.9130340307784
6,44200,1447.9130340307784
6,44300,1447.9130340307784
6,44400,1447.9130340307784
6,44500,1447.9130340307784
6,44600,1447.9130340307784
6,44700,1447.9130340307784
6,44800,1447.9130340307784
6,44900,1447.9130340307784
6,45000,1447.9130340307784
6,45100,1447.9130340307784
6,45200,1422.0543775833048
6,45300,1422.0543775833048
6,45400,1422.0543775833048
6,45500,1422.0543775833048
6,45600,1422.0543775833048
6,45700,1413.8994723375913
6,45800,1413.8994723375913
6,45900,1413.8994723375913
6,46000,1413.8994723375913
6,46100,1413.8994723375913
6,46200,1413.8994723375913
6,46300,1413.8994723375913
6,46400,1413.8994723375913
6,46500,1413.8994723375913
6,46600,1413.8994723375913
6,46700,1413.8994723375913
6,46800,1413.8994723375913
6,46900,1413.8994723375913
6,47000,1413.8994723375913
6,47100,1413.8994723375913
6,47200,1413.8994723375913
6,47300,1413.8994723375913
6,47400,1413.8994723375913
6,47500,1413.8994723375913
6,47600,1413.8994723375913
6,47700,1413.8994723375913
6,47800,1413.8994723375913
6,47900,1413.8994723375913
6,48000,1413.8994723375913
6,48100,1413.8994723375913
6,48200,1413.8994723375913
6,48300,1413.8994723375913
6,48400,1413.8994723375913
6,48500,1413.8994723375913
6,48600,1413.8994723375913
6,48700,1413.8994723375913
6,48800,1413.8994723375913
6,48900,1413.8994723375913
6,49000,1403.9234676847211
6,49100,1403.9234676847211
6,49200,1403.9234676847211
6,49300,1403.9234676847211
6,49400,1403.9234676847211
6,49500,1403.9234676847211
6,49600,1403.9234676847211
6,49700,1403.9234676847211
6,49800,1403.9234676847211
6,49900,1403.9234676847211
6,50000,1403.9234676847211
7,200,2441.155180555075
7,300,2300.760876293836
7,400,2292.7041520728817
7,500,2292.7041520728817
7,600,2225.0152218205226
7,700,2225.0152218205226
7,800,2195.5344181884434
7,900,2195.5344181884434
7,1000,2144.0901783226873
7,1100,2144.0901783226873
7,1200,2089.855224232099
7,1300,2089.855224232099
7,1400,2039.1041542202297
7,1500,2039.1041542202297
7,1600,2039.1041542202297
7,1700,2039.1041542202297
7,1800,2035.5464365970158
7,1900,1967.7115111468197
7,2000,1967.7115111468197
7,2100,1841.6874470108328
7,2200,1841.6874470108328
7,2300,1841.6874470108328
7,2400,1825.5724273225183
7,2500,1825.5724273225183
7,2600,1796.1962019269756
7,2700,1796.1962019269756
7,2800,1796.1962019269756
7,2900,1796.1962019269756
7,3000,1796.1962019269756
7,3100,1796.1962019269756
7,3200,1796.1962019269756
7,3300,1796.1962019269756
7,3400,1795.7630995699994
7,3500,1795.7630995699994
7,3600,1795.7630995699994
7,3700,1795.7630995699994
7,3800,1721.3878338168538
7,3900,1721.3878338168538
7,4000,1721.3878338168538
7,4100,1721.3878338168538
7,4200,1721.3878338168538
7,4300,1721.3878338168538
7,4400,1721.3878338168538
7,4500,1721.3878338168538
7,4600,1721.3878338168538
7,4700,1721.3878338168538
7,4800,1721.3878338168538
7,4900,1721.3878338168538
7,5000,1721.3878338168538
7,5100,1721.3878338168538
7,5200,1721.3878338168538
7,5300,1721.3878338168538
7,5400,1721.3878338168538
7,5500,1721.3878338168538
7,5600,1721.3878338168538
7,5700,1721.3878338168538
7,5800,1721.3878338168538
7,5900,1721.0965346768603
7,6000,1721.0965346768603
7,6100,1721.0965346768603
7,6200,1700.9496577827658
7,6300,1700.9496577827658
7,6400,1700.9496577827658
7,6500,1700.9496577827658
7,6600,1700.9496577827658
7,6700,1700.9496577827658
7,6800,1700.9496577827658
7,6900,1700.9496577827658
7,7000,1651.1941310709083
7,7100,1651.1941310709083
7,7200,1651.1941310709083
7,7300,1651.1941310709083
7,7400,1651.1941310709083
7,7500,1651.1941310709083
7,7600,1651.1941310709083
7,7700,1649.2567975730033
7,7800,1649.2567975730033
7,7900,1649.2567975730033
7,8000,1649.2567975730033
7,8100,1649.2567975730033
7,8200,1649.2567975730033
7,8300,1649.2567975730033
7,8400,1649.2567975730033
7,8500,1649.2567975730033
7,8600,1649.2567975730033
7,8700,1649.2567975730033
7,8800,1649.2567975730033
7,8900,1649.2567975730033
7,9000,1649.2567975730033
7,9100,1637.3563476537338
7,9200,1637.3563476537338
7,9300,1610.1379783458258
7,9400,1610.1379783458258
7,9500,1610.1379783458258
7,9600,1610.1379783458258
7,9700,1610.1379783458258
7,9800,1610.1379783458258
7,9900,1610.1379783458258
7,10000,1610.1379783458258
7,10100,1610.1379783458258
7,10200,1610.1379783458258
7,10300,1610.1379783458258
7,10400,1610.1379783458258
7,10500,1610.1379783458258
7,10600,1610.1379783458258
7,10700,1610.1379783458258
7,10800,1610.1379783458258
7,10900,1601.9791479003593
7,11000,1601.9791479003593
7,11100,1601.9791479003593
7,11200,1601.9791479003593
7,11300,1601.9791479003593
7,11400,1601.9791479003593
7,11500,1601.9791479003593
7,11600,1601.9791479003593
7,11700,1601.9791479003593
7,11800,1601.9791479003593
7,11900,1601.9791479003593
7,12000,1601.9791479003593
7,12100,1601.9791479003593
7,12200,1601.9791479003593
7,12300,1601.9791479003593
7,12400,1601.9791479003593
7,12500,1601.9791479003593
7,12600,1601.9791479003593
7,12700,1601.9791479003593
7,12800,1601.9791479003593
7,12900,1601.9791479003593
7,13000,1601.9791479003593
7,13100,1601.9791479003593
7,13200,1601.9791479003593
7,13300,1601.9791479003593
7,13400,1601.9791479003593
7,13500,1553.8085092773608
7,13600,1553.8085092773608
7,13700,1553.8085092773608
7,13800,1553.8085092773608
7,13900,1553.8085092773608
7,14000,1553.8085092773608
7,14100,1553.8085092773608
7,14200,1553.8085092773608
7,14300,1553.8085092773608
7,14400,1553.8085092773608
7,14500,1553.8085092773608
7,14600,1553.8085092773608
7,14700,1553.8085092773608
7,14800,1553.8085092773608
7,14900,1553.8085092773608
7,15000,1553.8085092773608
7,15100,1553.8085092773608
7,15200,1553.8085092773608
7,15300,1553.8085092773608
7,15400,1553.8085092773608
7,15500,1553.8085092773608
7,15600,1553.8085092773608
7,15700,1553.8085092773608
7,15800,1553.8085092773608
7,15900,1553.8085092773608
7,16000,1553.8085092773608
7,16100,1553.8085092773608
7,16200,1553.8085092773608
7,16300,1553.8085092773608
7,16400,1552.5539991230487
7,16500,1552.5539991230487
7,16600,1552.5539991230487
7,16700,1552.5539991230487
7,16800,1552.5539991230487
7,16900,1552.5539991230487
7,17000,1552.5539991230487
7,17100,1552.5539991230487
7,17200,1552.5539991230487
7,17300,1552.5539991230487
7,17400,1552.5539991230487
7,17500,1552.5539991230487
7,17600,1552.5539991230487
7,17700,1552.5539991230487
7,17800,1552.5539991230487
7,17900,1552.5539991230487
7,18000,1552.5539991230487
7,18100,1552.5539991230487
7,18200,1552.5539991230487
7,18300,1552.5539991230487
7,18400,1552.5539991230487
7,18500,1552.5539991230487
7,18600,1552.5539991230487
7,18700,1552.5539991230487
7,18800,1552.5539991230487
7,18900,1552.5539991230487
7,19000,1552.5539991230487
7,19100,1552.5539991230487
7,19200,1552.5539991230487
7,19300,1552.5539991230487
7,19400,1552.5539991230487
7,19500,1552.5539991230487
7,19600,1552.5539991230487
7,19700,1552.5539991230487
7,19800,1552.5539991230487
7,19900,1552.5539991230487
7,20000,1552.5539991230487
7,20100,1552.5539991230487
7,20200,1552.5539991230487
7,20300,1552.5539991230487
7,20400,1552.5539991230487
7,20500,1552.5539991230487
7,20600,1552.5539991230487
7,20700,1543.2060832948284
7,20800,1543.2060832948284
7,20900,1543.2060832948284
7,21000,1543.2060832948284
7,21100,1543.2060832948284
7,21200,1543.2060832948284
7,21300,1543.2060832948284
7,21400,1543.2060832948284
7,21500,1543.2060832948284
7,21600,1543.2060832948284
7,21700,1543.2060832948284
7,21800,1543.2060832948284
7,21900,1543.2060832948284
7,22000,1543.2060832948284
7,22100,1543.2060832948284
7,22200,1543.2060832948284
7,22300,1543.2060832948284
7,22400,1543.2060832948284
7,22500,1543.2060832948284
7,22600,1543.2060832948284
7,22700,1543.2060832948284
7,22800,1543.2060832948284
7,22900,1543.2060832948284
7,23000,1543.2060832948284
7,23100,1543.2060832948284
7,23200,1543.2060832948284
7,23300,1543.2060832948284
7,23400,1543.2060832948284
7,23500,1543.2060832948284
7,23600,1543.2060832948284
7,23700,1543.2060832948284
7,23800,1543.2060832948284
7,23900,1543.2060832948284
7,24000,1543.2060832948284
7,24100,1543.2060832948284
7,24200,1543.2060832948284
7,24300,1543.2060832948284
7,24400,1543.2060832948284
7,24500,1543.2060832948284
7,24600,1543.2060832948284
7,24700,1543.2060832948284
7,24800,1543.2060832948284
7,24900,1543.2060832948284
7,25000,1543.2060832948284
7,25100,1543.2060832948284
7,25200,1543.2060832948284
7,25300,1543.2060832948284
7,25400,1543.2060832948284
7,25500,1543.2060832948284
7,25600,1543.2060832948284
7,25700,1543.2060832948284
7,25800,1543.2060832948284
7,25900,1543.2060832948284
7,26000,1543.2060832948284
7,26100,1543.2060832948284
7,26200,1543.2060832948284
7,26300,1543.2060832948284
7,26400,1543.2060832948284
7,26500,1543.2060832948284
7,26600,1543.2060832948284
7,26700,1543.2060832948284
7,26800,1543.2060832948284
7,26900,1543.2060832948284
7,27000,1543.2060832948284
7,27100,1543.2060832948284
7,27200,1543.2060832948284
7,27300,1543.2060832948284
7,27400,1543.2060832948284
7,27500,1543.2060832948284
7,27600,1543.2060832948284
7,27700,1543.2060832948284
7,27800,1543.2060832948284
7,27900,1543.2060832948284
7,28000,1543.2060832948284
7,28100,1543.2060832948284
7,28200,1538.6697827520802
7,28300,1538.6697827520802
7,28400,1538.6697827520802
7,28500,1538.6697827520802
7,28600,1538.6697827520802
7,28700,1538.6697827520802
7,28800,1538.6697827520802
7,28900,1538.6697827520802
7,29000,1538.6697827520802
7,29100,1538.6697827520802
7,29200,1538.6697827520802
7,29300,1538.6697827520802
7,29400,1538.6697827520802
7,29500,1538.6697827520802
7,29600,1538.6697827520802
7,29700,1538.6697827520802
7,29800,1538.6697827520802
7,29900,1538.6697827520802
7,30000,1538.6697827520802
7,30100,1538.6697827520802
7,30200,1538.6697827520802
7,30300,1538.6697827520802
7,30400,1538.6697827520802
7,30500,1538.6697827520802
7,30600,1538.6697827520802
7,30700,1538.6697827520802
7,30800,1538.6697827520802
7,30900,1538.6697827520802
7,31000,1538.6697827520802
7,31100,1538.6697827520802
7,31200,1538.6697827520802
7,31300,1538.6697827520802
7,31400,1538.6697827520802
7,31500,1538.6697827520802
7,31600,1538.6697827520802
7,31700,1538.6697827520802
7,31800,1538.6697827520802
7,31900,1538.6697827520802
7,32000,1538.6697827520802
7,32100,1538.6697827520802
7,32200,1538.6697827520802
7,32300,1538.6697827520802
7,32400,1538.6697827520802
7,32500,1538.2901364736515
7,32600,1538.2901364736515
7,32700,1538.2901364736515
7,32800,1538.2901364736515
7,32900,1538.2901364736515
7,33000,1538.2901364736515
7,33100,1538.2901364736515
7,33200,1538.2901364736515
7,33300,1538.2901364736515
7,33400,1538.2901364736515
7,33500,1538.2901364736515
7,33600,1538.2901364736515
7,33700,1538.2901364736515
7,33800,1538.2901364736515
7,33900,1538.2901364736515
7,34000,1529.5521475347039
7,34100,1529.5521475347039
7,34200,1529.5521475347039
7,34300,1529.5521475347039
7,34400,1529.5521475347039
7,34500,1529.5521475347039
7,34600,1529.5521475347039
7,34700,1529.5521475347039
7,34800,1529.5521475347039
7,34900,1529.5521475347039
7,35000,1529.5521475347039
7,35100,1529.5521475347039
7,35200,1529.5521475347039
7,35300,1529.5521475347039
7,35400,1529.5521475347039
7,35500,1529.5521475347039
7,35600,1529.5521475347039
7,35700,1529.5521475347039
7,35800,1529.5521475347039
7,35900,1529.5521475347039
7,36000,1529.5521475347039
7,36100,1529.5521475347039
7,36200,1529.5521475347039
7,36300,1529.5521475347039
7,36400,1529.5521475347039
7,36500,1529.5521475347039
7,36600,1529.5521475347039
7,36700,1529.5521475347039
7,36800,1529.5521475347039
7,36900,1529.5521475347039
7,37000,1529.5521475347039
7,37100,1529.5521475347039
7,37200,1529.5521475347039
7,37300,1529.5521475347039
7,37400,1529.5521475347039
7,37500,1529.5521475347039
7,37600,1529.5521475347039
7,37700,1529.5521475347039
7,37800,1529.5521475347039
7,37900,1529.5521475347039
7,38000,1529.5521475347039
7,38100,1529.5521475347039
7,38200,1529.5521475347039
7,38300,1529.5521475347039
7,38400,1529.5521475347039
7,38500,1529.5521475347039
7,38600,1529.5521475347039
7,38700,1529.5521475347039
7,38800,1529.5521475347039
7,38900,1529.5521475347039
7,39000,1529.5521475347039
7,39100,1529.5521475347039
7,39200,1529.5521475347039
7,39300,1529.5521475347039
7,39400,1529.5521475347039
7,39500,1529.5521475347039
7,39600,1529.5521475347039
7,39700,1529.5521475347039
7,39800,1529.5521475347039
7,39900,1529.5521475347039
7,40000,1529.5521475347039
7,40100,1529.5521475347039
7,40200,1529.5521475347039
7,40300,1529.5521475347039
7,40400,1529.5521475347039
7,40500,1529.5521475347039
7,40600,1509.9406180900667
7,40700,1509.9406180900667
7,40800,1509.9406180900667
7,40900,1509.9406180900667
7,41000,1509.9406180900667
7,41100,1509.9406180900667
7,41200,1509.9406180900667
7,41300,1509.9406180900667
7,41400,1509.9406180900667
7,41500,1509.9406180900667
7,41600,1509.9406180900667
7,41700,1509.9406180900667
7,41800,1509.9406180900667
7,41900,1509.9406180900667
7,42000,1509.9406180900667
7,42100,1509.9406180900667
7,42200,1493.0459501583985
7,42300,1493.0459501583985
7,42400,1493.0459501583985
7,42500,1493.0459501583985
7,42600,1493.0459501583985
7,42700,1493.0459501583985
7,42800,1493.0459501583985
7,42900,1493.0459501583985
7,43000,1484.1436414484558
7,43100,1484.1436414484558
7,43200,1484.1436414484558
7,43300,1484.1436414484558
7,43400,1484.1436414484558
7,43500,1484.1436414484558
7,43600,1484.1436414484558
7,43700,1484.1436414484558
7,43800,1484.1436414484558
7,43900,1484.1436414484558
7,44000,1484.1436414484558
7,44100,1484.1436414484558
7,44200,1484.1436414484558
7,44300,1484.1436414484558
7,44400,1484.1436414484558
7,44500,1484.1436414484558
7,44600,1460.3612212212975
7,44700,1460.3612212212975
7,44800,1460.3612212212975
7,44900,1460.3612212212975
7,45000,1460.3612212212975
7,45100,1460.3612212212975
7,45200,1460.3612212212975
7,45300,1460.3612212212975
7,45400,1460.3612212212975
7,45500,1460.3612212212975
7,45600,1460.3612212212975
7,45700,1460.3612212212975
7,45800,1460.3612212212975
7,45900,1460.3612212212975
7,46000,1456.2441673752744
7,46100,1456.2441673752744
7,46200,1456.2441673752744
7,46300,1456.2441673752744
7,46400,1456.2441673752744
7,46500,1456.2441673752744
7,46600,1456.2441673752744
7,46700,1456.2441673752744
7,46800,1456.2441673752744
7,46900,1456.2441673752744
7,47000,1456.2441673752744
7,47100,1456.2441673752744
7,47200,1456.2441673752744
7,47300,1456.2441673752744
7,47400,1456.2441673752744
7,47500,1456.2441673752744
7,47600,1456.2441673752744
7,47700,1456.2441673752744
7,47800,1456.2441673752744
7,47900,1456.2441673752744
7,48000,1456.2441673752744
7,48100,1456.2441673752744
7,48200,1456.2441673752744
7,48300,1456.2441673752744
7,48400,1456.2441673752744
7,48500,1456.2441673752744
7,48600,1456.2441673752744
7,48700,1456.2441673752744
7,48800,1456.2441673752744
7,48900,1456.2441673752744
7,49000,1456.2441673752744
7,49100,1456.2441673752744
7,49200,1456.2441673752744
7,49300,1456.2441673752744
7,49400,1456.2441673752744
7,49500,1456.2441673752744
7,49600,1456.2441673752744
7,49700,1456.2441673752744
7,49800,1456.2441673752744
7,49900,1456.2441673752744
7,50000,1456.2441673752744
8,200,2496.344000596357
8,300,2496.344000596357
8,400,2468.0785784561995
8,500,2410.548134994124
8,600,2410.548134994124
8,700,2312.293118093548
8,800,2312.293118093548
8,900,2229.9668877012004
8,1000,2203.472935510759
8,1100,2203.472935510759
8,1200,2195.0104086357956
8,1300,2195.0104086357956
8,1400,2195.0104086357956
8,1500,2095.875519483887
8,1600,2095.875519483887
8,1700,2080.1301357939897
8,1800,2080.1301357939897
8,1900,2009.8758138829357
8,2000,2009.8758138829357
8,2100,2009.8758138829357
8,2200,2009.8758138829357
8,2300,2009.8758138829357
8,2400,2009.8758138829357
8,2500,2009.8758138829357
8,2600,2009.8758138829357
8,2700,2009.8758138829357
8,2800,2009.8758138829357
8,2900,2009.8758138829357
8,3000,1993.0137199636542
8,3100,1982.0843369715149
8,3200,1982.0843369715149
8,3300,1982.0843369715149
8,3400,1982.0843369715149
8,3500,1982.0843369715149
8,3600,1978.036527132368
8,3700,1870.9883906379514
8,3800,1870.9883906379514
8,3900,1870.9883906379514
8,4000,1870.9883906379514
8,4100,1870.9883906379514
8,4200,1870.9883906379514
8,4300,1870.9883906379514
8,4400,1870.9883906379514
8,4500,1870.9883906379514
8,4600,1870.9883906379514
8,4700,1808.2064985967418
8,4800,1808.2064985967418
8,4900,1808.2064985967418
8,5000,1808.2064985967418
8,5100,1808.2064985967418
8,5200,1808.2064985967418
8,5300,1808.2064985967418
8,5400,1808.2064985967418
8,5500,1808.2064985967418
8,5600,1808.2064985967418
8,5700,1808.2064985967418
8,5800,1808.2064985967418
8,5900,1808.2064985967418
8,6000,1808.2064985967418
8,6100,1808.2064985967418
8,6200,1808.2064985967418
8,6300,1808.2064985967418
8,6400,1808.2064985967418
8,6500,1808.2064985967418
8,6600,1808.2064985967418
8,6700,1795.8055700498862
8,6800,1795.8055700498862
8,6900,1687.4678287370436
8,7000,1687.4678287370436
8,7100,1687.4678287370436
8,7200,1687.4678287370436
8,7300,1663.6570770263938
8,7400,1642.4730308404007
8,7500,1636.4034893097642
8,7600,1636.4034893097642
8,7700,1636.4034893097642
8,7800,1636.4034893097642
8,7900,1636.4034893097642
8,8000,1636.4034893097642
8,8100,1636.4034893097642
8,8200,1636.4034893097642
8,8300,1636.4034893097642
8,8400,1636.4034893097642
8,8500,1636.4034893097642
8,8600,1636.4034893097642
8,8700,1636.4034893097642
8,8800,1636.4034893097642
8,8900,1619.125026504674
8,9000,1542.1932049137474
8,9100,1542.1932049137474
8,9200,1542.1932049137474
8,9300,1542.1932049137474
8,9400,1542.1932049137474
8,9500,1497.581727250214
8,9600,1497.581727250214
8,9700,1497.581727250214
8,9800,1497.581727250214
8,9900,1473.7943515498164
8,10000,1473.7943515498164
8,10100,1473.7943515498164
8,10200,1473.7943515498164
8,10300,1473.7943515498164
8,10400,1473.7943515498164
8,10500,1473.7943515498164
8,10600,1473.7943515498164
8,10700,1473.7943515498164
8,10800,1473.7943515498164
8,10900,1473.7943515498164
8,11000,1473.7943515498164
8,11100,1473.7943515498164
8,11200,1473.7943515498164
8,11300,1473.7943515498164
8,11400,1473.7943515498164
8,11500,1473.7943515498164
8,11600,1473.7943515498164
8,11700,1473.7943515498164
8,11800,1473.7943515498164
8,11900,1473.7943515498164
8,12000,1473.7943515498164
8,12100,1473.7943515498164
8,12200,1473.7943515498164
8,12300,1473.7943515498164
8,12400,1473.7943515498164
8,12500,1473.7943515498164
8,12600,1473.7943515498164
8,12700,1473.7943515498164
8,12800,1473.7943515498164
8,12900,1473.7943515498164
8,13000,1473.7943515498164
8,13100,1473.7943515498164
8,13200,1473.7943515498164
8,13300,1473.7943515498164
8,13400,1473.7943515498164
8,13500,1473.7943515498164
8,13600,1473.7943515498164
8,13700,1473.7943515498164
8,13800,1473.7943515498164
8,13900,1473.7943515498164
8,14000,1473.7943515498164
8,14100,1473.7943515498164
8,14200,1473.7943515498164
8,14300,1473.7943515498164
8,14400,1473.7943515498164
8,14500,1473.7943515498164
8,14600,1473.7943515498164
8,14700,1473.7943515498164
8,14800,1473.7943515498164
8,14900,1473.7943515498164
8,15000,1473.7943515498164
8,15100,1473.7943515498164
8,15200,1473.7943515498164
8,15300,1473.7943515498164
8,15400,1473.7943515498164
8,15500,1473.7943515498164
8,15600,1473.7943515498164
8,15700,1473.7943515498164
8,15800,1473.7943515498164
8,15900,1473.7943515498164
8,16000,1463.3169362253116
8,16100,1463.3169362253116
8,16200,1463.3169362253116
8,16300,1463.3169362253116
8,16400,1463.3169362253116
8,16500,1463.3169362253116
8,16600,1463.3169362253116
8,16700,1463.3169362253116
8,16800,1463.3169362253116
8,16900,1463.3169362253116
8,17000,1463.3169362253116
8,17100,1463.3169362253116
8,17200,1463.3169362253116
8,17300,1463.3169362253116
8,17400,1463.3169362253116
8,17500,1463.3169362253116
8,17600,1463.3169362253116
8,17700,1463.3169362253116
8,17800,1463.3169362253116
8,17900,1463.3169362253116
8,18000,1463.3169362253116
8,18100,1463.3169362253116
8,18200,1463.3169362253116
8,18300,1463.3169362253116
8,18400,1463.3169362253116
8,18500,1463.3169362253116
8,18600,1463.3169362253116
8,18700,1463.3169362253116
8,18800,1463.3169362253116
8,18900,1463.3169362253116
8,19000,1463.3169362253116
8,19100,1463.3169362253116
8,19200,1463.3169362253116
8,19300,1463.3169362253116
8,19400,1463.3169362253116
8,19500,1463.3169362253116
8,19600,1463.3169362253116
8,19700,1463.3169362253116
8,19800,1463.3169362253116
8,19900,1463.3169362253116
8,20000,1463.3169362253116
8,20100,1463.3169362253116
8,20200,1463.3169362253116
8,20300,1463.3169362253116
8,20400,1463.3169362253116
8,20500,1463.3169362253116
8,20600,1463.3169362253116
8,20700,1463.3169362253116
8,20800,1463.3169362253116
8,20900,1463.3169362253116
8,21000,1463.3169362253116
8,21100,1463.3169362253116
8,21200,1463.3169362253116
8,21300,1463.3169362253116
8,21400,1463.3169362253116
8,21500,1463.3169362253116
8,21600,1463.3169362253116
8,21700,1463.3169362253116
8,21800,1463.3169362253116
8,21900,1463.3169362253116
8,22000,1463.3169362253116
8,22100,1463.3169362253116
8,22200,1463.3169362253116
8,22300,1463.3169362253116
8,22400,1463.3169362253116
8,22500,1463.3169362253116
8,22600,1463.3169362253116
8,22700,1463.3169362253116
8,22800,1463.3169362253116
8,22900,1463.3169362253116
8,23000,1463.3169362253116
8,23100,1463.3169362253116
8,23200,1463.3169362253116
8,23300,1463.3169362253116
8,23400,1463.3169362253116
8,23500,1463.3169362253116
8,23600,1463.3169362253116
8,23700,1463.3169362253116
8,23800,1463.3169362253116
8,23900,1463.3169362253116
8,24000,1463.3169362253116
8,24100,1463.3169362253116
8,24200,1463.3169362253116
8,24300,1463.3169362253116
8,24400,1463.3169362253116
8,24500,1463.3169362253116
8,24600,1463.3169362253116
8,24700,1463.3169362253116
8,24800,1463.3169362253116
8,24900,1463.3169362253116
8,25000,1463.3169362253116
8,25100,1463.3169362253116
8,25200,1463.3169362253116
8,25300,1463.3169362253116
8,25400,1463.3169362253116
8,25500,1463.3169362253116
8,25600,1463.3169362253116
8,25700,1463.3169362253116
8,25800,1463.3169362253116
8,25900,1463.3169362253116
8,26000,1463.3169362253116
8,26100,1463.3169362253116
8,26200,1463.3169362253116
8,26300,1463.3169362253116
8,26400,1463.3169362253116
8,26500,1463.3169362253116
8,26600,1463.3169362253116
8,26700,1463.3169362253116
8,26800,1463.3169362253116
8,26900,1463.3169362253116
8,27000,1463.3169362253116
8,27100,1463.3169362253116
8,27200,1463.3169362253116
8,27300,1463.3169362253116
8,27400,1463.3169362253116
8,27500,1445.836724698918
8,27600,1445.836724698918
8,27700,1445.836724698918
8,27800,1445.836724698918
8,27900,1445.836724698918
8,28000,1445.836724698918
8,28100,1445.836724698918
8,28200,1445.836724698918
8,28300,1445.836724698918
8,28400,1445.836724698918
8,28500,1445.836724698918
8,28600,1445.836724698918
8,28700,1445.836724698918
8,28800,1445.836724698918
8,28900,1445.836724698918
8,29000,1445.836724698918
8,29100,1445.836724698918
8,29200,1445.836724698918
8,29300,1445.836724698918
8,29400,1445.836724698918
8,29500,1445.836724698918
8,29600,1445.836724698918
8,29700,1445.836724698918
8,29800,1438.2723093880381
8,29900,1438.2723093880381
8,30000,1438.2723093880381
8,30100,1438.2723093880381
8,30200,1438.2723093880381
8,30300,1438.2723093880381
8,30400,1438.2723093880381
8,30500,1438.2723093880381
8,30600,1438.2723093880381
8,30700,1438.2723093880381
8,30800,1438.2723093880381
8,30900,1438.2723093880381
8,31000,1438.2723093880381
8,31100,1438.2723093880381
8,31200,1438.2723093880381
8,31300,1438.2723093880381
8,31400,1438.2723093880381
8,31500,1438.2723093880381
8,31600,1438.2723093880381
8,31700,1438.2723093880381
8,31800,1438.2723093880381
8,31900,1438.2723093880381
8,32000,1438.2723093880381
8,32100,1438.2723093880381
8,32200,1438.2723093880381
8,32300,1438.2723093880381
8,32400,1438.2723093880381
8,32500,1438.2723093880381
8,32600,1438.2723093880381
8,32700,1438.2723093880381
8,32800,1438.2723093880381
8,32900,1438.2723093880381
8,33000,1438.2723093880381
8,33100,1438.2723093880381
8,33200,1438.2723093880381
8,33300,1438.2723093880381
8,33400,1438.2723093880381
8,33500,1438.2723093880381
8,33600,1438.2723093880381
8,33700,1438.2723093880381
8,33800,1438.2723093880381
8,33900,1438.2723093880381
8,34000,1438.2723093880381
8,34100,1415.7877230973543
8,34200,1415.7877230973543
8,34300,1415.7877230973543
8,34400,1415.7877230973543
8,34500,1415.7877230973543
8,34600,1415.7877230973543
8,34700,1415.7877230973543
8,34800,1415.7877230973543
8,34900,1415.7877230973543
8,35000,1415.7877230973543
8,35100,1411.132248820333
8,35200,1411.132248820333
8,35300,1411.132248820333
8,35400,1411.132248820333
8,35500,1411.132248820333
8,35600,1411.132248820333
8,35700,1411.132248820333
8,35800,1411.132248820333
8,35900,1411.132248820333
8,36000,1411.132248820333
8,36100,1411.132248820333
8,36200,1411.132248820333
8,36300,1411.132248820333
8,36400,1411.132248820333
8,36500,1411.132248820333
8,36600,1411.132248820333
8,36700,1411.132248820333
8,36800,1411.132248820333
8,36900,1411.132248820333
8,37000,1411.132248820333
8,37100,1411.132248820333
8,37200,1411.132248820333
8,37300,1411.132248820333
8,37400,1411.132248820333
8,37500,1411.132248820333
8,37600,1411.132248820333
8,37700,1411.132248820333
8,37800,1411.132248820333
8,37900,1411.132248820333
8,38000,1411.132248820333
8,38100,1411.132248820333
8,38200,1411.132248820333
8,38300,1411.132248820333
8,38400,1411.132248820333
8,38500,1411.132248820333
8,38600,1411.132248820333
8,38700,1411.132248820333
8,38800,1411.132248820333
8,38900,1411.132248820333
8,39000,1411.132248820333
8,39100,1411.132248820333
8,39200,1411.132248820333
8,39300,1411.132248820333
8,39400,1411.132248820333
8,39500,1411.132248820333
8,39600,1411.132248820333
8,39700,1411.132248820333
8,39800,1411.132248820333
8,39900,1411.132248820333
8,40000,1401.2067330952946
8,40100,1401.2067330952946
8,40200,1401.2067330952946
8,40300,1401.2067330952946
8,40400,1401.2067330952946
8,40500,1401.2067330952946
8,40600,1401.2067330952946
8,40700,1401.2067330952946
8,40800,1401.2067330952946
8,40900,1401.2067330952946
8,41000,1401.2067330952946
8,41100,1401.2067330952946
8,41200,1401.2067330952946
8,41300,1401.2067330952946
8,41400,1401.2067330952946
8,41500,1401.2067330952946
8,41600,1401.2067330952946
8,41700,1401.2067330952946
8,41800,1401.2067330952946
8,41900,1401.2067330952946
8,42000,1401.2067330952946
8,42100,1401.2067330952946
8,42200,1401.2067330952946
8,42300,1401.2067330952946
8,42400,1401.2067330952946
8,42500,1401.2067330952946
8,42600,1401.2067330952946
8,42700,1401.2067330952946
8,42800,1401.2067330952946
8,42900,1401.2067330952946
8,43000,1401.2067330952946
8,43100,1401.2067330952946
8,43200,1401.2067330952946
8,43300,1401.2067330952946
8,43400,1401.2067330952946
8,43500,1401.2067330952946
8,43600,1401.2067330952946
8,43700,1401.2067330952946
8,43800,1401.2067330952946
8,43900,1401.2067330952946
8,44000,1401.2067330952946
8,44100,1401.2067330952946
8,44200,1401.2067330952946
8,44300,1401.2067330952946
8,44400,1401.2067330952946
8,44500,1401.2067330952946
8,44600,1401.2067330952946
8,44700,1401.2067330952946
8,44800,1401.2067330952946
8,44900,1401.2067330952946
8,45000,1401.2067330952946
8,45100,1401.2067330952946
8,45200,1401.2067330952946
8,45300,1401.2067330952946
8,45400,1401.2067330952946
8,45500,1401.2067330952946
8,45600,1401.2067330952946
8,45700,1401.2067330952946
8,45800,1401.2067330952946
8,45900,1401.2067330952946
8,46000,1401.2067330952946
8,46100,1401.2067330952946
8,46200,1401.2067330952946
8,46300,1401.2067330952946
8,46400,1401.2067330952946
8,46500,1401.2067330952946
8,46600,1401.2067330952946
8,46700,1401.2067330952946
8,46800,1382.148210953102
8,46900,1382.148210953102
8,47000,1382.148210953102
8,47100,1382.148210953102
8,47200,1382.148210953102
8,47300,1382.148210953102
8,47400,1382.148210953102
8,47500,1382.148210953102
8,47600,1382.148210953102
8,47700,1382.148210953102
8,47800,1382.148210953102
8,47900,1382.148210953102
8,48000,1382.148210953102
8,48100,1382.148210953102
8,48200,1382.148210953102
8,48300,1382.148210953102
8,48400,1382.148210953102
8,48500,1382.148210953102
8,48600,1382.148210953102
8,48700,1382.148210953102
8,48800,1382.148210953102
8,48900,1382.148210953102
8,49000,1382.148210953102
8,49100,1382.148210953102
8,49200,1382.148210953102
8,49300,1382.148210953102
8,49400,1382.148210953102
8,49500,1382.148210953102
8,49600,1382.148210953102
8,49700,1382.148210953102
8,49800,1382.148210953102
8,49900,1382.148210953102
8,50000,1382.148210953102
9,200,2485.2768204270174
9,300,2427.6295972341
9,400,2372.387675149355
9,500,2260.07989397771
9,600,2233.1963130146355
9,700,2220.4128581123996
9,800,2182.464228414417
9,900,2182.464228414417
9,1000,2182.464228414417
9,1100,2115.4512205129313
9,1200,2115.4512205129313
9,1300,2115.4512205129313
9,1400,2062.430654973676
9,1500,2062.430654973676
9,1600,2015.9769168467787
9,1700,2015.9769168467787
9,1800,2015.9769168467787
9,1900,2015.9769168467787
9,2000,2015.9769168467787
9,2100,2015.9769168467787
9,2200,2015.9769168467787
9,2300,2014.3115178429189
9,2400,2014.3115178429189
9,2500,1968.0968401681555
9,2600,1968.0968401681555
9,2700,1952.2917641621254
9,2800,1952.2917641621254
9,2900,1942.0040240823873
9,3000,1932.394007004544
9,3100,1871.6590333392023
9,3200,1871.6590333392023
9,3300,1871.6590333392023
9,3400,1871.6590333392023
9,3500,1871.6590333392023
9,3600,1871.6590333392023
9,3700,1871.6590333392023
9,3800,1837.5508610892266
9,3900,1788.1799738830905
9,4000,1788.1799738830905
9,4100,1788.1799738830905
9,4200,1788.1799738830905
9,4300,1788.1799738830905
9,4400,1788.1799738830905
9,4500,1788.1799738830905
9,4600,1788.1799738830905
9,4700,1788.1799738830905
9,4800,1788.1799738830905
9,4900,1788.1799738830905
9,5000,1788.1799738830905
9,5100,1788.1799738830905
9,5200,1672.4823636184062
9,5300,1672.4823636184062
9,5400,1672.4823636184062
9,5500,1672.4823636184062
9,5600,1672.4823636184062
9,5700,1672.4823636184062
9,5800,1672.4823636184062
9,5900,1672.4823636184062
9,6000,1672.4823636184062
9,6100,1672.4823636184062
9,6200,1672.4823636184062
9,6300,1672.4823636184062
9,6400,1672.4823636184062
9,6500,1672.4823636184062
9,6600,1672.4823636184062
9,6700,1672.4823636184062
9,6800,1663.0741855804206
9,6900,1663.0741855804206
9,7000,1625.2695400156479
9,7100,1625.2695400156479
9,7200,1625.2695400156479
9,7300,1625.2695400156479
9,7400,1625.2695400156479
9,7500,1625.2695400156479
9,7600,1625.2695400156479
9,7700,1625.2695400156479
9,7800,1625.2695400156479
9,7900,1625.2695400156479
9,8000,1625.2695400156479
9,8100,1625.2695400156479
9,8200,1625.2695400156479
9,8300,1625.2695400156479
9,8400,1625.2695400156479
9,8500,1625.2695400156479
9,8600,1625.2695400156479
9,8700,1625.2695400156479
9,8800,1605.2821322652956
9,8900,1605.2821322652956
9,9000,1605.2821322652956
9,9100,1605.2821322652956
9,9200,1605.2821322652956
9,9300,1605.2821322652956
9,9400,1605.2821322652956
9,9500,1605.2821322652956
9,9600,1605.2821322652956
9,9700,1605.2821322652956
9,9800,1605.2821322652956
9,9900,1605.2821322652956
9,10000,1603.9971035451745
9,10100,1603.9971035451745
9,10200,1603.9971035451745
9,10300,1589.2394289070844
9,10400,1589.2394289070844
9,10500,1589.2394289070844
9,10600,1589.2394289070844
9,10700,1589.2394289070844
9,10800,1589.2394289070844
9,10900,1589.2394289070844
9,11000,1589.2394289070844
9,11100,1589.2394289070844
9,11200,1589.2394289070844
9,11300,1549.407144878551
9,11400,1549.407144878551
9,11500,1549.407144878551
9,11600,1549.407144878551
9,11700,1549.407144878551
9,11800,1549.407144878551
9,11900,1549.407144878551
9,12000,1549.407144878551
9,12100,1549.407144878551
9,12200,1549.407144878551
9,12300,1538.2530072042546
9,12400,1538.2530072042546
9,12500,1538.2530072042546
9,12600,1538.2530072042546
9,12700,1538.2530072042546
9,12800,1538.2530072042546
9,12900,1538.2530072042546
9,13000,1538.2530072042546
9,13100,1538.2530072042546
9,13200,1538.2530072042546
9,13300,1538.2530072042546
9,13400,1538.2530072042546
9,13500,1538.2530072042546
9,13600,1538.2530072042546
9,13700,1538.2530072042546
9,13800,1476.524104847324
9,13900,1476.524104847324
9,14000,1476.524104847324
9,14100,1476.524104847324
9,14200,1476.524104847324
9,14300,1476.524104847324
9,14400,1476.524104847324
9,14500,1476.524104847324
9,14600,1476.524104847324
9,14700,1476.524104847324
9,14800,1476.5241048473238
9,14900,1476.5241048473238
9,15000,1476.5241048473238
9,15100,1476.5241048473238
9,15200,1476.5241048473238
9,15300,1476.5241048473238
9,15400,1476.5241048473238
9,15500,1476.5241048473238
9,15600,1476.5241048473238
9,15700,1476.5241048473238
9,15800,1476.5241048473238
9,15900,1476.5241048473238
9,16000,1476.5241048473238
9,16100,1476.5241048473238
9,16200,1476.5241048473238
9,16300,1476.5241048473238
9,16400,1476.5241048473238
9,16500,1467.9520793250142
9,16600,1467.9520793250142
9,16700,1467.9520793250142
9,16800,1467.9520793250142
9,16900,1467.9520793250142
9,17000,1467.9520793250142
9,17100,1467.9520793250142
9,17200,1467.9520793250142
9,17300,1467.9520793250142
9,17400,1467.9520793250142
9,17500,1467.9520793250142
9,17600,1467.9520793250142
9,17700,1467.9520793250142
9,17800,1467.9520793250142
9,17900,1467.9520793250142
9,18000,1467.9520793250142
9,18100,1419.352211652331
9,18200,1419.352211652331
9,18300,1419.352211652331
9,18400,1419.352211652331
9,18500,1419.352211652331
9,18600,1408.1572497511559
9,18700,1408.1572497511559
9,18800,1408.1572497511559
9,18900,1408.1572497511559
9,19000,1408.1572497511559
9,19100,1408.1572497511559
9,19200,1408.1572497511559
9,19300,1408.1572497511559
9,19400,1408.1572497511559
9,19500,1408.1572497511559
9,19600,1408.1572497511559
9,19700,1408.1572497511559
9,19800,1408.1572497511559
9,19900,1408.1572497511559
9,20000,1408.1572497511559
9,20100,1408.1572497511559
9,20200,1408.1572497511559
9,20300,1408.1572497511559
9,20400,1408.1572497511559
9,20500,1408.1572497511559
9,20600,1408.1572497511559
9,20700,1408.1572497511559
9,20800,1408.1572497511559
9,20900,1408.1572497511559
9,21000,1408.1572497511559
9,21100,1408.1572497511559
9,21200,1408.1572497511559
9,21300,1408.1572497511559
9,21400,1381.5230462268478
9,21500,1381.5230462268478
9,21600,1381.5230462268478
9,21700,1381.5230462268478
9,21800,1381.5230462268478
9,21900,1381.5230462268478
9,22000,1381.5230462268478
9,22100,1381.5230462268478
9,22200,1381.5230462268478
9,22300,1381.5230462268478
9,22400,1381.5230462268478
9,22500,1381.5230462268478
9,22600,1381.5230462268478
9,22700,1381.5230462268478
9,22800,1381.5230462268478
9,22900,1381.5230462268478
9,23000,1381.5230462268478
9,23100,1381.5230462268478
9,23200,1381.5230462268478
9,23300,1381.5230462268478
9,23400,1381.5230462268478
9,23500,1381.5230462268478
9,23600,1381.5230462268478
9,23700,1381.5230462268478
9,23800,1381.5230462268478
9,23900,1381.5230462268478
9,24000,1381.5230462268478
9,24100,1381.5230462268478
9,24200,1381.5230462268478
9,24300,1381.5230462268478
9,24400,1381.5230462268478
9,24500,1381.5230462268478
9,24600,1381.5230462268478
9,24700,1381.5230462268478
9,24800,1381.5230462268478
9,24900,1381.5230462268478
9,25000,1381.5230462268478
9,25100,1381.5230462268478
9,25200,1381.5230462268478
9,25300,1381.5230462268478
9,25400,1381.5230462268478
9,25500,1381.5230462268478
9,25600,1381.5230462268478
9,25700,1381.5230462268478
9,25800,1381.5230462268478
9,25900,1381.5230462268478
9,26000,1381.5230462268478
9,26100,1381.5230462268478
9,26200,1381.5230462268478
9,26300,1381.5230462268478
9,26400,1381.5230462268478
9,26500,1381.5230462268478
9,26600,1381.5230462268478
9,26700,1381.5230462268478
9,26800,1381.5230462268478
9,26900,1381.5230462268478
9,27000,1381.5230462268478
9,27100,1381.5230462268478
9,27200,1381.5230462268478
9,27300,1381.1650680919397
9,27400,1381.1650680919397
9,27500,1381.1650680919397
9,27600,1381.1650680919397
9,27700,1381.1650680919397
9,27800,1381.1650680919397
9,27900,1381.1650680919397
9,28000,1381.1650680919397
9,28100,1381.1650680919397
9,28200,1381.1650680919397
9,28300,1381.1650680919397
9,28400,1381.1650680919397
9,28500,1381.1650680919397
9,28600,1381.1650680919397
9,28700,1381.1650680919397
9,28800,1381.1650680919397
9,28900,1381.1650680919397
9,29000,1381.1650680919397
9,29100,1381.1650680919397
9,29200,1381.1650680919397
9,29300,1381.1650680919397
9,29400,1381.1650680919397
9,29500,1381.1650680919397
9,29600,1381.1650680919397
9,29700,1381.1650680919397
9,29800,1381.1650680919397
9,29900,1381.1650680919397
9,30000,1381.1650680919397
9,30100,1381.1650680919397
9,30200,1381.1650680919397
9,30300,1381.1650680919397
9,30400,1381.1650680919397
9,30500,1381.1650680919397
9,30600,1381.1650680919397
9,30700,1381.1650680919397
9,30800,1381.1650680919397
9,30900,1381.1650680919397
9,31000,1381.1650680919397
9,31100,1381.1650680919397
9,31200,1381.1650680919397
9,31300,1381.1650680919395
9,31400,1381.1650680919395
9,31500,1381.1650680919395
9,31600,1381.1650680919395
9,31700,1381.1650680919395
9,31800,1381.1650680919395
9,31900,1381.1650680919395
9,32000,1381.1650680919395
9,32100,1381.1650680919395
9,32200,1381.1650680919395
9,32300,1381.1650680919395
9,32400,1381.1650680919395
9,32500,1381.1650680919395
9,32600,1381.1650680919395
9,32700,1381.1650680919395
9,32800,1381.1650680919395
9,32900,1381.1650680919395
9,33000,1381.1650680919395
9,33100,1381.1650680919395
9,33200,1381.1650680919395
9,33300,1381.1650680919395
9,33400,1381.1650680919395
9,33500,1381.1650680919395
9,33600,1381.1650680919395
9,33700,1381.1650680919395
9,33800,1381.1650680919395
9,33900,1381.1650680919395
9,34000,1381.1650680919395
9,34100,1381.1650680919395
9,34200,1381.1650680919395
9,34300,1381.1650680919395
9,34400,1381.1650680919395
9,34500,1381.1650680919395
9,34600,1381.1650680919395
9,34700,1381.1650680919395
9,34800,1381.1650680919395
9,34900,1381.1650680919395
9,35000,1381.1650680919395
9,35100,1377.6449721372712
9,35200,1377.6449721372712
9,35300,1377.6449721372712
9,35400,1377.6449721372712
9,35500,1377.6449721372712
9,35600,1377.6449721372712
9,35700,1377.6449721372712
9,35800,1377.6449721372712
9,35900,1377.6449721372712
9,36000,1377.6449721372712
9,36100,1377.6449721372712
9,36200,1377.6449721372712
9,36300,1377.6449721372712
9,36400,1377.6449721372712
9,36500,1377.6449721372712
9,36600,1377.6449721372712
9,36700,1377.6449721372712
9,36800,1377.6449721372712
9,36900,1377.6449721372712
9,37000,1377.6449721372712
9,37100,1377.6449721372712
9,37200,1377.6449721372712
9,37300,1377.6449721372712
9,37400,1377.6449721372712
9,37500,1377.6449721372712
9,37600,1377.6449721372712
9,37700,1377.6449721372712
9,37800,1377.6449721372712
9,37900,1377.6449721372712
9,38000,1377.6449721372712
9,38100,1377.6449721372712
9,38200,1377.6449721372712
9,38300,1377.6449721372712
9,38400,1377.6449721372712
9,38500,1377.6449721372712
9,38600,1377.6449721372712
9,38700,1377.6449721372712
9,38800,1377.6449721372712
9,38900,1377.6449721372712
9,39000,1377.6449721372712
9,39100,1377.6449721372712
9,39200,1377.6449721372712
9,39300,1377.6449721372712
9,39400,1377.6449721372712
9,39500,1377.6449721372712
9,39600,1377.6449721372712
9,39700,1377.6449721372712
9,39800,1377.6449721372712
9,39900,1377.6449721372712
9,40000,1377.6449721372712
9,40100,1377.6449721372712
9,40200,1377.6449721372712
9,40300,1377.6449721372712
9,40400,1377.6449721372712
9,40500,1377.6449721372712
9,40600,1377.6449721372712
9,40700,1377.6449721372712
9,40800,1377.6449721372712
9,40900,1377.6449721372712
9,41000,1377.6449721372712
9,41100,1377.6449721372712
9,41200,1377.6449721372712
9,41300,1377.6449721372712
9,41400,1377.6449721372712
9,41500,1377.6449721372712
9,41600,1377.6449721372712
9,41700,1377.6449721372712
9,41800,1377.6449721372712
9,41900,1377.6449721372712
9,42000,1377.6449721372712
9,42100,1377.6449721372712
9,42200,1377.6449721372712
9,42300,1377.6449721372712
9,42400,1377.6449721372712
9,42500,1377.6449721372712
9,42600,1377.6449721372712
9,42700,1377.6449721372712
9,42800,1377.6449721372712
9,42900,1377.6449721372712
9,43000,1377.6449721372712
9,43100,1377.6449721372712
9,43200,1377.6449721372712
9,43300,1377.6449721372712
9,43400,1377.6449721372712
9,43500,1377.6449721372712
9,43600,1377.6449721372712
9,43700,1377.6449721372712
9,43800,1356.7052357096884
9,43900,1356.7052357096884
9,44000,1356.7052357096884
9,44100,1356.7052357096884
9,44200,1356.7052357096884
9,44300,1356.7052357096884
9,44400,1356.7052357096884
9,44500,1356.7052357096884
9,44600,1356.7052357096884
9,44700,1356.7052357096884
9,44800,1356.7052357096884
9,44900,1356.7052357096884
9,45000,1356.7052357096884
9,45100,1356.7052357096884
9,45200,1356.7052357096884
9,45300,1356.7052357096884
9,45400,1356.7052357096884
9,45500,1356.7052357096884
9,45600,1356.7052357096884
9,45700,1356.7052357096884
9,45800,1356.7052357096884
9,45900,1356.7052357096884
9,46000,1356.7052357096884
9,46100,1356.7052357096884
9,46200,1356.7052357096884
9,46300,1356.7052357096884
9,46400,1356.7052357096884
9,46500,1356.7052357096884
9,46600,1356.7052357096884
9,46700,1356.7052357096884
9,46800,1356.7052357096884
9,46900,1356.7052357096884
9,47000,1356.7052357096884
9,47100,1356.7052357096884
9,47200,1356.7052357096884
9,47300,1356.7052357096884
9,47400,1356.7052357096884
9,47500,1356.7052357096884
9,47600,1355.5981467756671
9,47700,1355.5981467756671
9,47800,1355.5981467756671
9,47900,1355.5981467756671
9,48000,1355.5981467756671
9,48100,1355.5981467756671
9,48200,1355.5981467756671
9,48300,1355.5981467756671
9,48400,1355.5981467756671
9,48500,1355.5981467756671
9,48600,1355.5981467756671
9,48700,1355.5981467756671
9,48800,1355.5981467756671
9,48900,1355.5981467756671
9,49000,1355.5981467756671
9,49100,1355.5981467756671
9,49200,1331.1451691314865
9,49300,1331.1451691314865
9,49400,1331.1451691314865
9,49500,1331.1451691314865
9,49600,1331.1451691314865
9,49700,1331.1451691314865
9,49800,1331.1451691314865
9,49900,1331.1451691314865
9,50000,1331.1451691314865
10,200,2259.154692617762
10,300,2259.154692617762
10,400,2259.154692617762
10,500,2259.154692617762
10,600,2259.154692617762
10,700,2259.154692617762
10,800,2195.0268813598927
10,900,2173.8641712457606
10,1000,2173.8641712457606
10,1100,2102.7691377497117
10,1200,2094.9615041064294
10,1300,2093.3342989116204
10,1400,2048.356575859063
10,1500,1997.2931503843693
10,1600,1997.2931503843693
10,1700,1997.2931503843693
10,1800,1997.2931503843693
10,1900,1997.2931503843693
10,2000,1997.2931503843693
10,2100,1997.2931503843693
10,2200,1931.4747060990142
10,2300,1928.3818226893911
10,2400,1889.189315653194
10,2500,1790.32060165239
10,2600,1788.3161125110817
10,2700,1788.3161125110817
10,2800,1788.3161125110817
10,2900,1788.3161125110817
10,3000,1788.3161125110817
10,3100,1774.099978993206
10,3200,1774.099978993206
10,3300,1774.099978993206
10,3400,1774.099978993206
10,3500,1750.766730780308
10,3600,1750.766730780308
10,3700,1736.423752502897
10,3800,1736.423752502897
10,3900,1736.423752502897
10,4000,1736.423752502897
10,4100,1736.423752502897
10,4200,1736.423752502897
10,4300,1736.423752502897
10,4400,1736.423752502897
10,4500,1736.423752502897
10,4600,1736.423752502897
10,4700,1736.423752502897
10,4800,1736.423752502897
10,4900,1736.423752502897
10,5000,1736.423752502897
10,5100,1736.423752502897
10,5200,1730.6718974254925
10,5300,1730.6718974254925
10,5400,1730.6718974254925
10,5500,1719.0834868084933
10,5600,1719.0834868084933
10,5700,1719.0834868084933
10,5800,1686.9672976053193
10,5900,1686.9672976053193
10,6000,1686.9672976053193
10,6100,1686.9672976053193
10,6200,1686.9672976053193
10,6300,1686.9672976053193
10,6400,1686.9672976053193
10,6500,1686.9672976053193
10,6600,1681.8660002477122
10,6700,1681.8660002477122
10,6800,1681.8660002477122
10,6900,1681.8660002477122
10,7000,1681.8660002477122
10,7100,1681.8660002477122
10,7200,1681.8660002477122
10,7300,1681.8660002477122
10,7400,1681.8660002477122
10,7500,1681.8660002477122
10,7600,1681.8660002477122
10,7700,1681.8660002477122
10,7800,1681.8660002477122
10,7900,1681.8660002477122
10,8000,1681.8660002477122
10,8100,1679.2774021644123
10,8200,1679.2774021644123
10,8300,1679.2774021644123
10,8400,1679.2774021644123
10,8500,1666.5997347756531
10,8600,1666.5997347756531
10,8700,1666.5997347756531
10,8800,1666.5997347756531
10,8900,1666.5997347756531
10,9000,1666.5997347756531
10,9100,1666.5997347756531
10,9200,1666.5997347756531
10,9300,1666.5997347756531
10,9400,1648.1668676352501
10,9500,1648.1668676352501
10,9600,1648.1668676352501
10,9700,1648.1668676352501
10,9800,1621.44479205257
10,9900,1621.44479205257
10,10000,1621.44479205257
10,10100,1621.44479205257
10,10200,1607.8332418172104
10,10300,1607.8332418172104
10,10400,1607.8332418172104
10,10500,1607.8332418172104
10,10600,1607.8332418172104
10,10700,1607.8332418172104
10,10800,1607.8332418172104
10,10900,1607.8332418172104
10,11000,1607.8332418172104
10,11100,1607.8332418172104
10,11200,1607.8332418172104
10,11300,1607.8332418172104
10,11400,1584.6230476668254
10,11500,1584.6230476668254
10,11600,1584.6230476668254
10,11700,1584.6230476668254
10,11800,1584.6230476668254
10,11900,1584.6230476668254
10,12000,1584.6230476668254
10,12100,1584.6230476668254
10,12200,1584.6230476668254
10,12300,1584.6230476668254
10,12400,1584.6230476668254
10,12500,1584.6230476668254
10,12600,1584.6230476668254
10,12700,1584.6230476668254
10,12800,1584.6230476668254
10,12900,1584.6230476668254
10,13000,1584.6230476668254
10,13100,1584.6230476668254
10,13200,1584.6230476668254
10,13300,1584.6230476668254
10,13400,1584.6230476668254
10,13500,1584.6230476668254
10,13600,1584.6230476668254
10,13700,1584.6230476668254
10,13800,1584.6230476668254
10,13900,1584.6230476668254
10,14000,1584.6230476668254
10,14100,1574.7086904444807
10,14200,1574.7086904444807
10,14300,1542.060816013457
10,14400,1542.060816013457
10,14500,1542.060816013457
10,14600,1542.060816013457
10,14700,1542.060816013457
10,14800,1542.060816013457
10,14900,1542.060816013457
10,15000,1542.060816013457
10,15100,1542.060816013457
10,15200,1542.060816013457
10,15300,1534.9054939441883
10,15400,1534.9054939441883
10,15500,1534.9054939441883
10,15600,1534.9054939441883
10,15700,1534.9054939441883
10,15800,1534.9054939441883
10,15900,1534.9054939441883
10,16000,1534.9054939441883
10,16100,1534.9054939441883
10,16200,1534.9054939441883
10,16300,1534.9054939441883
10,16400,1534.9054939441883
10,16500,1534.9054939441883
10,16600,1534.9054939441883
10,16700,1534.9054939441883
10,16800,1534.9054939441883
10,16900,1534.9054939441883
10,17000,1534.9054939441883
10,17100,1534.9054939441883
10,17200,1534.9054939441883
10,17300,1534.9054939441883
10,17400,1534.9054939441883
10,17500,1534.9054939441883
10,17600,1534.9054939441883
10,17700,1534.9054939441883
10,17800,1534.9054939441883
10,17900,1534.9054939441883
10,18000,1534.9054939441883
10,18100,1515.1227711825445
10,18200,1515.1227711825445
10,18300,1515.1227711825445
10,18400,1515.1227711825445
10,18500,1515.1227711825445
10,18600,1515.1227711825445
10,18700,1515.1227711825445
10,18800,1515.1227711825445
10,18900,1515.1227711825445
10,19000,1515.1227711825445
10,19100,1514.5171400541467
10,19200,1514.5171400541467
10,19300,1508.3170126567172
10,19400,1508.3170126567172
10,19500,1508.3170126567172
10,19600,1508.3170126567172
10,19700,1508.3170126567172
10,19800,1508.3170126567172
10,19900,1508.3170126567172
10,20000,1508.3170126567172
10,20100,1508.3170126567172
10,20200,1508.3170126567172
10,20300,1508.3170126567172
10,20400,1508.3170126567172
10,20500,1508.3170126567172
10,20600,1508.3170126567172
10,20700,1508.3170126567172
10,20800,1508.3170126567172
10,20900,1508.3170126567172
10,21000,1508.3170126567172
10,21100,1508.3170126567172
10,21200,1508.3170126567172
10,21300,1508.3170126567172
10,21400,1508.3170126567172
10,21500,1508.3170126567172
10,21600,1508.3170126567172
10,21700,1508.3170126567172
10,21800,1508.3170126567172
10,21900,1508.3170126567172
10,22000,1508.3170126567172
10,22100,1508.3170126567172
10,22200,1508.3170126567172
10,22300,1508.3170126567172
10,22400,1508.3170126567172
10,22500,1508.3170126567172
10,22600,1508.3170126567172
10,22700,1508.3170126567172
10,22800,1508.3170126567172
10,22900,1508.3170126567172
10,23000,1508.3170126567172
10,23100,1508.3170126567172
10,23200,1508.3170126567172
10,23300,1508.3170126567172
10,23400,1508.3170126567172
10,23500,1508.3170126567172
10,23600,1508.3170126567172
10,23700,1508.3170126567172
10,23800,1508.3170126567172
10,23900,1508.3170126567172
10,24000,1508.3170126567172
10,24100,1508.3170126567172
10,24200,1508.3170126567172
10,24300,1508.3170126567172
10,24400,1508.3170126567172
10,24500,1508.3170126567172
10,24600,1508.3170126567172
10,24700,1508.3170126567172
10,24800,1508.3170126567172
10,24900,1508.3170126567172
10,25000,1508.3170126567172
10,25100,1508.3170126567172
10,25200,1508.3170126567172
10,25300,1506.5885660555473
10,25400,1489.506999369
10,25500,1489.506999369
10,25600,1489.506999369
10,25700,1489.506999369
10,25800,1489.506999369
10,25900,1489.506999369
10,26000,1489.506999369
10,26100,1489.506999369
10,26200,1489.506999369
10,26300,1489.506999369
10,26400,1489.506999369
10,26500,1489.506999369
10,26600,1489.506999369
10,26700,1489.506999369
10,26800,1489.506999369
10,26900,1489.506999369
10,27000,1489.506999369
10,27100,1489.506999369
10,27200,1489.506999369
10,27300,1489.506999369
10,27400,1489.506999369
10,27500,1489.506999369
10,27600,1489.506999369
10,27700,1483.6562596613303
10,27800,1483.6562596613303
10,27900,1483.6562596613303
10,28000,1483.6562596613303
10,28100,1483.6562596613303
10,28200,1483.6562596613303
10,28300,1483.6562596613303
10,28400,1483.6562596613303
10,28500,1483.6562596613303
10,28600,1483.6562596613303
10,28700,1483.6562596613303
10,28800,1479.9120602122243
10,28900,1479.9120602122243
10,29000,1479.9120602122243
10,29100,1479.9120602122243
10,29200,1479.9120602122243
10,29300,1479.9120602122243
10,29400,1479.9120602122243
10,29500,1479.9120602122243
10,29600,1479.9120602122243
10,29700,1479.9120602122243
10,29800,1479.9120602122243
10,29900,1479.9120602122243
10,30000,1479.9120602122243
10,30100,1469.6560592914618
10,30200,1469.6560592914618
10,30300,1469.6560592914618
10,30400,1469.6560592914618
10,30500,1469.6560592914618
10,30600,1469.6560592914618
10,30700,1469.6560592914618
10,30800,1469.6560592914618
10,30900,1469.6560592914618
10,31000,1469.6560592914618
10,31100,1452.1260397557924
10,31200,1452.1260397557924
10,31300,1452.1260397557924
10,31400,1452.1260397557924
10,31500,1452.1260397557924
10,31600,1452.1260397557924
10,31700,1452.1260397557924
10,31800,1452.1260397557924
10,31900,1452.1260397557924
10,32000,1452.1260397557924
10,32100,1452.1260397557924
10,32200,1452.1260397557924
10,32300,1452.1260397557924
10,32400,1452.1260397557924
10,32500,1443.5529265627733
10,32600,1443.5529265627733
10,32700,1443.5529265627733
10,32800,1443.5529265627733
10,32900,1443.5529265627733
10,33000,1443.5529265627733
10,33100,1443.5529265627733
10,33200,1443.5529265627733
10,33300,1443.5529265627733
10,33400,1443.5529265627733
10,33500,1443.5529265627733
10,33600,1443.5529265627733
10,33700,1443.5529265627733
10,33800,1443.5529265627733
10,33900,1443.5529265627733
10,34000,1443.5529265627733
10,34100,1443.5529265627733
10,34200,1443.5529265627733
10,34300,1436.3667691289872
10,34400,1436.3667691289872
10,34500,1436.3667691289872
10,34600,1436.3667691289872
10,34700,1436.3667691289872
10,34800,1436.3667691289872
10,34900,1436.3667691289872
10,35000,1436.3667691289872
10,35100,1436.3667691289872
10,35200,1436.3667691289872
10,35300,1436.3667691289872
10,35400,1436.3667691289872
10,35500,1436.3667691289872
10,35600,1436.3667691289872
10,35700,1436.3667691289872
10,35800,1436.3667691289872
10,35900,1436.3667691289872
10,36000,1436.3667691289872
10,36100,1436.3667691289872
10,36200,1436.3667691289872
10,36300,1436.3667691289872
10,36400,1436.3667691289872
10,36500,1436.3667691289872
10,36600,1436.3667691289872
10,36700,1436.3667691289866
10,36800,1412.6843713692754
10,36900,1412.6843713692754
10,37000,1412.6843713692754
10,37100,1412.6843713692754
10,37200,1412.6843713692754
10,37300,1412.6843713692754
10,37400,1412.6843713692754
10,37500,1412.6843713692754
10,37600,1412.6843713692754
10,37700,1412.6843713692754
10,37800,1412.6843713692751
10,37900,1412.6843713692751
10,38000,1412.6843713692751
10,38100,1412.6843713692751
10,38200,1412.6843713692751
10,38300,1412.6843713692751
10,38400,1412.6843713692751
10,38500,1412.6843713692751
10,38600,1412.6843713692751
10,38700,1412.6843713692751
10,38800,1412.6843713692751
10,38900,1412.6843713692751
10,39000,1412.6843713692751
10,39100,1412.6843713692751
10,39200,1412.6843713692751
10,39300,1412.6843713692751
10,39400,1412.6843713692751
10,39500,1412.6843713692751
10,39600,1412.6843713692751
10,39700,1412.6843713692751
10,39800,1412.6843713692751
10,39900,1412.6843713692747
10,40000,1412.6843713692747
10,40100,1412.6843713692747
10,40200,1412.6843713692747
10,40300,1412.6843713692747
10,40400,1412.6843713692747
10,40500,1412.6843713692747
10,40600,1412.6843713692747
10,40700,1412.6843713692747
10,40800,1412.6843713692747
10,40900,1412.6843713692747
10,41000,1412.6843713692747
10,41100,1412.6843713692747
10,41200,1412.6843713692747
10,41300,1412.6843713692747
10,41400,1412.6843713692747
10,41500,1412.6843713692747
10,41600,1412.6843713692747
10,41700,1412.6843713692747
10,41800,1412.6843713692747
10,41900,1412.6843713692747
10,42000,1412.6843713692747
10,42100,1412.6843713692747
10,42200,1412.6843713692747
10,42300,1412.6843713692747
10,42400,1412.6843713692747
10,42500,1412.6843713692747
10,42600,1412.6843713692747
10,42700,1412.6843713692747
10,42800,1412.6843713692747
10,42900,1412.6843713692747
10,43000,1412.6843713692747
10,43100,1412.6843713692747
10,43200,1412.6843713692747
10,43300,1412.6843713692747
10,43400,1412.6843713692747
10,43500,1412.6843713692747
10,43600,1412.6843713692747
10,43700,1412.6843713692747
10,43800,1412.6843713692747
10,43900,1412.6843713692747
10,44000,1412.6843713692747
10,44100,1412.6843713692747
10,44200,1412.6843713692747
10,44300,1412.6843713692747
10,44400,1412.6843713692747
10,44500,1412.6843713692747
10,44600,1410.7409141488865
10,44700,1410.7409141488865
10,44800,1410.7409141488865
10,44900,1410.7409141488865
10,45000,1410.7409141488865
10,45100,1410.7409141488865
10,45200,1410.7409141488865
10,45300,1410.7409141488865
10,45400,1410.7409141488865
10,45500,1410.7409141488865
10,45600,1410.7409141488865
10,45700,1410.7409141488865
10,45800,1410.7409141488865
10,45900,1410.7409141488865
10,46000,1410.7409141488865
10,46100,1410.7409141488865
10,46200,1410.7409141488865
10,46300,1410.7409141488865
10,46400,1410.7409141488865
10,46500,1410.7409141488865
10,46600,1410.7409141488865
10,46700,1410.7409141488865
10,46800,1410.7409141488865
10,46900,1410.7409141488865
10,47000,1410.7409141488865
10,47100,1410.7409141488865
10,47200,1410.7409141488865
10,47300,1410.7409141488865
10,47400,1410.7409141488865
10,47500,1410.7409141488865
10,47600,1407.9331544577299
10,47700,1407.9331544577299
10,47800,1407.9331544577299
10,47900,1407.9331544577299
10,48000,1407.9331544577299
10,48100,1407.9331544577299
10,48200,1407.9331544577299
10,48300,1407.9331544577299
10,48400,1407.9331544577299
10,48500,1407.9331544577299
10,48600,1407.6086177357565
10,48700,1407.6086177357565
10,48800,1407.6086177357565
10,48900,1407.6086177357565
10,49000,1407.6086177357565
10,49100,1407.6086177357565
10,49200,1407.6086177357565
10,49300,1407.6086177357565
10,49400,1407.6086177357565
10,49500,1407.6086177357565
10,49600,1407.6086177357565
10,49700,1407.6086177357565
10,49800,1407.6086177357565
10,49900,1392.2632633728872
10,50000,1392.2632633728872
11,200,2465.11995398726
11,300,2329.7276821484174
11,400,2329.7276821484174
11,500,2290.553402867
11,600,2208.5061571737397
11,700,2208.5061571737397
11,800,2168.05683185698
11,900,2168.05683185698
11,1000,2168.05683185698
11,1100,2081.4076658550907
11,1200,2081.4076658550907
11,1300,2067.1954808467376
11,1400,2014.6050754866237
11,1500,1995.697384107345
11,1600,1995.697384107345
11,1700,1958.4143145131159
11,1800,1958.072081635644
11,1900,1958.072081635644
11,2000,1958.072081635644
11,2100,1958.072081635644
11,2200,1897.2596821145407
11,2300,1865.1979710680332
11,2400,1846.728234891892
11,2500,1842.155614734642
11,2600,1842.155614734642
11,2700,1842.155614734642
11,2800,1842.155614734642
11,2900,1842.155614734642
11,3000,1842.155614734642
11,3100,1842.155614734642
11,3200,1842.155614734642
11,3300,1842.155614734642
11,3400,1842.155614734642
11,3500,1842.155614734642
11,3600,1813.1890978280871
11,3700,1813.1890978280871
11,3800,1802.436828545402
11,3900,1802.436828545402
11,4000,1802.436828545402
11,4100,1802.436828545402
11,4200,1802.436828545402
11,4300,1802.436828545402
11,4400,1802.436828545402
11,4500,1802.436828545402
11,4600,1802.436828545402
11,4700,1782.243788590033
11,4800,1782.243788590033
11,4900,1782.243788590033
11,5000,1782.243788590033
11,5100,1782.243788590033
11,5200,1782.243788590033
11,5300,1770.481909765113
11,5400,1770.481909765113
11,5500,1721.5900601286226
11,5600,1721.5900601286226
11,5700,1721.5900601286226
11,5800,1721.5900601286226
11,5900,1721.5900601286226
11,6000,1721.5900601286226
11,6100,1721.5900601286226
11,6200,1721.5900601286226
11,6300,1721.5900601286226
11,6400,1721.5900601286226
11,6500,1721.5900601286226
11,6600,1721.5900601286226
11,6700,1721.5900601286226
11,6800,1721.5900601286226
11,6900,1721.5900601286226
11,7000,1721.5900601286226
11,7100,1721.5900601286226
11,7200,1714.9950601974097
11,7300,1714.9950601974097
11,7400,1714.9950601974097
11,7500,1714.9950601974097
11,7600,1714.9950601974097
11,7700,1714.9950601974097
11,7800,1714.9950601974097
11,7900,1714.9950601974097
11,8000,1714.9950601974097
11,8100,1714.9950601974097
11,8200,1714.9950601974097
11,8300,1714.9950601974097
11,8400,1714.9950601974097
11,8500,1714.9950601974097
11,8600,1714.9950601974097
11,8700,1714.9950601974097
11,8800,1714.9950601974097
11,8900,1714.9950601974097
11,9000,1714.9950601974097
11,9100,1704.3585452200323
11,9200,1686.60349996867
11,9300,1686.60349996867
11,9400,1686.60349996867
11,9500,1686.60349996867
11,9600,1686.60349996867
11,9700,1686.60349996867
11,9800,1686.60349996867
11,9900,1686.60349996867
11,10000,1686.60349996867
11,10100,1686.60349996867
11,10200,1686.60349996867
11,10300,1686.60349996867
11,10400,1686.60349996867
11,10500,1686.60349996867
11,10600,1686.60349996867
11,10700,1686.60349996867
11,10800,1686.60349996867
11,10900,1686.60349996867
11,11000,1686.60349996867
11,11100,1686.60349996867
11,11200,1686.60349996867
11,11300,1686.60349996867
11,11400,1686.60349996867
11,11500,1686.60349996867
11,11600,1686.60349996867
11,11700,1686.60349996867
11,11800,1686.60349996867
11,11900,1686.60349996867
11,12000,1686.60349996867
11,12100,1686.60349996867
11,12200,1686.60349996867
11,12300,1686.60349996867
11,12400,1686.60349996867
11,12500,1686.60349996867
11,12600,1686.60349996867
11,12700,1686.60349996867
11,12800,1686.60349996867
11,12900,1664.4487296093514
11,13000,1664.4487296093514
11,13100,1664.4487296093514
11,13200,1664.4487296093514
11,13300,1664.4487296093514
11,13400,1664.4487296093514
11,13500,1664.4487296093514
11,13600,1664.4487296093514
11,13700,1664.4487296093514
11,13800,1664.4487296093514
11,13900,1638.8338476458055
11,14000,1638.8338476458055
11,14100,1638.8338476458055
11,14200,1638.8338476458055
11,14300,1638.8338476458055
11,14400,1638.8338476458055
11,14500,1638.8338476458055
11,14600,1638.8338476458055
11,14700,1638.8338476458055
11,14800,1628.207387125533
11,14900,1628.207387125533
11,15000,1628.207387125533
11,15100,1628.207387125533
11,15200,1628.207387125533
11,15300,1628.207387125533
11,15400,1628.207387125533
11,15500,1628.207387125533
11,15600,1570.19558857671
11,15700,1570.19558857671
11,15800,1570.19558857671
11,15900,1570.19558857671
11,16000,1561.873198867466
11,16100,1561.873198867466
11,16200,1561.873198867466
11,16300,1561.873198867466
11,16400,1561.873198867466
11,16500,1561.873198867466
11,16600,1561.873198867466
11,16700,1561.873198867466
11,16800,1561.873198867466
11,16900,1561.873198867466
11,17000,1561.873198867466
11,17100,1561.873198867466
11,17200,1561.873198867466
11,17300,1561.873198867466
11,17400,1561.873198867466
11,17500,1561.873198867466
11,17600,1546.3353415644863
11,17700,1546.3353415644863
11,17800,1546.3353415644863
11,17900,1546.3353415644863
11,18000,1546.3353415644863
11,18100,1546.3353415644863
11,18200,1546.3353415644863
11,18300,1546.3353415644863
11,18400,1546.3353415644863
11,18500,1546.3353415644863
11,18600,1546.3353415644863
11,18700,1546.3353415644863
11,18800,1546.3353415644863
11,18900,1546.3353415644863
11,19000,1546.3353415644863
11,19100,1546.3353415644863
11,19200,1546.3353415644863
11,19300,1546.3353415644863
11,19400,1546.3353415644863
11,19500,1546.3353415644863
11,19600,1546.3353415644863
11,19700,1546.3353415644863
11,19800,1546.3353415644863
11,19900,1546.3353415644863
11,20000,1546.3353415644863
11,20100,1546.3353415644863
11,20200,1546.3353415644863
11,20300,1546.3353415644863
11,20400,1546.3353415644863
11,20500,1546.3353415644863
11,20600,1546.3353415644863
11,20700,1546.3353415644863
11,20800,1546.3353415644863
11,20900,1546.3353415644863
11,21000,1546.3353415644863
11,21100,1546.3353415644863
11,21200,1546.3353415644863
11,21300,1546.3353415644863
11,21400,1546.3353415644863
11,21500,1546.3353415644863
11,21600,1546.3353415644863
11,21700,1546.3353415644863
11,21800,1546.3353415644863
11,21900,1546.3353415644863
11,22000,1546.3353415644863
11,22100,1546.3353415644863
11,22200,1546.3353415644863
11,22300,1546.3353415644863
11,22400,1546.3353415644863
11,22500,1546.3353415644863
11,22600,1546.3353415644863
11,22700,1546.3353415644863
11,22800,1546.3353415644863
11,22900,1546.3353415644863
11,23000,1546.3353415644863
11,23100,1546.3353415644863
11,23200,1546.3353415644863
11,23300,1546.3353415644863
11,23400,1546.3353415644863
11,23500,1546.3353415644863
11,23600,1546.3353415644863
11,23700,1546.3353415644863
11,23800,1546.3353415644863
11,23900,1546.3353415644863
11,24000,1546.3353415644863
11,24100,1546.3353415644863
11,24200,1546.3353415644863
11,24300,1546.3353415644863
11,24400,1546.3353415644863
11,24500,1546.3353415644863
11,24600,1546.3353415644863
11,24700,1546.3353415644863
11,24800,1546.3353415644863
11,24900,1546.3353415644863
11,25000,1546.3353415644863
11,25100,1546.3353415644863
11,25200,1546.3353415644863
11,25300,1546.3353415644863
11,25400,1546.3353415644863
11,25500,1546.3353415644863
11,25600,1546.3353415644863
11,25700,1546.3353415644863
11,25800,1546.3353415644863
11,25900,1546.3353415644863
11,26000,1546.3353415644863
11,26100,1546.3353415644863
11,26200,1546.3353415644863
11,26300,1546.3353415644863
11,26400,1546.3353415644863
11,26500,1546.3353415644863
11,26600,1546.3353415644863
11,26700,1546.3353415644863
11,26800,1546.3353415644863
11,26900,1546.3353415644863
11,27000,1546.3353415644863
11,27100,1546.3353415644863
11,27200,1546.3353415644863
11,27300,1546.3353415644863
11,27400,1546.3353415644863
11,27500,1546.3353415644863
11,27600,1546.3353415644863
11,27700,1546.3353415644863
11,27800,1546.3353415644863
11,27900,1546.3353415644863
11,28000,1546.3353415644863
11,28100,1532.6377354632175
11,28200,1532.6377354632175
11,28300,1532.6377354632175
11,28400,1532.6377354632175
11,28500,1532.6377354632175
11,28600,1529.2106281726672
11,28700,1529.2106281726672
11,28800,1529.2106281726672
11,28900,1529.2106281726672
11,29000,1529.2106281726672
11,29100,1529.2106281726672
11,29200,1529.2106281726672
11,29300,1529.2106281726672
11,29400,1529.2106281726672
11,29500,1529.2106281726672
11,29600,1529.2106281726672
11,29700,1529.2106281726672
11,29800,1529.2106281726672
11,29900,1529.2106281726672
11,30000,1529.2106281726672
11,30100,1529.2106281726672
11,30200,1529.2106281726672
11,30300,1529.2106281726672
11,30400,1529.2106281726672
11,30500,1529.2106281726672
11,30600,1529.2106281726672
11,30700,1529.2106281726672
11,30800,1529.2106281726672
11,30900,1529.2106281726672
11,31000,1529.2106281726672
11,31100,1529.2106281726672
11,31200,1529.2106281726672
11,31300,1529.2106281726672
11,31400,1529.2106281726672
11,31500,1529.2106281726672
11,31600,1529.2106281726672
11,31700,1529.2106281726672
11,31800,1529.2106281726672
11,31900,1529.2106281726672
11,32000,1529.2106281726672
11,32100,1529.2106281726672
11,32200,1529.2106281726672
11,32300,1529.2106281726672
11,32400,1529.2106281726672
11,32500,1529.2106281726672
11,32600,1529.2106281726672
11,32700,1529.2106281726672
11,32800,1529.2106281726672
11,32900,1529.2106281726672
11,33000,1529.2106281726672
11,33100,1529.2106281726672
11,33200,1529.2106281726672
11,33300,1529.2106281726672
11,33400,1529.2106281726672
11,33500,1529.2106281726672
11,33600,1529.2106281726672
11,33700,1529.2106281726672
11,33800,1529.2106281726672
11,33900,1529.2106281726672
11,34000,1529.2106281726672
11,34100,1529.2106281726672
11,34200,1529.2106281726672
11,34300,1529.2106281726672
11,34400,1529.2106281726672
11,34500,1529.2106281726672
11,34600,1529.2106281726672
11,34700,1516.288525893182
11,34800,1516.288525893182
11,34900,1516.288525893182
11,35000,1516.288525893182
11,35100,1516.288525893182
11,35200,1516.288525893182
11,35300,1516.288525893182
11,35400,1516.288525893182
11,35500,1516.288525893182
11,35600,1516.288525893182
11,35700,1516.288525893182
11,35800,1516.288525893182
11,35900,1516.288525893182
11,36000,1516.288525893182
11,36100,1516.288525893182
11,36200,1516.288525893182
11,36300,1516.288525893182
11,36400,1516.288525893182
11,36500,1508.5688280037161
11,36600,1508.5688280037161
11,36700,1508.5688280037161
11,36800,1508.5688280037161
11,36900,1508.5688280037161
11,37000,1508.5688280037161
11,37100,1508.5688280037161
11,37200,1500.4594215038703
11,37300,1500.4594215038703
11,37400,1500.4594215038703
11,37500,1500.4594215038703
11,37600,1486.8123149063483
11,37700,1486.8123149063483
11,37800,1486.8123149063483
11,37900,1486.8123149063483
11,38000,1486.8123149063483
11,38100,1486.8123149063483
11,38200,1486.8123149063483
11,38300,1486.8123149063483
11,38400,1478.7029084065025
11,38500,1478.7029084065025
11,38600,1478.7029084065025
11,38700,1478.7029084065025
11,38800,1478.7029084065025
11,38900,1478.7029084065025
11,39000,1478.7029084065025
11,39100,1478.7029084065025
11,39200,1478.7029084065025
11,39300,1478.7029084065025
11,39400,1478.7029084065025
11,39500,1478.7029084065025
11,39600,1478.7029084065025
11,39700,1478.7029084065025
11,39800,1478.7029084065025
11,39900,1478.7029084065025
11,40000,1478.7029084065025
11,40100,1478.7029084065025
11,40200,1478.7029084065025
11,40300,1478.7029084065025
11,40400,1478.7029084065025
11,40500,1478.7029084065025
11,40600,1478.7029084065025
11,40700,1478.7029084065025
11,40800,1478.7029084065025
11,40900,1478.7029084065025
11,41000,1478.7029084065025
11,41100,1478.7029084065025
11,41200,1478.7029084065025
11,41300,1478.7029084065025
11,41400,1478.7029084065025
11,41500,1478.7029084065025
11,41600,1478.7029084065025
11,41700,1478.7029084065025
11,41800,1478.7029084065025
11,41900,1478.7029084065025
11,42000,1478.7029084065025
11,42100,1478.7029084065025
11,42200,1478.7029084065025
11,42300,1478.7029084065025
11,42400,1478.7029084065025
11,42500,1478.7029084065025
11,42600,1478.7029084065025
11,42700,1478.7029084065025
11,42800,1478.7029084065025
11,42900,1478.7029084065025
11,43000,1478.7029084065025
11,43100,1478.7029084065025
11,43200,1478.7029084065025
11,43300,1461.0139920072522
11,43400,1461.0139920072522
11,43500,1461.0139920072522
11,43600,1461.0139920072522
11,43700,1461.0139920072522
11,43800,1461.0139920072522
11,43900,1461.0139920072522
11,44000,1461.0139920072522
11,44100,1461.0139920072522
11,44200,1461.0139920072522
11,44300,1461.0139920072522
11,44400,1461.0139920072522
11,44500,1461.0139920072522
11,44600,1461.0139920072522
11,44700,1461.0139920072522
11,44800,1461.0139920072522
11,44900,1461.0139920072522
11,45000,1461.0139920072522
11,45100,1461.0139920072522
11,45200,1461.0139920072522
11,45300,1461.0139920072522
11,45400,1461.0139920072522
11,45500,1461.0139920072522
11,45600,1454.5261326848145
11,45700,1454.5261326848145
11,45800,1427.3400607377946
11,45900,1427.3400607377946
11,46000,1427.3400607377946
11,46100,1419.3194488928025
11,46200,1419.3194488928025
11,46300,1419.3194488928025
11,46400,1419.3194488928025
11,46500,1419.3194488928025
11,46600,1419.3194488928025
11,46700,1419.3194488928025
11,46800,1419.3194488928025
11,46900,1419.3194488928025
11,47000,1419.3194488928025
11,47100,1419.3194488928025
11,47200,1419.3194488928025
11,47300,1419.3194488928025
11,47400,1419.3194488928025
11,47500,1419.3194488928025
11,47600,1419.3194488928025
11,47700,1419.3194488928025
11,47800,1419.3194488928025
11,47900,1419.3194488928025
11,48000,1419.3194488928025
11,48100,1419.3194488928025
11,48200,1419.3194488928025
11,48300,1419.3194488928025
11,48400,1419.3194488928025
11,48500,1419.3194488928025
11,48600,1419.3194488928025
11,48700,1419.3194488928025
11,48800,1419.3194488928025
11,48900,1419.3194488928025
11,49000,1419.3194488928025
11,49100,1419.3194488928025
11,49200,1419.3194488928025
11,49300,1419.3194488928025
11,49400,1419.3194488928025
11,49500,1419.3194488928025
11,49600,1419.3194488928025
11,49700,1411.521306491378
11,49800,1411.521306491378
11,49900,1411.521306491378
11,50000,1411.521306491378
12,200,2523.5872225434114
12,300,2481.3626257636433
12,400,2406.7908361612017
12,500,2350.6660425122286
12,600,2331.6909553255805
12,700,2270.2834011950986
12,800,2258.7908439176986
12,900,2258.7908439176986
12,1000,2250.934873071708
12,1100,2154.2559499425934
12,1200,2154.2559499425934
12,1300,2154.2559499425934
12,1400,2153.5580695397457
12,1500,2108.4710220623188
12,1600,2023.2039501591191
12,1700,2023.2039501591191
12,1800,1990.6327844293683
12,1900,1990.6327844293683
12,2000,1990.6327844293683
12,2100,1990.6327844293683
12,2200,1990.6327844293683
12,2300,1990.6327844293683
12,2400,1990.6327844293683
12,2500,1990.6327844293683
12,2600,1990.6327844293683
12,2700,1990.6327844293683
12,2800,1978.9241238997683
12,2900,1970.197988408379
12,3000,1914.5982513834874
12,3100,1893.4161551615928
12,3200,1893.4161551615928
12,3300,1893.4161551615928
12,3400,1893.4161551615928
12,3500,1820.6824159749062
12,3600,1820.6824159749062
12,3700,1820.6824159749062
12,3800,1772.0072943211162
12,3900,1772.0072943211162
12,4000,1772.0072943211162
12,4100,1772.0072943211162
12,4200,1772.0072943211162
12,4300,1772.0072943211162
12,4400,1772.0072943211162
12,4500,1772.0072943211162
12,4600,1772.0072943211162
12,4700,1772.0072943211162
12,4800,1772.0072943211162
12,4900,1698.0647645544425
12,5000,1698.0647645544425
12,5100,1698.0647645544425
12,5200,1698.0647645544425
12,5300,1698.0647645544425
12,5400,1698.0647645544425
12,5500,1698.0647645544425
12,5600,1698.0647645544425
12,5700,1698.0647645544425
12,5800,1698.0647645544425
12,5900,1698.0647645544425
12,6000,1698.0647645544425
12,6100,1698.0647645544425
12,6200,1645.8457965283853
12,6300,1645.8457965283853
12,6400,1645.8457965283853
12,6500,1645.8457965283853
12,6600,1645.8457965283853
12,6700,1645.8457965283853
12,6800,1645.8457965283853
12,6900,1645.8457965283853
12,7000,1645.8457965283853
12,7100,1645.8457965283853
12,7200,1645.8457965283853
12,7300,1645.8457965283853
12,7400,1645.8457965283853
12,7500,1645.8457965283853
12,7600,1645.8457965283853
12,7700,1645.8457965283853
12,7800,1645.8457965283853
12,7900,1645.8457965283853
12,8000,1633.5340142350813
12,8100,1633.5340142350813
12,8200,1633.5340142350813
12,8300,1633.5340142350813
12,8400,1633.5340142350813
12,8500,1633.5340142350813
12,8600,1633.5340142350813
12,8700,1633.5340142350813
12,8800,1633.5340142350813
12,8900,1633.5340142350813
12,9000,1633.5340142350813
12,9100,1633.5340142350813
12,9200,1633.5340142350813
12,9300,1633.5340142350813
12,9400,1633.5340142350813
12,9500,1633.5340142350813
12,9600,1633.5340142350813
12,9700,1633.5340142350813
12,9800,1633.5340142350813
12,9900,1633.5340142350813
12,10000,1633.5340142350813
12,10100,1633.5340142350813
12,10200,1633.5340142350813
12,10300,1633.5340142350813
12,10400,1633.5340142350813
12,10500,1633.5340142350813
12,10600,1633.5340142350813
12,10700,1633.5340142350813
12,10800,1633.5340142350813
12,10900,1633.5340142350813
12,11000,1633.5340142350813
12,11100,1633.5340142350813
12,11200,1633.5340142350813
12,11300,1633.5340142350813
12,11400,1633.5340142350813
12,11500,1633.5340142350813
12,11600,1633.5340142350813
12,11700,1633.5340142350813
12,11800,1633.5340142350813
12,11900,1633.5340142350813
12,12000,1633.5340142350813
12,12100,1633.5340142350813
12,12200,1633.5340142350813
12,12300,1633.5340142350813
12,12400,1633.5340142350813
12,12500,1633.5340142350813
12,12600,1633.5340142350813
12,12700,1633.5340142350813
12,12800,1633.5340142350813
12,12900,1633.5340142350813
12,13000,1633.5340142350813
12,13100,1633.5340142350813
12,13200,1633.5340142350813
12,13300,1633.5340142350813
12,13400,1631.0722841343966
12,13500,1631.0722841343966
12,13600,1631.0722841343966
12,13700,1631.0722841343966
12,13800,1631.0722841343966
12,13900,1631.0722841343966
12,14000,1631.0722841343966
12,14100,1631.0722841343966
12,14200,1631.0722841343966
12,14300,1631.0722841343966
12,14400,1631.0722841343966
12,14500,1631.0722841343966
12,14600,1631.0722841343966
12,14700,1631.0722841343966
12,14800,1631.0722841343966
12,14900,1631.0722841343966
12,15000,1631.0722841343966
12,15100,1631.0722841343966
12,15200,1631.0722841343966
12,15300,1596.6627136543552
12,15400,1596.6627136543552
12,15500,1596.6627136543552
12,15600,1596.6627136543552
12,15700,1596.6627136543543
12,15800,1596.6627136543543
12,15900,1596.6627136543543
12,16000,1596.6627136543543
12,16100,1596.6627136543543
12,16200,1596.6627136543543
12,16300,1596.6627136543543
12,16400,1596.6627136543543
12,16500,1596.6627136543543
12,16600,1596.6627136543543
12,16700,1596.6627136543543
12,16800,1596.6627136543543
12,16900,1596.6627136543543
12,17000,1596.6627136543543
12,17100,1596.6627136543543
12,17200,1596.6627136543543
12,17300,1596.6627136543543
12,17400,1596.6627136543543
12,17500,1596.6627136543543
12,17600,1596.6627136543543
12,17700,1596.6627136543543
12,17800,1596.6627136543543
12,17900,1596.6627136543543
12,18000,1596.6627136543543
12,18100,1596.6627136543543
12,18200,1596.6627136543543
12,18300,1596.6627136543543
12,18400,1596.6627136543543
12,18500,1596.6627136543543
12,18600,1596.6627136543543
12,18700,1596.6627136543543
12,18800,1596.6627136543543
12,18900,1596.6627136543543
12,19000,1596.6627136543543
12,19100,1596.6627136543543
12,19200,1596.6627136543543
12,19300,1596.6627136543543
12,19400,1596.6627136543543
12,19500,1596.6627136543543
12,19600,1596.6627136543543
12,19700,1596.6627136543543
12,19800,1596.6627136543543
12,19900,1596.6627136543543
12,20000,1596.6627136543543
12,20100,1596.6627136543543
12,20200,1596.6627136543543
12,20300,1596.6627136543543
12,20400,1596.6627136543543
12,20500,1596.6627136543543
12,20600,1596.6627136543543
12,20700,1596.6627136543543
12,20800,1596.6627136543543
12,20900,1596.6627136543543
12,21000,1596.6627136543543
12,21100,1596.6627136543543
12,21200,1596.6627136543543
12,21300,1596.6627136543543
12,21400,1596.6627136543543
12,21500,1596.6627136543543
12,21600,1596.6627136543543
12,21700,1596.6627136543543
12,21800,1596.6627136543543
12,21900,1596.6627136543543
12,22000,1596.6627136543543
12,22100,1596.6627136543543
12,22200,1596.6627136543543
12,22300,1596.6627136543543
12,22400,1573.342391287029
12,22500,1573.342391287029
12,22600,1573.342391287029
12,22700,1573.342391287029
12,22800,1573.342391287029
12,22900,1573.342391287029
12,23000,1573.342391287029
12,23100,1573.342391287029
12,23200,1573.342391287029
12,23300,1573.342391287029
12,23400,1573.342391287029
12,23500,1573.342391287029
12,23600,1573.342391287029
12,23700,1565.272691711544
12,23800,1565.272691711544
12,23900,1565.272691711544
12,24000,1565.272691711544
12,24100,1565.272691711544
12,24200,1565.272691711544
12,24300,1565.272691711544
12,24400,1565.272691711544
12,24500,1565.272691711544
12,24600,1565.272691711544
12,24700,1551.0047592152448
12,24800,1551.0047592152448
12,24900,1551.0047592152448
12,25000,1551.0047592152448
12,25100,1551.0047592152448
12,25200,1551.0047592152448
12,25300,1551.0047592152448
12,25400,1551.0047592152448
12,25500,1551.0047592152448
12,25600,1551.0047592152448
12,25700,1551.0047592152448
12,25800,1551.0047592152448
12,25900,1551.0047592152448
12,26000,1551.0047592152448
12,26100,1551.0047592152448
12,26200,1551.0047592152448
12,26300,1551.0047592152448
12,26400,1551.0047592152448
12,26500,1551.0047592152448
12,26600,1551.0047592152448
12,26700,1551.0047592152448
12,26800,1551.0047592152448
12,26900,1551.0047592152448
12,27000,1551.0047592152448
12,27100,1551.0047592152448
12,27200,1551.0047592152448
12,27300,1551.0047592152448
12,27400,1551.0047592152448
12,27500,1551.0047592152448
12,27600,1551.0047592152448
12,27700,1551.0047592152448
12,27800,1551.0047592152448
12,27900,1551.0047592152448
12,28000,1551.0047592152448
12,28100,1551.0047592152448
12,28200,1551.0047592152448
12,28300,1551.0047592152448
12,28400,1551.0047592152448
12,28500,1551.0047592152448
12,28600,1551.0047592152448
12,28700,1551.0047592152448
12,28800,1551.0047592152448
12,28900,1551.0047592152448
12,29000,1551.0047592152448
12,29100,1551.0047592152448
12,29200,1551.0047592152448
12,29300,1551.0047592152448
12,29400,1551.0047592152448
12,29500,1551.0047592152448
12,29600,1551.0047592152448
12,29700,1551.0047592152448
12,29800,1551.0047592152446
12,29900,1551.0047592152446
12,30000,1551.0047592152446
12,30100,1551.0047592152446
12,30200,1551.0047592152446
12,30300,1551.0047592152446
12,30400,1551.0047592152446
12,30500,1551.0047592152446
12,30600,1551.0047592152446
12,30700,1551.0047592152446
12,30800,1551.0047592152446
12,30900,1551.0047592152446
12,31000,1544.5033116301167
12,31100,1544.5033116301167
12,31200,1544.5033116301167
12,31300,1544.5033116301167
12,31400,1544.5033116301167
12,31500,1544.5033116301167
12,31600,1544.5033116301167
12,31700,1544.5033116301167
12,31800,1544.5033116301167
12,31900,1544.5033116301167
12,32000,1544.5033116301167
12,32100,1544.5033116301167
12,32200,1544.5033116301167
12,32300,1544.5033116301167
12,32400,1544.5033116301167
12,32500,1544.5033116301167
12,32600,1544.5033116301167
12,32700,1544.5033116301167
12,32800,1544.5033116301167
12,32900,1544.5033116301167
12,33000,1544.5033116301167
12,33100,1544.5033116301167
12,33200,1544.5033116301167
12,33300,1544.5033116301167
12,33400,1544.5033116301167
12,33500,1544.5033116301167
12,33600,1544.5033116301167
12,33700,1544.5033116301167
12,33800,1544.5033116301167
12,33900,1544.5033116301167
12,34000,1544.5033116301167
12,34100,1544.5033116301167
12,34200,1544.5033116301167
12,34300,1544.5033116301167
12,34400,1544.5033116301167
12,34500,1544.5033116301167
12,34600,1544.5033116301167
12,34700,1544.5033116301167
12,34800,1544.5033116301167
12,34900,1544.5033116301167
12,35000,1544.5033116301167
12,35100,1544.2192539218358
12,35200,1544.2192539218358
12,35300,1544.2192539218358
12,35400,1544.2192539218358
12,35500,1544.2192539218358
12,35600,1544.2192539218358
12,35700,1544.2192539218358
12,35800,1544.2192539218358
12,35900,1544.2192539218358
12,36000,1544.2192539218358
12,36100,1544.2192539218358
12,36200,1544.2192539218358
12,36300,1544.2192539218358
12,36400,1544.2192539218358
12,36500,1544.2192539218358
12,36600,1544.2192539218358
12,36700,1544.2192539218358
12,36800,1544.2192539218358
12,36900,1544.2192539218358
12,37000,1544.2192539218358
12,37100,1544.2192539218358
12,37200,1544.2192539218358
12,37300,1544.2192539218358
12,37400,1544.2192539218358
12,37500,1543.8612757869278
12,37600,1543.8612757869278
12,37700,1543.8612757869278
12,37800,1543.8612757869278
12,37900,1543.8612757869278
12,38000,1543.8612757869278
12,38100,1543.8612757869278
12,38200,1543.8612757869278
12,38300,1543.8612757869278
12,38400,1543.8612757869278
12,38500,1543.8612757869278
12,38600,1543.8612757869278
12,38700,1543.8612757869278
12,38800,1543.8612757869278
12,38900,1543.8612757869278
12,39000,1543.8612757869278
12,39100,1543.8612757869278
12,39200,1543.8612757869278
12,39300,1543.8612757869278
12,39400,1543.8612757869278
12,39500,1543.8612757869278
12,39600,1543.8612757869278
12,39700,1543.8612757869278
12,39800,1543.8612757869278
12,39900,1543.8612757869278
12,40000,1543.8612757869278
12,40100,1523.3787705750196
12,40200,1523.3787705750196
12,40300,1523.3787705750196
12,40400,1523.3787705750196
12,40500,1523.3787705750196
12,40600,1503.3335751329341
12,40700,1503.3335751329341
12,40800,1503.3335751329341
12,40900,1503.3335751329341
12,41000,1503.3335751329341
12,41100,1503.3335751329341
12,41200,1503.3335751329341
12,41300,1503.3335751329341
12,41400,1503.3335751329341
12,41500,1503.3335751329341
12,41600,1503.3335751329341
12,41700,1503.3335751329341
12,41800,1503.3335751329341
12,41900,1503.3335751329341
12,42000,1503.3335751329341
12,42100,1503.3335751329341
12,42200,1503.3335751329341
12,42300,1503.3335751329341
12,42400,1503.3335751329341
12,42500,1503.3335751329341
12,42600,1503.3335751329341
12,42700,1503.3335751329341
12,42800,1503.3335751329341
12,42900,1503.3335751329341
12,43000,1503.3335751329341
12,43100,1503.3335751329341
12,43200,1503.3335751329341
12,43300,1503.3335751329341
12,43400,1503.3335751329341
12,43500,1503.333575132934
12,43600,1503.333575132934
12,43700,1503.333575132934
12,43800,1503.333575132934
12,43900,1503.333575132934
12,44000,1503.333575132934
12,44100,1503.333575132934
12,44200,1503.333575132934
12,44300,1503.333575132934
12,44400,1503.333575132934
12,44500,1503.333575132934
12,44600,1503.333575132934
12,44700,1503.333575132934
12,44800,1503.333575132934
12,44900,1503.333575132934
12,45000,1503.333575132934
12,45100,1503.333575132934
12,45200,1503.333575132934
12,45300,1503.333575132934
12,45400,1503.333575132934
12,45500,1503.333575132934
12,45600,1503.333575132934
12,45700,1503.333575132934
12,45800,1503.333575132934
12,45900,1503.333575132934
12,46000,1503.333575132934
12,46100,1503.333575132934
12,46200,1503.333575132934
12,46300,1503.333575132934
12,46400,1503.333575132934
12,46500,1503.333575132934
12,46600,1503.333575132934
12,46700,1503.333575132934
12,46800,1503.333575132934
12,46900,1503.333575132934
12,47000,1503.333575132934
12,47100,1503.333575132934
12,47200,1503.333575132934
12,47300,1503.333575132934
12,47400,1503.333575132934
12,47500,1503.333575132934
12,47600,1503.333575132934
12,47700,1503.333575132934
12,47800,1503.333575132934
12,47900,1503.333575132934
12,48000,1503.333575132934
12,48100,1503.333575132934
12,48200,1503.333575132934
12,48300,1503.333575132934
12,48400,1503.333575132934
12,48500,1503.333575132934
12,48600,1503.333575132934
12,48700,1503.333575132934
12,48800,1503.333575132934
12,48900,1503.333575132934
12,49000,1503.333575132934
12,49100,1503.333575132934
12,49200,1503.333575132934
12,49300,1503.333575132934
12,49400,1503.333575132934
12,49500,1503.333575132934
12,49600,1503.333575132934
12,49700,1503.333575132934
12,49800,1503.333575132934
12,49900,1503.333575132934
12,50000,1503.333575132934
13,200,2523.638795268067
13,300,2376.9693699953705
13,400,2337.5404698264565
13,500,2206.5693448508246
13,600,2206.5693448508246
13,700,2090.7772223006873
13,800,1999.4645140085104
13,900,1999.4645140085104
13,1000,1999.4645140085104
13,1100,1999.4645140085104
13,1200,1983.3226252025577
13,1300,1954.8854806279787
13,1400,1868.4090215022677
13,1500,1868.4090215022677
13,1600,1855.8802810890195
13,1700,1855.8802810890195
13,1800,1825.0105673955632
13,1900,1806.9083931830194
13,2000,1806.9083931830194
13,2100,1783.534393419645
13,2200,1656.8304209041062
13,2300,1656.8304209041062
13,2400,1656.8304209041062
13,2500,1656.8304209041062
13,2600,1656.8304209041062
13,2700,1656.8304209041062
13,2800,1656.8304209041062
13,2900,1656.8304209041062
13,3000,1656.8304209041062
13,3100,1656.8304209041062
13,3200,1656.8304209041062
13,3300,1656.8304209041062
13,3400,1656.8304209041062
13,3500,1656.8304209041062
13,3600,1656.8304209041062
13,3700,1656.8304209041062
13,3800,1656.8304209041062
13,3900,1656.8304209041062
13,4000,1656.8304209041062
13,4100,1656.8304209041062
13,4200,1656.8304209041062
13,4300,1656.8304209041062
13,4400,1656.767815424932
13,4500,1656.767815424932
13,4600,1656.767815424932
13,4700,1656.767815424932
13,4800,1656.767815424932
13,4900,1656.767815424932
13,5000,1656.767815424932
13,5100,1656.767815424932
13,5200,1656.767815424932
13,5300,1656.767815424932
13,5400,1656.767815424932
13,5500,1656.767815424932
13,5600,1656.767815424932
13,5700,1656.767815424932
13,5800,1656.767815424932
13,5900,1656.767815424932
13,6000,1656.767815424932
13,6100,1656.767815424932
13,6200,1656.767815424932
13,6300,1656.767815424932
13,6400,1656.767815424932
13,6500,1656.767815424932
13,6600,1656.767815424932
13,6700,1656.767815424932
13,6800,1656.767815424932
13,6900,1656.767815424932
13,7000,1656.767815424932
13,7100,1656.767815424932
13,7200,1656.767815424932
13,7300,1635.8292273086256
13,7400,1635.8292273086256
13,7500,1635.8292273086256
13,7600,1635.8292273086256
13,7700,1635.8292273086256
13,7800,1635.8292273086256
13,7900,1635.8292273086256
13,8000,1635.8292273086256
13,8100,1635.8292273086256
13,8200,1635.8292273086256
13,8300,1635.8292273086256
13,8400,1635.8292273086256
13,8500,1635.8292273086256
13,8600,1635.8292273086256
13,8700,1635.8292273086256
13,8800,1635.8292273086256
13,8900,1635.8292273086256
13,9000,1635.8292273086256
13,9100,1635.8292273086256
13,9200,1635.8292273086256
13,9300,1635.8292273086256
13,9400,1635.8292273086256
13,9500,1635.8292273086256
13,9600,1635.8292273086256
13,9700,1635.8292273086256
13,9800,1635.8292273086256
13,9900,1635.8292273086256
13,10000,1635.8292273086256
13,10100,1635.8292273086256
13,10200,1635.8292273086256
13,10300,1635.8292273086256
13,10400,1635.8292273086256
13,10500,1635.8292273086256
13,10600,1635.8292273086256
13,10700,1635.8292273086256
13,10800,1635.8292273086256
13,10900,1635.8292273086256
13,11000,1635.8292273086256
13,11100,1635.8292273086256
13,11200,1635.8292273086256
13,11300,1612.9033753263636
13,11400,1612.9033753263636
13,11500,1612.9033753263636
13,11600,1612.9033753263636
13,11700,1612.9033753263636
13,11800,1612.9033753263636
13,11900,1612.9033753263636
13,12000,1612.9033753263636
13,12100,1612.9033753263636
13,12200,1612.5190528227245
13,12300,1612.5190528227245
13,12400,1612.5190528227245
13,12500,1612.5190528227245
13,12600,1611.2518922471559
13,12700,1611.2518922471559
13,12800,1611.2518922471559
13,12900,1611.2518922471559
13,13000,1611.2518922471559
13,13100,1611.2518922471559
13,13200,1611.2518922471559
13,13300,1611.2518922471559
13,13400,1611.2518922471559
13,13500,1611.2518922471559
13,13600,1611.2518922471559
13,13700,1611.2518922471559
13,13800,1611.2518922471559
13,13900,1611.2518922471559
13,14000,1611.2518922471559
13,14100,1611.2518922471559
13,14200,1611.2518922471559
13,14300,1590.5932281491282
13,14400,1590.5932281491282
13,14500,1590.5932281491282
13,14600,1590.5932281491282
13,14700,1590.5932281491282
13,14800,1590.5932281491282
13,14900,1590.5932281491282
13,15000,1590.5932281491282
13,15100,1590.5932281491282
13,15200,1590.5932281491282
13,15300,1590.5932281491282
13,15400,1590.5932281491282
13,15500,1588.3477598338343
13,15600,1588.3477598338343
13,15700,1588.3477598338343
13,15800,1588.3477598338343
13,15900,1588.3477598338343
13,16000,1588.3477598338343
13,16100,1588.3477598338343
13,16200,1588.3477598338343
13,16300,1588.3477598338343
13,16400,1588.3477598338343
13,16500,1588.3477598338343
13,16600,1588.3477598338343
13,16700,1588.3477598338343
13,16800,1588.3477598338343
13,16900,1588.3477598338343
13,17000,1588.3477598338343
13,17100,1588.3477598338343
13,17200,1588.3477598338343
13,17300,1588.3477598338343
13,17400,1588.3477598338343
13,17500,1588.3477598338343
13,17600,1588.3477598338343
13,17700,1588.3477598338343
13,17800,1588.3477598338343
13,17900,1588.3477598338343
13,18000,1588.3477598338343
13,18100,1588.3477598338343
13,18200,1588.3477598338343
13,18300,1588.3477598338343
13,18400,1588.3477598338343
13,18500,1588.3477598338343
13,18600,1588.3477598338343
13,18700,1588.3477598338343
13,18800,1588.3477598338343
13,18900,1550.654445921611
13,19000,1550.654445921611
13,19100,1550.654445921611
13,19200,1550.654445921611
13,19300,1550.654445921611
13,19400,1550.654445921611
13,19500,1550.654445921611
13,19600,1550.654445921611
13,19700,1550.654445921611
13,19800,1550.654445921611
13,19900,1550.654445921611
13,20000,1550.654445921611
13,20100,1550.654445921611
13,20200,1550.654445921611
13,20300,1550.654445921611
13,20400,1550.654445921611
13,20500,1550.654445921611
13,20600,1516.662842670601
13,20700,1516.662842670601
13,20800,1516.662842670601
13,20900,1516.662842670601
13,21000,1516.662842670601
13,21100,1516.662842670601
13,21200,1516.662842670601
13,21300,1516.662842670601
13,21400,1505.4545382111114
13,21500,1505.4545382111114
13,21600,1505.4545382111114
13,21700,1505.4545382111114
13,21800,1505.4545382111114
13,21900,1505.4545382111114
13,22000,1505.4545382111114
13,22100,1505.4545382111114
13,22200,1505.4545382111114
13,22300,1505.4545382111114
13,22400,1505.4545382111114
13,22500,1505.4545382111114
13,22600,1505.4545382111114
13,22700,1505.4545382111114
13,22800,1505.4545382111114
13,22900,1505.4545382111114
13,23000,1497.6200818031812
13,23100,1497.6200818031812
13,23200,1497.6200818031812
13,23300,1497.6200818031812
13,23400,1497.6200818031812
13,23500,1497.6200818031812
13,23600,1497.6200818031812
13,23700,1497.6200818031812
13,23800,1497.6200818031812
13,23900,1497.6200818031812
13,24000,1497.6200818031812
13,24100,1497.6200818031812
13,24200,1497.6200818031812
13,24300,1497.6200818031812
13,24400,1497.6200818031812
13,24500,1497.6200818031812
13,24600,1497.6200818031812
13,24700,1497.6200818031812
13,24800,1497.6200818031812
13,24900,1497.6200818031812
13,25000,1497.6200818031812
13,25100,1497.6200818031812
13,25200,1497.6200818031812
13,25300,1497.6200818031812
13,25400,1497.6200818031812
13,25500,1497.6200818031812
13,25600,1497.6200818031812
13,25700,1497.6200818031812
13,25800,1497.6200818031812
13,25900,1497.6200818031812
13,26000,1497.6200818031812
13,26100,1497.6200818031812
13,26200,1497.6200818031812
13,26300,1497.6200818031812
13,26400,1497.6200818031812
13,26500,1497.6200818031812
13,26600,1497.6200818031812
13,26700,1497.6200818031812
13,26800,1497.6200818031812
13,26900,1497.6200818031812
13,27000,1497.6200818031812
13,27100,1497.6200818031812
13,27200,1497.6200818031812
13,27300,1497.6200818031812
13,27400,1497.6200818031812
13,27500,1492.5175411137836
13,27600,1492.5175411137836
13,27700,1492.5175411137836
13,27800,1483.5912629521185
13,27900,1483.5912629521185
13,28000,1483.5912629521185
13,28100,1480.132967178372
13,28200,1480.132967178372
13,28300,1475.593303752747
13,28400,1475.593303752747
13,28500,1475.593303752747
13,28600,1475.593303752747
13,28700,1475.593303752747
13,28800,1475.593303752747
13,28900,1475.593303752747
13,29000,1475.593303752747
13,29100,1475.593303752747
13,29200,1475.593303752747
13,29300,1475.593303752747
13,29400,1475.593303752747
13,29500,1475.593303752747
13,29600,1475.593303752747
13,29700,1475.593303752747
13,29800,1475.593303752747
13,29900,1475.593303752747
13,30000,1475.593303752747
13,30100,1475.593303752747
13,30200,1475.593303752747
13,30300,1475.593303752747
13,30400,1475.593303752747
13,30500,1475.593303752747
13,30600,1475.593303752747
13,30700,1475.593303752747
13,30800,1475.593303752747
13,30900,1475.593303752747
13,31000,1475.593303752747
13,31100,1475.593303752747
13,31200,1475.593303752747
13,31300,1475.593303752747
13,31400,1475.593303752747
13,31500,1475.593303752747
13,31600,1475.593303752747
13,31700,1475.593303752747
13,31800,1475.593303752747
13,31900,1475.593303752747
13,32000,1475.593303752747
13,32100,1475.593303752747
13,32200,1475.593303752747
13,32300,1475.593303752747
13,32400,1475.593303752747
13,32500,1475.593303752747
13,32600,1475.593303752747
13,32700,1475.593303752747
13,32800,1475.593303752747
13,32900,1475.593303752747
13,33000,1475.593303752747
13,33100,1475.593303752747
13,33200,1475.593303752747
13,33300,1475.593303752747
13,33400,1475.593303752747
13,33500,1475.593303752747
13,33600,1475.593303752747
13,33700,1475.593303752747
13,33800,1455.337607399878
13,33900,1455.337607399878
13,34000,1455.337607399878
13,34100,1455.337607399878
13,34200,1455.337607399878
13,34300,1455.337607399878
13,34400,1455.337607399878
13,34500,1455.337607399878
13,34600,1444.0087911888604
13,34700,1444.0087911888604
13,34800,1444.0087911888604
13,34900,1444.0087911888604
13,35000,1444.0087911888604
13,35100,1444.0087911888604
13,35200,1444.0087911888604
13,35300,1444.0087911888604
13,35400,1444.0087911888604
13,35500,1444.0087911888604
13,35600,1444.0087911888604
13,35700,1444.0087911888604
13,35800,1444.0087911888604
13,35900,1444.0087911888604
13,36000,1444.0087911888604
13,36100,1444.0087911888604
13,36200,1444.0087911888604
13,36300,1444.0087911888604
13,36400,1444.0087911888604
13,36500,1444.0087911888604
13,36600,1444.0087911888604
13,36700,1444.0087911888604
13,36800,1444.0087911888604
13,36900,1444.0087911888604
13,37000,1444.0087911888604
13,37100,1444.0087911888604
13,37200,1444.0087911888604
13,37300,1444.0087911888604
13,37400,1444.0087911888604
13,37500,1444.0087911888604
13,37600,1444.0087911888604
13,37700,1444.0087911888604
13,37800,1444.0087911888604
13,37900,1444.0087911888604
13,38000,1444.0087911888604
13,38100,1444.0087911888604
13,38200,1444.0087911888604
13,38300,1444.0087911888604
13,38400,1444.0087911888604
13,38500,1444.0087911888604
13,38600,1444.0087911888604
13,38700,1444.0087911888604
13,38800,1444.0087911888604
13,38900,1444.0087911888604
13,39000,1444.0087911888604
13,39100,1444.0087911888604
13,39200,1444.0087911888604
13,39300,1444.0087911888604
13,39400,1444.0087911888604
13,39500,1444.0087911888604
13,39600,1444.0087911888604
13,39700,1444.0087911888604
13,39800,1444.0087911888604
13,39900,1444.0087911888604
13,40000,1444.0087911888604
13,40100,1444.0087911888604
13,40200,1444.0087911888604
13,40300,1444.0087911888604
13,40400,1444.0087911888604
13,40500,1444.0087911888604
13,40600,1444.0087911888604
13,40700,1444.0087911888604
13,40800,1444.0087911888604
13,40900,1444.0087911888604
13,41000,1444.0087911888604
13,41100,1444.0087911888604
13,41200,1444.0087911888604
13,41300,1444.0087911888604
13,41400,1444.0087911888604
13,41500,1444.0087911888604
13,41600,1444.0087911888604
13,41700,1444.0087911888604
13,41800,1444.0087911888604
13,41900,1444.0087911888604
13,42000,1444.0087911888604
13,42100,1444.0087911888604
13,42200,1444.0087911888604
13,42300,1444.0087911888604
13,42400,1444.0087911888604
13,42500,1444.0087911888604
13,42600,1444.0087911888604
13,42700,1444.0087911888604
13,42800,1444.0087911888604
13,42900,1443.0344029951052
13,43000,1443.0344029951052
13,43100,1443.0344029951052
13,43200,1443.0344029951052
13,43300,1443.0344029951052
13,43400,1443.0344029951052
13,43500,1443.0344029951052
13,43600,1443.0344029951052
13,43700,1443.0344029951052
13,43800,1443.0344029951052
13,43900,1443.0344029951052
13,44000,1443.0344029951052
13,44100,1443.0344029951052
13,44200,1443.0344029951052
13,44300,1443.0344029951052
13,44400,1443.0344029951052
13,44500,1443.0344029951052
13,44600,1443.0344029951052
13,44700,1443.0344029951052
13,44800,1443.0344029951052
13,44900,1443.0344029951052
13,45000,1443.0344029951052
13,45100,1443.0344029951052
13,45200,1443.0344029951052
13,45300,1443.0344029951052
13,45400,1443.0344029951052
13,45500,1443.0344029951052
13,45600,1443.0344029951052
13,45700,1443.0344029951052
13,45800,1443.0344029951052
13,45900,1443.0344029951052
13,46000,1443.0344029951052
13,46100,1443.0344029951052
13,46200,1433.0529664365306
13,46300,1433.0529664365306
13,46400,1433.0529664365306
13,46500,1433.0529664365306
13,46600,1433.0529664365306
13,46700,1433.0529664365306
13,46800,1433.0529664365306
13,46900,1433.0529664365306
13,47000,1433.0529664365306
13,47100,1433.0529664365306
13,47200,1433.0529664365306
13,47300,1433.0529664365306
13,47400,1433.0529664365306
13,47500,1433.0529664365306
13,47600,1433.0529664365306
13,47700,1433.0529664365306
13,47800,1433.0529664365306
13,47900,1433.0529664365306
13,48000,1433.0529664365306
13,48100,1433.0529664365306
13,48200,1433.0529664365306
13,48300,1433.0529664365306
13,48400,1433.0529664365306
13,48500,1433.0529664365306
13,48600,1433.0529664365306
13,48700,1433.0529664365306
13,48800,1433.0529664365306
13,48900,1433.0529664365306
13,49000,1433.0529664365306
13,49100,1433.0529664365306
13,49200,1433.0529664365306
13,49300,1433.0529664365306
13,49400,1433.0529664365306
13,49500,1433.0529664365306
13,49600,1433.0529664365306
13,49700,1433.0529664365306
13,49800,1433.0529664365306
13,49900,1433.0529664365306
13,50000,1433.0529664365306
14,200,2584.7414385996954
14,300,2478.9336010975835
14,400,2393.586817962326
14,500,2393.586817962326
14,600,2267.05154938775
14,700,2267.05154938775
14,800,2267.05154938775
14,900,2239.8502675634068
14,1000,2185.157663847104
14,1100,2163.764437220081
14,1200,2145.061079773857
14,1300,2124.6894029809623
14,1400,2077.2979120145155
14,1500,2062.05830960052
14,1600,2054.3763025201943
14,1700,2054.3763025201943
14,1800,1867.7218594269023
14,1900,1867.7218594269023
14,2000,1867.7218594269023
14,2100,1867.7218594269023
14,2200,1867.7218594269023
14,2300,1867.7218594269023
14,2400,1867.7218594269023
14,2500,1867.7218594269023
14,2600,1866.3188247605262
14,2700,1866.3188247605262
14,2800,1866.3188247605262
14,2900,1812.7866729188263
14,3000,1812.7866729188263
14,3100,1812.7866729188263
14,3200,1806.1511832260148
14,3300,1806.1511832260148
14,3400,1793.15730007626
14,3500,1793.15730007626
14,3600,1793.15730007626
14,3700,1793.15730007626
14,3800,1793.15730007626
14,3900,1793.15730007626
14,4000,1793.15730007626
14,4100,1793.15730007626
14,4200,1652.699636297086
14,4300,1652.699636297086
14,4400,1652.699636297086
14,4500,1652.699636297086
14,4600,1652.699636297086
14,4700,1652.699636297086
14,4800,1652.699636297086
14,4900,1652.699636297086
14,5000,1594.9155312956927
14,5100,1594.9155312956927
14,5200,1594.9155312956927
14,5300,1594.9155312956927
14,5400,1594.9155312956927
14,5500,1594.9155312956927
14,5600,1594.9155312956927
14,5700,1594.9155312956927
14,5800,1594.9155312956927
14,5900,1594.9155312956927
14,6000,1594.9155312956927
14,6100,1594.9155312956927
14,6200,1594.9155312956927
14,6300,1594.9155312956927
14,6400,1594.9155312956927
14,6500,1594.9155312956927
14,6600,1594.9155312956927
14,6700,1594.9155312956927
14,6800,1594.9155312956927
14,6900,1594.9155312956927
14,7000,1594.9155312956927
14,7100,1555.2855247730183
14,7200,1555.2855247730183
14,7300,1527.8523595672866
14,7400,1527.8523595672866
14,7500,1527.8523595672866
14,7600,1527.8523595672866
14,7700,1527.8523595672866
14,7800,1527.8523595672866
14,7900,1527.8523595672866
14,8000,1527.8523595672866
14,8100,1527.8523595672866
14,8200,1527.8523595672866
14,8300,1527.8523595672866
14,8400,1527.8523595672866
14,8500,1527.8523595672866
14,8600,1527.8523595672866
14,8700,1527.8523595672866
14,8800,1527.8523595672866
14,8900,1527.8523595672866
14,9000,1527.8523595672866
14,9100,1527.8523595672866
14,9200,1527.8523595672866
14,9300,1527.8523595672866
14,9400,1527.8523595672866
14,9500,1527.8523595672866
14,9600,1527.8523595672866
14,9700,1527.8523595672866
14,9800,1527.8523595672866
14,9900,1527.8523595672866
14,10000,1527.8523595672866
14,10100,1527.8523595672866
14,10200,1516.3441373012304
14,10300,1516.3441373012304
14,10400,1516.3441373012304
14,10500,1516.3441373012304
14,10600,1516.3441373012304
14,10700,1516.3441373012304
14,10800,1516.3441373012304
14,10900,1516.3441373012304
14,11000,1516.3441373012304
14,11100,1516.3441373012304
14,11200,1516.3441373012304
14,11300,1516.3441373012304
14,11400,1516.3441373012304
14,11500,1516.3441373012304
14,11600,1516.3441373012304
14,11700,1516.3441373012304
14,11800,1516.3441373012304
14,11900,1516.3441373012304
14,12000,1516.3441373012304
14,12100,1516.3441373012304
14,12200,1516.3441373012304
14,12300,1516.3441373012304
14,12400,1516.3441373012304
14,12500,1516.3441373012304
14,12600,1516.3441373012304
14,12700,1516.3441373012304
14,12800,1516.3441373012304
14,12900,1516.3441373012304
14,13000,1516.3441373012304
14,13100,1516.3441373012304
14,13200,1516.3441373012304
14,13300,1516.3441373012304
14,13400,1516.3441373012304
14,13500,1516.3441373012304
14,13600,1516.3441373012304
14,13700,1516.3441373012304
14,13800,1516.3441373012304
14,13900,1513.4391110527604
14,14000,1513.4391110527604
14,14100,1513.4391110527604
14,14200,1513.4391110527604
14,14300,1513.4391110527604
14,14400,1513.4391110527604
14,14500,1513.4391110527604
14,14600,1513.4391110527604
14,14700,1513.4391110527604
14,14800,1513.4391110527604
14,14900,1513.4391110527604
14,15000,1513.4391110527604
14,15100,1513.4391110527604
14,15200,1513.4391110527604
14,15300,1513.4391110527604
14,15400,1513.4391110527604
14,15500,1513.4391110527604
14,15600,1513.4391110527604
14,15700,1513.4391110527604
14,15800,1513.4391110527604
14,15900,1513.4391110527604
14,16000,1513.4391110527604
14,16100,1513.4391110527604
14,16200,1513.4391110527604
14,16300,1513.4391110527604
14,16400,1513.4391110527604
14,16500,1513.4391110527604
14,16600,1513.4391110527604
14,16700,1513.4391110527604
14,16800,1513.4391110527604
14,16900,1513.4391110527604
14,17000,1513.4391110527604
14,17100,1513.4391110527604
14,17200,1495.5928739912888
14,17300,1495.5928739912888
14,17400,1495.5928739912888
14,17500,1495.5928739912888
14,17600,1495.5928739912888
14,17700,1495.5928739912888
14,17800,1495.5928739912888
14,17900,1491.864547272094
14,18000,1491.864547272094
14,18100,1491.864547272094
14,18200,1491.864547272094
14,18300,1491.864547272094
14,18400,1491.864547272094
14,18500,1491.864547272094
14,18600,1491.864547272094
14,18700,1491.864547272094
14,18800,1491.864547272094
14,18900,1491.864547272094
14,19000,1491.864547272094
14,19100,1491.864547272094
14,19200,1491.864547272094
14,19300,1491.864547272094
14,19400,1491.864547272094
14,19500,1491.864547272094
14,19600,1491.864547272094
14,19700,1491.864547272094
14,19800,1491.864547272094
14,19900,1491.864547272094
14,20000,1491.864547272094
14,20100,1491.864547272094
14,20200,1491.864547272094
14,20300,1491.864547272094
14,20400,1491.864547272094
14,20500,1491.864547272094
14,20600,1491.864547272094
14,20700,1491.864547272094
14,20800,1491.864547272094
14,20900,1491.864547272094
14,21000,1491.864547272094
14,21100,1491.864547272094
14,21200,1491.864547272094
14,21300,1491.864547272094
14,21400,1491.864547272094
14,21500,1491.864547272094
14,21600,1491.864547272094
14,21700,1491.864547272094
14,21800,1491.864547272094
14,21900,1491.864547272094
14,22000,1491.864547272094
14,22100,1491.864547272094
14,22200,1490.3422559175651
14,22300,1490.3422559175651
14,22400,1490.3422559175651
14,22500,1490.3422559175651
14,22600,1490.3422559175651
14,22700,1490.3422559175651
14,22800,1490.3422559175651
14,22900,1490.3422559175651
14,23000,1490.3422559175651
14,23100,1490.3422559175651
14,23200,1490.3422559175651
14,23300,1490.3422559175651
14,23400,1478.4761716274688
14,23500,1478.4761716274688
14,23600,1478.4761716274688
14,23700,1478.4761716274688
14,23800,1478.4761716274688
14,23900,1478.4761716274688
14,24000,1478.4761716274681
14,24100,1478.4761716274681
14,24200,1478.4761716274681
14,24300,1478.4761716274681
14,24400,1478.4761716274681
14,24500,1478.4761716274681
14,24600,1478.4761716274681
14,24700,1478.4761716274681
14,24800,1478.4761716274681
14,24900,1478.4761716274681
14,25000,1478.4761716274681
14,25100,1478.4761716274681
14,25200,1478.4761716274681
14,25300,1478.4761716274681
14,25400,1478.4761716274681
14,25500,1478.4761716274681
14,25600,1478.4761716274681
14,25700,1478.4761716274681
14,25800,1478.4761716274681
14,25900,1478.4761716274681
14,26000,1478.4761716274681
14,26100,1478.4761716274681
14,26200,1478.4761716274681
14,26300,1478.4761716274681
14,26400,1478.4761716274681
14,26500,1478.4761716274681
14,26600,1478.4761716274681
14,26700,1478.4761716274681
14,26800,1478.4761716274681
14,26900,1478.4761716274681
14,27000,1478.4761716274681
14,27100,1478.4761716274681
14,27200,1478.4761716274681
14,27300,1478.4761716274681
14,27400,1478.4761716274681
14,27500,1478.4761716274681
14,27600,1478.4761716274681
14,27700,1478.4761716274681
14,27800,1478.4761716274681
14,27900,1471.9233460589435
14,28000,1471.9233460589435
14,28100,1471.9233460589435
14,28200,1471.9233460589435
14,28300,1471.9233460589435
14,28400,1471.9233460589435
14,28500,1471.9233460589435
14,28600,1471.9233460589435
14,28700,1469.7911794025185
14,28800,1469.7911794025185
14,28900,1469.7911794025185
14,29000,1469.7911794025185
14,29100,1469.7911794025185
14,29200,1469.7911794025185
14,29300,1469.7911794025185
14,29400,1469.7911794025185
14,29500,1469.7911794025185
14,29600,1469.7911794025185
14,29700,1469.7911794025185
14,29800,1469.7911794025185
14,29900,1469.7911794025185
14,30000,1469.7911794025185
14,30100,1469.7911794025185
14,30200,1469.7911794025185
14,30300,1469.7911794025185
14,30400,1469.7911794025185
14,30500,1469.7911794025185
14,30600,1469.7911794025185
14,30700,1469.7911794025185
14,30800,1468.84682862828
14,30900,1468.84682862828
14,31000,1468.84682862828
14,31100,1468.84682862828
14,31200,1468.84682862828
14,31300,1468.84682862828
14,31400,1468.84682862828
14,31500,1468.84682862828
14,31600,1468.8468286282798
14,31700,1468.8468286282798
14,31800,1468.8468286282798
14,31900,1468.8468286282796
14,32000,1468.8468286282796
14,32100,1468.8468286282796
14,32200,1468.8468286282796
14,32300,1468.8468286282796
14,32400,1468.8468286282796
14,32500,1468.8468286282796
14,32600,1468.8468286282796
14,32700,1468.8468286282796
14,32800,1468.8468286282796
14,32900,1468.8468286282796
14,33000,1468.8468286282796
14,33100,1468.8468286282796
14,33200,1468.8468286282796
14,33300,1468.8468286282796
14,33400,1468.8468286282796
14,33500,1468.8468286282796
14,33600,1468.8468286282796
14,33700,1468.8468286282796
14,33800,1468.8468286282796
14,33900,1468.8468286282796
14,34000,1468.8468286282796
14,34100,1468.8468286282796
14,34200,1468.8468286282796
14,34300,1462.108572754714
14,34400,1462.108572754714
14,34500,1462.108572754714
14,34600,1462.108572754714
14,34700,1462.108572754714
14,34800,1462.108572754714
14,34900,1462.108572754714
14,35000,1462.108572754714
14,35100,1462.108572754714
14,35200,1462.108572754714
14,35300,1462.108572754714
14,35400,1462.108572754714
14,35500,1462.108572754714
14,35600,1462.108572754714
14,35700,1462.108572754714
14,35800,1462.108572754714
14,35900,1462.108572754714
14,36000,1462.108572754714
14,36100,1462.108572754714
14,36200,1458.7667902381593
14,36300,1458.7667902381593
14,36400,1458.7667902381593
14,36500,1458.7667902381593
14,36600,1458.7667902381593
14,36700,1458.7667902381593
14,36800,1458.7667902381593
14,36900,1458.7667902381593
14,37000,1458.7667902381593
14,37100,1441.2039779696956
14,37200,1429.935862423519
14,37300,1429.935862423519
14,37400,1429.935862423519
14,37500,1429.935862423519
14,37600,1429.935862423519
14,37700,1429.935862423519
14,37800,1429.935862423519
14,37900,1429.935862423519
14,38000,1429.935862423519
14,38100,1429.935862423519
14,38200,1429.935862423519
14,38300,1429.935862423519
14,38400,1429.935862423519
14,38500,1429.935862423519
14,38600,1429.935862423519
14,38700,1429.935862423519
14,38800,1429.935862423519
14,38900,1429.935862423519
14,39000,1429.935862423519
14,39100,1429.935862423519
14,39200,1429.935862423519
14,39300,1429.935862423519
14,39400,1429.935862423519
14,39500,1429.935862423519
14,39600,1429.935862423519
14,39700,1429.935862423519
14,39800,1429.935862423519
14,39900,1429.935862423519
14,40000,1429.935862423519
14,40100,1429.935862423519
14,40200,1429.935862423519
14,40300,1429.935862423519
14,40400,1429.935862423519
14,40500,1429.935862423519
14,40600,1429.935862423519
14,40700,1429.935862423519
14,40800,1429.935862423519
14,40900,1429.935862423519
14,41000,1429.935862423519
14,41100,1429.935862423519
14,41200,1429.935862423519
14,41300,1429.935862423519
14,41400,1429.935862423519
14,41500,1429.935862423519
14,41600,1429.935862423519
14,41700,1429.935862423519
14,41800,1429.935862423519
14,41900,1429.935862423519
14,42000,1429.935862423519
14,42100,1429.935862423519
14,42200,1429.935862423519
14,42300,1429.9358624235188
14,42400,1429.9358624235188
14,42500,1429.9358624235188
14,42600,1429.9358624235188
14,42700,1427.2488864308484
14,42800,1427.2488864308484
14,42900,1427.2488864308484
14,43000,1427.2488864308484
14,43100,1427.2488864308484
14,43200,1427.2488864308484
14,43300,1427.2488864308484
14,43400,1427.2488864308484
14,43500,1427.2488864308484
14,43600,1427.2488864308484
14,43700,1427.2488864308484
14,43800,1427.2488864308484
14,43900,1427.2488864308484
14,44000,1427.2488864308484
14,44100,1427.2488864308484
14,44200,1427.2488864308484
14,44300,1427.2488864308484
14,44400,1427.2488864308484
14,44500,1427.2488864308484
14,44600,1427.2488864308484
14,44700,1427.2488864308484
14,44800,1427.2488864308484
14,44900,1427.2488864308484
14,45000,1427.2488864308484
14,45100,1427.2488864308484
14,45200,1427.2488864308484
14,45300,1427.2488864308484
14,45400,1427.2488864308484
14,45500,1427.2488864308484
14,45600,1427.2488864308484
14,45700,1427.2488864308484
14,45800,1427.2488864308484
14,45900,1427.2488864308484
14,46000,1427.2488864308484
14,46100,1427.2488864308484
14,46200,1427.2488864308484
14,46300,1427.2488864308484
14,46400,1427.2488864308484
14,46500,1427.2488864308484
14,46600,1427.2488864308484
14,46700,1427.2488864308484
14,46800,1427.2488864308484
14,46900,1427.2488864308484
14,47000,1427.2488864308484
14,47100,1427.2488864308484
14,47200,1427.2488864308484
14,47300,1427.2488864308484
14,47400,1427.2488864308484
14,47500,1427.2488864308484
14,47600,1427.2488864308484
14,47700,1427.2488864308484
14,47800,1427.2488864308484
14,47900,1427.2488864308484
14,48000,1427.2488864308484
14,48100,1427.2488864308484
14,48200,1427.2488864308484
14,48300,1427.2488864308484
14,48400,1427.2488864308484
14,48500,1427.2488864308484
14,48600,1427.2488864308484
14,48700,1427.2488864308484
14,48800,1427.2488864308484
14,48900,1427.2488864308484
14,49000,1427.2488864308484
14,49100,1427.2488864308484
14,49200,1427.2488864308484
14,49300,1427.2488864308484
14,49400,1427.2488864308484
14,49500,1427.2488864308484
14,49600,1427.2488864308484
14,49700,1427.2488864308484
14,49800,1427.2488864308484
14,49900,1427.2488864308484
14,50000,1427.2488864308484
15,200,2484.676592837375
15,300,2375.327161031987
15,400,2371.3497545673754
15,500,2371.3497545673754
15,600,2352.6334992224206
15,700,2241.459020916958
15,800,2241.459020916958
15,900,2221.577030257537
15,1000,2188.8188219483573
15,1100,2188.8188219483573
15,1200,2106.0433044811125
15,1300,2106.0433044811125
15,1400,2092.433234268129
15,1500,2092.433234268129
15,1600,2030.3047366181017
15,1700,2030.3047366181017
15,1800,2030.3047366181017
15,1900,2030.3047366181017
15,2000,1907.0498993822662
15,2100,1907.0498993822662
15,2200,1907.0498993822662
15,2300,1907.0498993822662
15,2400,1907.0498993822662
15,2500,1907.0498993822662
15,2600,1907.0498993822662
15,2700,1907.0498993822662
15,2800,1891.2018905759319
15,2900,1891.2018905759319
15,3000,1891.2018905759319
15,3100,1891.2018905759319
15,3200,1891.2018905759319
15,3300,1888.427940834317
15,3400,1888.427940834317
15,3500,1886.2582882599488
15,3600,1878.4787657494032
15,3700,1849.7683752429004
15,3800,1849.7683752429004
15,3900,1849.7683752429004
15,4000,1849.7683752429004
15,4100,1849.7683752429004
15,4200,1849.7683752429004
15,4300,1849.7683752429004
15,4400,1834.9857458279478
15,4500,1834.9857458279478
15,4600,1834.9857458279478
15,4700,1812.4881796392656
15,4800,1812.4881796392656
15,4900,1721.6775254912047
15,5000,1721.6775254912047
15,5100,1721.6775254912047
15,5200,1721.6775254912047
15,5300,1721.6775254912047
15,5400,1721.6775254912047
15,5500,1721.6775254912047
15,5600,1721.6775254912047
15,5700,1721.6775254912047
15,5800,1721.6775254912047
15,5900,1721.6775254912047
15,6000,1700.9301139255476
15,6100,1700.9301139255476
15,6200,1700.9301139255476
15,6300,1700.9301139255476
15,6400,1700.9301139255476
15,6500,1664.6973342002211
15,6600,1664.6973342002211
15,6700,1610.2056959889844
15,6800,1610.2056959889844
15,6900,1610.2056959889844
15,7000,1610.2056959889844
15,7100,1610.2056959889844
15,7200,1610.2056959889844
15,7300,1576.972096562997
15,7400,1576.972096562997
15,7500,1576.972096562997
15,7600,1576.972096562997
15,7700,1576.972096562997
15,7800,1576.972096562997
15,7900,1576.972096562997
15,8000,1576.972096562997
15,8100,1576.972096562997
15,8200,1576.972096562997
15,8300,1576.972096562997
15,8400,1576.972096562997
15,8500,1576.972096562997
15,8600,1576.972096562997
15,8700,1551.8468692416973
15,8800,1536.4866275731426
15,8900,1536.4866275731426
15,9000,1536.4866275731426
15,9100,1536.4866275731426
15,9200,1522.3333960557018
15,9300,1522.3333960557018
15,9400,1522.3333960557018
15,9500,1522.3333960557018
15,9600,1522.3333960557018
15,9700,1522.3333960557018
15,9800,1522.3333960557018
15,9900,1522.3333960557018
15,10000,1522.3333960557018
15,10100,1522.3333960557018
15,10200,1522.3333960557018
15,10300,1522.3333960557018
15,10400,1518.4104434401797
15,10500,1518.4104434401797
15,10600,1518.4104434401797
15,10700,1518.4104434401797
15,10800,1518.4104434401797
15,10900,1518.4104434401797
15,11000,1518.4104434401797
15,11100,1518.4104434401797
15,11200,1518.4104434401797
15,11300,1518.4104434401797
15,11400,1518.4104434401797
15,11500,1518.4104434401797
15,11600,1518.4104434401797
15,11700,1518.4104434401797
15,11800,1518.4104434401797
15,11900,1518.4104434401797
15,12000,1518.4104434401797
15,12100,1518.4104434401797
15,12200,1505.1081627333913
15,12300,1505.1081627333913
15,12400,1505.1081627333913
15,12500,1505.1081627333913
15,12600,1481.3792987546885
15,12700,1481.3792987546885
15,12800,1481.3792987546885
15,12900,1481.3792987546885
15,13000,1481.3792987546885
15,13100,1481.3792987546885
15,13200,1481.3792987546885
15,13300,1481.3792987546885
15,13400,1481.3792987546885
15,13500,1481.3792987546885
15,13600,1481.3792987546883
15,13700,1481.3792987546883
15,13800,1481.3792987546883
15,13900,1464.0409028980346
15,14000,1464.0409028980346
15,14100,1464.0409028980346
15,14200,1464.0409028980346
15,14300,1464.0409028980346
15,14400,1462.45011393484
15,14500,1462.45011393484
15,14600,1462.45011393484
15,14700,1462.45011393484
15,14800,1462.45011393484
15,14900,1462.45011393484
15,15000,1462.45011393484
15,15100,1462.45011393484
15,15200,1462.45011393484
15,15300,1429.7010277310326
15,15400,1429.7010277310326
15,15500,1429.7010277310326
15,15600,1429.7010277310326
15,15700,1429.7010277310326
15,15800,1429.7010277310326
15,15900,1429.7010277310326
15,16000,1401.2096222462937
15,16100,1401.2096222462937
15,16200,1401.2096222462937
15,16300,1401.2096222462937
15,16400,1401.2096222462937
15,16500,1401.2096222462937
15,16600,1401.2096222462937
15,16700,1401.2096222462937
15,16800,1401.2096222462937
15,16900,1401.2096222462937
15,17000,1401.2096222462937
15,17100,1401.2096222462937
15,17200,1401.2096222462937
15,17300,1401.2096222462937
15,17400,1401.2096222462937
15,17500,1401.2096222462937
15,17600,1391.643546070495
15,17700,1391.643546070495
15,17800,1391.643546070495
15,17900,1391.643546070495
15,18000,1391.643546070495
15,18100,1391.643546070495
15,18200,1391.643546070495
15,18300,1391.643546070495
15,18400,1391.643546070495
15,18500,1391.643546070495
15,18600,1391.643546070495
15,18700,1391.643546070495
15,18800,1391.643546070495
15,18900,1391.643546070495
15,19000,1391.643546070495
15,19100,1391.643546070495
15,19200,1391.643546070495
15,19300,1391.643546070495
15,19400,1391.643546070495
15,19500,1389.1293200387536
15,19600,1389.1293200387536
15,19700,1389.1293200387536
15,19800,1389.1293200387536
15,19900,1389.1293200387536
15,20000,1389.1293200387536
15,20100,1389.1293200387536
15,20200,1389.1293200387536
15,20300,1389.1293200387536
15,20400,1389.1293200387536
15,20500,1389.1293200387536
15,20600,1389.1293200387536
15,20700,1389.1293200387536
15,20800,1389.1293200387536
15,20900,1389.1293200387536
15,21000,1389.1293200387536
15,21100,1389.1293200387536
15,21200,1389.1293200387536
15,21300,1389.1293200387536
15,21400,1389.1293200387536
15,21500,1389.1293200387536
15,21600,1389.1293200387536
15,21700,1389.1293200387536
15,21800,1389.1293200387536
15,21900,1389.1293200387536
15,22000,1389.1293200387536
15,22100,1389.1293200387536
15,22200,1389.1293200387536
15,22300,1389.1293200387536
15,22400,1389.1293200387536
15,22500,1389.1293200387536
15,22600,1389.1293200387536
15,22700,1389.1293200387536
15,22800,1389.1293200387536
15,22900,1389.1293200387536
15,23000,1389.1293200387536
15,23100,1389.1293200387536
15,23200,1381.1180381930506
15,23300,1381.1180381930506
15,23400,1381.1180381930506
15,23500,1381.1180381930506
15,23600,1381.1180381930506
15,23700,1381.1180381930506
15,23800,1373.5935310772782
15,23900,1373.5935310772782
15,24000,1373.5935310772782
15,24100,1373.5935310772782
15,24200,1373.5935310772782
15,24300,1373.5935310772782
15,24400,1373.5935310772782
15,24500,1373.5935310772782
15,24600,1373.5935310772782
15,24700,1373.5935310772782
15,24800,1373.5935310772782
15,24900,1373.5935310772782
15,25000,1373.5935310772782
15,25100,1373.5935310772782
15,25200,1373.5935310772782
15,25300,1373.5935310772782
15,25400,1373.5935310772782
15,25500,1373.5935310772782
15,25600,1373.5935310772782
15,25700,1373.5935310772782
15,25800,1373.5935310772782
15,25900,1373.5935310772782
15,26000,1373.5935310772782
15,26100,1373.5935310772782
15,26200,1373.5935310772782
15,26300,1373.5935310772782
15,26400,1373.5935310772782
15,26500,1373.5935310772782
15,26600,1373.5935310772782
15,26700,1373.5935310772782
15,26800,1373.5935310772782
15,26900,1373.5935310772782
15,27000,1373.5935310772782
15,27100,1373.5935310772782
15,27200,1373.5935310772782
15,27300,1373.5935310772782
15,27400,1373.5935310772782
15,27500,1373.5935310772782
15,27600,1373.5935310772782
15,27700,1373.5935310772782
15,27800,1373.5935310772782
15,27900,1373.5935310772782
15,28000,1373.5935310772782
15,28100,1373.5935310772782
15,28200,1373.5935310772782
15,28300,1373.5935310772782
15,28400,1373.5935310772782
15,28500,1373.5935310772782
15,28600,1373.5935310772782
15,28700,1373.5935310772782
15,28800,1373.5935310772782
15,28900,1373.5935310772782
15,29000,1373.5935310772782
15,29100,1373.5935310772782
15,29200,1373.5935310772782
15,29300,1373.5935310772782
15,29400,1373.5935310772782
15,29500,1373.5935310772782
15,29600,1373.5935310772782
15,29700,1373.5935310772782
15,29800,1373.5935310772782
15,29900,1373.5935310772782
15,30000,1373.5935310772782
15,30100,1373.5935310772782
15,30200,1373.5935310772782
15,30300,1373.5935310772782
15,30400,1373.5935310772782
15,30500,1373.5935310772782
15,30600,1373.5935310772782
15,30700,1373.5935310772782
15,30800,1373.5935310772782
15,30900,1373.5935310772782
15,31000,1373.5935310772782
15,31100,1373.5935310772782
15,31200,1373.5935310772782
15,31300,1373.5935310772782
15,31400,1373.5935310772782
15,31500,1373.5935310772782
15,31600,1373.5935310772782
15,31700,1373.5935310772782
15,31800,1373.5935310772782
15,31900,1373.5935310772782
15,32000,1373.5935310772782
15,32100,1373.5935310772782
15,32200,1373.5935310772782
15,32300,1373.5935310772782
15,32400,1373.5935310772782
15,32500,1373.5935310772782
15,32600,1373.5935310772782
15,32700,1373.5935310772782
15,32800,1373.5935310772782
15,32900,1373.5935310772782
15,33000,1373.5935310772782
15,33100,1373.5935310772782
15,33200,1373.5935310772782
15,33300,1373.5935310772782
15,33400,1373.5935310772782
15,33500,1373.5935310772782
15,33600,1373.5935310772782
15,33700,1373.5935310772782
15,33800,1373.5935310772782
15,33900,1373.5935310772782
15,34000,1373.5935310772782
15,34100,1373.5935310772782
15,34200,1373.5935310772782
15,34300,1373.5935310772782
15,34400,1373.5935310772782
15,34500,1373.5935310772782
15,34600,1373.5935310772782
15,34700,1373.5935310772782
15,34800,1373.5935310772782
15,34900,1373.5935310772782
15,35000,1373.5935310772782
15,35100,1373.5935310772782
15,35200,1373.5935310772782
15,35300,1362.3241020427338
15,35400,1362.3241020427338
15,35500,1362.3241020427338
15,35600,1362.3241020427338
15,35700,1362.3241020427338
15,35800,1362.3241020427338
15,35900,1362.3241020427338
15,36000,1362.3241020427338
15,36100,1362.3241020427338
15,36200,1362.3241020427338
15,36300,1362.3241020427338
15,36400,1362.3241020427338
15,36500,1362.3241020427338
15,36600,1362.3241020427338
15,36700,1362.3241020427338
15,36800,1362.3241020427338
15,36900,1362.3241020427338
15,37000,1362.3241020427338
15,37100,1362.3241020427338
15,37200,1362.3241020427338
15,37300,1362.3241020427338
15,37400,1362.3241020427338
15,37500,1362.3241020427338
15,37600,1362.3241020427338
15,37700,1362.3241020427338
15,37800,1362.3241020427338
15,37900,1362.3241020427338
15,38000,1362.3241020427338
15,38100,1362.3241020427338
15,38200,1362.3241020427338
15,38300,1362.3241020427338
15,38400,1362.3241020427338
15,38500,1362.3241020427338
15,38600,1362.3241020427338
15,38700,1362.3241020427338
15,38800,1362.3241020427338
15,38900,1362.3241020427338
15,39000,1362.3241020427338
15,39100,1362.3241020427338
15,39200,1362.3241020427338
15,39300,1362.3241020427338
15,39400,1362.3241020427338
15,39500,1362.3241020427338
15,39600,1362.3241020427338
15,39700,1362.3241020427338
15,39800,1362.3241020427338
15,39900,1362.3241020427338
15,40000,1362.3241020427338
15,40100,1362.3241020427338
15,40200,1362.3241020427338
15,40300,1362.3241020427338
15,40400,1362.3241020427338
15,40500,1362.3241020427338
15,40600,1362.3241020427338
15,40700,1362.3241020427338
15,40800,1362.3241020427338
15,40900,1362.3241020427338
15,41000,1362.3241020427338
15,41100,1362.3241020427338
15,41200,1362.3241020427338
15,41300,1362.3241020427338
15,41400,1362.3241020427338
15,41500,1362.3241020427338
15,41600,1362.3241020427338
15,41700,1362.3241020427338
15,41800,1362.3241020427338
15,41900,1362.3241020427338
15,42000,1362.3241020427338
15,42100,1362.3241020427338
15,42200,1362.3241020427338
15,42300,1362.3241020427338
15,42400,1362.3241020427338
15,42500,1362.3241020427338
15,42600,1362.3241020427338
15,42700,1362.3241020427338
15,42800,1362.3241020427338
15,42900,1362.3241020427338
15,43000,1362.3241020427338
15,43100,1362.3241020427338
15,43200,1362.3241020427338
15,43300,1362.3241020427338
15,43400,1362.3241020427338
15,43500,1362.3241020427338
15,43600,1362.3241020427338
15,43700,1362.3241020427338
15,43800,1362.3241020427338
15,43900,1362.3241020427338
15,44000,1362.3241020427338
15,44100,1362.3241020427338
15,44200,1362.3241020427338
15,44300,1362.3241020427338
15,44400,1362.3241020427338
15,44500,1362.3241020427338
15,44600,1362.3241020427338
15,44700,1362.3241020427338
15,44800,1362.3241020427338
15,44900,1362.3241020427338
15,45000,1362.3241020427338
15,45100,1362.3241020427338
15,45200,1362.3241020427338
15,45300,1362.3241020427338
15,45400,1362.3241020427338
15,45500,1362.3241020427338
15,45600,1362.3241020427338
15,45700,1362.3241020427338
15,45800,1362.3241020427338
15,45900,1362.3241020427338
15,46000,1362.3241020427338
15,46100,1362.3241020427338
15,46200,1362.3241020427338
15,46300,1362.3241020427338
15,46400,1362.3241020427338
15,46500,1362.3241020427338
15,46600,1362.3241020427338
15,46700,1362.3241020427338
15,46800,1362.3241020427338
15,46900,1362.3241020427338
15,47000,1362.3241020427338
15,47100,1362.3241020427338
15,47200,1362.3241020427338
15,47300,1362.3241020427338
15,47400,1362.3241020427338
15,47500,1362.3241020427338
15,47600,1362.3241020427338
15,47700,1362.3241020427338
15,47800,1362.3241020427338
15,47900,1362.3241020427338
15,48000,1362.3241020427338
15,48100,1362.3241020427338
15,48200,1362.3241020427338
15,48300,1362.3241020427338
15,48400,1362.3241020427338
15,48500,1362.3241020427338
15,48600,1362.3241020427338
15,48700,1362.3241020427338
15,48800,1362.3241020427338
15,48900,1362.3241020427338
15,49000,1362.3241020427338
15,49100,1362.3241020427338
15,49200,1362.3241020427338
15,49300,1362.3241020427338
15,49400,1362.3241020427338
15,49500,1362.3241020427338
15,49600,1362.3241020427338
15,49700,1362.3241020427338
15,49800,1362.3241020427338
15,49900,1362.3241020427338
15,50000,1362.3241020427338
16,200,2441.2312414227104
16,300,2357.015036919943
16,400,2357.015036919943
16,500,2319.367452022291
16,600,2246.6308506997116
16,700,2246.6308506997116
16,800,2213.1180929560137
16,900,2162.8029758676494
16,1000,2162.8029758676494
16,1100,2162.8029758676494
16,1200,2130.54522487276
16,1300,2130.54522487276
16,1400,2079.7885518171765
16,1500,2079.7885518171765
16,1600,2079.7885518171765
16,1700,2079.7885518171765
16,1800,2051.0413664124453
16,1900,1988.14687002161
16,2000,1988.14687002161
16,2100,1988.14687002161
16,2200,1988.14687002161
16,2300,1871.537187619434
16,2400,1871.537187619434
16,2500,1871.537187619434
16,2600,1846.5112003731954
16,2700,1824.8963767981095
16,2800,1824.8963767981095
16,2900,1824.8963767981095
16,3000,1824.8963767981095
16,3100,1790.9056109579087
16,3200,1790.9056109579087
16,3300,1790.9056109579087
16,3400,1790.9056109579087
16,3500,1790.9056109579087
16,3600,1790.9056109579087
16,3700,1790.9056109579087
16,3800,1790.9056109579087
16,3900,1790.9056109579087
16,4000,1790.9056109579087
16,4100,1789.337620110678
16,4200,1789.337620110678
16,4300,1789.337620110678
16,4400,1789.337620110678
16,4500,1769.4137739663026
16,4600,1769.4137739663026
16,4700,1742.7502627027072
16,4800,1741.346340543991
16,4900,1741.346340543991
16,5000,1734.5754685428847
16,5100,1734.5754685428847
16,5200,1734.5754685428847
16,5300,1716.756288218061
16,5400,1716.756288218061
16,5500,1716.756288218061
16,5600,1707.4352839309945
16,5700,1707.4352839309945
16,5800,1707.4352839309945
16,5900,1707.4352839309945
16,6000,1707.4352839309945
16,6100,1666.6827796988357
16,6200,1666.6827796988357
16,6300,1666.6827796988357
16,6400,1666.6827796988357
16,6500,1666.6827796988357
16,6600,1666.6827796988357
16,6700,1666.6827796988357
16,6800,1666.6827796988357
16,6900,1666.6827796988357
16,7000,1666.6827796988357
16,7100,1666.6827796988357
16,7200,1666.6827796988357
16,7300,1666.6827796988357
16,7400,1666.6827796988357
16,7500,1666.6827796988357
16,7600,1666.6827796988357
16,7700,1666.6827796988357
16,7800,1666.6827796988357
16,7900,1666.6827796988357
16,8000,1666.6827796988357
16,8100,1663.7956506971282
16,8200,1663.7956506971282
16,8300,1663.7956506971282
16,8400,1663.7956506971282
16,8500,1663.7956506971282
16,8600,1663.7956506971282
16,8700,1663.7956506971282
16,8800,1663.7956506971282
16,8900,1663.7956506971282
16,9000,1663.7956506971282
16,9100,1649.041871417989
16,9200,1649.041871417989
16,9300,1649.041871417989
16,9400,1649.041871417989
16,9500,1649.041871417989
16,9600,1649.041871417989
16,9700,1649.041871417989
16,9800,1649.041871417989
16,9900,1649.041871417989
16,10000,1649.041871417989
16,10100,1649.041871417989
16,10200,1649.041871417989
16,10300,1649.041871417989
16,10400,1649.041871417989
16,10500,1649.041871417988
16,10600,1645.065347429199
16,10700,1645.065347429199
16,10800,1585.5873824854873
16,10900,1585.5873824854873
16,11000,1585.5873824854873
16,11100,1585.5873824854873
16,11200,1585.5873824854873
16,11300,1585.5873824854873
16,11400,1585.5873824854873
16,11500,1585.5873824854873
16,11600,1585.5873824854873
16,11700,1585.5873824854873
16,11800,1585.5873824854873
16,11900,1585.5873824854873
16,12000,1585.5873824854873
16,12100,1585.5873824854873
16,12200,1585.5873824854873
16,12300,1585.5873824854873
16,12400,1585.5873824854873
16,12500,1585.5873824854873
16,12600,1585.5873824854873
16,12700,1585.5873824854873
16,12800,1585.5873824854873
16,12900,1585.5873824854873
16,13000,1585.5873824854873
16,13100,1585.5873824854873
16,13200,1585.5873824854873
16,13300,1585.5873824854873
16,13400,1585.5873824854873
16,13500,1585.5873824854873
16,13600,1585.5873824854873
16,13700,1585.5873824854873
16,13800,1585.5873824854873
16,13900,1585.5873824854873
16,14000,1585.5873824854873
16,14100,1585.5873824854873
16,14200,1585.5873824854873
16,14300,1585.5873824854873
16,14400,1585.5873824854873
16,14500,1585.5873824854873
16,14600,1585.5873824854873
16,14700,1585.5873824854873
16,14800,1585.5873824854873
16,14900,1585.5873824854873
16,15000,1585.5873824854873
16,15100,1585.5873824854873
16,15200,1585.5873824854873
16,15300,1585.5873824854873
16,15400,1585.5873824854873
16,15500,1585.5873824854873
16,15600,1585.5873824854873
16,15700,1566.4442896123817
16,15800,1566.4442896123817
16,15900,1566.4442896123817
16,16000,1566.4442896123817
16,16100,1566.4442896123817
16,16200,1566.4442896123817
16,16300,1566.4442896123817
16,16400,1566.4442896123817
16,16500,1566.4442896123817
16,16600,1566.4442896123817
16,16700,1566.4442896123817
16,16800,1566.4442896123817
16,16900,1566.4442896123817
16,17000,1566.4442896123817
16,17100,1566.4442896123817
16,17200,1566.4442896123817
16,17300,1566.4442896123817
16,17400,1566.4442896123817
16,17500,1566.4442896123817
16,17600,1566.4442896123817
16,17700,1566.4442896123817
16,17800,1566.4442896123817
16,17900,1566.4442896123817
16,18000,1566.4442896123817
16,18100,1566.4442896123817
16,18200,1566.4442896123817
16,18300,1566.4442896123817
16,18400,1566.4442896123817
16,18500,1566.4442896123817
16,18600,1566.4442896123817
16,18700,1566.4442896123817
16,18800,1566.4442896123817
16,18900,1566.4442896123817
16,19000,1566.4442896123817
16,19100,1566.4442896123817
16,19200,1566.4442896123817
16,19300,1566.4442896123817
16,19400,1566.4442896123817
16,19500,1566.4442896123817
16,19600,1566.4442896123817
16,19700,1566.4442896123817
16,19800,1566.4442896123817
16,19900,1566.4442896123817
16,20000,1566.4442896123817
16,20100,1566.4442896123817
16,20200,1566.4442896123817
16,20300,1566.4442896123817
16,20400,1566.4442896123817
16,20500,1566.4442896123817
16,20600,1566.4442896123817
16,20700,1566.4442896123817
16,20800,1566.4442896123817
16,20900,1566.4442896123817
16,21000,1566.4442896123817
16,21100,1566.4442896123817
16,21200,1566.4442896123817
16,21300,1566.4442896123817
16,21400,1566.4442896123817
16,21500,1566.4442896123817
16,21600,1566.4442896123817
16,21700,1566.4442896123817
16,21800,1566.4442896123817
16,21900,1566.4442896123817
16,22000,1566.4442896123817
16,22100,1566.4442896123817
16,22200,1566.4442896123817
16,22300,1566.4442896123817
16,22400,1566.4442896123817
16,22500,1566.4442896123817
16,22600,1566.4442896123817
16,22700,1566.4442896123817
16,22800,1566.4442896123817
16,22900,1566.4442896123817
16,23000,1566.4442896123817
16,23100,1566.4442896123817
16,23200,1566.4442896123817
16,23300,1566.4442896123817
16,23400,1566.4442896123817
16,23500,1566.4442896123817
16,23600,1566.4442896123817
16,23700,1566.4442896123817
16,23800,1566.4442896123817
16,23900,1566.4442896123817
16,24000,1566.4442896123817
16,24100,1566.4442896123817
16,24200,1566.4442896123817
16,24300,1556.3402670828104
16,24400,1556.3402670828104
16,24500,1556.3402670828104
16,24600,1556.3402670828104
16,24700,1556.3402670828104
16,24800,1556.3402670828104
16,24900,1547.31149071631
16,25000,1544.426791996476
16,25100,1544.426791996476
16,25200,1544.426791996476
16,25300,1544.426791996476
16,25400,1544.426791996476
16,25500,1544.426791996476
16,25600,1544.426791996476
16,25700,1544.426791996476
16,25800,1544.426791996476
16,25900,1544.426791996476
16,26000,1544.426791996476
16,26100,1544.426791996476
16,26200,1544.426791996476
16,26300,1513.6735867062202
16,26400,1513.6735867062202
16,26500,1513.6735867062202
16,26600,1513.6735867062202
16,26700,1513.6735867062202
16,26800,1513.6735867062202
16,26900,1513.6735867062202
16,27000,1513.6735867062202
16,27100,1513.6735867062202
16,27200,1513.6735867062202
16,27300,1513.6735867062202
16,27400,1513.6735867062202
16,27500,1513.6735867062202
16,27600,1513.6735867062202
16,27700,1513.6735867062202
16,27800,1513.6735867062202
16,27900,1513.6735867062202
16,28000,1513.6735867062202
16,28100,1513.6735867062202
16,28200,1513.6735867062202
16,28300,1513.6735867062202
16,28400,1513.6735867062202
16,28500,1513.6735867062202
16,28600,1513.6735867062202
16,28700,1513.6735867062202
16,28800,1513.6735867062202
16,28900,1513.6735867062202
16,29000,1513.6735867062202
16,29100,1513.6735867062202
16,29200,1513.6735867062202
16,29300,1513.6735867062202
16,29400,1513.6735867062202
16,29500,1513.6735867062202
16,29600,1513.6735867062202
16,29700,1513.6735867062202
16,29800,1513.6735867062202
16,29900,1509.3206560057934
16,30000,1509.3206560057934
16,30100,1509.3206560057934
16,30200,1509.3206560057934
16,30300,1509.3206560057934
16,30400,1509.3206560057934
16,30500,1509.3206560057934
16,30600,1509.3206560057934
16,30700,1509.3206560057934
16,30800,1509.3206560057934
16,30900,1509.3206560057934
16,31000,1498.729632783579
16,31100,1498.729632783579
16,31200,1475.262761586877
16,31300,1475.262761586877
16,31400,1475.262761586877
16,31500,1475.262761586877
16,31600,1475.262761586877
16,31700,1475.262761586877
16,31800,1475.262761586877
16,31900,1475.262761586877
16,32000,1475.262761586877
16,32100,1475.262761586877
16,32200,1475.262761586877
16,32300,1475.262761586877
16,32400,1475.262761586877
16,32500,1475.262761586877
16,32600,1475.262761586877
16,32700,1475.262761586877
16,32800,1475.262761586877
16,32900,1475.262761586877
16,33000,1475.262761586877
16,33100,1475.262761586877
16,33200,1475.262761586877
16,33300,1475.262761586877
16,33400,1475.262761586877
16,33500,1475.262761586877
16,33600,1475.262761586877
16,33700,1475.262761586877
16,33800,1475.262761586877
16,33900,1475.262761586877
16,34000,1475.262761586877
16,34100,1475.262761586877
16,34200,1475.262761586877
16,34300,1475.262761586877
16,34400,1475.262761586877
16,34500,1475.262761586877
16,34600,1475.262761586877
16,34700,1475.262761586877
16,34800,1475.262761586877
16,34900,1475.262761586877
16,35000,1475.262761586877
16,35100,1475.262761586877
16,35200,1475.262761586877
16,35300,1475.262761586877
16,35400,1475.262761586877
16,35500,1475.262761586877
16,35600,1475.262761586877
16,35700,1473.1601813680643
16,35800,1473.1601813680643
16,35900,1473.1601813680643
16,36000,1473.1601813680643
16,36100,1473.1601813680643
16,36200,1473.1601813680643
16,36300,1473.1601813680643
16,36400,1473.1601813680643
16,36500,1473.1601813680643
16,36600,1473.1601813680643
16,36700,1461.6095981626268
16,36800,1461.6095981626268
16,36900,1461.6095981626268
16,37000,1461.6095981626268
16,37100,1461.6095981626268
16,37200,1461.6095981626268
16,37300,1461.6095981626268
16,37400,1461.6095981626268
16,37500,1461.6095981626268
16,37600,1461.6095981626268
16,37700,1461.6095981626268
16,37800,1461.6095981626268
16,37900,1461.6095981626268
16,38000,1461.6095981626268
16,38100,1461.6095981626268
16,38200,1461.6095981626268
16,38300,1461.6095981626268
16,38400,1461.6095981626268
16,38500,1461.6095981626268
16,38600,1461.6095981626268
16,38700,1461.6095981626268
16,38800,1461.6095981626268
16,38900,1461.6095981626268
16,39000,1461.6095981626268
16,39100,1461.6095981626268
16,39200,1461.6095981626268
16,39300,1461.6095981626268
16,39400,1461.6095981626268
16,39500,1461.6095981626268
16,39600,1461.6095981626268
16,39700,1461.6095981626268
16,39800,1461.6095981626268
16,39900,1461.6095981626268
16,40000,1461.6095981626268
16,40100,1461.5064239890783
16,40200,1461.5064239890783
16,40300,1461.5064239890783
16,40400,1461.5064239890783
16,40500,1461.5064239890783
16,40600,1461.5064239890783
16,40700,1461.5064239890783
16,40800,1461.5064239890783
16,40900,1461.5064239890783
16,41000,1461.5064239890783
16,41100,1461.5064239890783
16,41200,1461.5064239890783
16,41300,1461.5064239890783
16,41400,1461.5064239890783
16,41500,1461.5064239890783
16,41600,1461.5064239890783
16,41700,1461.5064239890783
16,41800,1461.5064239890783
16,41900,1461.5064239890783
16,42000,1461.5064239890783
16,42100,1461.5064239890783
16,42200,1461.5064239890783
16,42300,1461.5064239890783
16,42400,1461.5064239890783
16,42500,1461.5064239890783
16,42600,1461.5064239890783
16,42700,1461.5064239890783
16,42800,1461.5064239890783
16,42900,1461.5064239890783
16,43000,1461.5064239890783
16,43100,1461.5064239890783
16,43200,1461.5064239890783
16,43300,1461.5064239890783
16,43400,1461.5064239890783
16,43500,1461.5064239890783
16,43600,1461.5064239890783
16,43700,1461.5064239890783
16,43800,1461.5064239890783
16,43900,1461.5064239890783
16,44000,1461.5064239890783
16,44100,1461.5064239890783
16,44200,1461.5064239890783
16,44300,1461.5064239890783
16,44400,1461.5064239890783
16,44500,1461.5064239890783
16,44600,1461.5064239890783
16,44700,1461.5064239890783
16,44800,1461.5064239890783
16,44900,1461.5064239890783
16,45000,1461.5064239890783
16,45100,1461.5064239890783
16,45200,1461.5064239890783
16,45300,1461.5064239890783
16,45400,1461.5064239890783
16,45500,1461.5064239890783
16,45600,1461.5064239890783
16,45700,1461.5064239890783
16,45800,1461.5064239890783
16,45900,1461.5064239890783
16,46000,1461.5064239890783
16,46100,1461.5064239890783
16,46200,1461.5064239890783
16,46300,1461.5064239890783
16,46400,1461.5064239890783
16,46500,1461.5064239890783
16,46600,1461.5064239890783
16,46700,1461.5064239890783
16,46800,1461.5064239890783
16,46900,1461.5064239890783
16,47000,1461.5064239890783
16,47100,1461.5064239890783
16,47200,1461.5064239890783
16,47300,1461.5064239890783
16,47400,1461.5064239890783
16,47500,1461.5064239890783
16,47600,1461.5064239890783
16,47700,1461.5064239890783
16,47800,1461.5064239890783
16,47900,1461.5064239890783
16,48000,1461.5064239890783
16,48100,1461.5064239890783
16,48200,1461.5064239890783
16,48300,1461.5064239890783
16,48400,1461.5064239890783
16,48500,1461.5064239890783
16,48600,1461.5064239890783
16,48700,1461.5064239890783
16,48800,1461.5064239890783
16,48900,1461.5064239890783
16,49000,1461.5064239890783
16,49100,1461.5064239890783
16,49200,1461.5064239890783
16,49300,1461.5064239890783
16,49400,1461.5064239890783
16,49500,1461.5064239890783
16,49600,1461.5064239890783
16,49700,1461.5064239890783
16,49800,1461.5064239890783
16,49900,1461.5064239890783
16,50000,1461.5064239890783
17,200,2509.9404410431257
17,300,2509.9404410431257
17,400,2406.470866782428
17,500,2354.55208625487
17,600,2354.55208625487
17,700,2243.030354332712
17,800,2243.030354332712
17,900,2243.030354332712
17,1000,2189.41892176294
17,1100,2189.41892176294
17,1200,2143.9428828478885
17,1300,2143.9428828478885
17,1400,2126.7221834216584
17,1500,1964.0246028926579
17,1600,1964.0246028926579
17,1700,1964.0246028926579
17,1800,1908.6731105549668
17,1900,1908.6731105549668
17,2000,1908.6731105549668
17,2100,1908.6731105549668
17,2200,1908.6731105549668
17,2300,1908.6731105549668
17,2400,1908.6731105549668
17,2500,1908.6731105549668
17,2600,1908.6731105549668
17,2700,1908.6731105549668
17,2800,1908.6731105549668
17,2900,1908.6731105549668
17,3000,1901.4253928689923
17,3100,1901.4253928689923
17,3200,1901.4253928689923
17,3300,1901.4253928689923
17,3400,1901.4253928689923
17,3500,1878.1875866036637
17,3600,1878.1875866036637
17,3700,1817.5718006769823
17,3800,1817.5718006769823
17,3900,1817.5718006769823
17,4000,1817.5718006769823
17,4100,1816.2280472700065
17,4200,1816.2280472700065
17,4300,1816.2280472700065
17,4400,1816.2280472700065
17,4500,1816.2280472700065
17,4600,1776.1842238097524
17,4700,1776.1842238097524
17,4800,1776.1842238097524
17,4900,1776.1842238097524
17,5000,1776.1842238097524
17,5100,1776.1842238097524
17,5200,1760.3411074016824
17,5300,1760.3411074016824
17,5400,1760.3411074016824
17,5500,1760.3411074016824
17,5600,1760.3411074016824
17,5700,1760.3411074016824
17,5800,1760.3411074016824
17,5900,1760.3411074016824
17,6000,1760.3411074016824
17,6100,1760.3411074016824
17,6200,1760.3411074016824
17,6300,1760.3411074016824
17,6400,1760.3411074016824
17,6500,1760.3411074016824
17,6600,1760.3411074016824
17,6700,1760.3411074016824
17,6800,1760.3411074016824
17,6900,1760.3411074016824
17,7000,1750.6866148396446
17,7100,1750.6866148396446
17,7200,1750.6866148396446
17,7300,1750.6866148396446
17,7400,1750.6866148396446
17,7500,1750.6866148396446
17,7600,1750.6866148396446
17,7700,1750.6866148396446
17,7800,1750.6866148396446
17,7900,1750.6866148396446
17,8000,1750.6866148396446
17,8100,1750.6866148396446
17,8200,1750.6866148396446
17,8300,1750.6866148396446
17,8400,1750.6866148396446
17,8500,1750.6866148396446
17,8600,1750.6866148396446
17,8700,1750.6866148396446
17,8800,1750.6866148396446
17,8900,1750.6866148396446
17,9000,1750.6866148396446
17,9100,1750.6866148396446
17,9200,1750.6866148396446
17,9300,1750.6866148396446
17,9400,1750.6866148396446
17,9500,1750.6866148396446
17,9600,1750.6866148396446
17,9700,1750.6866148396446
17,9800,1750.6866148396446
17,9900,1750.6866148396446
17,10000,1731.2112533907143
17,10100,1691.90991677983
17,10200,1691.90991677983
17,10300,1691.90991677983
17,10400,1691.90991677983
17,10500,1691.90991677983
17,10600,1691.90991677983
17,10700,1691.90991677983
17,10800,1691.90991677983
17,10900,1691.90991677983
17,11000,1691.90991677983
17,11100,1691.90991677983
17,11200,1691.90991677983
17,11300,1691.90991677983
17,11400,1691.90991677983
17,11500,1691.90991677983
17,11600,1656.7434733034256
17,11700,1656.7434733034256
17,11800,1656.7434733034256
17,11900,1656.7434733034256
17,12000,1656.7434733034256
17,12100,1656.7434733034256
17,12200,1656.7434733034256
17,12300,1656.7434733034256
17,12400,1656.7434733034256
17,12500,1656.7434733034256
17,12600,1656.7434733034256
17,12700,1634.1652469131675
17,12800,1634.1652469131675
17,12900,1634.1652469131675
17,13000,1625.4604749347116
17,13100,1625.4604749347116
17,13200,1622.2950372207881
17,13300,1622.2950372207881
17,13400,1622.2950372207881
17,13500,1616.6026095528175
17,13600,1614.2084532015597
17,13700,1614.2084532015597
17,13800,1614.2084532015597
17,13900,1614.2084532015597
17,14000,1614.2084532015597
17,14100,1614.2084532015597
17,14200,1614.2084532015597
17,14300,1614.2084532015597
17,14400,1614.2084532015597
17,14500,1614.2084532015597
17,14600,1614.2084532015597
17,14700,1614.2084532015597
17,14800,1614.2084532015597
17,14900,1614.2084532015597
17,15000,1614.2084532015597
17,15100,1614.2084532015597
17,15200,1614.2084532015597
17,15300,1614.2084532015597
17,15400,1614.2084532015597
17,15500,1614.2084532015597
17,15600,1614.2084532015597
17,15700,1614.2084532015597
17,15800,1614.2084532015597
17,15900,1614.2084532015597
17,16000,1614.2084532015597
17,16100,1614.2084532015597
17,16200,1614.2084532015597
17,16300,1614.2084532015597
17,16400,1614.2084532015597
17,16500,1614.2084532015597
17,16600,1614.2084532015597
17,16700,1614.2084532015597
17,16800,1614.2084532015597
17,16900,1614.2084532015597
17,17000,1614.2084532015597
17,17100,1614.2084532015597
17,17200,1610.4587478331098
17,17300,1610.4587478331098
17,17400,1610.4587478331098
17,17500,1610.4587478331098
17,17600,1589.4509355526257
17,17700,1589.4509355526257
17,17800,1589.4509355526257
17,17900,1589.4509355526257
17,18000,1589.4509355526257
17,18100,1589.4509355526257
17,18200,1589.4509355526257
17,18300,1589.4509355526257
17,18400,1589.4509355526257
17,18500,1589.4509355526257
17,18600,1589.4509355526257
17,18700,1589.4509355526257
17,18800,1589.4509355526257
17,18900,1589.4509355526257
17,19000,1589.4509355526257
17,19100,1589.4509355526257
17,19200,1589.2239069609484
17,19300,1589.2239069609484
17,19400,1589.2239069609484
17,19500,1589.2239069609484
17,19600,1589.2239069609484
17,19700,1589.2239069609484
17,19800,1589.2239069609484
17,19900,1589.2239069609484
17,20000,1589.2239069609484
17,20100,1589.2239069609484
17,20200,1589.2239069609484
17,20300,1589.2239069609484
17,20400,1589.2239069609484
17,20500,1589.2239069609484
17,20600,1580.0133313392357
17,20700,1580.0133313392357
17,20800,1580.0133313392355
17,20900,1580.0133313392355
17,21000,1580.0133313392355
17,21100,1580.0133313392355
17,21200,1580.0133313392355
17,21300,1580.0133313392355
17,21400,1580.0133313392355
17,21500,1580.0133313392355
17,21600,1580.0133313392355
17,21700,1580.0133313392355
17,21800,1580.0133313392355
17,21900,1580.0133313392355
17,22000,1580.0133313392355
17,22100,1580.0133313392355
17,22200,1580.0133313392355
17,22300,1580.0133313392355
17,22400,1580.0133313392355
17,22500,1580.0133313392355
17,22600,1564.3846620034976
17,22700,1564.3846620034976
17,22800,1564.3846620034976
17,22900,1564.3846620034976
17,23000,1564.3846620034976
17,23100,1564.3846620034976
17,23200,1564.3846620034976
17,23300,1564.3846620034976
17,23400,1564.3846620034976
17,23500,1564.3846620034976
17,23600,1564.3846620034976
17,23700,1564.3846620034976
17,23800,1564.3846620034976
17,23900,1564.3846620034976
17,24000,1564.3846620034976
17,24100,1564.3846620034976
17,24200,1564.3846620034976
17,24300,1564.3846620034976
17,24400,1564.3846620034976
17,24500,1564.3846620034976
17,24600,1564.3846620034976
17,24700,1564.3846620034976
17,24800,1564.3846620034976
17,24900,1564.3846620034976
17,25000,1564.3846620034976
17,25100,1564.3846620034976
17,25200,1564.3846620034976
17,25300,1564.3846620034976
17,25400,1564.3846620034976
17,25500,1564.3846620034976
17,25600,1564.3846620034976
17,25700,1564.3846620034976
17,25800,1564.3846620034976
17,25900,1564.3846620034976
17,26000,1564.3846620034976
17,26100,1564.3846620034976
17,26200,1564.3846620034976
17,26300,1564.3846620034976
17,26400,1564.3846620034976
17,26500,1564.3846620034976
17,26600,1564.3846620034976
17,26700,1564.3846620034976
17,26800,1549.6094422673145
17,26900,1549.6094422673145
17,27000,1549.6094422673145
17,27100,1549.6094422673145
17,27200,1549.6094422673145
17,27300,1549.6094422673145
17,27400,1537.6620410328878
17,27500,1537.6620410328878
17,27600,1537.6620410328878
17,27700,1537.6620410328878
17,27800,1537.6620410328878
17,27900,1537.6620410328878
17,28000,1537.6620410328878
17,28100,1537.6620410328878
17,28200,1537.6620410328878
17,28300,1537.6620410328878
17,28400,1537.6620410328878
17,28500,1537.6620410328878
17,28600,1537.6620410328878
17,28700,1537.6620410328878
17,28800,1519.3299990451344
17,28900,1519.3299990451344
17,29000,1519.3299990451344
17,29100,1519.3299990451344
17,29200,1519.3299990451344
17,29300,1519.3299990451344
17,29400,1519.3299990451344
17,29500,1519.3299990451344
17,29600,1519.3299990451344
17,29700,1519.3299990451344
17,29800,1519.3299990451344
17,29900,1519.3299990451344
17,30000,1519.3299990451344
17,30100,1519.3299990451344
17,30200,1519.3299990451344
17,30300,1519.3299990451344
17,30400,1519.3299990451342
17,30500,1519.3299990451342
17,30600,1519.3299990451342
17,30700,1519.3299990451342
17,30800,1519.3299990451342
17,30900,1519.3299990451342
17,31000,1519.3299990451342
17,31100,1519.3299990451342
17,31200,1519.3299990451342
17,31300,1519.3299990451342
17,31400,1519.3299990451342
17,31500,1519.3299990451342
17,31600,1519.3299990451342
17,31700,1519.3299990451342
17,31800,1519.3299990451342
17,31900,1519.3299990451342
17,32000,1519.3299990451342
17,32100,1519.3299990451342
17,32200,1519.3299990451342
17,32300,1510.3768694725118
17,32400,1510.3768694725118
17,32500,1510.3768694725118
17,32600,1510.3768694725118
17,32700,1510.3768694725118
17,32800,1510.3768694725118
17,32900,1510.3768694725118
17,33000,1510.3768694725118
17,33100,1510.3768694725118
17,33200,1510.3768694725118
17,33300,1510.3768694725118
17,33400,1510.3768694725118
17,33500,1510.3768694725118
17,33600,1510.3768694725118
17,33700,1510.3768694725118
17,33800,1510.3768694725118
17,33900,1510.3768694725118
17,34000,1510.3768694725118
17,34100,1510.3768694725118
17,34200,1510.3768694725118
17,34300,1510.3768694725118
17,34400,1510.3768694725118
17,34500,1510.3768694725118
17,34600,1510.3768694725118
17,34700,1510.3768694725118
17,34800,1501.4134205347057
17,34900,1501.4134205347057
17,35000,1501.4134205347054
17,35100,1501.4134205347054
17,35200,1501.4134205347054
17,35300,1501.4134205347054
17,35400,1501.4134205347054
17,35500,1501.4134205347054
17,35600,1501.4134205347054
17,35700,1501.4134205347054
17,35800,1501.4134205347054
17,35900,1501.4134205347054
17,36000,1501.4134205347054
17,36100,1501.4134205347054
17,36200,1501.4134205347054
17,36300,1501.4134205347054
17,36400,1501.4134205347054
17,36500,1501.4134205347054
17,36600,1501.4134205347054
17,36700,1501.4134205347054
17,36800,1501.4134205347054
17,36900,1501.4134205347054
17,37000,1501.4134205347054
17,37100,1501.4134205347054
17,37200,1501.4134205347054
17,37300,1501.4134205347054
17,37400,1501.4134205347054
17,37500,1501.4134205347054
17,37600,1501.4134205347054
17,37700,1501.4134205347054
17,37800,1501.4134205347054
17,37900,1501.4134205347054
17,38000,1492.5555551528114
17,38100,1492.5555551528114
17,38200,1492.5555551528114
17,38300,1492.5555551528114
17,38400,1492.5555551528114
17,38500,1492.5555551528114
17,38600,1492.5555551528114
17,38700,1492.5555551528114
17,38800,1492.5555551528114
17,38900,1492.5555551528114
17,39000,1492.5555551528114
17,39100,1492.5555551528114
17,39200,1492.5555551528114
17,39300,1492.5555551528114
17,39400,1492.5555551528114
17,39500,1492.5555551528114
17,39600,1492.5555551528114
17,39700,1492.5555551528114
17,39800,1492.5555551528114
17,39900,1492.5555551528114
17,40000,1492.5555551528114
17,40100,1492.5555551528114
17,40200,1492.5555551528114
17,40300,1492.5555551528114
17,40400,1492.5555551528114
17,40500,1492.5555551528114
17,40600,1492.5555551528114
17,40700,1492.5555551528114
17,40800,1492.5555551528114
17,40900,1492.5555551528114
17,41000,1492.5555551528114
17,41100,1492.5555551528114
17,41200,1492.5555551528114
17,41300,1492.5555551528114
17,41400,1492.5555551528114
17,41500,1492.5555551528114
17,41600,1492.5555551528114
17,41700,1492.5555551528114
17,41800,1492.5555551528114
17,41900,1492.5555551528114
17,42000,1492.5555551528114
17,42100,1492.5555551528114
17,42200,1492.5555551528114
17,42300,1492.5555551528114
17,42400,1492.5555551528114
17,42500,1492.5555551528114
17,42600,1492.5555551528114
17,42700,1492.5555551528114
17,42800,1492.5555551528114
17,42900,1492.5555551528114
17,43000,1492.5555551528114
17,43100,1492.5555551528114
17,43200,1492.5555551528114
17,43300,1492.5555551528114
17,43400,1492.5555551528114
17,43500,1432.5634254658598
17,43600,1432.5634254658598
17,43700,1432.5634254658598
17,43800,1432.5634254658598
17,43900,1432.5634254658598
17,44000,1432.5634254658598
17,44100,1432.5634254658598
17,44200,1432.5634254658598
17,44300,1432.5634254658598
17,44400,1432.5634254658598
17,44500,1432.5634254658598
17,44600,1432.5634254658598
17,44700,1432.5634254658598
17,44800,1432.5634254658598
17,44900,1432.5634254658598
17,45000,1432.5634254658598
17,45100,1432.5634254658598
17,45200,1432.5634254658598
17,45300,1432.5634254658598
17,45400,1432.5634254658598
17,45500,1432.5634254658598
17,45600,1432.5634254658598
17,45700,1432.5634254658598
17,45800,1432.5634254658598
17,45900,1432.5634254658598
17,46000,1432.5634254658598
17,46100,1432.5634254658598
17,46200,1432.5634254658598
17,46300,1432.5634254658598
17,46400,1432.5634254658598
17,46500,1432.5634254658598
17,46600,1402.4723079358423
17,46700,1402.4723079358423
17,46800,1402.4723079358423
17,46900,1402.4723079358423
17,47000,1402.4723079358423
17,47100,1402.4723079358423
17,47200,1402.4723079358423
17,47300,1402.4723079358423
17,47400,1402.4723079358423
17,47500,1402.4723079358423
17,47600,1402.4723079358423
17,47700,1402.4723079358423
17,47800,1402.4723079358423
17,47900,1402.4723079358423
17,48000,1402.4723079358423
17,48100,1402.4723079358423
17,48200,1402.4723079358423
17,48300,1402.4723079358423
17,48400,1402.4723079358423
17,48500,1402.4723079358423
17,48600,1402.4723079358423
17,48700,1402.4723079358423
17,48800,1402.4723079358423
17,48900,1402.4723079358423
17,49000,1402.4723079358423
17,49100,1402.4723079358423
17,49200,1402.4723079358423
17,49300,1402.4723079358423
17,49400,1402.4723079358423
17,49500,1402.4723079358423
17,49600,1402.4723079358423
17,49700,1402.4723079358423
17,49800,1402.4723079358423
17,49900,1402.4723079358423
17,50000,1402.4723079358423
18,200,2534.8511953677416
18,300,2336.1807499816514
18,400,2336.1807499816514
18,500,2336.1807499816514
18,600,2336.1807499816514
18,700,2273.1138942094826
18,800,2261.850083098238
18,900,2198.9621465260298
18,1000,2198.9621465260298
18,1100,2160.228360512104
18,1200,2160.228360512104
18,1300,2141.0845088399697
18,1400,2141.0845088399697
18,1500,2141.0845088399697
18,1600,2141.0845088399697
18,1700,2042.4118774202418
18,1800,2027.7370385581848
18,1900,1999.8907087449131
18,2000,1999.8907087449131
18,2100,1991.7768630192668
18,2200,1959.5820341610636
18,2300,1904.8289365933895
18,2400,1893.2896857377084
18,2500,1893.2896857377084
18,2600,1877.5422759044702
18,2700,1769.1922643122668
18,2800,1769.1922643122668
18,2900,1769.1922643122668
18,3000,1769.1922643122668
18,3100,1769.1922643122668
18,3200,1769.1922643122668
18,3300,1769.1922643122668
18,3400,1769.1922643122668
18,3500,1769.1922643122668
18,3600,1769.1922643122668
18,3700,1769.1922643122668
18,3800,1769.1922643122668
18,3900,1769.1922643122668
18,4000,1769.1922643122668
18,4100,1769.1922643122668
18,4200,1769.1922643122668
18,4300,1736.8588822155307
18,4400,1736.8588822155307
18,4500,1736.8588822155307
18,4600,1736.8588822155307
18,4700,1736.8588822155307
18,4800,1736.8588822155307
18,4900,1736.8588822155307
18,5000,1736.8588822155307
18,5100,1736.8588822155307
18,5200,1736.8588822155307
18,5300,1710.8393747870255
18,5400,1710.8393747870255
18,5500,1710.8393747870255
18,5600,1710.8393747870255
18,5700,1710.8393747870255
18,5800,1710.8393747870255
18,5900,1710.8393747870255
18,6000,1710.8393747870255
18,6100,1710.8393747870255
18,6200,1710.8393747870255
18,6300,1710.8393747870255
18,6400,1708.3478977674479
18,6500,1708.3478977674479
18,6600,1708.3478977674479
18,6700,1708.3478977674479
18,6800,1708.3478977674479
18,6900,1708.3478977674479
18,7000,1708.3478977674479
18,7100,1708.3478977674479
18,7200,1708.3478977674479
18,7300,1708.3478977674479
18,7400,1695.0599708912143
18,7500,1695.0599708912143
18,7600,1695.0599708912143
18,7700,1666.7658294742944
18,7800,1666.7658294742944
18,7900,1666.7658294742944
18,8000,1666.7658294742944
18,8100,1666.7658294742944
18,8200,1666.7658294742944
18,8300,1666.7658294742944
18,8400,1666.7658294742944
18,8500,1666.7658294742944
18,8600,1666.7658294742944
18,8700,1666.7658294742944
18,8800,1666.7658294742944
18,8900,1666.7658294742944
18,9000,1666.7658294742944
18,9100,1666.7658294742944
18,9200,1666.7658294742944
18,9300,1630.5025300895118
18,9400,1630.5025300895118
18,9500,1630.5025300895118
18,9600,1630.5025300895118
18,9700,1630.5025300895118
18,9800,1630.5025300895118
18,9900,1630.5025300895118
18,10000,1630.5025300895118
18,10100,1575.6786332125778
18,10200,1575.6786332125778
18,10300,1575.6786332125778
18,10400,1575.6786332125778
18,10500,1575.6786332125778
18,10600,1575.6786332125778
18,10700,1575.6786332125778
18,10800,1575.6786332125778
18,10900,1575.6786332125778
18,11000,1575.6786332125778
18,11100,1575.6786332125778
18,11200,1575.6786332125778
18,11300,1575.6786332125778
18,11400,1575.6786332125778
18,11500,1575.6786332125778
18,11600,1575.6786332125778
18,11700,1575.6786332125778
18,11800,1575.6786332125778
18,11900,1575.6786332125778
18,12000,1575.6786332125778
18,12100,1575.6786332125778
18,12200,1575.6786332125778
18,12300,1575.6786332125778
18,12400,1575.6786332125778
18,12500,1575.6786332125778
18,12600,1571.8957455769432
18,12700,1571.8957455769432
18,12800,1571.8957455769432
18,12900,1571.8957455769432
18,13000,1571.8957455769432
18,13100,1571.8957455769432
18,13200,1571.8957455769432
18,13300,1571.8957455769432
18,13400,1571.8957455769432
18,13500,1571.8957455769432
18,13600,1571.8957455769432
18,13700,1571.8957455769432
18,13800,1571.8957455769432
18,13900,1571.8957455769432
18,14000,1571.8957455769432
18,14100,1571.8957455769432
18,14200,1571.8957455769432
18,14300,1571.8957455769432
18,14400,1571.8957455769432
18,14500,1571.8957455769432
18,14600,1571.8957455769432
18,14700,1571.8957455769432
18,14800,1571.8957455769432
18,14900,1571.8957455769432
18,15000,1571.8957455769432
18,15100,1571.8957455769432
18,15200,1571.8957455769432
18,15300,1571.8957455769432
18,15400,1571.8957455769432
18,15500,1571.8957455769432
18,15600,1571.8957455769432
18,15700,1571.8957455769432
18,15800,1571.8957455769432
18,15900,1571.8957455769432
18,16000,1571.8957455769432
18,16100,1558.2011392691034
18,16200,1558.2011392691034
18,16300,1558.2011392691034
18,16400,1558.2011392691034
18,16500,1558.2011392691034
18,16600,1558.2011392691034
18,16700,1549.3441362289595
18,16800,1549.3441362289595
18,16900,1549.3441362289595
18,17000,1549.3441362289595
18,17100,1549.3441362289595
18,17200,1549.3441362289595
18,17300,1549.3441362289595
18,17400,1549.3441362289595
18,17500,1549.3441362289595
18,17600,1549.3441362289595
18,17700,1549.3441362289595
18,17800,1549.3441362289595
18,17900,1549.3441362289595
18,18000,1549.3441362289595
18,18100,1549.3441362289595
18,18200,1549.3441362289595
18,18300,1549.3441362289595
18,18400,1549.3441362289595
18,18500,1549.3441362289595
18,18600,1549.3441362289595
18,18700,1549.3441362289595
18,18800,1549.3441362289595
18,18900,1549.3441362289595
18,19000,1549.3441362289595
18,19100,1549.3441362289595
18,19200,1549.3441362289595
18,19300,1549.3441362289595
18,19400,1549.3441362289595
18,19500,1549.3441362289595
18,19600,1549.3441362289595
18,19700,1549.3441362289595
18,19800,1549.3441362289595
18,19900,1549.3441362289595
18,20000,1519.9835190646445
18,20100,1519.9835190646445
18,20200,1519.9835190646445
18,20300,1519.9835190646445
18,20400,1512.3128135167597
18,20500,1512.3128135167597
18,20600,1512.3128135167597
18,20700,1512.3128135167597
18,20800,1512.3128135167597
18,20900,1512.3128135167588
18,21000,1512.3128135167588
18,21100,1512.3128135167588
18,21200,1500.9191291583368
18,21300,1500.9191291583368
18,21400,1500.9191291583368
18,21500,1500.9191291583368
18,21600,1500.9191291583368
18,21700,1500.9191291583368
18,21800,1500.9191291583368
18,21900,1500.9191291583368
18,22000,1500.9191291583368
18,22100,1500.9191291583368
18,22200,1484.169523196382
18,22300,1484.169523196382
18,22400,1484.169523196382
18,22500,1484.169523196382
18,22600,1484.169523196382
18,22700,1484.169523196382
18,22800,1484.169523196382
18,22900,1484.169523196382
18,23000,1484.169523196382
18,23100,1484.169523196382
18,23200,1484.169523196382
18,23300,1484.169523196382
18,23400,1484.169523196382
18,23500,1484.169523196382
18,23600,1484.169523196382
18,23700,1484.169523196382
18,23800,1484.169523196382
18,23900,1484.169523196382
18,24000,1484.169523196382
18,24100,1484.169523196382
18,24200,1484.169523196382
18,24300,1484.169523196382
18,24400,1484.169523196382
18,24500,1484.169523196382
18,24600,1484.169523196382
18,24700,1484.169523196382
18,24800,1484.169523196382
18,24900,1484.169523196382
18,25000,1484.169523196382
18,25100,1484.169523196382
18,25200,1484.169523196382
18,25300,1484.169523196382
18,25400,1484.169523196382
18,25500,1484.169523196382
18,25600,1484.169523196382
18,25700,1484.169523196382
18,25800,1484.169523196382
18,25900,1484.169523196382
18,26000,1484.169523196382
18,26100,1484.169523196382
18,26200,1484.169523196382
18,26300,1484.169523196382
18,26400,1484.169523196382
18,26500,1484.169523196382
18,26600,1484.169523196382
18,26700,1484.169523196382
18,26800,1484.169523196382
18,26900,1484.169523196382
18,27000,1484.169523196382
18,27100,1484.169523196382
18,27200,1484.169523196382
18,27300,1484.169523196382
18,27400,1484.169523196382
18,27500,1484.169523196382
18,27600,1484.169523196382
18,27700,1484.169523196382
18,27800,1460.3352322432324
18,27900,1460.3352322432324
18,28000,1460.3352322432324
18,28100,1460.3352322432324
18,28200,1460.3352322432324
18,28300,1460.3352322432324
18,28400,1460.3352322432324
18,28500,1460.3352322432324
18,28600,1460.3352322432324
18,28700,1460.3352322432324
18,28800,1460.3352322432324
18,28900,1446.770977201743
18,29000,1446.770977201743
18,29100,1446.770977201743
18,29200,1439.805582352229
18,29300,1439.805582352229
18,29400,1439.805582352229
18,29500,1439.805582352229
18,29600,1439.805582352229
18,29700,1439.805582352229
18,29800,1439.805582352229
18,29900,1439.805582352229
18,30000,1439.805582352229
18,30100,1439.805582352229
18,30200,1439.805582352229
18,30300,1439.805582352229
18,30400,1439.805582352229
18,30500,1439.805582352229
18,30600,1439.805582352229
18,30700,1439.805582352229
18,30800,1439.805582352229
18,30900,1439.805582352229
18,31000,1439.805582352229
18,31100,1439.805582352229
18,31200,1439.805582352229
18,31300,1439.805582352229
18,31400,1439.805582352229
18,31500,1439.805582352229
18,31600,1439.805582352229
18,31700,1439.805582352229
18,31800,1439.805582352229
18,31900,1439.805582352229
18,32000,1439.805582352229
18,32100,1439.805582352229
18,32200,1439.805582352229
18,32300,1439.805582352229
18,32400,1439.805582352229
18,32500,1439.805582352229
18,32600,1439.805582352229
18,32700,1439.805582352229
18,32800,1439.805582352229
18,32900,1439.805582352229
18,33000,1439.805582352229
18,33100,1439.805582352229
18,33200,1430.7166483688286
18,33300,1430.7166483688286
18,33400,1430.7166483688286
18,33500,1430.7166483688286
18,33600,1430.7166483688286
18,33700,1430.7166483688286
18,33800,1430.7166483688286
18,33900,1430.7166483688286
18,34000,1430.7166483688286
18,34100,1430.7166483688286
18,34200,1430.7166483688286
18,34300,1430.7166483688286
18,34400,1430.7166483688286
18,34500,1430.7166483688286
18,34600,1430.7166483688286
18,34700,1430.7166483688286
18,34800,1430.7166483688286
18,34900,1430.7166483688286
18,35000,1418.0736170120595
18,35100,1418.0736170120595
18,35200,1418.0736170120595
18,35300,1418.0736170120595
18,35400,1418.0736170120595
18,35500,1418.0736170120595
18,35600,1418.0736170120595
18,35700,1418.0736170120595
18,35800,1418.0736170120595
18,35900,1418.0736170120595
18,36000,1418.0736170120595
18,36100,1418.0736170120595
18,36200,1418.0736170120595
18,36300,1418.0736170120595
18,36400,1418.0736170120595
18,36500,1418.0736170120595
18,36600,1418.0736170120595
18,36700,1418.0736170120595
18,36800,1418.0736170120595
18,36900,1418.0736170120595
18,37000,1418.0736170120595
18,37100,1418.0736170120595
18,37200,1418.0736170120595
18,37300,1418.0736170120595
18,37400,1418.0736170120595
18,37500,1418.0736170120595
18,37600,1418.0736170120595
18,37700,1418.0736170120595
18,37800,1418.0736170120595
18,37900,1418.0736170120595
18,38000,1418.0736170120595
18,38100,1418.0736170120595
18,38200,1418.0736170120595
18,38300,1418.0736170120595
18,38400,1418.0736170120595
18,38500,1418.0736170120595
18,38600,1418.0736170120595
18,38700,1418.0736170120595
18,38800,1418.0736170120595
18,38900,1418.0736170120595
18,39000,1418.0736170120595
18,39100,1418.0736170120595
18,39200,1418.0736170120595
18,39300,1418.0736170120595
18,39400,1418.0736170120595
18,39500,1418.0736170120595
18,39600,1418.0736170120595
18,39700,1418.0736170120595
18,39800,1418.0736170120595
18,39900,1418.0736170120595
18,40000,1418.0736170120595
18,40100,1418.0736170120595
18,40200,1418.0736170120595
18,40300,1418.0736170120595
18,40400,1418.0736170120595
18,40500,1418.0736170120595
18,40600,1418.0736170120595
18,40700,1418.0736170120595
18,40800,1418.0736170120595
18,40900,1418.0736170120595
18,41000,1418.0736170120595
18,41100,1418.0736170120595
18,41200,1418.0736170120595
18,41300,1401.55195320196
18,41400,1401.55195320196
18,41500,1401.55195320196
18,41600,1401.55195320196
18,41700,1401.55195320196
18,41800,1395.7571484260804
18,41900,1395.7571484260804
18,42000,1395.7571484260804
18,42100,1395.7571484260804
18,42200,1395.7571484260804
18,42300,1395.7571484260804
18,42400,1395.7571484260804
18,42500,1386.1206818905414
18,42600,1386.1206818905414
18,42700,1386.1206818905414
18,42800,1386.1206818905414
18,42900,1386.1206818905414
18,43000,1386.1206818905414
18,43100,1386.1206818905414
18,43200,1386.1206818905414
18,43300,1386.1206818905414
18,43400,1386.1206818905414
18,43500,1386.1206818905414
18,43600,1386.1206818905414
18,43700,1386.1206818905414
18,43800,1386.1206818905414
18,43900,1386.1206818905414
18,44000,1386.1206818905414
18,44100,1386.1206818905414
18,44200,1386.1206818905414
18,44300,1386.1206818905414
18,44400,1386.1206818905414
18,44500,1386.1206818905414
18,44600,1386.1206818905414
18,44700,1386.1206818905414
18,44800,1386.1206818905414
18,44900,1386.1206818905414
18,45000,1386.1206818905414
18,45100,1386.1206818905414
18,45200,1386.1206818905414
18,45300,1386.1206818905414
18,45400,1385.6249892011708
18,45500,1385.6249892011708
18,45600,1385.6249892011708
18,45700,1385.6249892011708
18,45800,1385.6249892011708
18,45900,1385.6249892011708
18,46000,1385.6249892011708
18,46100,1385.6249892011708
18,46200,1385.6249892011708
18,46300,1385.6249892011708
18,46400,1385.6249892011708
18,46500,1385.6249892011708
18,46600,1385.6249892011708
18,46700,1385.6249892011708
18,46800,1385.6249892011708
18,46900,1385.6249892011708
18,47000,1385.6249892011708
18,47100,1385.6249892011708
18,47200,1385.6249892011708
18,47300,1385.6249892011708
18,47400,1385.6249892011708
18,47500,1385.6249892011708
18,47600,1385.6249892011708
18,47700,1385.6249892011708
18,47800,1385.6249892011708
18,47900,1385.6249892011704
18,48000,1385.6249892011704
18,48100,1385.6249892011704
18,48200,1385.6249892011704
18,48300,1385.6249892011704
18,48400,1385.6249892011704
18,48500,1385.6249892011704
18,48600,1385.6249892011704
18,48700,1385.6249892011704
18,48800,1385.6249892011704
18,48900,1385.6249892011704
18,49000,1385.6249892011704
18,49100,1385.6249892011704
18,49200,1359.1531355828834
18,49300,1359.1531355828834
18,49400,1359.1531355828834
18,49500,1359.1531355828834
18,49600,1359.1531355828834
18,49700,1359.1531355828834
18,49800,1359.1531355828834
18,49900,1359.1531355828834
18,50000,1359.1531355828834
19,200,2542.4581717882356
19,300,2339.560419844719
19,400,2247.271837632783
19,500,2247.271837632783
19,600,2247.271837632783
19,700,2222.05590267621
19,800,2222.05590267621
19,900,2197.459885931335
19,1000,2197.459885931335
19,1100,2107.54927167877
19,1200,2085.697309671347
19,1300,2085.697309671347
19,1400,2085.697309671347
19,1500,2048.2901317416768
19,1600,2041.9373776385078
19,1700,2041.9373776385078
19,1800,2041.9373776385078
19,1900,2041.9373776385078
19,2000,2010.536991984422
19,2100,2010.536991984422
19,2200,2010.536991984422
19,2300,1947.3840188919348
19,2400,1947.3840188919348
19,2500,1917.5241508417093
19,2600,1858.316256239827
19,2700,1858.316256239827
19,2800,1854.5173496083814
19,2900,1854.5173496083814
19,3000,1854.5173496083814
19,3100,1816.201030117264
19,3200,1816.201030117264
19,3300,1816.201030117264
19,3400,1816.201030117264
19,3500,1816.201030117264
19,3600,1816.201030117264
19,3700,1807.4604015934508
19,3800,1807.4604015934508
19,3900,1807.4604015934508
19,4000,1793.3809053301118
19,4100,1762.6824560995415
19,4200,1762.6824560995415
19,4300,1762.6824560995415
19,4400,1762.6824560995415
19,4500,1762.6824560995415
19,4600,1762.6824560995415
19,4700,1762.6824560995415
19,4800,1762.6824560995415
19,4900,1762.6824560995415
19,5000,1762.6824560995415
19,5100,1665.0062775745532
19,5200,1665.0062775745532
19,5300,1665.0062775745532
19,5400,1665.0062775745532
19,5500,1665.0062775745532
19,5600,1665.0062775745532
19,5700,1665.0062775745532
19,5800,1665.0062775745532
19,5900,1665.0062775745532
19,6000,1665.0062775745532
19,6100,1665.0062775745532
19,6200,1665.0062775745532
19,6300,1665.0062775745532
19,6400,1648.0230830869168
19,6500,1648.0230830869168
19,6600,1648.0230830869168
19,6700,1648.0230830869168
19,6800,1648.0230830869168
19,6900,1648.0230830869168
19,7000,1648.0230830869168
19,7100,1648.0230830869168
19,7200,1648.0230830869168
19,7300,1648.0230830869168
19,7400,1648.0230830869168
19,7500,1648.0230830869168
19,7600,1648.0230830869168
19,7700,1648.0230830869168
19,7800,1648.0230830869168
19,7900,1648.0230830869168
19,8000,1648.0230830869168
19,8100,1648.0230830869168
19,8200,1648.0230830869168
19,8300,1648.0230830869168
19,8400,1648.0230830869168
19,8500,1648.0230830869168
19,8600,1648.0230830869168
19,8700,1648.0230830869168
19,8800,1648.0230830869168
19,8900,1648.0230830869168
19,9000,1648.0230830869168
19,9100,1648.0230830869168
19,9200,1648.0230830869168
19,9300,1645.852792046791
19,9400,1645.852792046791
19,9500,1645.852792046791
19,9600,1645.852792046791
19,9700,1645.852792046791
19,9800,1645.852792046791
19,9900,1645.852792046791
19,10000,1645.852792046791
19,10100,1645.852792046791
19,10200,1645.852792046791
19,10300,1645.852792046791
19,10400,1645.852792046791
19,10500,1645.852792046791
19,10600,1645.852792046791
19,10700,1645.852792046791
19,10800,1645.852792046791
19,10900,1645.852792046791
19,11000,1645.852792046791
19,11100,1645.852792046791
19,11200,1645.852792046791
19,11300,1645.852792046791
19,11400,1645.852792046791
19,11500,1645.852792046791
19,11600,1645.852792046791
19,11700,1645.852792046791
19,11800,1645.852792046791
19,11900,1645.852792046791
19,12000,1645.852792046791
19,12100,1645.852792046791
19,12200,1645.852792046791
19,12300,1639.6510330351741
19,12400,1639.6510330351741
19,12500,1639.6510330351741
19,12600,1639.6510330351741
19,12700,1639.6510330351741
19,12800,1630.4339342040691
19,12900,1630.4339342040691
19,13000,1630.4339342040691
19,13100,1630.4339342040691
19,13200,1611.9837660979554
19,13300,1611.9837660979554
19,13400,1611.9837660979554
19,13500,1611.9837660979554
19,13600,1611.9837660979554
19,13700,1611.9837660979554
19,13800,1611.9837660979554
19,13900,1611.9837660979554
19,14000,1611.9837660979554
19,14100,1611.9837660979554
19,14200,1611.9837660979554
19,14300,1553.95720199911
19,14400,1553.95720199911
19,14500,1553.95720199911
19,14600,1553.95720199911
19,14700,1553.95720199911
19,14800,1553.95720199911
19,14900,1553.95720199911
19,15000,1553.95720199911
19,15100,1553.95720199911
19,15200,1553.95720199911
19,15300,1553.95720199911
19,15400,1553.95720199911
19,15500,1553.95720199911
19,15600,1475.7077887380267
19,15700,1475.7077887380267
19,15800,1475.7077887380267
19,15900,1475.7077887380267
19,16000,1475.7077887380267
19,16100,1475.7077887380267
19,16200,1475.7077887380267
19,16300,1475.7077887380267
19,16400,1475.7077887380267
19,16500,1475.7077887380267
19,16600,1475.7077887380267
19,16700,1475.7077887380267
19,16800,1475.7077887380267
19,16900,1475.7077887380267
19,17000,1475.7077887380267
19,17100,1475.7077887380267
19,17200,1475.7077887380267
19,17300,1475.7077887380267
19,17400,1475.7077887380267
19,17500,1475.7077887380267
19,17600,1475.7077887380267
19,17700,1475.7077887380267
19,17800,1475.7077887380267
19,17900,1475.7077887380267
19,18000,1475.7077887380267
19,18100,1475.7077887380267
19,18200,1475.7077887380267
19,18300,1475.7077887380267
19,18400,1475.7077887380267
19,18500,1475.7077887380267
19,18600,1475.7077887380267
19,18700,1475.7077887380267
19,18800,1475.7077887380267
19,18900,1475.7077887380267
19,19000,1475.7077887380267
19,19100,1475.7077887380267
19,19200,1475.7077887380267
19,19300,1475.7077887380267
19,19400,1475.7077887380267
19,19500,1475.7077887380267
19,19600,1475.7077887380267
19,19700,1475.7077887380267
19,19800,1475.7077887380267
19,19900,1475.7077887380267
19,20000,1475.7077887380267
19,20100,1475.7077887380267
19,20200,1475.7077887380267
19,20300,1475.7077887380267
19,20400,1475.7077887380267
19,20500,1475.7077887380267
19,20600,1475.7077887380267
19,20700,1475.7077887380267
19,20800,1475.7077887380267
19,20900,1475.7077887380267
19,21000,1475.7077887380267
19,21100,1475.7077887380267
19,21200,1475.7077887380267
19,21300,1475.7077887380267
19,21400,1475.7077887380267
19,21500,1475.7077887380267
19,21600,1475.7077887380267
19,21700,1475.7077887380267
19,21800,1475.7077887380267
19,21900,1475.7077887380267
19,22000,1475.7077887380267
19,22100,1475.7077887380267
19,22200,1475.7077887380267
19,22300,1475.7077887380267
19,22400,1475.7077887380267
19,22500,1475.7077887380267
19,22600,1475.7077887380267
19,22700,1475.7077887380267
19,22800,1475.7077887380267
19,22900,1475.7077887380267
19,23000,1475.7077887380267
19,23100,1475.7077887380267
19,23200,1475.7077887380267
19,23300,1475.7077887380265
19,23400,1475.7077887380265
19,23500,1475.7077887380265
19,23600,1475.7077887380265
19,23700,1475.7077887380265
19,23800,1475.7077887380265
19,23900,1475.7077887380265
19,24000,1475.7077887380265
19,24100,1475.7077887380265
19,24200,1475.7077887380265
19,24300,1475.7077887380265
19,24400,1475.7077887380265
19,24500,1475.7077887380265
19,24600,1475.7077887380265
19,24700,1475.7077887380265
19,24800,1475.7077887380265
19,24900,1475.7077887380265
19,25000,1475.7077887380265
19,25100,1475.7077887380265
19,25200,1475.7077887380265
19,25300,1475.7077887380265
19,25400,1475.7077887380265
19,25500,1475.7077887380265
19,25600,1475.7077887380265
19,25700,1475.7077887380265
19,25800,1475.7077887380265
19,25900,1475.7077887380265
19,26000,1475.7077887380265
19,26100,1475.7077887380265
19,26200,1475.7077887380265
19,26300,1475.7077887380265
19,26400,1475.7077887380265
19,26500,1475.7077887380265
19,26600,1475.7077887380265
19,26700,1475.7077887380265
19,26800,1475.7077887380265
19,26900,1475.7077887380265
19,27000,1475.7077887380265
19,27100,1475.7077887380265
19,27200,1475.7077887380265
19,27300,1475.7077887380265
19,27400,1475.7077887380265
19,27500,1475.7077887380265
19,27600,1475.7077887380265
19,27700,1475.7077887380265
19,27800,1475.7077887380265
19,27900,1475.7077887380265
19,28000,1475.7077887380265
19,28100,1475.7077887380265
19,28200,1475.7077887380265
19,28300,1475.7077887380265
19,28400,1475.7077887380265
19,28500,1475.7077887380265
19,28600,1475.7077887380265
19,28700,1475.7077887380265
19,28800,1475.0919205910006
19,28900,1475.0919205910006
19,29000,1475.0919205910006
19,29100,1475.0919205910006
19,29200,1475.0919205910006
19,29300,1475.0919205910006
19,29400,1475.0919205910006
19,29500,1475.0919205910006
19,29600,1475.0919205910006
19,29700,1471.8569236198095
19,29800,1435.202704281359
19,29900,1435.202704281359
19,30000,1435.202704281359
19,30100,1435.202704281359
19,30200,1435.202704281359
19,30300,1435.202704281359
19,30400,1429.264700379781
19,30500,1429.264700379781
19,30600,1425.7510214027188
19,30700,1425.7510214027188
19,30800,1425.7510214027188
19,30900,1425.7510214027188
19,31000,1425.7510214027188
19,31100,1420.5396744631494
19,31200,1420.5396744631494
19,31300,1420.5396744631494
19,31400,1420.5396744631494
19,31500,1420.5396744631494
19,31600,1420.5396744631494
19,31700,1420.5396744631494
19,31800,1420.5396744631494
19,31900,1420.5396744631494
19,32000,1420.5396744631494
19,32100,1420.5396744631494
19,32200,1402.102124819164
19,32300,1402.102124819164
19,32400,1385.6644667839817
19,32500,1359.1591965542898
19,32600,1359.1591965542898
19,32700,1359.1591965542898
19,32800,1359.1591965542898
19,32900,1340.966228366308
19,33000,1340.966228366308
19,33100,1340.966228366308
19,33200,1340.966228366308
19,33300,1340.966228366308
19,33400,1340.966228366308
19,33500,1340.966228366308
19,33600,1340.966228366308
19,33700,1340.966228366308
19,33800,1340.966228366308
19,33900,1340.966228366308
19,34000,1340.966228366308
19,34100,1340.966228366308
19,34200,1340.966228366308
19,34300,1328.1903536770387
19,34400,1328.1903536770387
19,34500,1328.1903536770387
19,34600,1328.1903536770387
19,34700,1328.1903536770387
19,34800,1328.1903536770387
19,34900,1328.1903536770387
19,35000,1328.1903536770387
19,35100,1328.1903536770387
19,35200,1328.1903536770387
19,35300,1328.1903536770387
19,35400,1328.1903536770387
19,35500,1328.1903536770387
19,35600,1328.1903536770387
19,35700,1328.1903536770387
19,35800,1328.1903536770387
19,35900,1328.1903536770387
19,36000,1328.1903536770387
19,36100,1328.1903536770387
19,36200,1328.1903536770387
19,36300,1328.1903536770387
19,36400,1328.1903536770387
19,36500,1328.1903536770387
19,36600,1328.1903536770387
19,36700,1328.1903536770387
19,36800,1328.1903536770387
19,36900,1328.1903536770387
19,37000,1328.1903536770387
19,37100,1328.1903536770387
19,37200,1328.1903536770387
19,37300,1328.1903536770387
19,37400,1323.1427712152527
19,37500,1323.1427712152527
19,37600,1323.1427712152527
19,37700,1323.1427712152527
19,37800,1323.1427712152527
19,37900,1323.1427712152527
19,38000,1323.1427712152527
19,38100,1323.1427712152527
19,38200,1323.1427712152527
19,38300,1323.1427712152527
19,38400,1323.1427712152527
19,38500,1323.1427712152527
19,38600,1323.1427712152527
19,38700,1323.1427712152527
19,38800,1323.1427712152527
19,38900,1323.1427712152527
19,39000,1323.1427712152527
19,39100,1323.1427712152527
19,39200,1323.1427712152527
19,39300,1323.1427712152527
19,39400,1323.1427712152527
19,39500,1323.1427712152527
19,39600,1323.1427712152527
19,39700,1323.1427712152527
19,39800,1323.1427712152527
19,39900,1323.1427712152527
19,40000,1323.1427712152527
19,40100,1323.1427712152527
19,40200,1323.1427712152527
19,40300,1323.1427712152527
19,40400,1323.1427712152527
19,40500,1323.1427712152527
19,40600,1323.1427712152527
19,40700,1323.1427712152527
19,40800,1323.1427712152527
19,40900,1323.1427712152527
19,41000,1323.1427712152527
19,41100,1323.1427712152527
19,41200,1323.1427712152527
19,41300,1323.1427712152527
19,41400,1323.1427712152527
19,41500,1323.1427712152527
19,41600,1323.1427712152527
19,41700,1323.1427712152527
19,41800,1323.1427712152527
19,41900,1323.1427712152527
19,42000,1323.1427712152527
19,42100,1323.1427712152527
19,42200,1323.1427712152527
19,42300,1323.1427712152527
19,42400,1323.1427712152527
19,42500,1323.1427712152527
19,42600,1323.1427712152527
19,42700,1323.1427712152527
19,42800,1323.1427712152527
19,42900,1323.1427712152527
19,43000,1323.1427712152527
19,43100,1323.1427712152527
19,43200,1323.1427712152527
19,43300,1323.1427712152527
19,43400,1323.1427712152527
19,43500,1323.1427712152527
19,43600,1323.1427712152527
19,43700,1323.1427712152527
19,43800,1323.1427712152527
19,43900,1323.1427712152527
19,44000,1323.1427712152527
19,44100,1323.1427712152527
19,44200,1323.1427712152527
19,44300,1323.1427712152527
19,44400,1323.1427712152527
19,44500,1323.1427712152527
19,44600,1323.1427712152527
19,44700,1323.1427712152527
19,44800,1323.1427712152527
19,44900,1323.1427712152527
19,45000,1323.1427712152527
19,45100,1323.1427712152527
19,45200,1323.1427712152527
19,45300,1323.1427712152527
19,45400,1323.1427712152527
19,45500,1323.1427712152527
19,45600,1323.1427712152527
19,45700,1323.1427712152527
19,45800,1323.1427712152527
19,45900,1323.1427712152527
19,46000,1323.1427712152527
19,46100,1323.1427712152527
19,46200,1323.1427712152527
19,46300,1323.1427712152527
19,46400,1323.1427712152527
19,46500,1323.1427712152527
19,46600,1323.1427712152527
19,46700,1323.1427712152527
19,46800,1323.1427712152527
19,46900,1323.1427712152527
19,47000,1323.1427712152527
19,47100,1323.1427712152527
19,47200,1323.1427712152527
19,47300,1323.1427712152527
19,47400,1323.1427712152527
19,47500,1323.1427712152527
19,47600,1323.1427712152527
19,47700,1323.1427712152527
19,47800,1323.1427712152527
19,47900,1323.1427712152527
19,48000,1323.1427712152527
19,48100,1323.1427712152527
19,48200,1323.1427712152527
19,48300,1323.1427712152527
19,48400,1323.1427712152527
19,48500,1323.1427712152527
19,48600,1323.1427712152527
19,48700,1323.1427712152527
19,48800,1323.1427712152527
19,48900,1323.1427712152527
19,49000,1323.1427712152527
19,49100,1323.1427712152527
19,49200,1323.1427712152527
19,49300,1323.1427712152527
19,49400,1323.1427712152527
19,49500,1323.1427712152527
19,49600,1323.1427712152527
19,49700,1323.1427712152527
19,49800,1323.1427712152527
19,49900,1323.1427712152527
19,50000,1323.1427712152527
20,200,2511.6667745246104
20,300,2483.5599662607738
20,400,2428.3847832247266
20,500,2374.6709667224695
20,600,2244.237387599584
20,700,2170.085817813988
20,800,2170.085817813988
20,900,2170.085817813988
20,1000,2166.734300779479
20,1100,2166.734300779479
20,1200,2088.3205997311097
20,1300,2052.3987277450065
20,1400,2010.5758969055319
20,1500,1991.5814261866444
20,1600,1991.5814261866444
20,1700,1715.3568351205547
20,1800,1715.3568351205547
20,1900,1715.3568351205547
20,2000,1715.3568351205547
20,2100,1715.3568351205547
20,2200,1715.3568351205547
20,2300,1715.3568351205547
20,2400,1715.3568351205547
20,2500,1715.3568351205547
20,2600,1715.3568351205547
20,2700,1715.3568351205547
20,2800,1715.3568351205547
20,2900,1715.3568351205547
20,3000,1715.3568351205547
20,3100,1715.3568351205547
20,3200,1715.3568351205547
20,3300,1715.3568351205547
20,3400,1715.3568351205547
20,3500,1715.3568351205547
20,3600,1715.3568351205547
20,3700,1709.1855769260737
20,3800,1709.1855769260737
20,3900,1709.1855769260737
20,4000,1709.1855769260737
20,4100,1709.1855769260737
20,4200,1709.1855769260737
20,4300,1709.1855769260737
20,4400,1709.1855769260737
20,4500,1709.1855769260737
20,4600,1687.094478570687
20,4700,1687.094478570687
20,4800,1687.094478570687
20,4900,1680.251591534246
20,5000,1680.251591534246
20,5100,1680.251591534246
20,5200,1680.251591534246
20,5300,1680.251591534246
20,5400,1680.251591534246
20,5500,1677.5346366931017
20,5600,1677.5346366931017
20,5700,1677.5346366931017
20,5800,1677.5346366931017
20,5900,1677.5346366931017
20,6000,1677.5346366931017
20,6100,1677.5346366931017
20,6200,1677.5346366931017
20,6300,1677.5346366931017
20,6400,1677.5346366931017
20,6500,1677.5346366931017
20,6600,1677.5346366931017
20,6700,1677.5346366931017
20,6800,1677.5346366931017
20,6900,1677.5346366931017
20,7000,1677.5346366931017
20,7100,1677.5346366931017
20,7200,1677.5346366931017
20,7300,1677.5346366931017
20,7400,1677.5346366931017
20,7500,1677.5346366931017
20,7600,1677.5346366931017
20,7700,1677.5346366931017
20,7800,1677.5346366931017
20,7900,1677.5346366931017
20,8000,1677.5346366931017
20,8100,1677.5346366931017
20,8200,1677.5346366931017
20,8300,1677.5346366931017
20,8400,1677.5346366931017
20,8500,1677.5346366931017
20,8600,1677.5346366931017
20,8700,1677.5346366931017
20,8800,1677.5346366931017
20,8900,1677.5346366931017
20,9000,1677.5346366931017
20,9100,1677.5346366931017
20,9200,1677.5346366931017
20,9300,1675.2543526210193
20,9400,1675.2543526210193
20,9500,1675.2543526210193
20,9600,1675.2543526210193
20,9700,1675.2543526210193
20,9800,1675.2543526210193
20,9900,1675.2543526210193
20,10000,1675.2543526210193
20,10100,1675.2543526210193
20,10200,1654.038229663888
20,10300,1654.038229663888
20,10400,1654.038229663888
20,10500,1654.038229663888
20,10600,1654.038229663888
20,10700,1654.038229663888
20,10800,1654.038229663888
20,10900,1654.038229663888
20,11000,1639.4008613084218
20,11100,1639.4008613084218
20,11200,1639.4008613084218
20,11300,1639.4008613084218
20,11400,1639.4008613084218
20,11500,1639.4008613084218
20,11600,1639.4008613084218
20,11700,1639.4008613084218
20,11800,1639.4008613084218
20,11900,1639.4008613084218
20,12000,1633.988335171033
20,12100,1633.988335171033
20,12200,1633.988335171033
20,12300,1633.988335171033
20,12400,1633.988335171033
20,12500,1633.988335171033
20,12600,1633.988335171033
20,12700,1633.988335171033
20,12800,1633.988335171033
20,12900,1633.988335171033
20,13000,1633.988335171033
20,13100,1633.988335171033
20,13200,1633.988335171033
20,13300,1633.988335171033
20,13400,1633.988335171033
20,13500,1633.988335171033
20,13600,1633.988335171033
20,13700,1633.988335171033
20,13800,1633.988335171033
20,13900,1607.0913151022205
20,14000,1607.0913151022205
20,14100,1603.943685800171
20,14200,1603.943685800171
20,14300,1603.943685800171
20,14400,1603.943685800171
20,14500,1603.943685800171
20,14600,1603.943685800171
20,14700,1603.943685800171
20,14800,1603.943685800171
20,14900,1603.943685800171
20,15000,1603.943685800171
20,15100,1603.943685800171
20,15200,1603.943685800171
20,15300,1603.943685800171
20,15400,1603.943685800171
20,15500,1603.943685800171
20,15600,1603.943685800171
20,15700,1603.943685800171
20,15800,1603.943685800171
20,15900,1603.943685800171
20,16000,1603.943685800171
20,16100,1603.943685800171
20,16200,1603.943685800171
20,16300,1603.943685800171
20,16400,1603.943685800171
20,16500,1603.943685800171
20,16600,1603.943685800171
20,16700,1603.943685800171
20,16800,1603.943685800171
20,16900,1595.6171228098108
20,17000,1595.6171228098108
20,17100,1593.8204033874983
20,17200,1593.8204033874983
20,17300,1578.391192005762
20,17400,1565.0716867971225
20,17500,1565.0716867971225
20,17600,1565.0716867971225
20,17700,1565.0716867971225
20,17800,1565.0716867971225
20,17900,1555.6807362319785
20,18000,1555.6807362319785
20,18100,1555.6807362319785
20,18200,1555.6807362319785
20,18300,1555.6807362319785
20,18400,1555.6807362319785
20,18500,1555.6807362319785
20,18600,1555.6807362319785
20,18700,1555.6807362319785
20,18800,1555.6807362319785
20,18900,1555.6807362319785
20,19000,1555.6807362319785
20,19100,1555.6807362319785
20,19200,1555.6807362319785
20,19300,1555.6807362319785
20,19400,1555.6807362319785
20,19500,1555.6807362319785
20,19600,1555.6807362319785
20,19700,1555.6807362319785
20,19800,1555.6807362319785
20,19900,1555.6807362319785
20,20000,1555.6807362319785
20,20100,1555.6807362319785
20,20200,1555.6807362319785
20,20300,1555.6807362319785
20,20400,1555.6807362319785
20,20500,1555.6807362319785
20,20600,1555.6807362319785
20,20700,1555.6807362319785
20,20800,1555.6807362319785
20,20900,1555.6807362319785
20,21000,1555.6807362319785
20,21100,1555.6807362319785
20,21200,1555.6807362319785
20,21300,1555.6807362319785
20,21400,1555.6807362319785
20,21500,1555.6807362319785
20,21600,1555.6807362319785
20,21700,1555.6807362319785
20,21800,1555.6807362319785
20,21900,1534.033783148614
20,22000,1534.033783148614
20,22100,1534.033783148614
20,22200,1534.033783148614
20,22300,1534.033783148614
20,22400,1534.033783148614
20,22500,1534.033783148614
20,22600,1534.033783148614
20,22700,1534.033783148614
20,22800,1534.033783148614
20,22900,1534.033783148614
20,23000,1534.033783148614
20,23100,1534.033783148614
20,23200,1534.033783148614
20,23300,1534.033783148614
20,23400,1534.033783148614
20,23500,1534.033783148614
20,23600,1534.033783148614
20,23700,1534.033783148614
20,23800,1534.033783148614
20,23900,1534.033783148614
20,24000,1534.033783148614
20,24100,1534.033783148614
20,24200,1534.033783148614
20,24300,1516.818597693961
20,24400,1516.818597693961
20,24500,1516.818597693961
20,24600,1516.818597693961
20,24700,1516.818597693961
20,24800,1516.818597693961
20,24900,1516.818597693961
20,25000,1516.818597693961
20,25100,1516.818597693961
20,25200,1516.818597693961
20,25300,1516.818597693961
20,25400,1516.818597693961
20,25500,1516.818597693961
20,25600,1516.818597693961
20,25700,1516.818597693961
20,25800,1516.818597693961
20,25900,1516.818597693961
20,26000,1516.818597693961
20,26100,1516.818597693961
20,26200,1516.818597693961
20,26300,1516.818597693961
20,26400,1516.818597693961
20,26500,1516.818597693961
20,26600,1516.818597693961
20,26700,1516.818597693961
20,26800,1513.9673933439497
20,26900,1513.9673933439497
20,27000,1513.9673933439497
20,27100,1513.9673933439497
20,27200,1513.9673933439497
20,27300,1512.2778106714288
20,27400,1512.2778106714288
20,27500,1512.2778106714288
20,27600,1512.2778106714288
20,27700,1512.2778106714288
20,27800,1512.2778106714288
20,27900,1512.2778106714288
20,28000,1512.2778106714288
20,28100,1512.2778106714288
20,28200,1512.2778106714288
20,28300,1512.2778106714288
20,28400,1512.2778106714288
20,28500,1512.2778106714288
20,28600,1512.2778106714288
20,28700,1512.2778106714288
20,28800,1512.2778106714288
20,28900,1512.2778106714288
20,29000,1512.2778106714288
20,29100,1512.2778106714288
20,29200,1512.2778106714288
20,29300,1512.2778106714288
20,29400,1512.2778106714288
20,29500,1512.2778106714288
20,29600,1512.2778106714288
20,29700,1512.2778106714288
20,29800,1512.2778106714288
20,29900,1512.2778106714288
20,30000,1512.2778106714288
20,30100,1512.2778106714288
20,30200,1512.2778106714288
20,30300,1512.2778106714288
20,30400,1512.2778106714288
20,30500,1503.096340032928
20,30600,1503.096340032928
20,30700,1503.096340032928
20,30800,1503.096340032928
20,30900,1492.0067356032696
20,31000,1492.0067356032696
20,31100,1492.0067356032696
20,31200,1492.0067356032696
20,31300,1492.0067356032696
20,31400,1492.0067356032696
20,31500,1492.0067356032696
20,31600,1492.0067356032696
20,31700,1492.0067356032696
20,31800,1492.0067356032696
20,31900,1492.0067356032696
20,32000,1470.547026979162
20,32100,1470.547026979162
20,32200,1470.547026979162
20,32300,1470.547026979162
20,32400,1470.547026979162
20,32500,1470.547026979162
20,32600,1470.547026979162
20,32700,1470.547026979162
20,32800,1470.547026979162
20,32900,1470.547026979162
20,33000,1470.547026979162
20,33100,1470.547026979162
20,33200,1470.547026979162
20,33300,1470.547026979162
20,33400,1459.0799962435588
20,33500,1459.0799962435588
20,33600,1459.0799962435588
20,33700,1459.0799962435588
20,33800,1444.1463141023696
20,33900,1444.1463141023696
20,34000,1444.1463141023696
20,34100,1444.1463141023696
20,34200,1444.1463141023696
20,34300,1444.1463141023696
20,34400,1436.3288334217493
20,34500,1436.3288334217493
20,34600,1436.3288334217493
20,34700,1436.3288334217493
20,34800,1436.3288334217493
20,34900,1436.3288334217493
20,35000,1436.3288334217493
20,35100,1436.3288334217493
20,35200,1436.3288334217493
20,35300,1436.3288334217493
20,35400,1436.3288334217493
20,35500,1436.3288334217493
20,35600,1436.3288334217493
20,35700,1422.9728521286597
20,35800,1422.9728521286597
20,35900,1422.9728521286597
20,36000,1422.9728521286597
20,36100,1422.9728521286597
20,36200,1422.9728521286597
20,36300,1422.9728521286597
20,36400,1422.9728521286597
20,36500,1422.9728521286597
20,36600,1422.9728521286597
20,36700,1422.9728521286597
20,36800,1422.9728521286597
20,36900,1422.9728521286597
20,37000,1422.9728521286597
20,37100,1422.9728521286597
20,37200,1422.9728521286597
20,37300,1422.9728521286597
20,37400,1422.9728521286597
20,37500,1422.9728521286597
20,37600,1422.9728521286597
20,37700,1422.9728521286597
20,37800,1422.9728521286597
20,37900,1422.9728521286597
20,38000,1422.9728521286597
20,38100,1422.9728521286597
20,38200,1422.9728521286597
20,38300,1422.9728521286597
20,38400,1422.9728521286597
20,38500,1422.9728521286597
20,38600,1422.9728521286597
20,38700,1422.9728521286597
20,38800,1422.9728521286597
20,38900,1394.1050148685135
20,39000,1394.1050148685135
20,39100,1394.1050148685135
20,39200,1394.1050148685135
20,39300,1383.532492391127
20,39400,1383.532492391127
20,39500,1383.532492391127
20,39600,1331.6244422852824
20,39700,1331.6244422852824
20,39800,1331.6244422852824
20,39900,1331.6244422852824
20,40000,1331.6244422852824
20,40100,1331.6244422852824
20,40200,1331.6244422852824
20,40300,1331.6244422852824
20,40400,1331.6244422852824
20,40500,1331.6244422852824
20,40600,1331.6244422852824
20,40700,1331.6244422852824
20,40800,1331.6244422852824
20,40900,1331.6244422852824
20,41000,1331.6244422852824
20,41100,1331.6244422852824
20,41200,1331.6244422852824
20,41300,1331.6244422852824
20,41400,1331.6244422852824
20,41500,1331.6244422852824
20,41600,1331.6244422852824
20,41700,1331.6244422852824
20,41800,1331.6244422852824
20,41900,1331.6244422852824
20,42000,1331.6244422852824
20,42100,1331.6244422852824
20,42200,1331.6244422852824
20,42300,1331.6244422852824
20,42400,1331.6244422852824
20,42500,1331.6244422852824
20,42600,1331.6244422852824
20,42700,1331.6244422852824
20,42800,1331.6244422852824
20,42900,1331.6244422852824
20,43000,1331.6244422852824
20,43100,1331.6244422852824
20,43200,1331.6244422852824
20,43300,1331.5607743962046
20,43400,1331.5607743962046
20,43500,1331.5607743962046
20,43600,1331.5607743962046
20,43700,1331.5607743962046
20,43800,1331.5607743962046
20,43900,1331.5607743962046
20,44000,1331.5607743962046
20,44100,1331.5607743962046
20,44200,1331.5607743962046
20,44300,1331.5607743962046
20,44400,1330.1640307283926
20,44500,1330.1640307283926
20,44600,1330.1640307283926
20,44700,1330.1640307283926
20,44800,1324.67187354073
20,44900,1324.67187354073
20,45000,1324.67187354073
20,45100,1324.67187354073
20,45200,1324.67187354073
20,45300,1324.67187354073
20,45400,1324.67187354073
20,45500,1324.67187354073
20,45600,1324.67187354073
20,45700,1324.67187354073
20,45800,1324.67187354073
20,45900,1324.67187354073
20,46000,1324.67187354073
20,46100,1324.67187354073
20,46200,1324.67187354073
20,46300,1324.67187354073
20,46400,1324.67187354073
20,46500,1324.67187354073
20,46600,1324.67187354073
20,46700,1324.67187354073
20,46800,1324.67187354073
20,46900,1324.67187354073
20,47000,1324.67187354073
20,47100,1324.67187354073
20,47200,1324.67187354073
20,47300,1324.67187354073
20,47400,1324.67187354073
20,47500,1324.67187354073
20,47600,1324.67187354073
20,47700,1324.67187354073
20,47800,1324.67187354073
20,47900,1324.67187354073
20,48000,1324.67187354073
20,48100,1324.67187354073
20,48200,1324.67187354073
20,48300,1324.67187354073
20,48400,1324.67187354073
20,48500,1324.6718735407298
20,48600,1324.6718735407298
20,48700,1324.6718735407298
20,48800,1324.6718735407298
20,48900,1324.6718735407298
20,49000,1324.6718735407298
20,49100,1324.6718735407298
20,49200,1324.6718735407298
20,49300,1324.6718735407298
20,49400,1324.6718735407298
20,49500,1324.6718735407298
20,49600,1324.6718735407298
20,49700,1324.6718735407298
20,49800,1324.6718735407298
20,49900,1324.6718735407298
20,50000,1324.6718735407298
21,200,2556.2985085259647
21,300,2427.224853904905
21,400,2333.018318357351
21,500,2305.9283259866725
21,600,2261.0987876266536
21,700,2261.0987876266536
21,800,2246.670695952514
21,900,2170.8280405897162
21,1000,2170.8280405897162
21,1100,2170.8280405897162
21,1200,2170.8280405897162
21,1300,2155.992495486874
21,1400,2141.661858418955
21,1500,2080.915989148665
21,1600,2080.915989148665
21,1700,2022.2841702837281
21,1800,2022.2841702837281
21,1900,2015.1852487701167
21,2000,2015.1852487701167
21,2100,2015.1852487701167
21,2200,1930.4151650813264
21,2300,1930.4151650813264
21,2400,1870.2924408778067
21,2500,1870.2924408778067
21,2600,1831.9753899246687
21,2700,1709.1375665845042
21,2800,1709.1375665845042
21,2900,1709.1375665845042
21,3000,1709.1375665845042
21,3100,1709.1375665845042
21,3200,1709.1375665845042
21,3300,1709.1375665845042
21,3400,1709.1375665845042
21,3500,1709.1375665845042
21,3600,1709.1375665845042
21,3700,1709.1375665845042
21,3800,1709.1375665845042
21,3900,1700.8786956143165
21,4000,1700.8786956143165
21,4100,1659.2827113531753
21,4200,1659.2827113531753
21,4300,1659.2827113531753
21,4400,1659.2827113531753
21,4500,1659.2827113531753
21,4600,1659.2827113531753
21,4700,1659.2827113531753
21,4800,1659.2827113531753
21,4900,1659.2827113531753
21,5000,1659.2827113531753
21,5100,1659.2827113531753
21,5200,1659.2827113531753
21,5300,1659.2827113531753
21,5400,1659.2827113531753
21,5500,1659.2827113531753
21,5600,1659.2827113531753
21,5700,1659.2827113531753
21,5800,1659.2827113531753
21,5900,1659.2827113531753
21,6000,1659.2827113531753
21,6100,1659.2827113531753
21,6200,1659.2827113531753
21,6300,1659.2827113531753
21,6400,1659.2827113531753
21,6500,1659.2827113531753
21,6600,1659.2827113531753
21,6700,1659.2827113531753
21,6800,1659.2827113531753
21,6900,1659.2827113531753
21,7000,1659.2827113531753
21,7100,1659.2827113531753
21,7200,1659.2827113531753
21,7300,1659.2827113531753
21,7400,1659.2827113531753
21,7500,1659.2827113531753
21,7600,1659.2827113531753
21,7700,1659.2827113531753
21,7800,1627.937208436104
21,7900,1627.937208436104
21,8000,1627.937208436104
21,8100,1627.937208436104
21,8200,1627.937208436104
21,8300,1623.7806965104937
21,8400,1623.7806965104937
21,8500,1623.7806965104937
21,8600,1623.7806965104937
21,8700,1623.7806965104937
21,8800,1623.7806965104937
21,8900,1623.7806965104937
21,9000,1623.7806965104937
21,9100,1623.7806965104937
21,9200,1623.7806965104937
21,9300,1623.7806965104937
21,9400,1623.7806965104937
21,9500,1623.7806965104937
21,9600,1623.7806965104937
21,9700,1623.7806965104937
21,9800,1623.7806965104937
21,9900,1623.7806965104937
21,10000,1623.7806965104937
21,10100,1623.7806965104937
21,10200,1623.7806965104937
21,10300,1614.4227433071367
21,10400,1614.4227433071367
21,10500,1614.4227433071367
21,10600,1614.4227433071367
21,10700,1614.4227433071367
21,10800,1614.4227433071367
21,10900,1614.4227433071367
21,11000,1614.4227433071367
21,11100,1614.4227433071367
21,11200,1614.4227433071367
21,11300,1614.4227433071367
21,11400,1614.4227433071367
21,11500,1614.4227433071367
21,11600,1592.8533295397654
21,11700,1592.8533295397654
21,11800,1592.8533295397654
21,11900,1592.8533295397654
21,12000,1592.8533295397654
21,12100,1592.8533295397654
21,12200,1592.8533295397654
21,12300,1592.8533295397654
21,12400,1592.8533295397654
21,12500,1592.8533295397654
21,12600,1592.8533295397654
21,12700,1592.8533295397654
21,12800,1592.8533295397654
21,12900,1592.8533295397654
21,13000,1592.8533295397654
21,13100,1592.8533295397654
21,13200,1592.8533295397654
21,13300,1558.3680805985794
21,13400,1558.3680805985794
21,13500,1558.3680805985794
21,13600,1558.3680805985794
21,13700,1558.3680805985794
21,13800,1550.3556361646622
21,13900,1550.3556361646622
21,14000,1550.3556361646622
21,14100,1550.3556361646622
21,14200,1550.3556361646622
21,14300,1550.3556361646622
21,14400,1550.3556361646622
21,14500,1550.3556361646622
21,14600,1550.3556361646622
21,14700,1550.3556361646622
21,14800,1550.3556361646622
21,14900,1550.3556361646622
21,15000,1550.3556361646622
21,15100,1522.818222406702
21,15200,1522.818222406702
21,15300,1522.818222406702
21,15400,1522.818222406702
21,15500,1522.818222406702
21,15600,1522.818222406702
21,15700,1522.818222406702
21,15800,1522.818222406702
21,15900,1522.818222406702
21,16000,1522.818222406702
21,16100,1522.818222406702
21,16200,1522.818222406702
21,16300,1522.818222406702
21,16400,1522.818222406702
21,16500,1522.818222406702
21,16600,1522.818222406702
21,16700,1522.818222406702
21,16800,1522.818222406702
21,16900,1506.9654005628167
21,17000,1506.9654005628167
21,17100,1506.9654005628167
21,17200,1506.9654005628167
21,17300,1506.9654005628167
21,17400,1506.9654005628167
21,17500,1506.9654005628167
21,17600,1506.9654005628167
21,17700,1506.9654005628167
21,17800,1506.9654005628167
21,17900,1481.2555238835466
21,18000,1481.2555238835466
21,18100,1481.2555238835466
21,18200,1481.2555238835466
21,18300,1481.2555238835466
21,18400,1481.2555238835466
21,18500,1481.2555238835466
21,18600,1481.2555238835466
21,18700,1481.2555238835466
21,18800,1481.2555238835466
21,18900,1481.2555238835466
21,19000,1481.2555238835466
21,19100,1481.2555238835466
21,19200,1481.2555238835466
21,19300,1481.2555238835466
21,19400,1481.2555238835466
21,19500,1481.2555238835466
21,19600,1481.2555238835466
21,19700,1481.2555238835466
21,19800,1481.2555238835466
21,19900,1481.2555238835466
21,20000,1481.2555238835466
21,20100,1481.2555238835466
21,20200,1481.2555238835466
21,20300,1481.2555238835466
21,20400,1481.2555238835466
21,20500,1481.2555238835466
21,20600,1481.2555238835466
21,20700,1481.079926453044
21,20800,1481.079926453044
21,20900,1481.079926453044
21,21000,1481.079926453044
21,21100,1481.079926453044
21,21200,1481.079926453044
21,21300,1481.079926453044
21,21400,1481.079926453044
21,21500,1481.079926453044
21,21600,1481.079926453044
21,21700,1481.079926453044
21,21800,1481.079926453044
21,21900,1481.079926453044
21,22000,1481.079926453044
21,22100,1481.079926453044
21,22200,1481.0799264530435
21,22300,1472.5163234449399
21,22400,1472.5163234449399
21,22500,1472.5163234449399
21,22600,1472.5163234449399
21,22700,1472.5163234449399
21,22800,1472.5163234449399
21,22900,1472.5163234449399
21,23000,1472.5163234449399
21,23100,1472.5163234449399
21,23200,1472.5163234449399
21,23300,1472.5163234449399
21,23400,1472.5163234449399
21,23500,1472.5163234449399
21,23600,1472.5163234449399
21,23700,1472.5163234449399
21,23800,1472.5163234449399
21,23900,1472.5163234449399
21,24000,1472.5163234449399
21,24100,1472.5163234449399
21,24200,1472.5163234449399
21,24300,1472.5163234449399
21,24400,1472.5163234449399
21,24500,1472.5163234449399
21,24600,1472.5163234449399
21,24700,1472.5163234449399
21,24800,1472.5163234449399
21,24900,1472.5163234449399
21,25000,1472.5163234449399
21,25100,1472.5163234449399
21,25200,1472.5163234449399
21,25300,1472.5163234449399
21,25400,1472.5163234449399
21,25500,1472.5163234449399
21,25600,1451.4669467364772
21,25700,1451.4669467364772
21,25800,1451.4669467364772
21,25900,1451.4669467364772
21,26000,1451.4669467364772
21,26100,1451.4669467364772
21,26200,1451.4669467364772
21,26300,1451.4669467364772
21,26400,1451.4669467364772
21,26500,1451.4669467364772
21,26600,1451.4669467364772
21,26700,1451.4669467364772
21,26800,1451.4669467364772
21,26900,1451.4669467364772
21,27000,1451.4669467364772
21,27100,1451.4669467364772
21,27200,1451.4669467364772
21,27300,1451.4669467364772
21,27400,1451.4669467364772
21,27500,1451.4669467364772
21,27600,1451.4669467364772
21,27700,1451.4669467364772
21,27800,1451.4669467364772
21,27900,1451.4669467364772
21,28000,1451.4669467364772
21,28100,1451.4669467364772
21,28200,1451.4669467364772
21,28300,1451.4669467364772
21,28400,1451.4669467364772
21,28500,1451.4669467364772
21,28600,1451.4669467364772
21,28700,1451.4669467364772
21,28800,1451.4669467364772
21,28900,1451.4669467364772
21,29000,1451.4669467364772
21,29100,1451.4669467364772
21,29200,1451.4669467364772
21,29300,1451.4669467364772
21,29400,1451.4669467364772
21,29500,1451.4669467364772
21,29600,1451.4669467364772
21,29700,1451.4669467364772
21,29800,1451.4669467364772
21,29900,1451.4669467364772
21,30000,1451.4669467364772
21,30100,1451.4669467364772
21,30200,1451.4669467364772
21,30300,1451.4669467364772
21,30400,1451.4669467364772
21,30500,1451.4669467364772
21,30600,1451.4669467364772
21,30700,1451.4669467364772
21,30800,1451.4669467364772
21,30900,1451.4669467364772
21,31000,1451.4669467364772
21,31100,1451.4669467364772
21,31200,1451.4669467364772
21,31300,1451.4669467364772
21,31400,1451.4669467364772
21,31500,1451.4669467364772
21,31600,1451.4669467364772
21,31700,1451.4669467364772
21,31800,1451.4669467364772
21,31900,1451.4669467364772
21,32000,1451.4669467364772
21,32100,1451.4669467364772
21,32200,1451.4669467364772
21,32300,1451.4669467364772
21,32400,1451.4669467364772
21,32500,1451.4669467364772
21,32600,1451.4669467364772
21,32700,1451.4669467364772
21,32800,1451.4669467364772
21,32900,1451.4669467364772
21,33000,1451.4669467364772
21,33100,1451.4669467364772
21,33200,1451.4669467364772
21,33300,1451.4669467364772
21,33400,1451.4669467364772
21,33500,1451.4669467364772
21,33600,1451.4669467364772
21,33700,1451.4669467364772
21,33800,1451.4669467364772
21,33900,1451.4669467364772
21,34000,1451.4669467364772
21,34100,1451.4669467364772
21,34200,1451.4669467364772
21,34300,1451.4669467364772
21,34400,1451.4669467364772
21,34500,1451.4669467364772
21,34600,1451.4669467364772
21,34700,1451.4669467364772
21,34800,1451.4669467364772
21,34900,1451.4669467364772
21,35000,1451.4669467364772
21,35100,1451.4669467364772
21,35200,1451.4669467364772
21,35300,1451.4669467364772
21,35400,1451.4669467364772
21,35500,1451.4669467364772
21,35600,1423.6279456691248
21,35700,1423.6279456691248
21,35800,1423.6279456691248
21,35900,1423.6279456691248
21,36000,1423.6279456691248
21,36100,1423.6279456691248
21,36200,1423.6279456691248
21,36300,1423.6279456691248
21,36400,1423.6279456691248
21,36500,1423.6279456691248
21,36600,1423.6279456691248
21,36700,1423.6279456691248
21,36800,1423.6279456691248
21,36900,1418.704649689064
21,37000,1418.704649689064
21,37100,1418.704649689064
21,37200,1418.704649689064
21,37300,1418.704649689064
21,37400,1418.704649689064
21,37500,1418.704649689064
21,37600,1418.704649689064
21,37700,1418.704649689064
21,37800,1418.704649689064
21,37900,1418.704649689064
21,38000,1418.704649689064
21,38100,1418.704649689064
21,38200,1418.704649689064
21,38300,1418.704649689064
21,38400,1418.704649689064
21,38500,1386.7226671951535
21,38600,1386.7226671951535
21,38700,1386.7226671951535
21,38800,1386.7226671951535
21,38900,1386.7226671951535
21,39000,1386.7226671951535
21,39100,1386.7226671951535
21,39200,1386.7226671951535
21,39300,1386.7226671951535
21,39400,1386.7226671951535
21,39500,1386.7226671951535
21,39600,1386.7226671951535
21,39700,1386.7226671951535
21,39800,1386.7226671951535
21,39900,1386.7226671951535
21,40000,1386.7226671951535
21,40100,1386.7226671951535
21,40200,1386.7226671951535
21,40300,1386.7226671951535
21,40400,1386.7226671951535
21,40500,1386.7226671951535
21,40600,1386.7226671951535
21,40700,1386.7226671951535
21,40800,1386.7226671951535
21,40900,1386.7226671951535
21,41000,1386.7226671951535
21,41100,1386.7226671951535
21,41200,1386.7226671951535
21,41300,1386.7226671951535
21,41400,1386.7226671951535
21,41500,1386.7226671951535
21,41600,1386.7226671951535
21,41700,1386.7226671951535
21,41800,1386.7226671951535
21,41900,1386.7226671951535
21,42000,1386.7226671951535
21,42100,1386.7226671951535
21,42200,1386.7226671951535
21,42300,1386.7226671951535
21,42400,1386.7226671951535
21,42500,1386.7226671951535
21,42600,1386.7226671951535
21,42700,1386.7226671951535
21,42800,1386.7226671951535
21,42900,1386.7226671951535
21,43000,1386.7226671951535
21,43100,1386.7226671951535
21,43200,1386.7226671951535
21,43300,1386.7226671951535
21,43400,1386.7226671951535
21,43500,1363.082577045311
21,43600,1363.082577045311
21,43700,1363.082577045311
21,43800,1363.082577045311
21,43900,1363.082577045311
21,44000,1363.082577045311
21,44100,1363.082577045311
21,44200,1363.082577045311
21,44300,1363.082577045311
21,44400,1363.082577045311
21,44500,1363.082577045311
21,44600,1363.082577045311
21,44700,1363.082577045311
21,44800,1363.082577045311
21,44900,1363.082577045311
21,45000,1363.082577045311
21,45100,1346.840452091268
21,45200,1346.840452091268
21,45300,1346.840452091268
21,45400,1346.840452091268
21,45500,1346.840452091268
21,45600,1346.840452091268
21,45700,1346.840452091268
21,45800,1346.840452091268
21,45900,1346.840452091268
21,46000,1346.840452091268
21,46100,1346.840452091268
21,46200,1346.840452091268
21,46300,1346.7284435942845
21,46400,1346.7284435942845
21,46500,1346.7284435942845
21,46600,1346.7284435942845
21,46700,1346.7284435942845
21,46800,1346.7284435942845
21,46900,1346.7284435942845
21,47000,1346.7284435942845
21,47100,1346.7284435942845
21,47200,1346.7284435942845
21,47300,1346.7284435942845
21,47400,1346.7284435942845
21,47500,1346.7284435942845
21,47600,1346.7284435942845
21,47700,1346.7284435942845
21,47800,1346.7284435942845
21,47900,1346.7284435942845
21,48000,1346.7284435942845
21,48100,1346.7284435942845
21,48200,1346.7284435942845
21,48300,1346.7284435942845
21,48400,1346.7284435942845
21,48500,1346.7284435942845
21,48600,1346.7284435942845
21,48700,1346.7284435942845
21,48800,1346.7284435942845
21,48900,1346.7284435942845
21,49000,1346.7284435942845
21,49100,1346.7284435942843
21,49200,1346.7284435942843
21,49300,1346.7284435942843
21,49400,1346.7284435942843
21,49500,1346.7284435942843
21,49600,1346.7284435942843
21,49700,1345.549153129617
21,49800,1345.549153129617
21,49900,1345.549153129617
21,50000,1345.549153129617
22,200,2547.520786215082
22,300,2417.04329620567
22,400,2374.2132524762224
22,500,2341.3086432005684
22,600,2326.526014845341
22,700,2162.280982119592
22,800,2162.280982119592
22,900,2162.280982119592
22,1000,1961.4696098693662
22,1100,1961.4696098693662
22,1200,1961.4696098693662
22,1300,1961.4696098693662
22,1400,1961.4696098693662
22,1500,1864.7115900716622
22,1600,1864.7115900716622
22,1700,1819.2988773226807
22,1800,1819.2988773226807
22,1900,1819.2988773226807
22,2000,1819.2988773226807
22,2100,1819.2988773226807
22,2200,1819.2988773226807
22,2300,1819.2988773226807
22,2400,1819.2988773226807
22,2500,1819.2988773226807
22,2600,1819.2988773226807
22,2700,1819.2988773226807
22,2800,1819.2988773226807
22,2900,1819.2988773226807
22,3000,1812.3990280475803
22,3100,1812.3990280475803
22,3200,1812.3990280475803
22,3300,1812.3990280475803
22,3400,1812.3990280475803
22,3500,1808.3719194415821
22,3600,1808.3719194415821
22,3700,1808.3719194415821
22,3800,1808.3719194415821
22,3900,1808.3719194415821
22,4000,1808.3719194415821
22,4100,1803.472221240814
22,4200,1803.472221240814
22,4300,1767.7083994492784
22,4400,1767.7083994492784
22,4500,1767.7083994492784
22,4600,1767.7083994492784
22,4700,1767.7083994492784
22,4800,1767.7083994492784
22,4900,1767.7083994492784
22,5000,1765.944670426376
22,5100,1765.944670426376
22,5200,1765.944670426376
22,5300,1765.944670426376
22,5400,1765.944670426376
22,5500,1765.944670426376
22,5600,1765.944670426376
22,5700,1765.944670426376
22,5800,1765.944670426376
22,5900,1765.944670426376
22,6000,1765.944670426376
22,6100,1765.944670426376
22,6200,1765.944670426376
22,6300,1765.944670426376
22,6400,1765.944670426376
22,6500,1765.944670426376
22,6600,1765.944670426376
22,6700,1765.944670426376
22,6800,1765.944670426376
22,6900,1765.944670426376
22,7000,1765.944670426376
22,7100,1765.944670426376
22,7200,1765.944670426376
22,7300,1765.944670426376
22,7400,1765.944670426376
22,7500,1765.944670426376
22,7600,1765.944670426376
22,7700,1765.944670426376
22,7800,1765.944670426376
22,7900,1716.3525471184764
22,8000,1716.3525471184764
22,8100,1716.3525471184764
22,8200,1716.3525471184764
22,8300,1716.3525471184764
22,8400,1716.3525471184764
22,8500,1716.3525471184764
22,8600,1716.3525471184764
22,8700,1716.3525471184764
22,8800,1716.3525471184764
22,8900,1716.3525471184764
22,9000,1716.3525471184764
22,9100,1716.3525471184764
22,9200,1707.5590238020668
22,9300,1707.5590238020668
22,9400,1707.5590238020668
22,9500,1707.5590238020668
22,9600,1707.5590238020668
22,9700,1707.5590238020668
22,9800,1707.5590238020668
22,9900,1707.5590238020668
22,10000,1707.5590238020668
22,10100,1694.2251346238431
22,10200,1694.2251346238431
22,10300,1694.2251346238431
22,10400,1694.2251346238431
22,10500,1694.2251346238431
22,10600,1694.2251346238431
22,10700,1694.2251346238431
22,10800,1694.2251346238431
22,10900,1694.2251346238431
22,11000,1694.2251346238431
22,11100,1694.2251346238431
22,11200,1689.2237579756322
22,11300,1687.9065568709166
22,11400,1687.9065568709166
22,11500,1687.9065568709166
22,11600,1687.9065568709166
22,11700,1687.9065568709166
22,11800,1687.9065568709166
22,11900,1687.9065568709166
22,12000,1687.9065568709166
22,12100,1687.9065568709166
22,12200,1687.9065568709166
22,12300,1687.9065568709166
22,12400,1687.9065568709166
22,12500,1687.9065568709166
22,12600,1687.9065568709166
22,12700,1687.9065568709166
22,12800,1687.9065568709166
22,12900,1687.9065568709166
22,13000,1687.9065568709166
22,13100,1687.9065568709166
22,13200,1687.9065568709166
22,13300,1687.9065568709166
22,13400,1687.9065568709166
22,13500,1687.9065568709166
22,13600,1687.9065568709166
22,13700,1687.9065568709166
22,13800,1655.5075212679824
22,13900,1655.5075212679824
22,14000,1655.5075212679824
22,14100,1655.5075212679824
22,14200,1655.5075212679824
22,14300,1655.5075212679824
22,14400,1655.5075212679824
22,14500,1655.5075212679824
22,14600,1655.5075212679824
22,14700,1655.5075212679824
22,14800,1655.5075212679824
22,14900,1641.7457323718625
22,15000,1641.7457323718625
22,15100,1641.7457323718625
22,15200,1641.7457323718625
22,15300,1637.666301022165
22,15400,1620.7218770630577
22,15500,1620.7218770630577
22,15600,1620.7218770630577
22,15700,1620.7218770630577
22,15800,1620.7218770630577
22,15900,1618.1760851925396
22,16000,1616.4201827940583
22,16100,1616.4201827940583
22,16200,1603.9784115012865
22,16300,1603.9784115012865
22,16400,1603.9784115012865
22,16500,1603.9784115012865
22,16600,1603.9784115012865
22,16700,1595.9120655768393
22,16800,1595.9120655768393
22,16900,1595.9120655768393
22,17000,1595.9120655768393
22,17100,1595.9120655768393
22,17200,1595.9120655768393
22,17300,1595.9120655768393
22,17400,1595.9120655768393
22,17500,1595.9120655768393
22,17600,1563.7098015896497
22,17700,1563.7098015896497
22,17800,1563.7098015896497
22,17900,1563.7098015896497
22,18000,1563.7098015896497
22,18100,1563.7098015896497
22,18200,1563.7098015896497
22,18300,1558.7492559718728
22,18400,1558.7492559718728
22,18500,1558.7492559718728
22,18600,1558.7492559718728
22,18700,1558.7492559718728
22,18800,1532.0778204945445
22,18900,1532.0778204945445
22,19000,1532.0778204945445
22,19100,1532.0778204945445
22,19200,1532.0778204945445
22,19300,1532.0778204945445
22,19400,1530.250188455923
22,19500,1530.250188455923
22,19600,1530.250188455923
22,19700,1530.250188455923
22,19800,1530.250188455923
22,19900,1529.0756367770452
22,20000,1529.0756367770452
22,20100,1529.0756367770452
22,20200,1529.0756367770452
22,20300,1529.0756367770452
22,20400,1529.0756367770452
22,20500,1529.0756367770452
22,20600,1529.0756367770452
22,20700,1529.0756367770452
22,20800,1505.3536274425207
22,20900,1505.3536274425207
22,21000,1505.3536274425207
22,21100,1505.3536274425207
22,21200,1505.3536274425207
22,21300,1505.3536274425207
22,21400,1505.3536274425207
22,21500,1505.3536274425207
22,21600,1505.3536274425207
22,21700,1500.3917495987344
22,21800,1500.3917495987344
22,21900,1500.3917495987344
22,22000,1500.3917495987344
22,22100,1500.3917495987344
22,22200,1500.3917495987344
22,22300,1500.3917495987344
22,22400,1500.3917495987344
22,22500,1500.3917495987344
22,22600,1500.3917495987344
22,22700,1500.3917495987344
22,22800,1500.3917495987344
22,22900,1500.3917495987344
22,23000,1500.3917495987344
22,23100,1500.3917495987344
22,23200,1500.3917495987344
22,23300,1500.3917495987344
22,23400,1500.3917495987344
22,23500,1500.3917495987344
22,23600,1500.3917495987344
22,23700,1478.111052420461
22,23800,1478.111052420461
22,23900,1478.111052420461
22,24000,1478.111052420461
22,24100,1478.111052420461
22,24200,1478.111052420461
22,24300,1478.111052420461
22,24400,1478.111052420461
22,24500,1478.111052420461
22,24600,1478.111052420461
22,24700,1478.111052420461
22,24800,1478.111052420461
22,24900,1478.111052420461
22,25000,1478.111052420461
22,25100,1478.111052420461
22,25200,1478.111052420461
22,25300,1478.111052420461
22,25400,1478.111052420461
22,25500,1478.111052420461
22,25600,1478.111052420461
22,25700,1478.111052420461
22,25800,1478.111052420461
22,25900,1478.111052420461
22,26000,1478.111052420461
22,26100,1478.111052420461
22,26200,1474.7808450021644
22,26300,1474.7808450021644
22,26400,1474.7808450021644
22,26500,1474.7808450021644
22,26600,1474.7808450021644
22,26700,1474.7808450021644
22,26800,1474.7808450021644
22,26900,1474.7808450021644
22,27000,1474.7808450021644
22,27100,1474.7808450021644
22,27200,1474.7808450021644
22,27300,1474.7808450021644
22,27400,1474.7808450021644
22,27500,1474.7808450021644
22,27600,1474.7808450021644
22,27700,1474.7808450021644
22,27800,1474.7808450021644
22,27900,1474.7808450021644
22,28000,1474.7808450021644
22,28100,1474.7808450021644
22,28200,1474.7808450021644
22,28300,1474.7808450021644
22,28400,1474.7808450021644
22,28500,1474.7808450021644
22,28600,1474.7808450021644
22,28700,1474.7808450021644
22,28800,1474.7808450021644
22,28900,1474.7808450021644
22,29000,1474.7808450021644
22,29100,1474.7808450021644
22,29200,1474.7808450021644
22,29300,1474.7808450021644
22,29400,1474.7808450021644
22,29500,1474.7808450021644
22,29600,1474.7808450021644
22,29700,1474.7808450021644
22,29800,1474.7808450021644
22,29900,1474.7808450021644
22,30000,1474.7808450021644
22,30100,1474.7808450021644
22,30200,1474.7808450021644
22,30300,1474.7808450021644
22,30400,1474.7808450021644
22,30500,1474.7808450021644
22,30600,1474.7808450021644
22,30700,1474.7808450021644
22,30800,1474.7808450021644
22,30900,1474.7808450021644
22,31000,1474.7808450021644
22,31100,1474.7808450021644
22,31200,1474.7808450021644
22,31300,1474.7808450021644
22,31400,1474.7808450021644
22,31500,1474.7808450021644
22,31600,1474.7808450021644
22,31700,1474.7808450021644
22,31800,1474.7808450021644
22,31900,1474.7808450021644
22,32000,1474.7808450021644
22,32100,1474.7808450021644
22,32200,1474.7808450021644
22,32300,1467.5741660700212
22,32400,1467.5741660700212
22,32500,1467.5741660700212
22,32600,1467.5741660700212
22,32700,1467.5741660700212
22,32800,1467.5741660700212
22,32900,1467.5741660700212
22,33000,1467.5741660700212
22,33100,1467.5741660700212
22,33200,1467.5741660700212
22,33300,1467.5741660700212
22,33400,1467.5741660700212
22,33500,1467.5741660700212
22,33600,1467.5741660700212
22,33700,1467.5741660700212
22,33800,1467.5741660700212
22,33900,1467.5741660700212
22,34000,1467.5741660700212
22,34100,1455.460068321503
22,34200,1455.460068321503
22,34300,1455.460068321503
22,34400,1455.460068321503
22,34500,1455.460068321503
22,34600,1455.460068321503
22,34700,1455.460068321503
22,34800,1455.460068321503
22,34900,1455.460068321503
22,35000,1455.460068321503
22,35100,1455.460068321503
22,35200,1455.460068321503
22,35300,1455.460068321503
22,35400,1455.460068321503
22,35500,1455.460068321503
22,35600,1455.460068321503
22,35700,1455.460068321503
22,35800,1455.460068321503
22,35900,1455.460068321503
22,36000,1455.460068321503
22,36100,1455.460068321503
22,36200,1455.460068321503
22,36300,1455.460068321503
22,36400,1455.460068321503
22,36500,1455.460068321503
22,36600,1455.460068321503
22,36700,1455.460068321503
22,36800,1455.460068321503
22,36900,1455.460068321503
22,37000,1455.460068321503
22,37100,1455.460068321503
22,37200,1455.460068321503
22,37300,1455.460068321503
22,37400,1455.460068321503
22,37500,1455.460068321503
22,37600,1455.460068321503
22,37700,1455.460068321503
22,37800,1455.460068321503
22,37900,1455.460068321503
22,38000,1455.460068321503
22,38100,1455.460068321503
22,38200,1455.460068321503
22,38300,1455.460068321503
22,38400,1455.460068321503
22,38500,1455.460068321503
22,38600,1455.460068321503
22,38700,1455.460068321503
22,38800,1455.460068321503
22,38900,1455.460068321503
22,39000,1455.460068321503
22,39100,1455.460068321503
22,39200,1455.460068321503
22,39300,1455.460068321503
22,39400,1455.460068321503
22,39500,1455.460068321503
22,39600,1455.460068321503
22,39700,1455.460068321503
22,39800,1455.460068321503
22,39900,1455.460068321503
22,40000,1455.460068321503
22,40100,1455.460068321503
22,40200,1455.460068321503
22,40300,1455.460068321503
22,40400,1455.460068321503
22,40500,1455.460068321503
22,40600,1455.460068321503
22,40700,1455.460068321503
22,40800,1455.460068321503
22,40900,1455.460068321503
22,41000,1455.460068321503
22,41100,1455.460068321503
22,41200,1455.460068321503
22,41300,1455.460068321503
22,41400,1455.460068321503
22,41500,1455.460068321503
22,41600,1455.460068321503
22,41700,1455.460068321503
22,41800,1455.460068321503
22,41900,1455.460068321503
22,42000,1455.460068321503
22,42100,1455.460068321503
22,42200,1455.460068321503
22,42300,1455.460068321503
22,42400,1455.460068321503
22,42500,1455.460068321503
22,42600,1455.460068321503
22,42700,1455.460068321503
22,42800,1455.460068321503
22,42900,1455.460068321503
22,43000,1455.460068321503
22,43100,1455.460068321503
22,43200,1455.460068321503
22,43300,1455.460068321503
22,43400,1455.460068321503
22,43500,1455.460068321503
22,43600,1455.460068321503
22,43700,1455.460068321503
22,43800,1455.460068321503
22,43900,1455.460068321503
22,44000,1455.460068321503
22,44100,1455.460068321503
22,44200,1455.460068321503
22,44300,1455.460068321503
22,44400,1455.460068321503
22,44500,1455.460068321503
22,44600,1455.460068321503
22,44700,1455.460068321503
22,44800,1455.460068321503
22,44900,1455.460068321503
22,45000,1455.460068321503
22,45100,1455.460068321503
22,45200,1455.460068321503
22,45300,1455.460068321503
22,45400,1455.460068321503
22,45500,1455.460068321503
22,45600,1455.460068321503
22,45700,1455.460068321503
22,45800,1455.460068321503
22,45900,1455.460068321503
22,46000,1455.460068321503
22,46100,1455.460068321503
22,46200,1455.460068321503
22,46300,1455.460068321503
22,46400,1455.460068321503
22,46500,1455.460068321503
22,46600,1455.460068321503
22,46700,1455.460068321503
22,46800,1455.460068321503
22,46900,1455.460068321503
22,47000,1455.460068321503
22,47100,1455.460068321503
22,47200,1455.460068321503
22,47300,1455.460068321503
22,47400,1455.460068321503
22,47500,1455.460068321503
22,47600,1455.460068321503
22,47700,1455.460068321503
22,47800,1455.460068321503
22,47900,1455.460068321503
22,48000,1455.460068321503
22,48100,1455.460068321503
22,48200,1455.460068321503
22,48300,1455.460068321503
22,48400,1455.460068321503
22,48500,1455.460068321503
22,48600,1455.460068321503
22,48700,1455.460068321503
22,48800,1455.460068321503
22,48900,1455.460068321503
22,49000,1455.460068321503
22,49100,1455.460068321503
22,49200,1455.460068321503
22,49300,1455.460068321503
22,49400,1455.460068321503
22,49500,1455.460068321503
22,49600,1455.460068321503
22,49700,1455.460068321503
22,49800,1455.460068321503
22,49900,1455.460068321503
22,50000,1455.460068321503
23,200,2410.351771960014
23,300,2360.5340300859475
23,400,2360.299368287878
23,500,2292.754096308377
23,600,2292.754096308377
23,700,2239.1726424427575
23,800,2239.1726424427575
23,900,2239.1726424427575
23,1000,2211.7206567809126
23,1100,2154.7352079270618
23,1200,2154.7352079270618
23,1300,2126.1957672761296
23,1400,2126.1957672761296
23,1500,2115.5321585947954
23,1600,2088.1465879607185
23,1700,2042.7618092345674
23,1800,2032.0688067086323
23,1900,2032.0688067086323
23,2000,1958.1535255863566
23,2100,1958.1535255863566
23,2200,1958.1535255863566
23,2300,1958.1535255863566
23,2400,1930.2132912597392
23,2500,1897.3153819286158
23,2600,1897.3153819286158
23,2700,1897.3153819286158
23,2800,1897.3153819286158
23,2900,1897.3153819286158
23,3000,1897.3153819286158
23,3100,1894.0930735164952
23,3200,1894.0930735164952
23,3300,1894.0930735164952
23,3400,1894.0930735164952
23,3500,1891.8790113764117
23,3600,1891.8790113764117
23,3700,1846.4746781464762
23,3800,1846.4746781464762
23,3900,1846.4746781464762
23,4000,1846.4746781464762
23,4100,1846.4746781464762
23,4200,1846.4746781464762
23,4300,1846.4746781464762
23,4400,1846.4746781464762
23,4500,1846.4746781464762
23,4600,1846.4746781464762
23,4700,1846.4746781464762
23,4800,1846.4746781464762
23,4900,1846.4746781464762
23,5000,1846.4746781464762
23,5100,1846.4746781464762
23,5200,1793.232840039357
23,5300,1793.232840039357
23,5400,1793.232840039357
23,5500,1793.232840039357
23,5600,1793.232840039357
23,5700,1793.232840039357
23,5800,1793.232840039357
23,5900,1793.232840039357
23,6000,1793.232840039357
23,6100,1750.7325537533195
23,6200,1750.7325537533195
23,6300,1733.8771822865695
23,6400,1733.8771822865695
23,6500,1733.8771822865695
23,6600,1733.8771822865695
23,6700,1733.8771822865695
23,6800,1733.8771822865695
23,6900,1733.8771822865695
23,7000,1733.8771822865695
23,7100,1733.8771822865695
23,7200,1733.8771822865695
23,7300,1733.8771822865695
23,7400,1733.8771822865695
23,7500,1730.6950595712367
23,7600,1730.6950595712367
23,7700,1730.6950595712367
23,7800,1729.4470041060588
23,7900,1729.4470041060588
23,8000,1698.6814297942872
23,8100,1698.6814297942872
23,8200,1698.6814297942872
23,8300,1698.6814297942872
23,8400,1698.6814297942872
23,8500,1672.797220211342
23,8600,1672.797220211342
23,8700,1672.797220211342
23,8800,1672.797220211342
23,8900,1672.797220211342
23,9000,1672.797220211342
23,9100,1672.797220211342
23,9200,1672.797220211342
23,9300,1672.797220211342
23,9400,1672.797220211342
23,9500,1655.3346626715067
23,9600,1655.3346626715067
23,9700,1655.3346626715067
23,9800,1655.3346626715067
23,9900,1655.3346626715067
23,10000,1655.3346626715067
23,10100,1646.2149161575223
23,10200,1646.2149161575223
23,10300,1646.2149161575223
23,10400,1643.4374596761825
23,10500,1643.4374596761825
23,10600,1643.4374596761825
23,10700,1643.4374596761825
23,10800,1643.4374596761825
23,10900,1643.4374596761825
23,11000,1643.4374596761825
23,11100,1643.4374596761825
23,11200,1643.4374596761825
23,11300,1643.4374596761825
23,11400,1643.4374596761825
23,11500,1643.4374596761825
23,11600,1643.4374596761825
23,11700,1643.4374596761825
23,11800,1643.4374596761825
23,11900,1643.4374596761825
23,12000,1643.4374596761825
23,12100,1643.4374596761825
23,12200,1643.4374596761825
23,12300,1643.4374596761825
23,12400,1643.4374596761825
23,12500,1643.4374596761825
23,12600,1643.4374596761825
23,12700,1643.4374596761825
23,12800,1637.649309615423
23,12900,1637.649309615423
23,13000,1637.649309615423
23,13100,1637.649309615423
23,13200,1637.649309615423
23,13300,1637.649309615423
23,13400,1584.6105972214068
23,13500,1584.6105972214068
23,13600,1584.6105972214068
23,13700,1584.6105972214068
23,13800,1584.6105972214068
23,13900,1584.6105972214068
23,14000,1584.6105972214068
23,14100,1584.6105972214068
23,14200,1584.6105972214068
23,14300,1584.6105972214068
23,14400,1584.6105972214068
23,14500,1581.8310621906644
23,14600,1581.8310621906644
23,14700,1581.8310621906644
23,14800,1581.8310621906644
23,14900,1547.193478327937
23,15000,1547.193478327937
23,15100,1547.193478327937
23,15200,1547.193478327937
23,15300,1547.193478327937
23,15400,1547.193478327937
23,15500,1547.193478327937
23,15600,1547.193478327937
23,15700,1547.193478327937
23,15800,1547.193478327937
23,15900,1547.193478327937
23,16000,1547.193478327937
23,16100,1547.193478327937
23,16200,1547.193478327937
23,16300,1547.193478327937
23,16400,1547.193478327937
23,16500,1547.193478327937
23,16600,1547.193478327937
23,16700,1531.0784052103127
23,16800,1531.0784052103127
23,16900,1524.0170777450205
23,17000,1524.0170777450205
23,17100,1524.0170777450205
23,17200,1524.0170777450205
23,17300,1524.0170777450205
23,17400,1524.0170777450205
23,17500,1524.0170777450205
23,17600,1524.0170777450205
23,17700,1524.0170777450205
23,17800,1524.0170777450205
23,17900,1524.0170777450205
23,18000,1524.0170777450205
23,18100,1524.0170777450205
23,18200,1524.0170777450205
23,18300,1524.0170777450205
23,18400,1524.0170777450205
23,18500,1524.0170777450205
23,18600,1524.0170777450205
23,18700,1524.0170777450205
23,18800,1524.0170777450205
23,18900,1524.0170777450205
23,19000,1524.0170777450205
23,19100,1524.0170777450205
23,19200,1524.0170777450205
23,19300,1524.0170777450205
23,19400,1524.0170777450205
23,19500,1524.0170777450205
23,19600,1524.0170777450205
23,19700,1524.0170777450205
23,19800,1524.0170777450205
23,19900,1524.0170777450205
23,20000,1524.0170777450205
23,20100,1524.0170777450205
23,20200,1524.0170777450205
23,20300,1524.0170777450205
23,20400,1524.0170777450205
23,20500,1524.0170777450205
23,20600,1524.0170777450205
23,20700,1524.0170777450205
23,20800,1524.0170777450205
23,20900,1524.0170777450205
23,21000,1524.0170777450205
23,21100,1524.0170777450205
23,21200,1524.0170777450205
23,21300,1524.0170777450205
23,21400,1524.0170777450205
23,21500,1524.0170777450205
23,21600,1524.0170777450205
23,21700,1524.0170777450205
23,21800,1524.0170777450205
23,21900,1524.0170777450205
23,22000,1524.0170777450205
23,22100,1524.0170777450205
23,22200,1524.0170777450205
23,22300,1524.0170777450205
23,22400,1524.0170777450205
23,22500,1507.6168948888137
23,22600,1507.6168948888137
23,22700,1507.6168948888137
23,22800,1507.6168948888137
23,22900,1507.6168948888137
23,23000,1507.6168948888137
23,23100,1507.6168948888137
23,23200,1507.6168948888137
23,23300,1507.6168948888137
23,23400,1507.6168948888137
23,23500,1507.6168948888137
23,23600,1497.1469471379935
23,23700,1497.1469471379935
23,23800,1497.1469471379935
23,23900,1497.1469471379935
23,24000,1497.1469471379935
23,24100,1497.1469471379935
23,24200,1497.1469471379935
23,24300,1497.1469471379935
23,24400,1497.1469471379935
23,24500,1497.1469471379935
23,24600,1497.1469471379935
23,24700,1497.1469471379935
23,24800,1497.1469471379935
23,24900,1497.1469471379935
23,25000,1497.1469471379935
23,25100,1497.1469471379935
23,25200,1497.1469471379935
23,25300,1497.1469471379935
23,25400,1497.1469471379935
23,25500,1497.1469471379935
23,25600,1497.1469471379935
23,25700,1497.1469471379935
23,25800,1497.1469471379935
23,25900,1497.1469471379935
23,26000,1497.1469471379935
23,26100,1497.1469471379935
23,26200,1497.1469471379935
23,26300,1497.1469471379935
23,26400,1497.1469471379935
23,26500,1497.1469471379935
23,26600,1497.1469471379935
23,26700,1497.1469471379935
23,26800,1497.1469471379935
23,26900,1497.1469471379935
23,27000,1497.1469471379935
23,27100,1497.1469471379935
23,27200,1497.1469471379935
23,27300,1497.1469471379935
23,27400,1497.1469471379935
23,27500,1485.4248064659214
23,27600,1485.4248064659214
23,27700,1485.4248064659214
23,27800,1485.4248064659214
23,27900,1485.4248064659214
23,28000,1485.4248064659214
23,28100,1485.4248064659214
23,28200,1485.4248064659214
23,28300,1485.4248064659214
23,28400,1485.4248064659214
23,28500,1485.4248064659214
23,28600,1485.4248064659214
23,28700,1485.4248064659214
23,28800,1485.4248064659214
23,28900,1485.4248064659214
23,29000,1485.4248064659214
23,29100,1485.4248064659214
23,29200,1485.4248064659214
23,29300,1485.4248064659214
23,29400,1485.4248064659214
23,29500,1485.4248064659214
23,29600,1485.4248064659214
23,29700,1485.4248064659214
23,29800,1485.4248064659214
23,29900,1485.4248064659214
23,30000,1485.4248064659214
23,30100,1485.4248064659214
23,30200,1485.4248064659214
23,30300,1485.4248064659214
23,30400,1485.4248064659214
23,30500,1485.4248064659214
23,30600,1485.4248064659214
23,30700,1485.4248064659214
23,30800,1485.4248064659214
23,30900,1485.4248064659214
23,31000,1485.4248064659214
23,31100,1485.4248064659214
23,31200,1485.4248064659214
23,31300,1485.4248064659214
23,31400,1485.4248064659214
23,31500,1485.4248064659214
23,31600,1485.4248064659214
23,31700,1485.4248064659214
23,31800,1485.4248064659214
23,31900,1485.4248064659214
23,32000,1485.4248064659214
23,32100,1485.4248064659214
23,32200,1485.4248064659214
23,32300,1485.4248064659214
23,32400,1485.4248064659214
23,32500,1485.4248064659214
23,32600,1485.4248064659214
23,32700,1466.854788922247
23,32800,1466.854788922247
23,32900,1466.854788922247
23,33000,1466.854788922247
23,33100,1466.854788922247
23,33200,1466.854788922247
23,33300,1466.854788922247
23,33400,1466.854788922247
23,33500,1466.854788922247
23,33600,1466.854788922247
23,33700,1466.854788922247
23,33800,1466.854788922247
23,33900,1466.854788922247
23,34000,1466.854788922247
23,34100,1466.854788922247
23,34200,1466.854788922247
23,34300,1466.854788922247
23,34400,1466.854788922247
23,34500,1466.854788922247
23,34600,1466.854788922247
23,34700,1466.854788922247
23,34800,1466.854788922247
23,34900,1466.854788922247
23,35000,1466.854788922247
23,35100,1466.854788922247
23,35200,1466.854788922247
23,35300,1466.854788922247
23,35400,1466.854788922247
23,35500,1466.854788922247
23,35600,1466.854788922247
23,35700,1466.854788922247
23,35800,1466.854788922247
23,35900,1466.854788922247
23,36000,1466.854788922247
23,36100,1466.854788922247
23,36200,1466.854788922247
23,36300,1466.854788922247
23,36400,1466.854788922247
23,36500,1466.854788922247
23,36600,1466.854788922247
23,36700,1466.854788922247
23,36800,1466.854788922247
23,36900,1466.854788922247
23,37000,1466.854788922247
23,37100,1466.854788922247
23,37200,1466.854788922247
23,37300,1466.854788922247
23,37400,1466.854788922247
23,37500,1466.854788922247
23,37600,1466.854788922247
23,37700,1466.854788922247
23,37800,1466.854788922247
23,37900,1466.854788922247
23,38000,1466.854788922247
23,38100,1466.854788922247
23,38200,1466.854788922247
23,38300,1466.854788922247
23,38400,1466.854788922247
23,38500,1466.854788922247
23,38600,1466.854788922247
23,38700,1466.854788922247
23,38800,1466.854788922247
23,38900,1466.854788922247
23,39000,1466.854788922247
23,39100,1466.854788922247
23,39200,1466.854788922247
23,39300,1466.854788922247
23,39400,1466.854788922247
23,39500,1466.854788922247
23,39600,1466.854788922247
23,39700,1466.854788922247
23,39800,1466.854788922247
23,39900,1466.854788922247
23,40000,1466.854788922247
23,40100,1466.854788922247
23,40200,1466.854788922247
23,40300,1466.854788922247
23,40400,1466.854788922247
23,40500,1466.854788922247
23,40600,1466.854788922247
23,40700,1466.854788922247
23,40800,1466.854788922247
23,40900,1466.854788922247
23,41000,1466.854788922247
23,41100,1466.854788922247
23,41200,1466.854788922247
23,41300,1466.854788922247
23,41400,1466.854788922247
23,41500,1466.854788922247
23,41600,1466.854788922247
23,41700,1466.854788922247
23,41800,1466.854788922247
23,41900,1466.854788922247
23,42000,1466.854788922247
23,42100,1466.854788922247
23,42200,1466.854788922247
23,42300,1466.854788922247
23,42400,1466.854788922247
23,42500,1466.854788922247
23,42600,1466.854788922247
23,42700,1466.854788922247
23,42800,1466.854788922247
23,42900,1458.8166643005181
23,43000,1458.8166643005181
23,43100,1458.8166643005181
23,43200,1458.8166643005181
23,43300,1458.8166643005181
23,43400,1458.8166643005181
23,43500,1458.8166643005181
23,43600,1458.8166643005181
23,43700,1458.8166643005181
23,43800,1458.8166643005181
23,43900,1458.8166643005181
23,44000,1458.8166643005181
23,44100,1458.8166643005181
23,44200,1458.8166643005181
23,44300,1451.6897278580016
23,44400,1451.6897278580016
23,44500,1451.6897278580016
23,44600,1451.6897278580016
23,44700,1451.6897278580016
23,44800,1451.6897278580016
23,44900,1451.6897278580016
23,45000,1451.6897278580016
23,45100,1451.6897278580016
23,45200,1451.6897278580016
23,45300,1451.6897278580016
23,45400,1451.6897278580016
23,45500,1451.6897278580016
23,45600,1451.6897278580016
23,45700,1451.6897278580016
23,45800,1451.6897278580016
23,45900,1451.6897278580016
23,46000,1451.6897278580016
23,46100,1451.6897278580016
23,46200,1451.6897278580016
23,46300,1451.6897278580016
23,46400,1451.6897278580016
23,46500,1451.6897278580016
23,46600,1451.6897278580016
23,46700,1451.6897278580016
23,46800,1451.6897278580016
23,46900,1451.6897278580016
23,47000,1451.6897278580016
23,47100,1451.6897278580016
23,47200,1451.6897278580016
23,47300,1451.6897278580016
23,47400,1451.6897278580016
23,47500,1451.6897278580016
23,47600,1451.6897278580016
23,47700,1451.6897278580016
23,47800,1451.6897278580016
23,47900,1451.6897278580016
23,48000,1451.6897278580016
23,48100,1451.6897278580016
23,48200,1451.6897278580016
23,48300,1451.6897278580016
23,48400,1451.6897278580016
23,48500,1451.6897278580016
23,48600,1451.6897278580016
23,48700,1451.6897278580016
23,48800,1451.6897278580016
23,48900,1451.6897278580016
23,49000,1451.6897278580016
23,49100,1451.6897278580016
23,49200,1451.6897278580016
23,49300,1451.6897278580016
23,49400,1451.6897278580016
23,49500,1451.6897278580016
23,49600,1451.6897278580016
23,49700,1451.6897278580016
23,49800,1451.6897278580016
23,49900,1451.6897278580016
23,50000,1451.6897278580016
24,200,2501.16183082466
24,300,2501.16183082466
24,400,2414.065360104185
24,500,2394.682510128249
24,600,2325.138152984876
24,700,2325.138152984876
24,800,2230.145456764093
24,900,2229.9893100920376
24,1000,2229.9893100920376
24,1100,2172.284875515202
24,1200,2162.9320640819806
24,1300,2127.5797308549327
24,1400,2125.5745760196187
24,1500,1927.0917171197168
24,1600,1927.0917171197168
24,1700,1927.0917171197168
24,1800,1927.0917171197168
24,1900,1885.5642213372569
24,2000,1885.5642213372569
24,2100,1885.5642213372569
24,2200,1885.5642213372569
24,2300,1848.1919366847217
24,2400,1848.1919366847217
24,2500,1848.1919366847217
24,2600,1848.1919366847217
24,2700,1848.1919366847217
24,2800,1848.1919366847217
24,2900,1848.1919366847217
24,3000,1848.1919366847217
24,3100,1836.7590931500226
24,3200,1819.7378250513327
24,3300,1819.7378250513327
24,3400,1799.5988466752954
24,3500,1799.5988466752954
24,3600,1799.5988466752954
24,3700,1799.5988466752954
24,3800,1799.5988466752954
24,3900,1799.5988466752954
24,4000,1799.5988466752954
24,4100,1797.2890062773934
24,4200,1797.2890062773934
24,4300,1797.2890062773934
24,4400,1797.2890062773934
24,4500,1713.8144768891934
24,4600,1713.8144768891934
24,4700,1713.8144768891934
24,4800,1713.8144768891934
24,4900,1713.8144768891934
24,5000,1713.8144768891934
24,5100,1705.2580909032129
24,5200,1705.2580909032129
24,5300,1705.2580909032129
24,5400,1705.2580909032129
24,5500,1705.2580909032129
24,5600,1705.2580909032129
24,5700,1705.2580909032129
24,5800,1664.565835122746
24,5900,1633.731368138085
24,6000,1633.731368138085
24,6100,1633.731368138085
24,6200,1633.731368138085
24,6300,1633.731368138085
24,6400,1633.731368138085
24,6500,1633.731368138085
24,6600,1614.9507020736892
24,6700,1614.9507020736892
24,6800,1614.9507020736892
24,6900,1614.9507020736892
24,7000,1614.9507020736892
24,7100,1614.9507020736892
24,7200,1614.9507020736892
24,7300,1614.9507020736892
24,7400,1614.9507020736892
24,7500,1614.9507020736892
24,7600,1614.9507020736892
24,7700,1614.9507020736892
24,7800,1614.9507020736892
24,7900,1614.9507020736892
24,8000,1614.9507020736892
24,8100,1614.9507020736892
24,8200,1614.9507020736892
24,8300,1614.9507020736892
24,8400,1614.9507020736892
24,8500,1612.9004707905801
24,8600,1612.9004707905801
24,8700,1612.9004707905801
24,8800,1612.9004707905801
24,8900,1612.9004707905801
24,9000,1612.9004707905801
24,9100,1602.994330229754
24,9200,1602.994330229754
24,9300,1602.994330229754
24,9400,1602.994330229754
24,9500,1602.994330229754
24,9600,1602.994330229754
24,9700,1602.994330229754
24,9800,1602.994330229754
24,9900,1602.994330229754
24,10000,1602.994330229754
24,10100,1602.994330229754
24,10200,1602.994330229754
24,10300,1602.994330229754
24,10400,1602.994330229754
24,10500,1602.994330229754
24,10600,1602.994330229754
24,10700,1602.994330229754
24,10800,1602.994330229754
24,10900,1602.994330229754
24,11000,1602.994330229754
24,11100,1602.994330229754
24,11200,1602.994330229754
24,11300,1602.994330229754
24,11400,1602.994330229754
24,11500,1602.994330229754
24,11600,1602.994330229754
24,11700,1602.994330229754
24,11800,1602.994330229754
24,11900,1602.994330229754
24,12000,1602.994330229754
24,12100,1602.994330229754
24,12200,1602.994330229754
24,12300,1602.994330229754
24,12400,1602.994330229754
24,12500,1602.994330229754
24,12600,1594.8707704006417
24,12700,1594.8707704006417
24,12800,1594.8707704006417
24,12900,1594.8707704006417
24,13000,1594.8707704006417
24,13100,1594.8707704006417
24,13200,1594.8707704006417
24,13300,1594.8707704006417
24,13400,1594.8707704006417
24,13500,1594.8707704006417
24,13600,1594.8707704006417
24,13700,1594.8707704006417
24,13800,1594.8707704006417
24,13900,1594.8707704006417
24,14000,1594.8707704006417
24,14100,1594.8707704006417
24,14200,1594.8707704006417
24,14300,1594.8707704006417
24,14400,1594.8707704006417
24,14500,1594.8707704006417
24,14600,1594.8707704006417
24,14700,1594.8707704006417
24,14800,1594.8707704006417
24,14900,1594.8707704006417
24,15000,1594.8707704006417
24,15100,1594.8707704006417
24,15200,1594.8707704006417
24,15300,1594.8707704006417
24,15400,1594.8707704006417
24,15500,1594.8707704006417
24,15600,1594.8707704006417
24,15700,1594.8707704006417
24,15800,1594.8707704006417
24,15900,1594.8707704006417
24,16000,1594.8707704006417
24,16100,1594.8707704006417
24,16200,1594.8707704006417
24,16300,1594.8707704006417
24,16400,1594.8707704006417
24,16500,1594.8707704006417
24,16600,1594.8707704006417
24,16700,1594.8707704006417
24,16800,1594.8707704006417
24,16900,1594.8707704006417
24,17000,1594.8707704006417
24,17100,1594.8707704006417
24,17200,1594.8707704006417
24,17300,1594.8707704006417
24,17400,1594.8707704006417
24,17500,1594.8707704006417
24,17600,1594.8707704006417
24,17700,1594.8707704006417
24,17800,1594.8707704006417
24,17900,1594.8707704006417
24,18000,1594.8707704006417
24,18100,1594.8707704006417
24,18200,1594.8707704006417
24,18300,1594.8707704006417
24,18400,1594.8707704006417
24,18500,1594.8707704006417
24,18600,1594.8707704006417
24,18700,1594.8707704006417
24,18800,1594.8707704006417
24,18900,1594.8707704006417
24,19000,1594.8707704006417
24,19100,1594.8707704006417
24,19200,1594.8707704006417
24,19300,1594.8707704006417
24,19400,1594.8707704006417
24,19500,1594.8707704006417
24,19600,1594.8707704006417
24,19700,1594.8707704006417
24,19800,1594.8707704006417
24,19900,1594.8707704006417
24,20000,1594.8707704006417
24,20100,1594.8707704006417
24,20200,1594.8707704006417
24,20300,1594.8707704006417
24,20400,1594.8707704006417
24,20500,1594.8707704006417
24,20600,1594.8707704006417
24,20700,1594.8707704006417
24,20800,1594.8707704006417
24,20900,1594.8707704006417
24,21000,1594.8707704006417
24,21100,1594.8707704006417
24,21200,1594.8707704006417
24,21300,1594.8707704006417
24,21400,1594.8707704006417
24,21500,1594.8707704006417
24,21600,1594.8707704006417
24,21700,1594.8707704006417
24,21800,1594.8707704006417
24,21900,1594.8707704006417
24,22000,1594.8707704006417
24,22100,1594.8707704006417
24,22200,1594.8707704006417
24,22300,1594.8707704006417
24,22400,1594.8707704006417
24,22500,1594.8707704006417
24,22600,1594.8707704006417
24,22700,1594.8707704006417
24,22800,1594.8707704006417
24,22900,1594.8707704006417
24,23000,1591.0218987944015
24,23100,1591.0218987944015
24,23200,1591.0218987944015
24,23300,1591.0218987944015
24,23400,1591.0218987944015
24,23500,1591.0218987944015
24,23600,1591.0218987944015
24,23700,1591.0218987944015
24,23800,1591.0218987944015
24,23900,1591.0218987944015
24,24000,1591.0218987944015
24,24100,1591.0218987944015
24,24200,1591.0218987944015
24,24300,1591.0218987944015
24,24400,1591.0218987944015
24,24500,1591.0218987944015
24,24600,1591.0218987944015
24,24700,1591.0218987944015
24,24800,1591.0218987944015
24,24900,1591.0218987944015
24,25000,1591.0218987944015
24,25100,1591.0218987944015
24,25200,1591.0218987944015
24,25300,1569.879358750308
24,25400,1569.879358750308
24,25500,1569.879358750308
24,25600,1569.879358750308
24,25700,1569.879358750308
24,25800,1569.879358750308
24,25900,1569.879358750308
24,26000,1569.879358750308
24,26100,1569.879358750308
24,26200,1569.879358750308
24,26300,1569.879358750308
24,26400,1569.879358750308
24,26500,1569.879358750308
24,26600,1569.879358750308
24,26700,1569.879358750308
24,26800,1569.879358750308
24,26900,1569.879358750308
24,27000,1569.879358750308
24,27100,1569.879358750308
24,27200,1569.879358750308
24,27300,1569.879358750308
24,27400,1569.879358750308
24,27500,1569.879358750308
24,27600,1569.879358750308
24,27700,1569.879358750308
24,27800,1569.879358750308
24,27900,1569.879358750308
24,28000,1569.879358750308
24,28100,1569.879358750308
24,28200,1569.879358750308
24,28300,1569.879358750308
24,28400,1569.879358750308
24,28500,1569.879358750308
24,28600,1569.879358750308
24,28700,1569.879358750308
24,28800,1569.879358750308
24,28900,1569.879358750308
24,29000,1569.879358750308
24,29100,1569.879358750308
24,29200,1569.879358750308
24,29300,1569.879358750308
24,29400,1569.879358750308
24,29500,1569.879358750308
24,29600,1569.879358750308
24,29700,1569.879358750308
24,29800,1569.879358750308
24,29900,1569.879358750308
24,30000,1569.879358750308
24,30100,1569.879358750308
24,30200,1569.879358750308
24,30300,1569.879358750308
24,30400,1569.879358750308
24,30500,1569.879358750308
24,30600,1569.879358750308
24,30700,1569.879358750308
24,30800,1569.879358750308
24,30900,1569.879358750308
24,31000,1569.879358750308
24,31100,1569.879358750308
24,31200,1569.879358750308
24,31300,1569.879358750308
24,31400,1569.879358750308
24,31500,1569.879358750308
24,31600,1569.879358750308
24,31700,1569.879358750308
24,31800,1569.879358750308
24,31900,1569.879358750308
24,32000,1569.879358750308
24,32100,1569.879358750308
24,32200,1569.879358750308
24,32300,1569.879358750308
24,32400,1569.879358750308
24,32500,1569.879358750308
24,32600,1569.879358750308
24,32700,1569.879358750308
24,32800,1569.879358750308
24,32900,1569.879358750308
24,33000,1569.879358750308
24,33100,1569.879358750308
24,33200,1569.879358750308
24,33300,1569.879358750308
24,33400,1569.879358750308
24,33500,1569.879358750308
24,33600,1569.879358750308
24,33700,1569.879358750308
24,33800,1569.879358750308
24,33900,1569.879358750308
24,34000,1569.879358750308
24,34100,1569.879358750308
24,34200,1569.879358750308
24,34300,1569.8793587503073
24,34400,1569.8793587503073
24,34500,1569.8793587503073
24,34600,1569.8793587503073
24,34700,1569.8793587503073
24,34800,1524.2905591878991
24,34900,1524.2905591878991
24,35000,1524.2905591878991
24,35100,1495.2345358597856
24,35200,1495.2345358597856
24,35300,1495.2345358597856
24,35400,1495.2345358597856
24,35500,1495.2345358597856
24,35600,1495.2345358597856
24,35700,1495.2345358597856
24,35800,1495.2345358597856
24,35900,1495.2345358597856
24,36000,1495.2345358597856
24,36100,1495.2345358597856
24,36200,1495.2345358597856
24,36300,1495.2345358597856
24,36400,1495.2345358597856
24,36500,1495.2345358597856
24,36600,1495.2345358597856
24,36700,1495.2345358597856
24,36800,1495.2345358597856
24,36900,1495.2345358597856
24,37000,1495.2345358597856
24,37100,1495.2345358597856
24,37200,1495.2345358597856
24,37300,1495.2345358597856
24,37400,1495.2345358597856
24,37500,1495.2345358597856
24,37600,1495.2345358597856
24,37700,1495.2345358597856
24,37800,1495.2345358597856
24,37900,1495.2345358597856
24,38000,1495.2345358597856
24,38100,1495.2345358597856
24,38200,1495.2345358597856
24,38300,1495.2345358597856
24,38400,1495.2345358597856
24,38500,1495.2345358597856
24,38600,1495.2345358597856
24,38700,1495.2345358597856
24,38800,1495.2345358597856
24,38900,1495.2345358597856
24,39000,1470.6621171692477
24,39100,1470.6621171692477
24,39200,1470.6621171692477
24,39300,1470.6621171692477
24,39400,1470.6621171692477
24,39500,1459.227321939748
24,39600,1459.227321939748
24,39700,1459.227321939748
24,39800,1459.227321939748
24,39900,1459.227321939748
24,40000,1459.227321939748
24,40100,1459.227321939748
24,40200,1459.227321939748
24,40300,1459.227321939748
24,40400,1459.227321939748
24,40500,1459.227321939748
24,40600,1459.227321939748
24,40700,1459.227321939748
24,40800,1459.227321939748
24,40900,1450.2638730019412
24,41000,1450.2638730019412
24,41100,1450.2638730019412
24,41200,1450.2638730019412
24,41300,1450.2638730019412
24,41400,1450.2638730019412
24,41500,1450.2638730019412
24,41600,1450.2638730019412
24,41700,1450.2638730019412
24,41800,1450.2638730019412
24,41900,1450.2638730019412
24,42000,1450.2638730019412
24,42100,1450.2638730019412
24,42200,1450.2638730019412
24,42300,1450.2638730019412
24,42400,1450.2638730019412
24,42500,1450.2638730019412
24,42600,1450.2638730019412
24,42700,1450.2638730019412
24,42800,1450.2638730019412
24,42900,1450.2638730019412
24,43000,1450.2638730019412
24,43100,1450.2638730019412
24,43200,1450.2638730019412
24,43300,1450.2638730019412
24,43400,1450.2638730019412
24,43500,1450.2638730019412
24,43600,1450.2638730019412
24,43700,1450.2638730019412
24,43800,1450.2638730019412
24,43900,1450.2638730019412
24,44000,1450.2638730019412
24,44100,1450.2638730019412
24,44200,1450.2638730019412
24,44300,1450.2638730019412
24,44400,1450.2638730019412
24,44500,1450.2638730019412
24,44600,1450.2638730019412
24,44700,1450.2638730019412
24,44800,1450.2638730019412
24,44900,1450.2638730019412
24,45000,1450.2638730019412
24,45100,1450.2638730019412
24,45200,1450.2638730019412
24,45300,1450.2638730019412
24,45400,1450.2638730019412
24,45500,1450.2638730019412
24,45600,1450.2638730019412
24,45700,1450.2638730019412
24,45800,1450.2638730019412
24,45900,1450.2638730019412
24,46000,1450.2638730019412
24,46100,1450.2638730019412
24,46200,1450.2638730019412
24,46300,1450.2638730019412
24,46400,1450.2638730019412
24,46500,1450.2638730019412
24,46600,1450.2638730019412
24,46700,1450.2638730019412
24,46800,1450.2638730019412
24,46900,1450.2638730019412
24,47000,1450.2638730019412
24,47100,1450.2638730019412
24,47200,1450.2638730019412
24,47300,1450.2638730019412
24,47400,1450.2638730019412
24,47500,1450.2638730019412
24,47600,1450.2638730019412
24,47700,1450.2638730019412
24,47800,1450.2638730019412
24,47900,1450.2638730019412
24,48000,1450.2638730019412
24,48100,1450.2638730019412
24,48200,1450.2638730019412
24,48300,1450.2638730019412
24,48400,1450.2638730019412
24,48500,1450.2638730019412
24,48600,1450.2638730019412
24,48700,1450.2638730019412
24,48800,1450.2638730019412
24,48900,1450.2638730019412
24,49000,1450.2638730019412
24,49100,1450.2638730019412
24,49200,1450.2638730019412
24,49300,1450.2638730019412
24,49400,1450.2638730019412
24,49500,1450.2638730019412
24,49600,1450.2638730019412
24,49700,1450.2638730019412
24,49800,1450.2638730019412
24,49900,1450.2638730019412
24,50000,1450.2638730019412
25,200,2413.7084342602475
25,300,2413.7084342602475
25,400,2413.7084342602475
25,500,2308.019137054401
25,600,2308.019137054401
25,700,2308.019137054401
25,800,2284.6372855212526
25,900,2238.5463883807274
25,1000,2185.8170533496036
25,1100,2185.8170533496036
25,1200,2143.2117336747606
25,1300,2143.2117336747606
25,1400,2085.4546459260787
25,1500,2083.8108292887637
25,1600,2083.8108292887637
25,1700,2083.8108292887637
25,1800,2083.8108292887637
25,1900,2059.691613197377
25,2000,2059.691613197377
25,2100,2059.691613197377
25,2200,2059.691613197377
25,2300,2059.691613197377
25,2400,2059.691613197377
25,2500,2059.691613197377
25,2600,2058.4044588941024
25,2700,2058.4044588941024
25,2800,2048.062929695726
25,2900,2028.470946034779
25,3000,1921.7500708148912
25,3100,1921.7500708148912
25,3200,1860.002799503866
25,3300,1860.002799503866
25,3400,1860.002799503866
25,3500,1860.002799503866
25,3600,1860.002799503866
25,3700,1860.002799503866
25,3800,1860.002799503866
25,3900,1859.126794230278
25,4000,1859.126794230278
25,4100,1841.8800894954175
25,4200,1841.8800894954175
25,4300,1841.8800894954175
25,4400,1833.9456280492636
25,4500,1833.9456280492636
25,4600,1833.9456280492636
25,4700,1833.9456280492636
25,4800,1833.9456280492636
25,4900,1833.9456280492636
25,5000,1833.9456280492636
25,5100,1833.9456280492636
25,5200,1794.121784214115
25,5300,1794.121784214115
25,5400,1794.121784214115
25,5500,1794.121784214115
25,5600,1794.121784214115
25,5700,1794.121784214115
25,5800,1782.9568716343535
25,5900,1782.9568716343535
25,6000,1782.9568716343535
25,6100,1782.9568716343535
25,6200,1782.9568716343535
25,6300,1782.9568716343535
25,6400,1764.6279555752853
25,6500,1764.6279555752853
25,6600,1764.6279555752853
25,6700,1764.1675883280677
25,6800,1764.1675883280677
25,6900,1710.5459983437308
25,7000,1710.5459983437308
25,7100,1710.5459983437308
25,7200,1710.5459983437308
25,7300,1710.5459983437308
25,7400,1710.5459983437308
25,7500,1710.5459983437308
25,7600,1710.5459983437308
25,7700,1710.5459983437308
25,7800,1681.6553809712552
25,7900,1681.6553809712552
25,8000,1681.6553809712552
25,8100,1681.6553809712552
25,8200,1681.6553809712552
25,8300,1681.6553809712552
25,8400,1652.3359171246377
25,8500,1652.3359171246377
25,8600,1652.3359171246377
25,8700,1652.3359171246377
25,8800,1652.3359171246377
25,8900,1652.3359171246377
25,9000,1652.3359171246377
25,9100,1652.3359171246377
25,9200,1652.3359171246377
25,9300,1652.3359171246377
25,9400,1652.3359171246377
25,9500,1652.3359171246377
25,9600,1652.3359171246377
25,9700,1652.3359171246377
25,9800,1652.3359171246377
25,9900,1605.2376513880317
25,10000,1605.2376513880317
25,10100,1605.2376513880317
25,10200,1605.2376513880317
25,10300,1605.2376513880317
25,10400,1605.2376513880317
25,10500,1605.2376513880317
25,10600,1605.2376513880317
25,10700,1605.2376513880317
25,10800,1605.2376513880317
25,10900,1605.2376513880317
25,11000,1605.2376513880317
25,11100,1605.2376513880317
25,11200,1605.2376513880317
25,11300,1605.2376513880317
25,11400,1605.2376513880317
25,11500,1605.2376513880317
25,11600,1605.2376513880317
25,11700,1605.2376513880317
25,11800,1605.2376513880317
25,11900,1605.2376513880317
25,12000,1605.2376513880317
25,12100,1605.2376513880317
25,12200,1605.2376513880317
25,12300,1571.3451375258082
25,12400,1571.3451375258082
25,12500,1571.3451375258082
25,12600,1571.3451375258082
25,12700,1571.3451375258082
25,12800,1571.3451375258082
25,12900,1571.3451375258082
25,13000,1537.2897823748212
25,13100,1537.2897823748212
25,13200,1537.2897823748212
25,13300,1537.2897823748212
25,13400,1537.2897823748212
25,13500,1537.2897823748212
25,13600,1537.2897823748212
25,13700,1537.2897823748212
25,13800,1537.2897823748212
25,13900,1537.2897823748212
25,14000,1537.2897823748212
25,14100,1537.2897823748212
25,14200,1537.2897823748212
25,14300,1537.2897823748212
25,14400,1537.2897823748212
25,14500,1537.2897823748212
25,14600,1537.2897823748212
25,14700,1537.2897823748212
25,14800,1537.2897823748212
25,14900,1537.2897823748212
25,15000,1537.2897823748212
25,15100,1537.2897823748212
25,15200,1537.2897823748212
25,15300,1537.2897823748212
25,15400,1537.2897823748212
25,15500,1537.2897823748212
25,15600,1537.2897823748212
25,15700,1529.8839228336515
25,15800,1529.8839228336515
25,15900,1529.8839228336515
25,16000,1529.8839228336515
25,16100,1529.8839228336515
25,16200,1529.8839228336515
25,16300,1529.8839228336515
25,16400,1529.8839228336515
25,16500,1529.8839228336515
25,16600,1529.8839228336515
25,16700,1529.8839228336515
25,16800,1529.8839228336515
25,16900,1529.8839228336515
25,17000,1529.8839228336515
25,17100,1529.8839228336515
25,17200,1529.8839228336515
25,17300,1529.8839228336515
25,17400,1529.8839228336515
25,17500,1529.8839228336515
25,17600,1529.8839228336515
25,17700,1529.8839228336515
25,17800,1529.8839228336515
25,17900,1529.8839228336515
25,18000,1529.8839228336515
25,18100,1529.8839228336515
25,18200,1529.8839228336515
25,18300,1529.8839228336515
25,18400,1529.8839228336515
25,18500,1529.8839228336515
25,18600,1529.883922833651
25,18700,1529.883922833651
25,18800,1529.883922833651
25,18900,1529.883922833651
25,19000,1526.0092661053825
25,19100,1526.0092661053825
25,19200,1526.0092661053825
25,19300,1526.0092661053825
25,19400,1526.0092661053825
25,19500,1526.0092661053825
25,19600,1526.0092661053825
25,19700,1526.0092661053825
25,19800,1526.0092661053825
25,19900,1526.0092661053825
25,20000,1526.0092661053825
25,20100,1526.0092661053825
25,20200,1526.0092661053825
25,20300,1526.0092661053825
25,20400,1526.0092661053825
25,20500,1526.0092661053825
25,20600,1526.0092661053825
25,20700,1526.0092661053825
25,20800,1526.0092661053825
25,20900,1526.0092661053825
25,21000,1526.0092661053825
25,21100,1526.0092661053825
25,21200,1526.0092661053825
25,21300,1526.0092661053825
25,21400,1526.0092661053825
25,21500,1526.0092661053825
25,21600,1526.0092661053825
25,21700,1526.0092661053825
25,21800,1526.0092661053825
25,21900,1526.0092661053825
25,22000,1526.0092661053825
25,22100,1526.0092661053825
25,22200,1526.0092661053825
25,22300,1526.0092661053825
25,22400,1526.0092661053825
25,22500,1526.0092661053825
25,22600,1526.0092661053825
25,22700,1526.0092661053825
25,22800,1526.0092661053825
25,22900,1526.0092661053825
25,23000,1526.0092661053825
25,23100,1526.0092661053825
25,23200,1526.0092661053825
25,23300,1526.0092661053825
25,23400,1526.0092661053825
25,23500,1526.0092661053825
25,23600,1526.0092661053825
25,23700,1526.0092661053825
25,23800,1526.0092661053825
25,23900,1526.0092661053825
25,24000,1526.0092661053825
25,24100,1526.0092661053825
25,24200,1526.0092661053825
25,24300,1526.0092661053825
25,24400,1526.0092661053825
25,24500,1526.0092661053825
25,24600,1526.0092661053825
25,24700,1522.0614354318557
25,24800,1522.0614354318557
25,24900,1522.0614354318557
25,25000,1502.6017724571757
25,25100,1502.6017724571757
25,25200,1502.6017724571757
25,25300,1502.6017724571757
25,25400,1502.6017724571757
25,25500,1502.6017724571757
25,25600,1502.6017724571757
25,25700,1502.6017724571757
25,25800,1502.6017724571757
25,25900,1502.6017724571757
25,26000,1502.6017724571757
25,26100,1502.6017724571757
25,26200,1502.6017724571757
25,26300,1502.6017724571757
25,26400,1502.6017724571757
25,26500,1502.6017724571757
25,26600,1502.6017724571757
25,26700,1502.6017724571757
25,26800,1502.6017724571757
25,26900,1501.1115879263878
25,27000,1454.120930772053
25,27100,1454.120930772053
25,27200,1454.120930772053
25,27300,1454.120930772053
25,27400,1454.120930772053
25,27500,1454.120930772053
25,27600,1454.120930772053
25,27700,1454.120930772053
25,27800,1454.120930772053
25,27900,1454.120930772053
25,28000,1454.120930772053
25,28100,1454.120930772053
25,28200,1454.120930772053
25,28300,1454.120930772053
25,28400,1454.120930772053
25,28500,1454.120930772053
25,28600,1454.120930772053
25,28700,1454.120930772053
25,28800,1454.120930772053
25,28900,1454.120930772053
25,29000,1454.120930772053
25,29100,1454.120930772053
25,29200,1454.120930772053
25,29300,1454.120930772053
25,29400,1454.120930772053
25,29500,1454.120930772053
25,29600,1454.120930772053
25,29700,1454.120930772053
25,29800,1454.120930772053
25,29900,1454.120930772053
25,30000,1454.120930772053
25,30100,1454.1209307720526
25,30200,1454.1209307720526
25,30300,1454.1209307720526
25,30400,1454.1209307720526
25,30500,1454.1209307720526
25,30600,1454.1209307720526
25,30700,1454.1209307720526
25,30800,1454.1209307720526
25,30900,1454.1209307720526
25,31000,1454.1209307720526
25,31100,1454.1209307720526
25,31200,1454.1209307720526
25,31300,1454.1209307720526
25,31400,1454.1209307720526
25,31500,1454.1209307720526
25,31600,1454.1209307720526
25,31700,1427.7614427448877
25,31800,1427.7614427448877
25,31900,1427.7614427448877
25,32000,1427.7614427448877
25,32100,1427.7614427448877
25,32200,1427.7614427448877
25,32300,1427.7614427448877
25,32400,1427.7614427448877
25,32500,1427.7614427448877
25,32600,1427.7614427448877
25,32700,1427.7614427448877
25,32800,1427.7614427448877
25,32900,1427.7614427448877
25,33000,1427.7614427448877
25,33100,1427.7614427448877
25,33200,1427.7614427448877
25,33300,1427.7614427448877
25,33400,1427.7614427448877
25,33500,1427.7614427448877
25,33600,1427.7614427448877
25,33700,1427.7614427448877
25,33800,1427.7614427448877
25,33900,1427.7614427448877
25,34000,1427.7614427448877
25,34100,1427.7614427448877
25,34200,1427.7614427448877
25,34300,1427.7614427448877
25,34400,1427.7614427448877
25,34500,1427.7614427448877
25,34600,1427.7614427448877
25,34700,1427.7614427448877
25,34800,1427.7614427448877
25,34900,1427.7614427448877
25,35000,1427.7614427448877
25,35100,1427.7614427448877
25,35200,1427.7614427448877
25,35300,1427.7614427448877
25,35400,1405.3931389476636
25,35500,1405.3931389476636
25,35600,1405.3931389476636
25,35700,1405.3931389476636
25,35800,1405.3931389476636
25,35900,1405.3931389476636
25,36000,1405.3931389476636
25,36100,1405.3931389476636
25,36200,1405.3931389476636
25,36300,1405.3931389476636
25,36400,1405.3931389476636
25,36500,1405.3931389476636
25,36600,1405.3931389476636
25,36700,1405.3931389476636
25,36800,1405.3931389476636
25,36900,1405.3931389476636
25,37000,1405.3931389476636
25,37100,1405.3931389476636
25,37200,1405.3931389476636
25,37300,1405.3931389476636
25,37400,1405.3931389476636
25,37500,1405.3931389476636
25,37600,1405.3931389476636
25,37700,1394.2454810049128
25,37800,1394.2454810049128
25,37900,1394.2454810049128
25,38000,1394.2454810049128
25,38100,1394.2454810049128
25,38200,1394.2454810049128
25,38300,1351.5464369285478
25,38400,1351.5464369285478
25,38500,1351.5464369285478
25,38600,1348.488301018062
25,38700,1348.488301018062
25,38800,1348.488301018062
25,38900,1348.488301018062
25,39000,1348.488301018062
25,39100,1348.488301018062
25,39200,1348.488301018062
25,39300,1348.488301018062
25,39400,1348.450946328242
25,39500,1348.450946328242
25,39600,1348.450946328242
25,39700,1348.450946328242
25,39800,1348.450946328242
25,39900,1348.450946328242
25,40000,1348.450946328242
25,40100,1348.450946328242
25,40200,1348.450946328242
25,40300,1348.450946328242
25,40400,1348.450946328242
25,40500,1331.6378925013435
25,40600,1331.6378925013435
25,40700,1322.366243796714
25,40800,1322.366243796714
25,40900,1322.3662437967137
25,41000,1322.3662437967137
25,41100,1322.3662437967137
25,41200,1322.3662437967137
25,41300,1322.3662437967137
25,41400,1322.3662437967137
25,41500,1322.3662437967137
25,41600,1322.3662437967137
25,41700,1322.3662437967137
25,41800,1322.3662437967137
25,41900,1322.3662437967137
25,42000,1322.3662437967137
25,42100,1322.3662437967137
25,42200,1322.3662437967137
25,42300,1322.3662437967137
25,42400,1322.3662437967137
25,42500,1322.3662437967137
25,42600,1322.3662437967137
25,42700,1322.3662437967137
25,42800,1322.3662437967137
25,42900,1322.3662437967137
25,43000,1322.3662437967137
25,43100,1322.3662437967137
25,43200,1322.3662437967137
25,43300,1322.3662437967137
25,43400,1322.3662437967137
25,43500,1322.3662437967137
25,43600,1322.3662437967137
25,43700,1322.3662437967137
25,43800,1322.3662437967137
25,43900,1322.3662437967137
25,44000,1322.3662437967137
25,44100,1322.3662437967137
25,44200,1322.3662437967137
25,44300,1322.3662437967137
25,44400,1322.3662437967137
25,44500,1322.3662437967137
25,44600,1322.3662437967137
25,44700,1322.3662437967137
25,44800,1322.3662437967137
25,44900,1322.3662437967137
25,45000,1322.3662437967137
25,45100,1322.3662437967137
25,45200,1322.3662437967137
25,45300,1322.3662437967137
25,45400,1322.3662437967137
25,45500,1322.3662437967137
25,45600,1322.3662437967137
25,45700,1322.3662437967137
25,45800,1322.3662437967137
25,45900,1322.3662437967137
25,46000,1310.0070197491734
25,46100,1310.0070197491734
25,46200,1310.0070197491734
25,46300,1310.0070197491734
25,46400,1310.0070197491734
25,46500,1310.0070197491734
25,46600,1310.0070197491734
25,46700,1310.0070197491734
25,46800,1310.0070197491734
25,46900,1310.0070197491734
25,47000,1310.0070197491734
25,47100,1310.0070197491734
25,47200,1310.0070197491734
25,47300,1310.0070197491734
25,47400,1310.0070197491734
25,47500,1310.0070197491734
25,47600,1310.0070197491734
25,47700,1310.0070197491734
25,47800,1310.0070197491734
25,47900,1310.0070197491734
25,48000,1310.0070197491734
25,48100,1310.0070197491734
25,48200,1310.0070197491734
25,48300,1310.0070197491734
25,48400,1310.0070197491734
25,48500,1310.0070197491734
25,48600,1310.0070197491734
25,48700,1310.0070197491734
25,48800,1310.0070197491734
25,48900,1310.0070197491734
25,49000,1310.0070197491734
25,49100,1310.0070197491734
25,49200,1310.0070197491734
25,49300,1310.0070197491734
25,49400,1310.0070197491734
25,49500,1310.0070197491734
25,49600,1310.0070197491734
25,49700,1310.0070197491734
25,49800,1310.0070197491734
25,49900,1310.0070197491734
25,50000,1310.0070197491734
26,200,2443.9240541815457
26,300,2332.5020033803294
26,400,2332.5020033803294
26,500,2292.1565185005547
26,600,2292.1565185005547
26,700,2239.827029874667
26,800,2207.884169754614
26,900,2045.2990821194621
26,1000,2045.2990821194621
26,1100,2045.2990821194621
26,1200,2045.2990821194621
26,1300,2045.2990821194621
26,1400,2025.2681827469098
26,1500,2003.772989694899
26,1600,2003.772989694899
26,1700,2003.772989694899
26,1800,2003.772989694899
26,1900,2003.772989694899
26,2000,2003.772989694899
26,2100,1978.444297754079
26,2200,1978.444297754079
26,2300,1885.403038249332
26,2400,1872.3530635455961
26,2500,1872.3530635455961
26,2600,1872.3530635455961
26,2700,1872.3530635455961
26,2800,1775.4715339010602
26,2900,1775.4715339010602
26,3000,1775.4715339010602
26,3100,1775.4715339010602
26,3200,1695.1358308605502
26,3300,1695.1358308605502
26,3400,1695.1358308605502
26,3500,1695.1358308605502
26,3600,1695.1358308605502
26,3700,1695.1358308605502
26,3800,1695.1358308605502
26,3900,1668.136812605118
26,4000,1668.136812605118
26,4100,1649.6108285366984
26,4200,1649.6108285366984
26,4300,1649.6108285366984
26,4400,1649.6108285366984
26,4500,1649.6108285366984
26,4600,1649.6108285366984
26,4700,1649.6108285366984
26,4800,1627.0609229201298
26,4900,1627.0609229201298
26,5000,1627.0609229201298
26,5100,1627.0609229201298
26,5200,1623.1586525630462
26,5300,1623.1586525630462
26,5400,1623.1586525630462
26,5500,1623.1586525630462
26,5600,1623.1586525630462
26,5700,1623.1586525630462
26,5800,1623.1586525630462
26,5900,1623.1586525630462
26,6000,1623.1586525630462
26,6100,1623.1586525630462
26,6200,1623.1586525630462
26,6300,1623.1586525630462
26,6400,1623.1586525630462
26,6500,1623.1586525630462
26,6600,1623.1586525630462
26,6700,1623.1586525630462
26,6800,1623.1586525630462
26,6900,1623.1586525630462
26,7000,1623.1586525630462
26,7100,1623.1586525630462
26,7200,1623.1586525630462
26,7300,1623.1586525630462
26,7400,1623.1586525630462
26,7500,1623.1586525630462
26,7600,1623.1586525630462
26,7700,1623.1586525630462
26,7800,1623.1586525630462
26,7900,1623.1586525630462
26,8000,1623.1586525630462
26,8100,1623.1586525630462
26,8200,1623.1586525630462
26,8300,1623.1586525630462
26,8400,1623.1586525630462
26,8500,1623.1586525630462
26,8600,1623.1586525630462
26,8700,1623.1586525630462
26,8800,1623.1586525630462
26,8900,1623.1586525630462
26,9000,1623.1586525630462
26,9100,1623.1586525630462
26,9200,1623.1586525630462
26,9300,1623.1586525630462
26,9400,1623.1586525630462
26,9500,1623.1586525630462
26,9600,1623.1586525630462
26,9700,1623.1586525630462
26,9800,1623.1586525630462
26,9900,1623.1586525630462
26,10000,1623.1586525630462
26,10100,1622.0809149608606
26,10200,1622.0809149608606
26,10300,1622.0809149608606
26,10400,1622.0809149608606
26,10500,1622.0809149608606
26,10600,1622.0809149608606
26,10700,1622.0809149608606
26,10800,1622.0809149608606
26,10900,1593.9146300515697
26,11000,1593.9146300515697
26,11100,1593.9146300515697
26,11200,1593.9146300515697
26,11300,1593.9146300515697
26,11400,1593.9146300515697
26,11500,1593.9146300515697
26,11600,1593.9146300515697
26,11700,1593.9146300515697
26,11800,1593.9146300515697
26,11900,1593.9146300515697
26,12000,1593.9146300515697
26,12100,1593.9146300515697
26,12200,1593.9146300515697
26,12300,1593.9146300515697
26,12400,1587.482040274241
26,12500,1587.482040274241
26,12600,1587.482040274241
26,12700,1587.482040274241
26,12800,1587.482040274241
26,12900,1587.482040274241
26,13000,1587.482040274241
26,13100,1587.482040274241
26,13200,1587.482040274241
26,13300,1587.482040274241
26,13400,1587.482040274241
26,13500,1587.482040274241
26,13600,1587.482040274241
26,13700,1587.482040274241
26,13800,1587.482040274241
26,13900,1587.482040274241
26,14000,1587.482040274241
26,14100,1587.482040274241
26,14200,1587.482040274241
26,14300,1587.482040274241
26,14400,1570.3526198205207
26,14500,1570.3526198205207
26,14600,1570.3526198205207
26,14700,1570.3526198205207
26,14800,1570.3526198205207
26,14900,1570.3526198205207
26,15000,1570.3526198205207
26,15100,1570.3526198205207
26,15200,1570.3526198205207
26,15300,1570.3526198205207
26,15400,1570.3526198205207
26,15500,1570.3526198205207
26,15600,1570.3526198205207
26,15700,1570.3526198205207
26,15800,1570.3526198205207
26,15900,1570.3526198205207
26,16000,1570.3526198205207
26,16100,1570.3526198205207
26,16200,1570.3526198205207
26,16300,1570.3526198205207
26,16400,1570.3526198205207
26,16500,1570.3526198205207
26,16600,1570.3526198205207
26,16700,1570.3526198205207
26,16800,1570.3526198205207
26,16900,1570.3526198205207
26,17000,1570.3526198205207
26,17100,1570.3526198205207
26,17200,1570.3526198205207
26,17300,1570.3526198205207
26,17400,1559.381260207878
26,17500,1559.381260207878
26,17600,1559.381260207878
26,17700,1559.381260207878
26,17800,1559.381260207878
26,17900,1559.381260207878
26,18000,1559.381260207878
26,18100,1559.381260207878
26,18200,1559.381260207878
26,18300,1559.381260207878
26,18400,1559.381260207878
26,18500,1559.381260207878
26,18600,1548.2916557782196
26,18700,1548.2916557782196
26,18800,1548.2916557782196
26,18900,1548.2916557782196
26,19000,1548.2916557782196
26,19100,1548.2916557782196
26,19200,1548.2916557782196
26,19300,1548.2916557782196
26,19400,1548.2916557782196
26,19500,1548.2916557782196
26,19600,1548.2916557782196
26,19700,1548.2916557782196
26,19800,1548.2916557782196
26,19900,1548.2916557782196
26,20000,1548.2916557782196
26,20100,1548.2916557782196
26,20200,1545.6783588840547
26,20300,1545.6783588840547
26,20400,1545.6783588840547
26,20500,1545.6783588840547
26,20600,1545.6783588840547
26,20700,1545.6783588840547
26,20800,1545.6783588840547
26,20900,1545.6783588840547
26,21000,1545.6783588840547
26,21100,1545.6783588840547
26,21200,1545.6783588840547
26,21300,1544.2970763310045
26,21400,1544.2970763310045
26,21500,1544.2970763310045
26,21600,1544.2970763310045
26,21700,1544.2970763310045
26,21800,1544.2970763310045
26,21900,1544.2970763310045
26,22000,1544.2970763310045
26,22100,1511.1118629520138
26,22200,1511.1118629520138
26,22300,1511.1118629520138
26,22400,1511.1118629520138
26,22500,1511.1118629520138
26,22600,1511.1118629520138
26,22700,1511.1118629520138
26,22800,1511.1118629520138
26,22900,1511.1118629520138
26,23000,1511.1118629520138
26,23100,1511.1118629520138
26,23200,1511.1118629520138
26,23300,1511.1118629520138
26,23400,1511.1118629520138
26,23500,1495.89214450869
26,23600,1495.89214450869
26,23700,1495.89214450869
26,23800,1495.89214450869
26,23900,1495.89214450869
26,24000,1495.89214450869
26,24100,1495.89214450869
26,24200,1495.89214450869
26,24300,1495.89214450869
26,24400,1495.89214450869
26,24500,1495.89214450869
26,24600,1495.89214450869
26,24700,1495.89214450869
26,24800,1495.89214450869
26,24900,1495.89214450869
26,25000,1495.89214450869
26,25100,1495.89214450869
26,25200,1495.89214450869
26,25300,1495.89214450869
26,25400,1495.89214450869
26,25500,1495.89214450869
26,25600,1495.89214450869
26,25700,1495.89214450869
26,25800,1495.89214450869
26,25900,1495.89214450869
26,26000,1495.89214450869
26,26100,1495.89214450869
26,26200,1495.89214450869
26,26300,1495.89214450869
26,26400,1495.89214450869
26,26500,1495.89214450869
26,26600,1495.89214450869
26,26700,1495.89214450869
26,26800,1494.9322865237075
26,26900,1494.9322865237075
26,27000,1494.9322865237075
26,27100,1477.7286038207792
26,27200,1477.7286038207792
26,27300,1477.7286038207792
26,27400,1477.7286038207792
26,27500,1477.7286038207792
26,27600,1477.7286038207792
26,27700,1477.7286038207792
26,27800,1477.7286038207792
26,27900,1477.7286038207792
26,28000,1477.7286038207792
26,28100,1477.7286038207792
26,28200,1477.7286038207792
26,28300,1477.7286038207792
26,28400,1477.7286038207792
26,28500,1477.7286038207792
26,28600,1477.7286038207792
26,28700,1463.9646077857872
26,28800,1463.9646077857872
26,28900,1463.9646077857872
26,29000,1463.9646077857872
26,29100,1463.9646077857872
26,29200,1463.9646077857872
26,29300,1463.9646077857872
26,29400,1463.9646077857872
26,29500,1463.9646077857872
26,29600,1463.9646077857872
26,29700,1463.9646077857872
26,29800,1463.9646077857872
26,29900,1463.9646077857872
26,30000,1463.9646077857872
26,30100,1463.9646077857872
26,30200,1463.964607785787
26,30300,1463.964607785787
26,30400,1463.964607785787
26,30500,1463.964607785787
26,30600,1463.964607785787
26,30700,1463.964607785787
26,30800,1463.964607785787
26,30900,1463.964607785787
26,31000,1463.964607785787
26,31100,1463.964607785787
26,31200,1463.964607785787
26,31300,1463.964607785787
26,31400,1463.964607785787
26,31500,1463.964607785787
26,31600,1463.964607785787
26,31700,1463.964607785787
26,31800,1463.964607785787
26,31900,1463.964607785787
26,32000,1463.964607785787
26,32100,1463.964607785787
26,32200,1463.964607785787
26,32300,1463.964607785787
26,32400,1463.964607785787
26,32500,1463.964607785787
26,32600,1463.964607785787
26,32700,1463.964607785787
26,32800,1463.964607785787
26,32900,1463.964607785787
26,33000,1463.964607785787
26,33100,1463.964607785787
26,33200,1463.964607785787
26,33300,1463.964607785787
26,33400,1463.964607785787
26,33500,1463.964607785787
26,33600,1463.964607785787
26,33700,1463.964607785787
26,33800,1463.964607785787
26,33900,1463.964607785787
26,34000,1463.964607785787
26,34100,1463.964607785787
26,34200,1463.964607785787
26,34300,1463.964607785787
26,34400,1463.964607785787
26,34500,1463.964607785787
26,34600,1463.964607785787
26,34700,1463.964607785787
26,34800,1463.964607785787
26,34900,1454.9969356202942
26,35000,1454.9969356202942
26,35100,1454.9969356202942
26,35200,1454.9969356202942
26,35300,1454.9969356202942
26,35400,1446.2486834278395
26,35500,1446.2486834278395
26,35600,1446.2486834278395
26,35700,1446.2486834278395
26,35800,1446.2486834278395
26,35900,1446.2486834278395
26,36000,1446.2486834278395
26,36100,1446.2486834278395
26,36200,1446.2486834278395
26,36300,1446.2486834278395
26,36400,1446.2486834278395
26,36500,1446.2486834278395
26,36600,1446.2486834278395
26,36700,1446.2486834278395
26,36800,1446.2486834278395
26,36900,1446.2486834278395
26,37000,1446.2486834278395
26,37100,1446.2486834278395
26,37200,1446.2486834278395
26,37300,1446.2486834278395
26,37400,1446.2486834278395
26,37500,1446.2486834278395
26,37600,1446.2486834278395
26,37700,1446.2486834278395
26,37800,1417.223471419723
26,37900,1417.223471419723
26,38000,1417.223471419723
26,38100,1417.223471419723
26,38200,1417.223471419723
26,38300,1417.223471419723
26,38400,1417.223471419723
26,38500,1417.223471419723
26,38600,1417.223471419723
26,38700,1417.223471419723
26,38800,1417.223471419723
26,38900,1400.7239534879268
26,39000,1400.7239534879268
26,39100,1400.7239534879268
26,39200,1400.7239534879268
26,39300,1400.7239534879268
26,39400,1400.7239534879268
26,39500,1400.7239534879268
26,39600,1400.7239534879268
26,39700,1400.7239534879268
26,39800,1400.7239534879268
26,39900,1400.7239534879268
26,40000,1400.7239534879268
26,40100,1400.7239534879268
26,40200,1400.7239534879268
26,40300,1400.7239534879268
26,40400,1400.7239534879268
26,40500,1400.7239534879268
26,40600,1400.7239534879268
26,40700,1400.7239534879268
26,40800,1400.7239534879268
26,40900,1400.7239534879268
26,41000,1400.7239534879268
26,41100,1400.7239534879268
26,41200,1400.7239534879268
26,41300,1400.7239534879268
26,41400,1400.7239534879268
26,41500,1400.7239534879268
26,41600,1400.7239534879268
26,41700,1400.7239534879268
26,41800,1400.7239534879268
26,41900,1400.7239534879268
26,42000,1400.7239534879268
26,42100,1400.7239534879268
26,42200,1400.7239534879268
26,42300,1400.7239534879268
26,42400,1400.7239534879268
26,42500,1400.7239534879268
26,42600,1400.7239534879268
26,42700,1400.7239534879268
26,42800,1400.7239534879268
26,42900,1400.7239534879268
26,43000,1400.7239534879268
26,43100,1400.7239534879268
26,43200,1400.7239534879268
26,43300,1400.7239534879268
26,43400,1400.7239534879268
26,43500,1400.7239534879268
26,43600,1400.7239534879268
26,43700,1394.4790464588332
26,43800,1374.4368271281676
26,43900,1374.4368271281676
26,44000,1374.4368271281676
26,44100,1374.4368271281676
26,44200,1374.4368271281676
26,44300,1374.4368271281676
26,44400,1374.4368271281676
26,44500,1374.4368271281676
26,44600,1374.4368271281676
26,44700,1374.4368271281676
26,44800,1374.4368271281676
26,44900,1374.4368271281676
26,45000,1374.4368271281676
26,45100,1374.4368271281676
26,45200,1374.4368271281676
26,45300,1374.4368271281676
26,45400,1374.4368271281676
26,45500,1374.4368271281676
26,45600,1374.4368271281676
26,45700,1374.4368271281676
26,45800,1374.4368271281676
26,45900,1374.4368271281676
26,46000,1374.4368271281676
26,46100,1374.4368271281676
26,46200,1374.4368271281676
26,46300,1374.4368271281676
26,46400,1374.4368271281676
26,46500,1374.4368271281676
26,46600,1374.4368271281676
26,46700,1374.4368271281676
26,46800,1374.4368271281676
26,46900,1374.4368271281676
26,47000,1374.4368271281676
26,47100,1374.4368271281676
26,47200,1374.4368271281676
26,47300,1374.4368271281676
26,47400,1374.4368271281676
26,47500,1374.4368271281676
26,47600,1374.4368271281676
26,47700,1374.4368271281676
26,47800,1374.4368271281676
26,47900,1374.4368271281676
26,48000,1374.4368271281676
26,48100,1374.4368271281676
26,48200,1374.4368271281676
26,48300,1374.4368271281676
26,48400,1374.4368271281676
26,48500,1374.4368271281676
26,48600,1367.4880284972353
26,48700,1367.4880284972353
26,48800,1367.4880284972353
26,48900,1367.4880284972353
26,49000,1367.4880284972353
26,49100,1367.4880284972353
26,49200,1367.4880284972353
26,49300,1367.4880284972353
26,49400,1367.4880284972353
26,49500,1367.4880284972353
26,49600,1367.4880284972353
26,49700,1367.4880284972353
26,49800,1367.4880284972353
26,49900,1367.4880284972353
26,50000,1367.4880284972353
27,200,2469.0919989530457
27,300,2324.7300869184637
27,400,2324.7300869184637
27,500,2262.2660367680764
27,600,2262.2660367680764
27,700,2168.1071470190595
27,800,2168.1071470190595
27,900,2168.1071470190595
27,1000,2133.44476428585
27,1100,1931.627992553441
27,1200,1931.627992553441
27,1300,1931.627992553441
27,1400,1931.627992553441
27,1500,1931.627992553441
27,1600,1930.1657046462838
27,1700,1930.1657046462838
27,1800,1930.1657046462838
27,1900,1930.1657046462838
27,2000,1930.1657046462838
27,2100,1894.7671749934
27,2200,1894.7671749934
27,2300,1894.7671749934
27,2400,1881.5165443676465
27,2500,1881.5165443676465
27,2600,1881.5165443676465
27,2700,1881.5165443676465
27,2800,1860.0720657471766
27,2900,1773.5184107803127
27,3000,1773.5184107803127
27,3100,1773.5184107803127
27,3200,1773.5184107803127
27,3300,1773.5184107803127
27,3400,1773.5184107803127
27,3500,1773.5184107803127
27,3600,1748.655526994134
27,3700,1746.2246468609785
27,3800,1746.2246468609785
27,3900,1746.2246468609785
27,4000,1746.2246468609785
27,4100,1746.2246468609785
27,4200,1746.2246468609785
27,4300,1746.2246468609785
27,4400,1746.2246468609785
27,4500,1732.082168159134
27,4600,1732.082168159134
27,4700,1732.082168159134
27,4800,1732.082168159134
27,4900,1702.784374496919
27,5000,1702.784374496919
27,5100,1667.3112034191217
27,5200,1667.3112034191217
27,5300,1667.3112034191217
27,5400,1667.3112034191217
27,5500,1667.3112034191217
27,5600,1667.3112034191217
27,5700,1667.3112034191217
27,5800,1667.3112034191217
27,5900,1667.3112034191217
27,6000,1667.3112034191217
27,6100,1667.3112034191217
27,6200,1667.3112034191217
27,6300,1667.3112034191217
27,6400,1667.3112034191217
27,6500,1667.3112034191217
27,6600,1667.3112034191217
27,6700,1667.3112034191217
27,6800,1667.3112034191217
27,6900,1667.3112034191217
27,7000,1636.0255264043376
27,7100,1636.0255264043376
27,7200,1636.0255264043376
27,7300,1636.0255264043376
27,7400,1636.0255264043376
27,7500,1636.0255264043376
27,7600,1636.0255264043376
27,7700,1636.0255264043376
27,7800,1618.9852051412122
27,7900,1618.9852051412122
27,8000,1618.9852051412122
27,8100,1618.9852051412122
27,8200,1618.9852051412122
27,8300,1618.9852051412122
27,8400,1618.9852051412122
27,8500,1618.9852051412122
27,8600,1618.9852051412122
27,8700,1618.9852051412122
27,8800,1618.9852051412122
27,8900,1618.9852051412122
27,9000,1618.9852051412122
27,9100,1618.9852051412122
27,9200,1618.9852051412122
27,9300,1618.9852051412122
27,9400,1618.9852051412122
27,9500,1618.9852051412122
27,9600,1618.9852051412122
27,9700,1618.9852051412122
27,9800,1618.9852051412122
27,9900,1618.9852051412122
27,10000,1618.9852051412122
27,10100,1618.9852051412122
27,10200,1618.9852051412122
27,10300,1618.9852051412122
27,10400,1618.9852051412122
27,10500,1618.9852051412122
27,10600,1618.9852051412122
27,10700,1618.9852051412122
27,10800,1618.9852051412122
27,10900,1618.9852051412122
27,11000,1611.9965137285008
27,11100,1611.9965137285008
27,11200,1611.9965137285008
27,11300,1611.9965137285008
27,11400,1611.9965137285008
27,11500,1611.9965137285008
27,11600,1611.9965137285008
27,11700,1611.9965137285008
27,11800,1611.9965137285008
27,11900,1611.9965137285008
27,12000,1611.9965137285008
27,12100,1611.9965137285008
27,12200,1603.8326157305205
27,12300,1603.8326157305205
27,12400,1603.8326157305205
27,12500,1603.8326157305205
27,12600,1589.5249590864905
27,12700,1589.5249590864905
27,12800,1589.5249590864905
27,12900,1589.5249590864905
27,13000,1589.5249590864905
27,13100,1573.7623871956825
27,13200,1573.7623871956825
27,13300,1573.7623871956825
27,13400,1573.7623871956825
27,13500,1573.7623871956825
27,13600,1573.7623871956825
27,13700,1573.7623871956825
27,13800,1573.7623871956825
27,13900,1533.4686151888995
27,14000,1533.4686151888995
27,14100,1533.4686151888995
27,14200,1533.4686151888995
27,14300,1533.4686151888995
27,14400,1533.4686151888995
27,14500,1533.4686151888995
27,14600,1533.4686151888995
27,14700,1533.4686151888995
27,14800,1533.4686151888995
27,14900,1533.4686151888995
27,15000,1533.4686151888995
27,15100,1533.4686151888995
27,15200,1506.194982245267
27,15300,1506.194982245267
27,15400,1506.194982245267
27,15500,1506.1949822452666
27,15600,1506.1949822452666
27,15700,1506.1949822452666
27,15800,1506.1949822452666
27,15900,1506.1949822452666
27,16000,1506.1949822452666
27,16100,1506.1949822452666
27,16200,1506.1949822452666
27,16300,1502.1481201045444
27,16400,1502.1481201045444
27,16500,1502.1481201045444
27,16600,1502.1481201045444
27,16700,1502.1481201045444
27,16800,1502.1481201045444
27,16900,1502.1481201045444
27,17000,1502.1481201045444
27,17100,1502.1481201045444
27,17200,1502.1481201045444
27,17300,1502.1481201045444
27,17400,1502.1481201045444
27,17500,1502.1481201045444
27,17600,1502.1481201045444
27,17700,1502.1481201045444
27,17800,1502.1481201045444
27,17900,1502.1481201045444
27,18000,1502.1481201045444
27,18100,1502.1481201045444
27,18200,1502.1481201045444
27,18300,1502.1481201045444
27,18400,1502.1481201045444
27,18500,1502.1481201045444
27,18600,1502.1481201045444
27,18700,1502.1481201045444
27,18800,1502.1481201045444
27,18900,1502.1481201045444
27,19000,1502.1481201045444
27,19100,1502.1481201045444
27,19200,1502.1481201045444
27,19300,1502.1481201045444
27,19400,1502.1481201045444
27,19500,1502.1481201045444
27,19600,1502.1481201045444
27,19700,1502.1481201045444
27,19800,1502.1481201045444
27,19900,1502.1481201045444
27,20000,1502.1481201045444
27,20100,1502.1481201045444
27,20200,1502.1481201045444
27,20300,1502.1481201045444
27,20400,1502.1481201045444
27,20500,1502.1481201045444
27,20600,1502.1481201045444
27,20700,1502.1481201045444
27,20800,1502.1481201045444
27,20900,1502.1481201045444
27,21000,1502.1481201045444
27,21100,1502.1481201045444
27,21200,1502.1481201045444
27,21300,1502.1481201045444
27,21400,1502.1481201045444
27,21500,1502.1481201045444
27,21600,1502.1481201045444
27,21700,1502.1481201045444
27,21800,1502.1481201045444
27,21900,1502.1481201045444
27,22000,1502.1481201045444
27,22100,1502.1481201045444
27,22200,1502.1481201045444
27,22300,1502.1481201045444
27,22400,1502.1481201045444
27,22500,1502.1481201045444
27,22600,1502.1481201045444
27,22700,1502.1481201045444
27,22800,1502.1481201045444
27,22900,1502.1481201045444
27,23000,1502.1481201045444
27,23100,1502.1481201045444
27,23200,1502.1481201045444
27,23300,1494.3004586004488
27,23400,1493.9535081278934
27,23500,1493.9535081278934
27,23600,1493.9535081278934
27,23700,1493.9535081278934
27,23800,1493.9535081278934
27,23900,1493.9535081278934
27,24000,1493.9535081278934
27,24100,1493.9535081278934
27,24200,1493.9535081278934
27,24300,1493.9535081278934
27,24400,1493.9535081278934
27,24500,1493.9535081278934
27,24600,1493.9535081278934
27,24700,1493.9535081278934
27,24800,1493.9535081278934
27,24900,1493.9535081278934
27,25000,1493.9535081278934
27,25100,1493.9535081278934
27,25200,1493.9535081278934
27,25300,1493.9535081278934
27,25400,1493.9535081278934
27,25500,1493.9535081278934
27,25600,1493.9535081278934
27,25700,1493.9535081278934
27,25800,1493.9535081278934
27,25900,1493.9535081278934
27,26000,1493.9535081278934
27,26100,1493.9535081278934
27,26200,1453.6178984279525
27,26300,1453.6178984279525
27,26400,1453.6178984279525
27,26500,1453.6178984279525
27,26600,1453.6178984279525
27,26700,1453.6178984279525
27,26800,1453.6178984279525
27,26900,1453.6178984279525
27,27000,1453.6178984279525
27,27100,1453.6178984279525
27,27200,1453.6178984279525
27,27300,1453.6178984279525
27,27400,1453.6178984279525
27,27500,1453.6178984279525
27,27600,1453.6178984279525
27,27700,1453.6178984279525
27,27800,1453.6178984279525
27,27900,1453.6178984279525
27,28000,1453.6178984279525
27,28100,1453.0710508935872
27,28200,1453.0710508935872
27,28300,1453.0710508935872
27,28400,1453.0710508935872
27,28500,1453.0710508935872
27,28600,1453.0710508935872
27,28700,1453.0710508935872
27,28800,1453.0710508935872
27,28900,1453.0710508935872
27,29000,1453.0710508935872
27,29100,1453.0710508935872
27,29200,1453.0710508935872
27,29300,1453.0710508935872
27,29400,1453.0710508935872
27,29500,1453.0710508935872
27,29600,1453.0710508935872
27,29700,1449.073393502802
27,29800,1449.073393502802
27,29900,1449.073393502802
27,30000,1449.073393502802
27,30100,1449.073393502802
27,30200,1449.073393502802
27,30300,1449.073393502802
27,30400,1449.073393502802
27,30500,1449.073393502802
27,30600,1449.073393502802
27,30700,1449.073393502802
27,30800,1449.073393502802
27,30900,1449.073393502802
27,31000,1449.0733935028015
27,31100,1449.0733935028015
27,31200,1449.0733935028015
27,31300,1449.0733935028015
27,31400,1449.0733935028015
27,31500,1449.0733935028015
27,31600,1449.0733935028015
27,31700,1449.0733935028015
27,31800,1449.0733935028015
27,31900,1449.0733935028015
27,32000,1449.0733935028015
27,32100,1449.0733935028015
27,32200,1449.0733935028015
27,32300,1449.0733935028015
27,32400,1449.0733935028015
27,32500,1449.0733935028015
27,32600,1449.0733935028015
27,32700,1449.0733935028015
27,32800,1449.0733935028015
27,32900,1449.0733935028015
27,33000,1449.0733935028015
27,33100,1449.0733935028015
27,33200,1449.0733935028015
27,33300,1449.0733935028015
27,33400,1449.0733935028015
27,33500,1449.0733935028015
27,33600,1449.0733935028015
27,33700,1432.6002462514884
27,33800,1432.6002462514884
27,33900,1432.6002462514884
27,34000,1432.6002462514884
27,34100,1432.6002462514884
27,34200,1432.6002462514884
27,34300,1432.6002462514884
27,34400,1432.6002462514884
27,34500,1432.6002462514884
27,34600,1432.6002462514884
27,34700,1432.6002462514884
27,34800,1432.6002462514884
27,34900,1432.6002462514884
27,35000,1432.6002462514884
27,35100,1432.6002462514884
27,35200,1432.6002462514884
27,35300,1432.6002462514884
27,35400,1432.6002462514884
27,35500,1432.6002462514884
27,35600,1432.6002462514884
27,35700,1432.6002462514884
27,35800,1432.6002462514884
27,35900,1428.3185992036977
27,36000,1428.3185992036977
27,36100,1428.3185992036977
27,36200,1428.3185992036977
27,36300,1428.3185992036977
27,36400,1428.3185992036977
27,36500,1428.3185992036977
27,36600,1428.3185992036977
27,36700,1428.3185992036977
27,36800,1428.3185992036977
27,36900,1428.3185992036977
27,37000,1428.3185992036977
27,37100,1428.3185992036977
27,37200,1428.3185992036977
27,37300,1428.3185992036977
27,37400,1428.3185992036977
27,37500,1428.3185992036977
27,37600,1428.3185992036977
27,37700,1428.3185992036977
27,37800,1428.3185992036977
27,37900,1428.3185992036977
27,38000,1428.3185992036977
27,38100,1428.3185992036977
27,38200,1428.3185992036977
27,38300,1428.3185992036977
27,38400,1428.3185992036977
27,38500,1428.3185992036977
27,38600,1428.3185992036977
27,38700,1428.3185992036977
27,38800,1428.3185992036977
27,38900,1428.3185992036977
27,39000,1428.3185992036977
27,39100,1428.3185992036977
27,39200,1428.3185992036977
27,39300,1428.3185992036977
27,39400,1428.3185992036977
27,39500,1419.2670892980216
27,39600,1419.2670892980216
27,39700,1419.2670892980216
27,39800,1419.2670892980216
27,39900,1419.2670892980216
27,40000,1419.2670892980216
27,40100,1419.2670892980216
27,40200,1419.2670892980216
27,40300,1419.2670892980216
27,40400,1419.2670892980216
27,40500,1419.2670892980216
27,40600,1419.2670892980216
27,40700,1419.2670892980216
27,40800,1419.2670892980216
27,40900,1419.2670892980213
27,41000,1419.2670892980213
27,41100,1419.2670892980213
27,41200,1419.2670892980213
27,41300,1419.2670892980213
27,41400,1419.2670892980213
27,41500,1419.2670892980213
27,41600,1419.2670892980213
27,41700,1419.2670892980213
27,41800,1419.2670892980213
27,41900,1419.2670892980213
27,42000,1419.2670892980213
27,42100,1419.2670892980213
27,42200,1419.2670892980213
27,42300,1419.2670892980213
27,42400,1419.2670892980213
27,42500,1419.2670892980213
27,42600,1419.2670892980213
27,42700,1419.2670892980213
27,42800,1419.2670892980213
27,42900,1419.2670892980213
27,43000,1419.2670892980213
27,43100,1419.2670892980213
27,43200,1419.2670892980213
27,43300,1419.2670892980213
27,43400,1419.2670892980213
27,43500,1419.2670892980213
27,43600,1419.2670892980213
27,43700,1419.2670892980213
27,43800,1419.2670892980213
27,43900,1419.2670892980213
27,44000,1419.2670892980213
27,44100,1419.2670892980213
27,44200,1419.2670892980213
27,44300,1419.2670892980213
27,44400,1419.2670892980213
27,44500,1419.2670892980213
27,44600,1419.2670892980213
27,44700,1419.2670892980213
27,44800,1419.2670892980213
27,44900,1419.2670892980213
27,45000,1419.2670892980213
27,45100,1419.2670892980213
27,45200,1419.2670892980213
27,45300,1419.2670892980213
27,45400,1419.2670892980213
27,45500,1419.2670892980213
27,45600,1419.2670892980213
27,45700,1419.2670892980213
27,45800,1419.2670892980213
27,45900,1419.2670892980213
27,46000,1419.2670892980213
27,46100,1418.4452349102357
27,46200,1418.4452349102357
27,46300,1418.4452349102357
27,46400,1418.4452349102357
27,46500,1418.4452349102357
27,46600,1418.4452349102357
27,46700,1418.4452349102357
27,46800,1418.4452349102357
27,46900,1418.4452349102357
27,47000,1418.4452349102357
27,47100,1418.4452349102357
27,47200,1418.4452349102357
27,47300,1418.4452349102357
27,47400,1418.4452349102357
27,47500,1418.4452349102357
27,47600,1418.4452349102357
27,47700,1418.4452349102357
27,47800,1418.4452349102357
27,47900,1418.4452349102357
27,48000,1418.4452349102357
27,48100,1418.4452349102357
27,48200,1418.4452349102357
27,48300,1418.4452349102357
27,48400,1418.4452349102357
27,48500,1418.4452349102357
27,48600,1418.4452349102357
27,48700,1418.4452349102357
27,48800,1418.4452349102357
27,48900,1418.4452349102357
27,49000,1418.4452349102357
27,49100,1418.4452349102355
27,49200,1418.4452349102355
27,49300,1418.4452349102355
27,49400,1418.4452349102355
27,49500,1418.4452349102355
27,49600,1418.4452349102355
27,49700,1418.4452349102355
27,49800,1418.4452349102355
27,49900,1418.4452349102355
27,50000,1418.4452349102355
28,200,2468.2730462794643
28,300,2423.203334489084
28,400,2423.203334489084
28,500,2423.203334489084
28,600,2341.7747587402023
28,700,2235.561969792109
28,800,2235.561969792109
28,900,2235.561969792109
28,1000,2235.561969792109
28,1100,2226.3743678654255
28,1200,2153.200257574458
28,1300,2153.200257574458
28,1400,2153.200257574458
28,1500,2097.658129409398
28,1600,2097.658129409398
28,1700,2097.658129409398
28,1800,2097.658129409398
28,1900,2097.658129409398
28,2000,2097.658129409398
28,2100,2097.658129409398
28,2200,2072.70859667963
28,2300,2059.076273480255
28,2400,2020.4625088353675
28,2500,2020.4625088353675
28,2600,2005.050487368626
28,2700,2005.050487368626
28,2800,1926.1031561345314
28,2900,1926.1031561345314
28,3000,1926.1031561345314
28,3100,1926.1031561345314
28,3200,1833.0020723973314
28,3300,1833.0020723973314
28,3400,1833.0020723973314
28,3500,1833.0020723973314
28,3600,1833.0020723973314
28,3700,1833.0020723973314
28,3800,1770.4874131550002
28,3900,1770.4874131550002
28,4000,1770.4874131550002
28,4100,1770.4874131550002
28,4200,1770.4874131550002
28,4300,1770.4874131550002
28,4400,1770.4874131550002
28,4500,1770.4874131550002
28,4600,1770.4874131550002
28,4700,1770.4874131550002
28,4800,1770.4874131550002
28,4900,1770.4874131550002
28,5000,1770.4874131550002
28,5100,1766.7579584764087
28,5200,1766.7579584764087
28,5300,1697.1093546075879
28,5400,1697.1093546075879
28,5500,1697.1093546075879
28,5600,1697.1093546075879
28,5700,1697.1093546075879
28,5800,1697.1093546075879
28,5900,1646.0212243867209
28,6000,1646.0212243867209
28,6100,1646.0212243867209
28,6200,1646.0212243867209
28,6300,1646.0212243867209
28,6400,1646.0212243867209
28,6500,1646.0212243867209
28,6600,1646.0212243867209
28,6700,1646.0212243867209
28,6800,1640.4935248016263
28,6900,1556.4478217603341
28,7000,1556.4478217603341
28,7100,1556.4478217603341
28,7200,1556.4478217603341
28,7300,1556.4478217603341
28,7400,1556.4478217603341
28,7500,1556.4478217603341
28,7600,1556.4478217603341
28,7700,1556.4478217603341
28,7800,1556.4478217603341
28,7900,1556.4478217603341
28,8000,1556.4478217603341
28,8100,1556.4478217603341
28,8200,1556.4478217603341
28,8300,1556.4478217603341
28,8400,1556.4478217603341
28,8500,1525.407100189744
28,8600,1525.407100189744
28,8700,1525.407100189744
28,8800,1525.407100189744
28,8900,1525.407100189744
28,9000,1525.407100189744
28,9100,1525.407100189744
28,9200,1525.407100189744
28,9300,1525.407100189744
28,9400,1525.407100189744
28,9500,1525.407100189744
28,9600,1525.407100189744
28,9700,1525.407100189744
28,9800,1525.407100189744
28,9900,1525.407100189744
28,10000,1525.407100189744
28,10100,1525.407100189744
28,10200,1525.407100189744
28,10300,1525.407100189744
28,10400,1525.407100189744
28,10500,1525.407100189744
28,10600,1525.407100189744
28,10700,1525.407100189744
28,10800,1523.2205133583263
28,10900,1523.2205133583263
28,11000,1523.2205133583263
28,11100,1523.2205133583263
28,11200,1523.2205133583263
28,11300,1523.2205133583263
28,11400,1523.2205133583263
28,11500,1523.2205133583263
28,11600,1523.2205133583263
28,11700,1523.2205133583263
28,11800,1523.2205133583263
28,11900,1523.2205133583263
28,12000,1523.2205133583263
28,12100,1523.2205133583263
28,12200,1523.2205133583263
28,12300,1523.2205133583263
28,12400,1523.2205133583263
28,12500,1523.2205133583263
28,12600,1523.2205133583263
28,12700,1523.2205133583263
28,12800,1523.2205133583263
28,12900,1523.2205133583263
28,13000,1523.2205133583263
28,13100,1523.2205133583263
28,13200,1523.2205133583263
28,13300,1523.2205133583263
28,13400,1510.4656457778856
28,13500,1510.4656457778856
28,13600,1510.4656457778856
28,13700,1510.4656457778856
28,13800,1510.4656457778856
28,13900,1510.4656457778856
28,14000,1510.4656457778856
28,14100,1510.4656457778856
28,14200,1510.4656457778856
28,14300,1510.4656457778856
28,14400,1510.4656457778856
28,14500,1510.4656457778856
28,14600,1510.4656457778856
28,14700,1510.4656457778856
28,14800,1510.4656457778856
28,14900,1510.4656457778856
28,15000,1510.4656457778856
28,15100,1510.4656457778856
28,15200,1510.4656457778856
28,15300,1510.4656457778856
28,15400,1510.4656457778856
28,15500,1510.4656457778856
28,15600,1510.4656457778856
28,15700,1510.4656457778856
28,15800,1510.4656457778856
28,15900,1510.4656457778856
28,16000,1510.4656457778856
28,16100,1510.4656457778856
28,16200,1510.4656457778856
28,16300,1510.4656457778856
28,16400,1510.4656457778856
28,16500,1510.4656457778856
28,16600,1510.4656457778856
28,16700,1510.4656457778856
28,16800,1510.4656457778856
28,16900,1510.4656457778856
28,17000,1510.4656457778856
28,17100,1510.4656457778856
28,17200,1510.4656457778856
28,17300,1510.4656457778856
28,17400,1510.4656457778856
28,17500,1510.4656457778856
28,17600,1508.033213478237
28,17700,1508.033213478237
28,17800,1508.033213478237
28,17900,1508.033213478237
28,18000,1508.033213478237
28,18100,1508.033213478237
28,18200,1508.033213478237
28,18300,1508.033213478237
28,18400,1508.033213478237
28,18500,1508.033213478237
28,18600,1508.033213478237
28,18700,1508.033213478237
28,18800,1508.033213478237
28,18900,1508.033213478237
28,19000,1508.033213478237
28,19100,1508.033213478237
28,19200,1508.033213478237
28,19300,1508.033213478237
28,19400,1507.5828142561973
28,19500,1507.5828142561973
28,19600,1507.5828142561973
28,19700,1507.5828142561973
28,19800,1507.5828142561973
28,19900,1507.5828142561973
28,20000,1507.5828142561973
28,20100,1507.5828142561973
28,20200,1507.5828142561973
28,20300,1507.5828142561973
28,20400,1507.5828142561973
28,20500,1507.5828142561973
28,20600,1507.5828142561973
28,20700,1507.5828142561973
28,20800,1507.5828142561973
28,20900,1507.5828142561973
28,21000,1507.5828142561973
28,21100,1507.5828142561973
28,21200,1507.5828142561973
28,21300,1507.5828142561973
28,21400,1507.5828142561973
28,21500,1507.5828142561973
28,21600,1507.5828142561973
28,21700,1507.5828142561973
28,21800,1507.5828142561973
28,21900,1507.5828142561973
28,22000,1507.5828142561973
28,22100,1507.5828142561973
28,22200,1507.5828142561973
28,22300,1507.5828142561973
28,22400,1507.5828142561973
28,22500,1507.5828142561973
28,22600,1507.5828142561973
28,22700,1507.5828142561973
28,22800,1507.5828142561973
28,22900,1507.5828142561973
28,23000,1507.5828142561973
28,23100,1507.5828142561973
28,23200,1507.5828142561973
28,23300,1507.5828142561973
28,23400,1507.5828142561973
28,23500,1507.5828142561973
28,23600,1507.5828142561973
28,23700,1507.5828142561973
28,23800,1507.5828142561973
28,23900,1507.5828142561973
28,24000,1507.5828142561973
28,24100,1507.5828142561973
28,24200,1507.5828142561973
28,24300,1507.5828142561973
28,24400,1507.5828142561973
28,24500,1507.5828142561973
28,24600,1507.5828142561973
28,24700,1507.5828142561973
28,24800,1507.5828142561973
28,24900,1507.5828142561973
28,25000,1507.5828142561973
28,25100,1507.5828142561973
28,25200,1507.5828142561973
28,25300,1507.5828142561973
28,25400,1507.5828142561973
28,25500,1507.5828142561973
28,25600,1507.5828142561973
28,25700,1507.5828142561973
28,25800,1507.5828142561973
28,25900,1507.5828142561968
28,26000,1507.5828142561968
28,26100,1507.5828142561968
28,26200,1507.5828142561968
28,26300,1507.5828142561968
28,26400,1507.5828142561968
28,26500,1507.5828142561968
28,26600,1507.5828142561968
28,26700,1507.5828142561968
28,26800,1507.5828142561968
28,26900,1507.5828142561968
28,27000,1507.5828142561968
28,27100,1507.5828142561968
28,27200,1507.5828142561968
28,27300,1507.5828142561968
28,27400,1507.5828142561968
28,27500,1507.5828142561968
28,27600,1507.5828142561968
28,27700,1507.5828142561968
28,27800,1507.5828142561968
28,27900,1507.5828142561968
28,28000,1507.5828142561968
28,28100,1507.5828142561968
28,28200,1507.5828142561968
28,28300,1507.5828142561968
28,28400,1507.5828142561968
28,28500,1507.5828142561968
28,28600,1507.5828142561968
28,28700,1507.5828142561968
28,28800,1507.5828142561968
28,28900,1507.5828142561968
28,29000,1507.5828142561968
28,29100,1507.5828142561968
28,29200,1507.5828142561968
28,29300,1507.5828142561968
28,29400,1507.5828142561968
28,29500,1507.5828142561968
28,29600,1507.5828142561968
28,29700,1507.5828142561968
28,29800,1507.5828142561968
28,29900,1507.5828142561968
28,30000,1507.5828142561968
28,30100,1507.5828142561968
28,30200,1507.5828142561968
28,30300,1507.5828142561968
28,30400,1507.5828142561968
28,30500,1507.5828142561968
28,30600,1507.5828142561968
28,30700,1507.5828142561968
28,30800,1507.5828142561968
28,30900,1507.5828142561968
28,31000,1507.5828142561968
28,31100,1507.5828142561968
28,31200,1507.5828142561968
28,31300,1507.5828142561968
28,31400,1507.5828142561968
28,31500,1507.5828142561968
28,31600,1507.5828142561968
28,31700,1507.5828142561968
28,31800,1507.5828142561968
28,31900,1507.5828142561968
28,32000,1507.5828142561968
28,32100,1507.5828142561968
28,32200,1507.5828142561968
28,32300,1507.5828142561968
28,32400,1507.5828142561968
28,32500,1507.5828142561968
28,32600,1507.5828142561968
28,32700,1507.5828142561968
28,32800,1507.5828142561968
28,32900,1507.5828142561968
28,33000,1507.5828142561968
28,33100,1507.5828142561968
28,33200,1507.5828142561968
28,33300,1507.5828142561968
28,33400,1507.5828142561968
28,33500,1483.5210614249936
28,33600,1483.5210614249936
28,33700,1483.5210614249936
28,33800,1483.5210614249936
28,33900,1483.5210614249936
28,34000,1483.5210614249936
28,34100,1483.5210614249936
28,34200,1483.5210614249936
28,34300,1483.5210614249936
28,34400,1483.5210614249936
28,34500,1483.5210614249936
28,34600,1483.5210614249936
28,34700,1483.5210614249936
28,34800,1483.5210614249936
28,34900,1483.5210614249936
28,35000,1483.5210614249936
28,35100,1483.5210614249936
28,35200,1483.5210614249936
28,35300,1483.5210614249936
28,35400,1483.5210614249936
28,35500,1483.5210614249936
28,35600,1483.5210614249936
28,35700,1483.5210614249936
28,35800,1483.5210614249936
28,35900,1483.5210614249936
28,36000,1483.5210614249936
28,36100,1483.5210614249936
28,36200,1483.5210614249936
28,36300,1483.5210614249936
28,36400,1483.5210614249936
28,36500,1483.5210614249936
28,36600,1483.5210614249936
28,36700,1483.5210614249936
28,36800,1483.5210614249936
28,36900,1483.5210614249936
28,37000,1483.5210614249936
28,37100,1483.5210614249936
28,37200,1483.5210614249936
28,37300,1483.5210614249936
28,37400,1483.5210614249936
28,37500,1483.5210614249936
28,37600,1483.5210614249936
28,37700,1483.5210614249936
28,37800,1483.5210614249936
28,37900,1483.5210614249936
28,38000,1483.5210614249936
28,38100,1483.5210614249936
28,38200,1483.5210614249936
28,38300,1483.5210614249936
28,38400,1483.5210614249936
28,38500,1483.5210614249936
28,38600,1483.5210614249936
28,38700,1483.5210614249936
28,38800,1483.5210614249936
28,38900,1483.5210614249936
28,39000,1483.5210614249936
28,39100,1483.5210614249936
28,39200,1483.5210614249936
28,39300,1483.5210614249936
28,39400,1483.5210614249936
28,39500,1483.5210614249936
28,39600,1483.5210614249936
28,39700,1483.5210614249936
28,39800,1483.5210614249936
28,39900,1483.5210614249936
28,40000,1483.5210614249936
28,40100,1483.5210614249936
28,40200,1483.5210614249936
28,40300,1483.5210614249936
28,40400,1483.5210614249936
28,40500,1483.5210614249936
28,40600,1483.5210614249936
28,40700,1483.5210614249936
28,40800,1483.5210614249936
28,40900,1483.5210614249936
28,41000,1483.5210614249936
28,41100,1483.5210614249936
28,41200,1483.5210614249936
28,41300,1483.5210614249936
28,41400,1483.5210614249936
28,41500,1483.5210614249936
28,41600,1483.5210614249936
28,41700,1483.5210614249936
28,41800,1483.5210614249936
28,41900,1483.5210614249936
28,42000,1483.5210614249936
28,42100,1483.5210614249936
28,42200,1483.5210614249936
28,42300,1483.5210614249936
28,42400,1483.5210614249936
28,42500,1483.5210614249936
28,42600,1483.5210614249936
28,42700,1483.5210614249936
28,42800,1483.5210614249936
28,42900,1483.5210614249936
28,43000,1483.5210614249936
28,43100,1483.5210614249936
28,43200,1483.5210614249936
28,43300,1483.5210614249936
28,43400,1483.5210614249936
28,43500,1483.5210614249936
28,43600,1483.5210614249936
28,43700,1483.5210614249936
28,43800,1483.5210614249936
28,43900,1483.5210614249936
28,44000,1483.5210614249936
28,44100,1483.5210614249936
28,44200,1483.5210614249936
28,44300,1483.5210614249936
28,44400,1483.5210614249936
28,44500,1483.5210614249936
28,44600,1483.5210614249936
28,44700,1483.5210614249936
28,44800,1483.5210614249936
28,44900,1483.5210614249936
28,45000,1483.5210614249936
28,45100,1483.5210614249936
28,45200,1483.5210614249936
28,45300,1483.5210614249936
28,45400,1483.5210614249936
28,45500,1483.5210614249936
28,45600,1483.5210614249936
28,45700,1468.213265896845
28,45800,1468.213265896845
28,45900,1468.213265896845
28,46000,1468.213265896845
28,46100,1468.213265896845
28,46200,1468.213265896845
28,46300,1468.213265896845
28,46400,1468.213265896845
28,46500,1468.213265896845
28,46600,1468.213265896845
28,46700,1468.213265896845
28,46800,1468.213265896845
28,46900,1468.213265896845
28,47000,1468.213265896845
28,47100,1468.213265896845
28,47200,1468.213265896845
28,47300,1468.213265896845
28,47400,1468.213265896845
28,47500,1468.213265896845
28,47600,1468.213265896845
28,47700,1468.213265896845
28,47800,1468.213265896845
28,47900,1468.213265896845
28,48000,1468.213265896845
28,48100,1468.213265896845
28,48200,1468.213265896845
28,48300,1468.213265896845
28,48400,1468.213265896845
28,48500,1468.213265896845
28,48600,1468.213265896845
28,48700,1468.213265896845
28,48800,1468.213265896845
28,48900,1468.213265896845
28,49000,1468.213265896845
28,49100,1468.213265896845
28,49200,1468.213265896845
28,49300,1468.213265896845
28,49400,1468.213265896845
28,49500,1468.213265896845
28,49600,1468.213265896845
28,49700,1468.213265896845
28,49800,1468.213265896845
28,49900,1468.213265896845
28,50000,1468.213265896845
29,200,2551.5011523081353
29,300,2513.842933219078
29,400,2511.6650988663773
29,500,2461.0462592331287
29,600,2454.8644151535987
29,700,2356.853986048251
29,800,2246.3813672828014
29,900,2199.437736833916
29,1000,2122.034808908427
29,1100,2122.034808908427
29,1200,2058.7343721271
29,1300,2058.7343721271
29,1400,2058.7343721271
29,1500,2055.584843926492
29,1600,2055.584843926492
29,1700,2055.584843926492
29,1800,2055.584843926492
29,1900,1995.5081189383438
29,2000,1995.5081189383438
29,2100,1941.1363540291381
29,2200,1895.4846483671408
29,2300,1895.4846483671408
29,2400,1895.4846483671408
29,2500,1895.4846483671408
29,2600,1895.4846483671408
29,2700,1895.4846483671408
29,2800,1895.4846483671408
29,2900,1872.3246712794703
29,3000,1872.3246712794703
29,3100,1872.3246712794703
29,3200,1872.3246712794703
29,3300,1856.0873535183646
29,3400,1856.0873535183646
29,3500,1856.0873535183646
29,3600,1839.9121715642414
29,3700,1839.9121715642414
29,3800,1839.9121715642414
29,3900,1839.9121715642414
29,4000,1839.9121715642414
29,4100,1834.3035567255688
29,4200,1823.3487048506784
29,4300,1823.3487048506784
29,4400,1823.3487048506784
29,4500,1823.3487048506784
29,4600,1807.0847934243056
29,4700,1807.0847934243056
29,4800,1807.0847934243056
29,4900,1807.0847934243056
29,5000,1807.0847934243056
29,5100,1807.0847934243056
29,5200,1807.0847934243056
29,5300,1807.0847934243056
29,5400,1807.0847934243056
29,5500,1807.0847934243056
29,5600,1807.0847934243056
29,5700,1745.3741013495332
29,5800,1745.3741013495332
29,5900,1744.654670159157
29,6000,1744.654670159157
29,6100,1744.654670159157
29,6200,1744.654670159157
29,6300,1744.654670159157
29,6400,1744.654670159157
29,6500,1744.654670159157
29,6600,1722.9692220318045
29,6700,1712.2839045431726
29,6800,1708.5677389578716
29,6900,1708.5677389578716
29,7000,1688.6119149799674
29,7100,1688.6119149799674
29,7200,1688.6119149799674
29,7300,1688.6119149799674
29,7400,1688.6119149799674
29,7500,1688.6119149799674
29,7600,1688.6119149799674
29,7700,1688.6119149799674
29,7800,1688.6119149799674
29,7900,1688.6119149799674
29,8000,1688.6119149799674
29,8100,1688.6119149799674
29,8200,1681.8256643569757
29,8300,1681.8256643569757
29,8400,1681.8256643569757
29,8500,1681.8256643569757
29,8600,1681.8256643569757
29,8700,1667.284950530665
29,8800,1667.284950530665
29,8900,1667.284950530665
29,9000,1661.344785607745
29,9100,1661.344785607745
29,9200,1661.344785607745
29,9300,1626.0617182146082
29,9400,1626.0617182146082
29,9500,1626.0617182146082
29,9600,1604.3274290261438
29,9700,1604.3274290261438
29,9800,1604.3274290261438
29,9900,1604.3274290261438
29,10000,1604.3274290261438
29,10100,1604.3274290261438
29,10200,1604.3274290261438
29,10300,1604.3274290261438
29,10400,1604.3274290261438
29,10500,1516.2948689019115
29,10600,1516.2948689019115
29,10700,1516.2948689019115
29,10800,1516.2948689019115
29,10900,1516.2948689019115
29,11000,1516.2948689019115
29,11100,1516.2948689019115
29,11200,1516.2948689019115
29,11300,1516.2948689019115
29,11400,1516.2948689019115
29,11500,1516.2948689019115
29,11600,1516.2948689019115
29,11700,1516.2948689019115
29,11800,1516.2948689019115
29,11900,1516.2948689019115
29,12000,1516.2948689019115
29,12100,1516.2948689019115
29,12200,1516.2948689019115
29,12300,1516.2948689019113
29,12400,1516.2948689019113
29,12500,1516.2948689019113
29,12600,1516.2948689019113
29,12700,1516.2948689019113
29,12800,1516.2948689019113
29,12900,1516.2948689019113
29,13000,1516.2948689019113
29,13100,1509.225926063678
29,13200,1509.225926063678
29,13300,1509.225926063678
29,13400,1509.225926063678
29,13500,1495.305849658571
29,13600,1495.305849658571
29,13700,1495.305849658571
29,13800,1495.305849658571
29,13900,1495.305849658571
29,14000,1495.305849658571
29,14100,1495.305849658571
29,14200,1495.305849658571
29,14300,1495.305849658571
29,14400,1495.305849658571
29,14500,1495.305849658571
29,14600,1495.305849658571
29,14700,1495.305849658571
29,14800,1495.305849658571
29,14900,1495.305849658571
29,15000,1495.305849658571
29,15100,1495.305849658571
29,15200,1495.305849658571
29,15300,1495.305849658571
29,15400,1495.305849658571
29,15500,1495.305849658571
29,15600,1495.305849658571
29,15700,1495.305849658571
29,15800,1495.305849658571
29,15900,1495.305849658571
29,16000,1495.305849658571
29,16100,1495.305849658571
29,16200,1495.305849658571
29,16300,1495.305849658571
29,16400,1495.305849658571
29,16500,1495.305849658571
29,16600,1495.305849658571
29,16700,1495.305849658571
29,16800,1495.305849658571
29,16900,1495.305849658571
29,17000,1495.305849658571
29,17100,1495.305849658571
29,17200,1495.305849658571
29,17300,1495.305849658571
29,17400,1495.305849658571
29,17500,1495.305849658571
29,17600,1495.305849658571
29,17700,1495.305849658571
29,17800,1495.305849658571
29,17900,1495.305849658571
29,18000,1495.305849658571
29,18100,1495.305849658571
29,18200,1469.738677788592
29,18300,1469.738677788592
29,18400,1469.738677788592
29,18500,1469.738677788592
29,18600,1469.738677788592
29,18700,1469.738677788592
29,18800,1469.738677788592
29,18900,1460.6182442684883
29,19000,1460.6182442684883
29,19100,1460.6182442684883
29,19200,1460.6182442684883
29,19300,1460.6182442684883
29,19400,1460.6182442684883
29,19500,1460.6182442684883
29,19600,1460.6182442684883
29,19700,1460.6182442684883
29,19800,1460.6182442684883
29,19900,1460.6182442684883
29,20000,1460.6182442684883
29,20100,1460.6182442684883
29,20200,1451.86895028681
29,20300,1451.86895028681
29,20400,1451.86895028681
29,20500,1451.86895028681
29,20600,1451.86895028681
29,20700,1451.86895028681
29,20800,1451.86895028681
29,20900,1451.86895028681
29,21000,1451.86895028681
29,21100,1451.86895028681
29,21200,1451.86895028681
29,21300,1428.2776873670416
29,21400,1428.2776873670416
29,21500,1428.2776873670416
29,21600,1428.2776873670416
29,21700,1428.2776873670416
29,21800,1428.2776873670416
29,21900,1428.2776873670416
29,22000,1428.2776873670416
29,22100,1428.2776873670416
29,22200,1428.2776873670416
29,22300,1428.2776873670416
29,22400,1428.2776873670416
29,22500,1428.2776873670416
29,22600,1428.2776873670416
29,22700,1428.2776873670416
29,22800,1428.2012248558785
29,22900,1428.2012248558785
29,23000,1425.824714323613
29,23100,1425.824714323613
29,23200,1425.824714323613
29,23300,1425.824714323613
29,23400,1425.824714323613
29,23500,1425.824714323613
29,23600,1425.824714323613
29,23700,1417.323710896582
29,23800,1417.323710896582
29,23900,1417.323710896582
29,24000,1417.323710896582
29,24100,1417.323710896582
29,24200,1417.323710896582
29,24300,1417.323710896582
29,24400,1417.323710896582
29,24500,1417.323710896582
29,24600,1417.323710896582
29,24700,1417.323710896582
29,24800,1417.323710896582
29,24900,1417.323710896582
29,25000,1417.323710896582
29,25100,1417.323710896582
29,25200,1417.323710896582
29,25300,1417.323710896582
29,25400,1417.323710896582
29,25500,1417.323710896582
29,25600,1417.323710896582
29,25700,1417.323710896582
29,25800,1417.323710896582
29,25900,1417.323710896582
29,26000,1417.323710896582
29,26100,1417.323710896582
29,26200,1417.323710896582
29,26300,1417.323710896582
29,26400,1417.323710896582
29,26500,1417.323710896582
29,26600,1417.323710896582
29,26700,1417.323710896582
29,26800,1417.323710896582
29,26900,1417.323710896582
29,27000,1417.323710896582
29,27100,1417.323710896582
29,27200,1417.323710896582
29,27300,1417.323710896582
29,27400,1417.323710896582
29,27500,1417.323710896582
29,27600,1417.323710896582
29,27700,1417.323710896582
29,27800,1417.323710896582
29,27900,1417.323710896582
29,28000,1417.323710896582
29,28100,1417.323710896582
29,28200,1417.323710896582
29,28300,1417.323710896582
29,28400,1417.323710896582
29,28500,1417.323710896582
29,28600,1417.323710896582
29,28700,1417.323710896582
29,28800,1417.323710896582
29,28900,1417.323710896582
29,29000,1417.323710896582
29,29100,1417.323710896582
29,29200,1417.323710896582
29,29300,1417.323710896582
29,29400,1417.323710896582
29,29500,1417.323710896582
29,29600,1417.323710896582
29,29700,1417.323710896582
29,29800,1417.323710896582
29,29900,1417.323710896582
29,30000,1417.323710896582
29,30100,1417.323710896582
29,30200,1417.323710896582
29,30300,1417.323710896582
29,30400,1417.323710896582
29,30500,1417.323710896582
29,30600,1417.323710896582
29,30700,1417.323710896582
29,30800,1417.323710896582
29,30900,1417.323710896582
29,31000,1417.323710896582
29,31100,1417.323710896582
29,31200,1417.323710896582
29,31300,1417.323710896582
29,31400,1417.323710896582
29,31500,1417.323710896582
29,31600,1417.323710896582
29,31700,1417.323710896582
29,31800,1417.323710896582
29,31900,1417.323710896582
29,32000,1417.323710896582
29,32100,1417.323710896582
29,32200,1417.323710896582
29,32300,1417.323710896582
29,32400,1417.323710896582
29,32500,1417.323710896582
29,32600,1417.323710896582
29,32700,1417.323710896582
29,32800,1417.323710896582
29,32900,1417.323710896582
29,33000,1417.323710896582
29,33100,1417.323710896582
29,33200,1417.323710896582
29,33300,1417.323710896582
29,33400,1417.323710896582
29,33500,1417.323710896582
29,33600,1417.323710896582
29,33700,1417.323710896582
29,33800,1417.323710896582
29,33900,1417.323710896582
29,34000,1417.323710896582
29,34100,1417.323710896582
29,34200,1417.323710896582
29,34300,1417.323710896582
29,34400,1417.323710896582
29,34500,1417.323710896582
29,34600,1417.323710896582
29,34700,1417.323710896582
29,34800,1417.323710896582
29,34900,1417.323710896582
29,35000,1408.7385673477045
29,35100,1408.7385673477045
29,35200,1408.7385673477045
29,35300,1408.7385673477045
29,35400,1408.7385673477045
29,35500,1397.103768679304
29,35600,1397.103768679304
29,35700,1397.103768679304
29,35800,1394.8646148538157
29,35900,1394.8646148538157
29,36000,1394.8646148538157
29,36100,1394.8646148538157
29,36200,1394.8646148538157
29,36300,1394.8646148538157
29,36400,1394.8646148538157
29,36500,1394.8646148538157
29,36600,1394.8646148538157
29,36700,1394.8646148538157
29,36800,1394.8646148538157
29,36900,1394.8646148538157
29,37000,1394.8646148538157
29,37100,1394.8646148538157
29,37200,1394.8646148538157
29,37300,1394.8646148538157
29,37400,1394.8646148538157
29,37500,1394.8646148538157
29,37600,1394.8646148538157
29,37700,1394.8646148538157
29,37800,1394.8646148538157
29,37900,1379.6483016443224
29,38000,1379.6483016443224
29,38100,1379.6483016443224
29,38200,1379.6483016443224
29,38300,1379.6483016443224
29,38400,1379.6483016443224
29,38500,1379.6483016443224
29,38600,1379.6483016443224
29,38700,1379.6483016443224
29,38800,1379.6483016443224
29,38900,1379.6483016443224
29,39000,1379.6483016443224
29,39100,1378.1717130348072
29,39200,1378.1717130348072
29,39300,1371.6839501211505
29,39400,1371.6839501211505
29,39500,1371.6839501211505
29,39600,1371.6839501211505
29,39700,1371.6839501211505
29,39800,1371.6839501211505
29,39900,1371.6839501211505
29,40000,1371.6839501211505
29,40100,1371.6839501211505
29,40200,1371.6839501211505
29,40300,1371.6839501211505
29,40400,1371.6839501211505
29,40500,1371.6839501211505
29,40600,1371.6839501211505
29,40700,1371.6839501211505
29,40800,1371.6839501211505
29,40900,1371.6839501211505
29,41000,1371.6839501211505
29,41100,1371.6839501211505
29,41200,1371.6839501211505
29,41300,1371.6839501211505
29,41400,1371.6839501211505
29,41500,1371.6839501211505
29,41600,1371.6839501211505
29,41700,1371.6839501211505
29,41800,1371.6839501211505
29,41900,1371.6839501211505
29,42000,1371.6839501211505
29,42100,1371.6839501211505
29,42200,1371.6839501211505
29,42300,1371.6839501211505
29,42400,1371.6839501211505
29,42500,1371.6839501211505
29,42600,1371.6839501211505
29,42700,1371.6839501211505
29,42800,1371.6839501211505
29,42900,1371.6839501211505
29,43000,1371.6839501211505
29,43100,1371.6839501211505
29,43200,1371.6839501211505
29,43300,1371.6839501211505
29,43400,1371.6839501211505
29,43500,1371.6839501211505
29,43600,1371.6839501211505
29,43700,1357.4697145428256
29,43800,1357.4697145428256
29,43900,1357.4697145428256
29,44000,1357.4697145428256
29,44100,1352.119675494686
29,44200,1352.119675494686
29,44300,1352.119675494686
29,44400,1344.7542697872811
29,44500,1343.7479980109742
29,44600,1343.7479980109742
29,44700,1343.7479980109742
29,44800,1343.7479980109742
29,44900,1343.7479980109742
29,45000,1343.7479980109742
29,45100,1343.7479980109742
29,45200,1343.7479980109742
29,45300,1343.7479980109742
29,45400,1343.7479980109742
29,45500,1343.7479980109742
29,45600,1343.7479980109742
29,45700,1343.7479980109742
29,45800,1343.7479980109742
29,45900,1343.7479980109742
29,46000,1343.7479980109742
29,46100,1343.7479980109742
29,46200,1343.7479980109742
29,46300,1343.7479980109742
29,46400,1343.7479980109742
29,46500,1343.7479980109742
29,46600,1343.7479980109742
29,46700,1343.7479980109742
29,46800,1343.7479980109742
29,46900,1343.7479980109742
29,47000,1343.7479980109742
29,47100,1343.7479980109742
29,47200,1343.7479980109742
29,47300,1343.7479980109742
29,47400,1343.7479980109742
29,47500,1343.7479980109742
29,47600,1343.7479980109742
29,47700,1343.7479980109742
29,47800,1343.7479980109742
29,47900,1343.7479980109742
29,48000,1343.7479980109742
29,48100,1343.7479980109742
29,48200,1343.7479980109742
29,48300,1343.7479980109742
29,48400,1343.7479980109742
29,48500,1343.7479980109742
29,48600,1343.7479980109742
29,48700,1343.7479980109742
29,48800,1343.7479980109742
29,48900,1343.7479980109742
29,49000,1343.7479980109742
29,49100,1343.7479980109742
29,49200,1343.7479980109742
29,49300,1343.7479980109742
29,49400,1343.7479980109742
29,49500,1343.7479980109742
29,49600,1343.7479980109742
29,49700,1343.7479980109742
29,49800,1343.7479980109742
29,49900,1343.7479980109742
29,50000,1343.7479980109742
