Seed,Evaluation,BestDistance
0,50,1332.939366047174
0,100,1332.939366047174
0,150,1332.939366047174
0,200,1332.939366047174
0,250,1332.939366047174
0,300,1332.939366047174
0,350,1332.939366047174
0,400,1332.939366047174
0,450,1332.939366047174
0,500,1289.7032923279257
0,550,1289.7032923279257
0,600,1289.7032923279257
0,650,1289.7032923279257
0,700,1289.7032923279257
0,750,1254.6561413308266
0,800,1233.3830959533993
0,850,1226.4597003987
0,900,1226.4597003987
0,950,1226.4597003987
0,1000,1215.3099317705155
0,1050,1140.2934280137995
0,1100,1140.2934280137995
0,1150,1140.2934280137995
0,1200,1140.2934280137995
0,1250,1140.2934280137995
0,1300,1140.2934280137995
0,1350,1140.2934280137995
0,1400,1140.2934280137995
0,1450,1140.2934280137995
0,1500,1140.2934280137995
0,1550,1140.2934280137995
0,1600,1140.2934280137995
0,1650,1140.2934280137995
0,1700,1140.2934280137995
0,1750,1140.2934280137995
0,1800,1140.2934280137995
0,1850,1140.2934280137995
0,1900,1140.2934280137995
0,1950,1140.2934280137995
0,2000,1140.2934280137995
0,2050,1140.2934280137995
0,2100,1140.2934280137995
0,2150,1140.2934280137995
0,2200,1140.2934280137995
0,2250,1140.2934280137995
0,2300,1140.2934280137995
0,2350,1140.2934280137995
0,2400,1140.2934280137995
0,2450,1140.2934280137995
0,2500,1140.2934280137995
0,2550,1140.2934280137995
0,2600,1140.2934280137995
0,2650,1140.2934280137995
0,2700,1140.2934280137995
0,2750,1140.2934280137995
0,2800,1140.2934280137995
0,2850,1140.2934280137995
0,2900,1140.2934280137995
0,2950,1140.2934280137995
0,3000,1140.2934280137995
0,3050,1140.2934280137995
0,3100,1140.2934280137995
0,3150,1140.2934280137995
0,3200,1140.2934280137995
0,3250,1140.2934280137995
0,3300,1140.2934280137995
0,3350,1140.2934280137995
0,3400,1140.2934280137995
0,3450,1140.2934280137995
0,3500,1140.2934280137995
0,3550,1140.2934280137995
0,3600,1140.2934280137995
0,3650,1140.2934280137995
0,3700,1140.2934280137995
0,3750,1140.2934280137995
0,3800,1140.2934280137995
0,3850,1140.2934280137995
0,3900,1140.2934280137995
0,3950,1140.2934280137995
0,4000,1140.2934280137995
0,4050,1140.2934280137995
0,4100,1140.2934280137995
0,4150,1140.2934280137995
0,4200,1140.2934280137995
0,4250,1140.2934280137995
0,4300,1140.2934280137995
0,4350,1140.2934280137995
0,4400,1140.2934280137995
0,4450,1140.2934280137995
0,4500,1140.2934280137995
0,4550,1140.2934280137995
0,4600,1140.2934280137995
0,4650,1140.2934280137995
0,4700,1140.2934280137995
0,4750,1140.2934280137995
0,4800,1140.2934280137995
0,4850,1140.2934280137995
0,4900,1140.2934280137995
0,4950,1140.2934280137995
0,5000,1140.2934280137995
0,5050,1140.2934280137995
0,5100,1140.2934280137995
0,5150,1140.2934280137995
0,5200,1140.2934280137995
0,5250,1140.2934280137995
0,5300,1140.2934280137995
0,5350,1140.2934280137995
0,5400,1140.2934280137995
0,5450,1140.2934280137995
0,5500,1140.2934280137995
0,5550,1140.2934280137995
0,5600,1140.2934280137995
0,5650,1140.2934280137995
0,5700,1140.2934280137995
0,5750,1140.2934280137995
0,5800,1140.2934280137995
0,5850,1140.2934280137995
0,5900,1140.2934280137995
0,5950,1140.2934280137995
0,6000,1140.2934280137995
0,6050,1140.2934280137995
0,6100,1140.2934280137995
0,6150,1140.2934280137995
0,6200,1140.2934280137995
0,6250,1140.2934280137995
0,6300,1140.2934280137995
0,6350,1140.2934280137995
0,6400,1140.2934280137995
0,6450,1140.2934280137995
0,6500,1140.2934280137995
0,6550,1140.2934280137995
0,6600,1140.2934280137995
0,6650,1140.2934280137995
0,6700,1140.2934280137995
0,6750,1138.3220962078026
0,6800,1138.3220962078026
0,6850,1138.3220962078026
0,6900,1138.3220962078026
0,6950,1138.3220962078026
0,7000,1138.3220962078026
0,7050,1138.3220962078026
0,7100,1138.3220962078026
0,7150,1138.3220962078026
0,7200,1138.3220962078026
0,7250,1138.3220962078026
0,7300,1138.3220962078026
0,7350,1138.3220962078026
0,7400,1138.3220962078026
0,7450,1119.331382450906
0,7500,1119.331382450906
0,7550,1119.331382450906
0,7600,1119.331382450906
0,7650,1119.331382450906
0,7700,1119.331382450906
0,7750,1119.331382450906
0,7800,1119.331382450906
0,7850,1119.331382450906
0,7900,1119.331382450906
0,7950,1119.331382450906
0,8000,1119.331382450906
0,8050,1119.331382450906
0,8100,1119.331382450906
0,8150,1119.331382450906
0,8200,1119.331382450906
0,8250,1119.331382450906
0,8300,1119.331382450906
0,8350,1119.331382450906
0,8400,1119.331382450906
0,8450,1119.331382450906
0,8500,1119.331382450906
0,8550,1119.331382450906
0,8600,1119.331382450906
0,8650,1119.331382450906
0,8700,1119.331382450906
0,8750,1119.331382450906
0,8800,1119.331382450906
0,8850,1119.331382450906
0,8900,1119.331382450906
0,8950,1119.331382450906
0,9000,1119.331382450906
0,9050,1119.331382450906
0,9100,1119.331382450906
0,9150,1119.331382450906
0,9200,1119.331382450906
0,9250,1119.331382450906
0,9300,1119.331382450906
0,9350,1119.331382450906
0,9400,1119.331382450906
0,9450,1119.331382450906
0,9500,1119.331382450906
0,9550,1119.331382450906
0,9600,1119.331382450906
0,9650,1119.331382450906
0,9700,1119.331382450906
0,9750,1119.331382450906
0,9800,1119.331382450906
0,9850,1119.331382450906
0,9900,1119.331382450906
0,9950,1119.331382450906
0,10000,1119.331382450906
0,10050,1119.331382450906
0,10100,1119.331382450906
0,10150,1119.331382450906
0,10200,1119.331382450906
0,10250,1119.331382450906
0,10300,1119.331382450906
0,10350,1119.331382450906
0,10400,1119.331382450906
0,10450,1119.331382450906
0,10500,1119.331382450906
0,10550,1119.331382450906
0,10600,1119.331382450906
0,10650,1119.331382450906
0,10700,1119.331382450906
0,10750,1119.331382450906
0,10800,1119.331382450906
0,10850,1119.331382450906
0,10900,1119.331382450906
0,10950,1119.331382450906
0,11000,1119.331382450906
0,11050,1119.331382450906
0,11100,1119.331382450906
0,11150,1119.331382450906
0,11200,1119.331382450906
0,11250,1119.331382450906
0,11300,1119.331382450906
0,11350,1119.331382450906
0,11400,1119.331382450906
0,11450,1119.331382450906
0,11500,1119.331382450906
0,11550,1119.331382450906
0,11600,1119.331382450906
0,11650,1119.331382450906
0,11700,1119.331382450906
0,11750,1119.331382450906
0,11800,1119.331382450906
0,11850,1119.331382450906
0,11900,1119.331382450906
0,11950,1119.331382450906
0,12000,1119.331382450906
0,12050,1119.331382450906
0,12100,1119.331382450906
0,12150,1119.331382450906
0,12200,1119.331382450906
0,12250,1119.331382450906
0,12300,1119.331382450906
0,12350,1119.331382450906
0,12400,1119.331382450906
0,12450,1119.331382450906
0,12500,1119.331382450906
0,12550,1119.331382450906
0,12600,1119.331382450906
0,12650,1119.331382450906
0,12700,1119.331382450906
0,12750,1119.331382450906
0,12800,1119.331382450906
0,12850,1119.331382450906
0,12900,1119.331382450906
0,12950,1119.331382450906
0,13000,1119.331382450906
0,13050,1119.331382450906
0,13100,1112.3362473767754
0,13150,1112.3362473767754
0,13200,1112.3362473767754
0,13250,1112.3362473767754
0,13300,1112.3362473767754
0,13350,1112.3362473767754
0,13400,1112.3362473767754
0,13450,1112.3362473767754
0,13500,1112.3362473767754
0,13550,1112.3362473767754
0,13600,1112.3362473767754
0,13650,1112.3362473767754
0,13700,1112.3362473767754
0,13750,1112.3362473767754
0,13800,1112.3362473767754
0,13850,1112.3362473767754
0,13900,1112.3362473767754
0,13950,1112.3362473767754
0,14000,1112.3362473767754
0,14050,1112.3362473767754
0,14100,1112.3362473767754
0,14150,1112.3362473767754
0,14200,1112.3362473767754
0,14250,1112.3362473767754
0,14300,1112.3362473767754
0,14350,1112.3362473767754
0,14400,1112.3362473767754
0,14450,1112.3362473767754
0,14500,1112.3362473767754
0,14550,1112.3362473767754
0,14600,1112.3362473767754
0,14650,1112.3362473767754
0,14700,1112.3362473767754
0,14750,1112.3362473767754
0,14800,1112.3362473767754
0,14850,1112.3362473767754
0,14900,1112.3362473767754
0,14950,1112.3362473767754
0,15000,1112.3362473767754
0,15050,1112.3362473767754
0,15100,1112.3362473767754
0,15150,1112.3362473767754
0,15200,1112.3362473767754
0,15250,1112.3362473767754
0,15300,1112.3362473767754
0,15350,1112.3362473767754
0,15400,1112.3362473767754
0,15450,1112.3362473767754
0,15500,1112.3362473767754
0,15550,1112.3362473767754
0,15600,1112.3362473767754
0,15650,1112.3362473767754
0,15700,1112.3362473767754
0,15750,1112.3362473767754
0,15800,1112.3362473767754
0,15850,1112.3362473767754
0,15900,1112.3362473767754
0,15950,1112.3362473767754
0,16000,1112.3362473767754
0,16050,1112.3362473767754
0,16100,1112.3362473767754
0,16150,1112.3362473767754
0,16200,1112.3362473767754
0,16250,1112.3362473767754
0,16300,1112.3362473767754
0,16350,1112.3362473767754
0,16400,1112.3362473767754
0,16450,1112.3362473767754
0,16500,1112.3362473767754
0,16550,1112.3362473767754
0,16600,1112.3362473767754
0,16650,1112.3362473767754
0,16700,1112.3362473767754
0,16750,1112.3362473767754
0,16800,1112.3362473767754
0,16850,1112.3362473767754
0,16900,1112.3362473767754
0,16950,1112.3362473767754
0,17000,1112.3362473767754
0,17050,1112.3362473767754
0,17100,1112.3362473767754
0,17150,1112.3362473767754
0,17200,1112.3362473767754
0,17250,1112.3362473767754
0,17300,1112.3362473767754
0,17350,1112.3362473767754
0,17400,1112.3362473767754
0,17450,1112.3362473767754
0,17500,1112.3362473767754
0,17550,1112.3362473767754
0,17600,1112.3362473767754
0,17650,1112.3362473767754
0,17700,1112.3362473767754
0,17750,1112.3362473767754
0,17800,1112.3362473767754
0,17850,1112.3362473767754
0,17900,1112.3362473767754
0,17950,1112.3362473767754
0,18000,1112.3362473767754
0,18050,1112.3362473767754
0,18100,1112.3362473767754
0,18150,1112.3362473767754
0,18200,1112.3362473767754
0,18250,1112.3362473767754
0,18300,1112.3362473767754
0,18350,1112.3362473767754
0,18400,1112.3362473767754
0,18450,1112.3362473767754
0,18500,1112.3362473767754
0,18550,1112.3362473767754
0,18600,1112.3362473767754
0,18650,1112.3362473767754
0,18700,1112.3362473767754
0,18750,1112.3362473767754
0,18800,1112.3362473767754
0,18850,1112.3362473767754
0,18900,1112.3362473767754
0,18950,1112.3362473767754
0,19000,1112.3362473767754
0,19050,1112.3362473767754
0,19100,1112.3362473767754
0,19150,1112.3362473767754
0,19200,1112.3362473767754
0,19250,1112.3362473767754
0,19300,1112.3362473767754
0,19350,1112.3362473767754
0,19400,1112.3362473767754
0,19450,1112.3362473767754
0,19500,1112.3362473767754
0,19550,1112.3362473767754
0,19600,1112.3362473767754
0,19650,1112.3362473767754
0,19700,1112.3362473767754
0,19750,1112.3362473767754
0,19800,1112.3362473767754
0,19850,1112.3362473767754
0,19900,1112.3362473767754
0,19950,1112.3362473767754
0,20000,1112.3362473767754
0,20050,1112.3362473767754
0,20100,1112.3362473767754
0,20150,1112.3362473767754
0,20200,1112.3362473767754
0,20250,1112.3362473767754
0,20300,1112.3362473767754
0,20350,1112.3362473767754
0,20400,1112.3362473767754
0,20450,1112.3362473767754
0,20500,1112.3362473767754
0,20550,1112.3362473767754
0,20600,1112.3362473767754
0,20650,1112.3362473767754
0,20700,1112.3362473767754
0,20750,1112.3362473767754
0,20800,1112.3362473767754
0,20850,1112.3362473767754
0,20900,1112.3362473767754
0,20950,1112.3362473767754
0,21000,1112.3362473767754
0,21050,1112.3362473767754
0,21100,1112.3362473767754
0,21150,1112.3362473767754
0,21200,1112.3362473767754
0,21250,1112.3362473767754
0,21300,1112.3362473767754
0,21350,1112.3362473767754
0,21400,1112.3362473767754
0,21450,1112.3362473767754
0,21500,1112.3362473767754
0,21550,1112.3362473767754
0,21600,1112.3362473767754
0,21650,1112.3362473767754
0,21700,1112.3362473767754
0,21750,1112.3362473767754
0,21800,1112.3362473767754
0,21850,1112.3362473767754
0,21900,1112.3362473767754
0,21950,1112.3362473767754
0,22000,1112.3362473767754
0,22050,1112.3362473767754
0,22100,1112.3362473767754
0,22150,1112.3362473767754
0,22200,1112.3362473767754
0,22250,1112.3362473767754
0,22300,1112.3362473767754
0,22350,1112.3362473767754
0,22400,1112.3362473767754
0,22450,1112.3362473767754
0,22500,1112.3362473767754
0,22550,1112.3362473767754
0,22600,1112.3362473767754
0,22650,1112.3362473767754
0,22700,1112.3362473767754
0,22750,1112.3362473767754
0,22800,1112.3362473767754
0,22850,1112.3362473767754
0,22900,1112.3362473767754
0,22950,1112.3362473767754
0,23000,1112.3362473767754
0,23050,1112.3362473767754
0,23100,1112.3362473767754
0,23150,1112.3362473767754
0,23200,1112.3362473767754
0,23250,1112.3362473767754
0,23300,1112.3362473767754
0,23350,1112.3362473767754
0,23400,1112.3362473767754
0,23450,1112.3362473767754
0,23500,1112.3362473767754
0,23550,1112.3362473767754
0,23600,1112.3362473767754
0,23650,1112.3362473767754
0,23700,1112.3362473767754
0,23750,1112.3362473767754
0,23800,1112.3362473767754
0,23850,1112.3362473767754
0,23900,1112.3362473767754
0,23950,1112.3362473767754
0,24000,1112.3362473767754
0,24050,1112.3362473767754
0,24100,1112.3362473767754
0,24150,1112.3362473767754
0,24200,1112.3362473767754
0,24250,1112.3362473767754
0,24300,1112.3362473767754
0,24350,1112.3362473767754
0,24400,1112.3362473767754
0,24450,1112.3362473767754
0,24500,1112.3362473767754
0,24550,1112.3362473767754
0,24600,1112.3362473767754
0,24650,1112.3362473767754
0,24700,1112.3362473767754
0,24750,1112.3362473767754
0,24800,1112.3362473767754
0,24850,1112.3362473767754
0,24900,1112.3362473767754
0,24950,1112.3362473767754
0,25000,1112.3362473767754
0,25050,1112.3362473767754
0,25100,1112.3362473767754
0,25150,1112.3362473767754
0,25200,1112.3362473767754
0,25250,1112.3362473767754
0,25300,1112.3362473767754
0,25350,1112.3362473767754
0,25400,1112.3362473767754
0,25450,1112.3362473767754
0,25500,1112.3362473767754
0,25550,1112.3362473767754
0,25600,1112.3362473767754
0,25650,1112.3362473767754
0,25700,1112.3362473767754
0,25750,1112.3362473767754
0,25800,1112.3362473767754
0,25850,1112.3362473767754
0,25900,1112.3362473767754
0,25950,1112.3362473767754
0,26000,1112.3362473767754
0,26050,1112.3362473767754
0,26100,1112.3362473767754
0,26150,1112.3362473767754
0,26200,1112.3362473767754
0,26250,1112.3362473767754
0,26300,1112.3362473767754
0,26350,1112.3362473767754
0,26400,1112.3362473767754
0,26450,1112.3362473767754
0,26500,1112.3362473767754
0,26550,1112.3362473767754
0,26600,1112.3362473767754
0,26650,1112.3362473767754
0,26700,1112.3362473767754
0,26750,1112.3362473767754
0,26800,1112.3362473767754
0,26850,1112.3362473767754
0,26900,1112.3362473767754
0,26950,1112.3362473767754
0,27000,1112.3362473767754
0,27050,1112.3362473767754
0,27100,1112.3362473767754
0,27150,1112.3362473767754
0,27200,1112.3362473767754
0,27250,1112.3362473767754
0,27300,1112.3362473767754
0,27350,1112.3362473767754
0,27400,1112.3362473767754
0,27450,1112.3362473767754
0,27500,1112.3362473767754
0,27550,1112.3362473767754
0,27600,1112.3362473767754
0,27650,1112.3362473767754
0,27700,1112.3362473767754
0,27750,1112.3362473767754
0,27800,1112.3362473767754
0,27850,1112.3362473767754
0,27900,1112.3362473767754
0,27950,1112.3362473767754
0,28000,1112.3362473767754
0,28050,1112.3362473767754
0,28100,1112.3362473767754
0,28150,1112.3362473767754
0,28200,1112.3362473767754
0,28250,1112.3362473767754
0,28300,1112.3362473767754
0,28350,1112.3362473767754
0,28400,1112.3362473767754
0,28450,1112.3362473767754
0,28500,1112.3362473767754
0,28550,1112.3362473767754
0,28600,1112.3362473767754
0,28650,1112.3362473767754
0,28700,1112.3362473767754
0,28750,1112.3362473767754
0,28800,1112.3362473767754
0,28850,1112.3362473767754
0,28900,1112.3362473767754
0,28950,1112.3362473767754
0,29000,1112.3362473767754
0,29050,1112.3362473767754
0,29100,1112.3362473767754
0,29150,1112.3362473767754
0,29200,1112.3362473767754
0,29250,1112.3362473767754
0,29300,1112.3362473767754
0,29350,1112.3362473767754
0,29400,1112.3362473767754
0,29450,1112.3362473767754
0,29500,1112.3362473767754
0,29550,1112.3362473767754
0,29600,1112.3362473767754
0,29650,1112.3362473767754
0,29700,1112.3362473767754
0,29750,1112.3362473767754
0,29800,1112.3362473767754
0,29850,1112.3362473767754
0,29900,1112.3362473767754
0,29950,1112.3362473767754
0,30000,1112.3362473767754
0,30050,1112.3362473767754
0,30100,1112.3362473767754
0,30150,1112.3362473767754
0,30200,1112.3362473767754
0,30250,1112.3362473767754
0,30300,1112.3362473767754
0,30350,1112.3362473767754
0,30400,1112.3362473767754
0,30450,1112.3362473767754
0,30500,1112.3362473767754
0,30550,1112.3362473767754
0,30600,1112.3362473767754
0,30650,1112.3362473767754
0,30700,1112.3362473767754
0,30750,1112.3362473767754
0,30800,1112.3362473767754
0,30850,1112.3362473767754
0,30900,1112.3362473767754
0,30950,1112.3362473767754
0,31000,1112.3362473767754
0,31050,1112.3362473767754
0,31100,1112.3362473767754
0,31150,1112.3362473767754
0,31200,1112.3362473767754
0,31250,1112.3362473767754
0,31300,1112.3362473767754
0,31350,1112.3362473767754
0,31400,1112.3362473767754
0,31450,1112.3362473767754
0,31500,1112.3362473767754
0,31550,1112.3362473767754
0,31600,1112.3362473767754
0,31650,1112.3362473767754
0,31700,1112.3362473767754
0,31750,1112.3362473767754
0,31800,1112.3362473767754
0,31850,1112.3362473767754
0,31900,1112.3362473767754
0,31950,1112.3362473767754
0,32000,1112.3362473767754
0,32050,1112.3362473767754
0,32100,1112.3362473767754
0,32150,1112.3362473767754
0,32200,1112.3362473767754
0,32250,1112.3362473767754
0,32300,1112.3362473767754
0,32350,1112.3362473767754
0,32400,1112.3362473767754
0,32450,1112.3362473767754
0,32500,1112.3362473767754
0,32550,1112.3362473767754
0,32600,1112.3362473767754
0,32650,1112.3362473767754
0,32700,1112.3362473767754
0,32750,1112.3362473767754
0,32800,1112.3362473767754
0,32850,1112.3362473767754
0,32900,1112.3362473767754
0,32950,1112.3362473767754
0,33000,1112.3362473767754
0,33050,1112.3362473767754
0,33100,1112.3362473767754
0,33150,1112.3362473767754
0,33200,1112.3362473767754
0,33250,1112.3362473767754
0,33300,1112.3362473767754
0,33350,1112.3362473767754
0,33400,1112.3362473767754
0,33450,1112.3362473767754
0,33500,1112.3362473767754
0,33550,1112.3362473767754
0,33600,1112.3362473767754
0,33650,1112.3362473767754
0,33700,1112.3362473767754
0,33750,1112.3362473767754
0,33800,1112.3362473767754
0,33850,1112.3362473767754
0,33900,1112.3362473767754
0,33950,1112.3362473767754
0,34000,1112.3362473767754
0,34050,1112.3362473767754
0,34100,1112.3362473767754
0,34150,1112.3362473767754
0,34200,1112.3362473767754
0,34250,1112.3362473767754
0,34300,1112.3362473767754
0,34350,1112.3362473767754
0,34400,1112.3362473767754
0,34450,1112.3362473767754
0,34500,1112.3362473767754
0,34550,1112.3362473767754
0,34600,1112.3362473767754
0,34650,1112.3362473767754
0,34700,1112.3362473767754
0,34750,1112.3362473767754
0,34800,1112.3362473767754
0,34850,1112.3362473767754
0,34900,1112.3362473767754
0,34950,1112.3362473767754
0,35000,1112.3362473767754
0,35050,1112.3362473767754
0,35100,1112.3362473767754
0,35150,1112.3362473767754
0,35200,1112.3362473767754
0,35250,1112.3362473767754
0,35300,1112.3362473767754
0,35350,1112.3362473767754
0,35400,1112.3362473767754
0,35450,1112.3362473767754
0,35500,1112.3362473767754
0,35550,1112.3362473767754
0,35600,1112.3362473767754
0,35650,1112.3362473767754
0,35700,1112.3362473767754
0,35750,1112.3362473767754
0,35800,1112.3362473767754
0,35850,1112.3362473767754
0,35900,1112.3362473767754
0,35950,1112.3362473767754
0,36000,1112.3362473767754
0,36050,1112.3362473767754
0,36100,1112.3362473767754
0,36150,1112.3362473767754
0,36200,1112.3362473767754
0,36250,1112.3362473767754
0,36300,1112.3362473767754
0,36350,1112.3362473767754
0,36400,1112.3362473767754
0,36450,1112.3362473767754
0,36500,1112.3362473767754
0,36550,1112.3362473767754
0,36600,1112.3362473767754
0,36650,1112.3362473767754
0,36700,1112.3362473767754
0,36750,1112.3362473767754
0,36800,1112.3362473767754
0,36850,1112.3362473767754
0,36900,1112.3362473767754
0,36950,1112.3362473767754
0,37000,1112.3362473767754
0,37050,1112.3362473767754
0,37100,1112.3362473767754
0,37150,1112.3362473767754
0,37200,1112.3362473767754
0,37250,1112.3362473767754
0,37300,1112.3362473767754
0,37350,1112.3362473767754
0,37400,1112.3362473767754
0,37450,1112.3362473767754
0,37500,1112.3362473767754
0,37550,1112.3362473767754
0,37600,1112.3362473767754
0,37650,1112.3362473767754
0,37700,1112.3362473767754
0,37750,1112.3362473767754
0,37800,1112.3362473767754
0,37850,1112.3362473767754
0,37900,1112.3362473767754
0,37950,1112.3362473767754
0,38000,1112.3362473767754
0,38050,1112.3362473767754
0,38100,1112.3362473767754
0,38150,1112.3362473767754
0,38200,1112.3362473767754
0,38250,1112.3362473767754
0,38300,1112.3362473767754
0,38350,1112.3362473767754
0,38400,1112.3362473767754
0,38450,1112.3362473767754
0,38500,1112.3362473767754
0,38550,1112.3362473767754
0,38600,1112.3362473767754
0,38650,1112.3362473767754
0,38700,1112.3362473767754
0,38750,1112.3362473767754
0,38800,1112.3362473767754
0,38850,1112.3362473767754
0,38900,1112.3362473767754
0,38950,1112.3362473767754
0,39000,1112.3362473767754
0,39050,1112.3362473767754
0,39100,1112.3362473767754
0,39150,1112.3362473767754
0,39200,1112.3362473767754
0,39250,1112.3362473767754
0,39300,1112.3362473767754
0,39350,1112.3362473767754
0,39400,1112.3362473767754
0,39450,1112.3362473767754
0,39500,1112.3362473767754
0,39550,1112.3362473767754
0,39600,1112.3362473767754
0,39650,1112.3362473767754
0,39700,1112.3362473767754
0,39750,1112.3362473767754
0,39800,1112.3362473767754
0,39850,1112.3362473767754
0,39900,1112.3362473767754
0,39950,1112.3362473767754
0,40000,1112.3362473767754
0,40050,1112.3362473767754
0,40100,1112.3362473767754
0,40150,1112.3362473767754
0,40200,1112.3362473767754
0,40250,1112.3362473767754
0,40300,1112.3362473767754
0,40350,1112.3362473767754
0,40400,1112.3362473767754
0,40450,1112.3362473767754
0,40500,1112.3362473767754
0,40550,1112.3362473767754
0,40600,1112.3362473767754
0,40650,1112.3362473767754
0,40700,1112.3362473767754
0,40750,1112.3362473767754
0,40800,1112.3362473767754
0,40850,1112.3362473767754
0,40900,1112.3362473767754
0,40950,1112.3362473767754
0,41000,1112.3362473767754
0,41050,1112.3362473767754
0,41100,1112.3362473767754
0,41150,1112.3362473767754
0,41200,1112.3362473767754
0,41250,1112.3362473767754
0,41300,1112.3362473767754
0,41350,1112.3362473767754
0,41400,1112.3362473767754
0,41450,1112.3362473767754
0,41500,1112.3362473767754
0,41550,1112.3362473767754
0,41600,1112.3362473767754
0,41650,1112.3362473767754
0,41700,1112.3362473767754
0,41750,1112.3362473767754
0,41800,1112.3362473767754
0,41850,1112.3362473767754
0,41900,1112.3362473767754
0,41950,1112.3362473767754
0,42000,1112.3362473767754
0,42050,1112.3362473767754
0,42100,1112.3362473767754
0,42150,1112.3362473767754
0,42200,1112.3362473767754
0,42250,1112.3362473767754
0,42300,1112.3362473767754
0,42350,1112.3362473767754
0,42400,1112.3362473767754
0,42450,1112.3362473767754
0,42500,1112.3362473767754
0,42550,1112.3362473767754
0,42600,1112.3362473767754
0,42650,1112.3362473767754
0,42700,1112.3362473767754
0,42750,1112.3362473767754
0,42800,1112.3362473767754
0,42850,1112.3362473767754
0,42900,1112.3362473767754
0,42950,1112.3362473767754
0,43000,1112.3362473767754
0,43050,1112.3362473767754
0,43100,1112.3362473767754
0,43150,1112.3362473767754
0,43200,1112.3362473767754
0,43250,1112.3362473767754
0,43300,1112.3362473767754
0,43350,1112.3362473767754
0,43400,1112.3362473767754
0,43450,1112.3362473767754
0,43500,1112.3362473767754
0,43550,1112.3362473767754
0,43600,1112.3362473767754
0,43650,1112.3362473767754
0,43700,1112.3362473767754
0,43750,1112.3362473767754
0,43800,1112.3362473767754
0,43850,1112.3362473767754
0,43900,1112.3362473767754
0,43950,1112.3362473767754
0,44000,1112.3362473767754
0,44050,1112.3362473767754
0,44100,1112.3362473767754
0,44150,1112.3362473767754
0,44200,1112.3362473767754
0,44250,1112.3362473767754
0,44300,1112.3362473767754
0,44350,1112.3362473767754
0,44400,1112.3362473767754
0,44450,1112.3362473767754
0,44500,1112.3362473767754
0,44550,1112.3362473767754
0,44600,1112.3362473767754
0,44650,1112.3362473767754
0,44700,1112.3362473767754
0,44750,1112.3362473767754
0,44800,1112.3362473767754
0,44850,1112.3362473767754
0,44900,1112.3362473767754
0,44950,1112.3362473767754
0,45000,1112.3362473767754
0,45050,1112.3362473767754
0,45100,1112.3362473767754
0,45150,1112.3362473767754
0,45200,1112.3362473767754
0,45250,1112.3362473767754
0,45300,1112.3362473767754
0,45350,1112.3362473767754
0,45400,1112.3362473767754
0,45450,1112.3362473767754
0,45500,1112.3362473767754
0,45550,1112.3362473767754
0,45600,1112.3362473767754
0,45650,1112.3362473767754
0,45700,1112.3362473767754
0,45750,1112.3362473767754
0,45800,1112.3362473767754
0,45850,1112.3362473767754
0,45900,1112.3362473767754
0,45950,1112.3362473767754
0,46000,1112.3362473767754
0,46050,1112.3362473767754
0,46100,1112.3362473767754
0,46150,1112.3362473767754
0,46200,1112.3362473767754
0,46250,1112.3362473767754
0,46300,1112.3362473767754
0,46350,1112.3362473767754
0,46400,1112.3362473767754
0,46450,1112.3362473767754
0,46500,1112.3362473767754
0,46550,1112.3362473767754
0,46600,1112.3362473767754
0,46650,1112.3362473767754
0,46700,1112.3362473767754
0,46750,1112.3362473767754
0,46800,1112.3362473767754
0,46850,1112.3362473767754
0,46900,1112.3362473767754
0,46950,1112.3362473767754
0,47000,1112.3362473767754
0,47050,1112.3362473767754
0,47100,1112.3362473767754
0,47150,1112.3362473767754
0,47200,1112.3362473767754
0,47250,1112.3362473767754
0,47300,1112.3362473767754
0,47350,1112.3362473767754
0,47400,1112.3362473767754
0,47450,1112.3362473767754
0,47500,1112.3362473767754
0,47550,1112.3362473767754
0,47600,1112.3362473767754
0,47650,1112.3362473767754
0,47700,1112.3362473767754
0,47750,1112.3362473767754
0,47800,1112.3362473767754
0,47850,1112.3362473767754
0,47900,1112.3362473767754
0,47950,1112.3362473767754
0,48000,1112.3362473767754
0,48050,1112.3362473767754
0,48100,1112.3362473767754
0,48150,1112.3362473767754
0,48200,1112.3362473767754
0,48250,1112.3362473767754
0,48300,1112.3362473767754
0,48350,1112.3362473767754
0,48400,1112.3362473767754
0,48450,1112.3362473767754
0,48500,1112.3362473767754
0,48550,1112.3362473767754
0,48600,1112.3362473767754
0,48650,1112.3362473767754
0,48700,1112.3362473767754
0,48750,1112.3362473767754
0,48800,1112.3362473767754
0,48850,1112.3362473767754
0,48900,1112.3362473767754
0,48950,1112.3362473767754
0,49000,1112.3362473767754
0,49050,1112.3362473767754
0,49100,1112.3362473767754
0,49150,1112.3362473767754
0,49200,1112.3362473767754
0,49250,1112.3362473767754
0,49300,1112.3362473767754
0,49350,1112.3362473767754
0,49400,1112.3362473767754
0,49450,1112.3362473767754
0,49500,1112.3362473767754
0,49550,1112.3362473767754
0,49600,1112.3362473767754
0,49650,1112.3362473767754
0,49700,1112.3362473767754
0,49750,1112.3362473767754
0,49800,1112.3362473767754
0,49850,1112.3362473767754
0,49900,1112.3362473767754
0,49950,1112.3362473767754
0,50000,1112.3362473767754
1,50,1432.2886987383245
1,100,1372.307369921251
1,150,1362.2021827234769
1,200,1362.2021827234769
1,250,1362.2021827234769
1,300,1362.2021827234769
1,350,1322.6574006951712
1,400,1322.6574006951712
1,450,1322.6574006951712
1,500,1322.6574006951712
1,550,1322.6574006951712
1,600,1322.6574006951712
1,650,1237.7242543236302
1,700,1237.7242543236302
1,750,1237.7242543236302
1,800,1237.7242543236302
1,850,1237.7242543236302
1,900,1228.7659144570496
1,950,1217.4178544629838
1,1000,1217.4178544629838
1,1050,1186.8600476263825
1,1100,1186.8600476263825
1,1150,1186.8600476263825
1,1200,1186.8600476263825
1,1250,1186.8600476263825
1,1300,1154.7997463180113
1,1350,1154.7997463180113
1,1400,1154.7997463180113
1,1450,1154.7997463180113
1,1500,1154.7997463180113
1,1550,1154.7997463180113
1,1600,1154.7997463180113
1,1650,1154.7997463180113
1,1700,1154.7997463180113
1,1750,1154.7997463180113
1,1800,1154.7997463180113
1,1850,1154.7997463180113
1,1900,1126.008365890135
1,1950,1126.008365890135
1,2000,1126.008365890135
1,2050,1126.008365890135
1,2100,1126.008365890135
1,2150,1126.008365890135
1,2200,1126.008365890135
1,2250,1126.008365890135
1,2300,1126.008365890135
1,2350,1126.008365890135
1,2400,1126.008365890135
1,2450,1110.3944466311198
1,2500,1110.3944466311198
1,2550,1110.3944466311198
1,2600,1110.3944466311198
1,2650,1110.3944466311198
1,2700,1110.3944466311198
1,2750,1110.3944466311198
1,2800,1110.3944466311198
1,2850,1110.3944466311198
1,2900,1110.3944466311198
1,2950,1110.3944466311198
1,3000,1110.3944466311198
1,3050,1110.3944466311198
1,3100,1110.3944466311198
1,3150,1110.3944466311198
1,3200,1110.3944466311198
1,3250,1110.3944466311198
1,3300,1110.3944466311198
1,3350,1110.3944466311198
1,3400,1110.3944466311198
1,3450,1110.3944466311198
1,3500,1110.3944466311198
1,3550,1110.3944466311198
1,3600,1110.3944466311198
1,3650,1110.3944466311198
1,3700,1110.3944466311198
1,3750,1110.3944466311198
1,3800,1110.3944466311198
1,3850,1110.3944466311198
1,3900,1110.3944466311198
1,3950,1110.3944466311198
1,4000,1110.3944466311198
1,4050,1110.3944466311198
1,4100,1110.3944466311198
1,4150,1110.3944466311198
1,4200,1110.3944466311198
1,4250,1110.3944466311198
1,4300,1110.3944466311198
1,4350,1110.3944466311198
1,4400,1110.3944466311198
1,4450,1110.3944466311198
1,4500,1110.3944466311198
1,4550,1110.3944466311198
1,4600,1110.3944466311198
1,4650,1110.3944466311198
1,4700,1110.3944466311198
1,4750,1110.3944466311198
1,4800,1110.3944466311198
1,4850,1110.3944466311198
1,4900,1110.3944466311198
1,4950,1110.3944466311198
1,5000,1110.3944466311198
1,5050,1110.3944466311198
1,5100,1110.3944466311198
1,5150,1110.3944466311198
1,5200,1110.3944466311198
1,5250,1110.3944466311198
1,5300,1110.3944466311198
1,5350,1110.3944466311198
1,5400,1110.3944466311198
1,5450,1110.3944466311198
1,5500,1110.3944466311198
1,5550,1110.3944466311198
1,5600,1110.3944466311198
1,5650,1110.3944466311198
1,5700,1110.3944466311198
1,5750,1110.3944466311198
1,5800,1110.3944466311198
1,5850,1110.3944466311198
1,5900,1110.3944466311198
1,5950,1110.3944466311198
1,6000,1110.3944466311198
1,6050,1110.3944466311198
1,6100,1110.3944466311198
1,6150,1110.3944466311198
1,6200,1110.3944466311198
1,6250,1110.3944466311198
1,6300,1110.3944466311198
1,6350,1110.3944466311198
1,6400,1110.3944466311198
1,6450,1110.3944466311198
1,6500,1110.3944466311198
1,6550,1110.3944466311198
1,6600,1110.3944466311198
1,6650,1110.3944466311198
1,6700,1110.3944466311198
1,6750,1110.3944466311198
1,6800,1110.3944466311198
1,6850,1110.3944466311198
1,6900,1110.3944466311198
1,6950,1110.3944466311198
1,7000,1110.3944466311198
1,7050,1110.3944466311198
1,7100,1110.3944466311198
1,7150,1110.3944466311198
1,7200,1110.3944466311198
1,7250,1110.3944466311198
1,7300,1110.3944466311198
1,7350,1110.3944466311198
1,7400,1110.3944466311198
1,7450,1110.3944466311198
1,7500,1110.3944466311198
1,7550,1110.3944466311198
1,7600,1110.3944466311198
1,7650,1110.3944466311198
1,7700,1110.3944466311198
1,7750,1110.3944466311198
1,7800,1110.3944466311198
1,7850,1110.3944466311198
1,7900,1110.3944466311198
1,7950,1110.3944466311198
1,8000,1110.3944466311198
1,8050,1110.3944466311198
1,8100,1110.3944466311198
1,8150,1110.3944466311198
1,8200,1110.3944466311198
1,8250,1110.3944466311198
1,8300,1110.3944466311198
1,8350,1110.3944466311198
1,8400,1110.3944466311198
1,8450,1110.3944466311198
1,8500,1110.3944466311198
1,8550,1110.3944466311198
1,8600,1110.3944466311198
1,8650,1110.3944466311198
1,8700,1110.3944466311198
1,8750,1110.3944466311198
1,8800,1110.3944466311198
1,8850,1110.3944466311198
1,8900,1110.3944466311198
1,8950,1110.3944466311198
1,9000,1110.3944466311198
1,9050,1110.3944466311198
1,9100,1110.3944466311198
1,9150,1110.3944466311198
1,9200,1110.3944466311198
1,9250,1110.3944466311198
1,9300,1110.3944466311198
1,9350,1110.3944466311198
1,9400,1110.3944466311198
1,9450,1110.3944466311198
1,9500,1110.3944466311198
1,9550,1110.3944466311198
1,9600,1110.3944466311198
1,9650,1110.3944466311198
1,9700,1110.3944466311198
1,9750,1110.3944466311198
1,9800,1110.3944466311198
1,9850,1110.3944466311198
1,9900,1110.3944466311198
1,9950,1110.3944466311198
1,10000,1110.3944466311198
1,10050,1110.3944466311198
1,10100,1110.3944466311198
1,10150,1110.3944466311198
1,10200,1110.3944466311198
1,10250,1110.3944466311198
1,10300,1110.3944466311198
1,10350,1110.3944466311198
1,10400,1110.3944466311198
1,10450,1110.3944466311198
1,10500,1110.3944466311198
1,10550,1110.3944466311198
1,10600,1110.3944466311198
1,10650,1110.3944466311198
1,10700,1110.3944466311198
1,10750,1110.3944466311198
1,10800,1110.3944466311198
1,10850,1110.3944466311198
1,10900,1110.3944466311198
1,10950,1110.3944466311198
1,11000,1110.3944466311198
1,11050,1110.3944466311198
1,11100,1110.3944466311198
1,11150,1110.3944466311198
1,11200,1110.3944466311198
1,11250,1110.3944466311198
1,11300,1110.3944466311198
1,11350,1110.3944466311198
1,11400,1110.3944466311198
1,11450,1110.3944466311198
1,11500,1110.3944466311198
1,11550,1110.3944466311198
1,11600,1110.3944466311198
1,11650,1110.3944466311198
1,11700,1110.3944466311198
1,11750,1110.3944466311198
1,11800,1110.3944466311198
1,11850,1110.3944466311198
1,11900,1110.3944466311198
1,11950,1110.3944466311198
1,12000,1110.3944466311198
1,12050,1110.3944466311198
1,12100,1110.3944466311198
1,12150,1110.3944466311198
1,12200,1110.3944466311198
1,12250,1110.3944466311198
1,12300,1110.3944466311198
1,12350,1110.3944466311198
1,12400,1110.3944466311198
1,12450,1110.3944466311198
1,12500,1110.3944466311198
1,12550,1110.3944466311198
1,12600,1110.3944466311198
1,12650,1110.3944466311198
1,12700,1110.3944466311198
1,12750,1110.3944466311198
1,12800,1110.3944466311198
1,12850,1110.3944466311198
1,12900,1110.3944466311198
1,12950,1110.3944466311198
1,13000,1110.3944466311198
1,13050,1110.3944466311198
1,13100,1110.3944466311198
1,13150,1110.3944466311198
1,13200,1110.3944466311198
1,13250,1110.3944466311198
1,13300,1110.3944466311198
1,13350,1110.3944466311198
1,13400,1110.3944466311198
1,13450,1110.3944466311198
1,13500,1110.3944466311198
1,13550,1110.3944466311198
1,13600,1110.3944466311198
1,13650,1110.3944466311198
1,13700,1110.3944466311198
1,13750,1110.3944466311198
1,13800,1110.3944466311198
1,13850,1110.3944466311198
1,13900,1110.3944466311198
1,13950,1110.3944466311198
1,14000,1110.3944466311198
1,14050,1110.3944466311198
1,14100,1110.3944466311198
1,14150,1110.3944466311198
1,14200,1110.3944466311198
1,14250,1110.3944466311198
1,14300,1110.3944466311198
1,14350,1110.3944466311198
1,14400,1110.3944466311198
1,14450,1110.3944466311198
1,14500,1110.3944466311198
1,14550,1110.3944466311198
1,14600,1110.3944466311198
1,14650,1110.3944466311198
1,14700,1110.3944466311198
1,14750,1110.3944466311198
1,14800,1110.3944466311198
1,14850,1110.3944466311198
1,14900,1110.3944466311198
1,14950,1110.3944466311198
1,15000,1110.3944466311198
1,15050,1110.3944466311198
1,15100,1110.3944466311198
1,15150,1110.3944466311198
1,15200,1110.3944466311198
1,15250,1110.3944466311198
1,15300,1110.3944466311198
1,15350,1110.3944466311198
1,15400,1110.3944466311198
1,15450,1110.3944466311198
1,15500,1110.3944466311198
1,15550,1110.3944466311198
1,15600,1110.3944466311198
1,15650,1110.3944466311198
1,15700,1110.3944466311198
1,15750,1110.3944466311198
1,15800,1110.3944466311198
1,15850,1110.3944466311198
1,15900,1110.3944466311198
1,15950,1110.3944466311198
1,16000,1110.3944466311198
1,16050,1110.3944466311198
1,16100,1110.3944466311198
1,16150,1110.3944466311198
1,16200,1110.3944466311198
1,16250,1110.3944466311198
1,16300,1110.3944466311198
1,16350,1110.3944466311198
1,16400,1110.3944466311198
1,16450,1110.3944466311198
1,16500,1110.3944466311198
1,16550,1110.3944466311198
1,16600,1110.3944466311198
1,16650,1110.3944466311198
1,16700,1110.3944466311198
1,16750,1110.3944466311198
1,16800,1110.3944466311198
1,16850,1110.3944466311198
1,16900,1110.3944466311198
1,16950,1110.3944466311198
1,17000,1110.3944466311198
1,17050,1110.3944466311198
1,17100,1110.3944466311198
1,17150,1110.3944466311198
1,17200,1110.3944466311198
1,17250,1110.3944466311198
1,17300,1110.3944466311198
1,17350,1110.3944466311198
1,17400,1110.3944466311198
1,17450,1110.3944466311198
1,17500,1110.3944466311198
1,17550,1110.3944466311198
1,17600,1110.3944466311198
1,17650,1110.3944466311198
1,17700,1110.3944466311198
1,17750,1110.3944466311198
1,17800,1110.3944466311198
1,17850,1110.3944466311198
1,17900,1110.3944466311198
1,17950,1110.3944466311198
1,18000,1110.3944466311198
1,18050,1110.3944466311198
1,18100,1110.3944466311198
1,18150,1110.3944466311198
1,18200,1110.3944466311198
1,18250,1110.3944466311198
1,18300,1110.3944466311198
1,18350,1110.3944466311198
1,18400,1110.3944466311198
1,18450,1110.3944466311198
1,18500,1110.3944466311198
1,18550,1110.3944466311198
1,18600,1110.3944466311198
1,18650,1110.3944466311198
1,18700,1110.3944466311198
1,18750,1110.3944466311198
1,18800,1110.3944466311198
1,18850,1110.3944466311198
1,18900,1110.3944466311198
1,18950,1110.3944466311198
1,19000,1110.3944466311198
1,19050,1110.3944466311198
1,19100,1110.3944466311198
1,19150,1110.3944466311198
1,19200,1110.3944466311198
1,19250,1110.3944466311198
1,19300,1110.3944466311198
1,19350,1110.3944466311198
1,19400,1110.3944466311198
1,19450,1110.3944466311198
1,19500,1110.3944466311198
1,19550,1110.3944466311198
1,19600,1110.3944466311198
1,19650,1110.3944466311198
1,19700,1110.3944466311198
1,19750,1110.3944466311198
1,19800,1110.3944466311198
1,19850,1110.3944466311198
1,19900,1110.3944466311198
1,19950,1110.3944466311198
1,20000,1110.3944466311198
1,20050,1110.3944466311198
1,20100,1110.3944466311198
1,20150,1110.3944466311198
1,20200,1110.3944466311198
1,20250,1110.3944466311198
1,20300,1110.3944466311198
1,20350,1110.3944466311198
1,20400,1110.3944466311198
1,20450,1110.3944466311198
1,20500,1110.3944466311198
1,20550,1110.3944466311198
1,20600,1110.3944466311198
1,20650,1110.3944466311198
1,20700,1110.3944466311198
1,20750,1110.3944466311198
1,20800,1110.3944466311198
1,20850,1110.3944466311198
1,20900,1110.3944466311198
1,20950,1110.3944466311198
1,21000,1110.3944466311198
1,21050,1110.3944466311198
1,21100,1110.3944466311198
1,21150,1110.3944466311198
1,21200,1110.3944466311198
1,21250,1110.3944466311198
1,21300,1110.3944466311198
1,21350,1110.3944466311198
1,21400,1110.3944466311198
1,21450,1110.3944466311198
1,21500,1110.3944466311198
1,21550,1110.3944466311198
1,21600,1110.3944466311198
1,21650,1110.3944466311198
1,21700,1110.3944466311198
1,21750,1110.3944466311198
1,21800,1110.3944466311198
1,21850,1110.3944466311198
1,21900,1110.3944466311198
1,21950,1110.3944466311198
1,22000,1110.3944466311198
1,22050,1110.3944466311198
1,22100,1110.3944466311198
1,22150,1110.3944466311198
1,22200,1110.3944466311198
1,22250,1110.3944466311198
1,22300,1110.3944466311198
1,22350,1110.3944466311198
1,22400,1110.3944466311198
1,22450,1110.3944466311198
1,22500,1110.3944466311198
1,22550,1110.3944466311198
1,22600,1110.3944466311198
1,22650,1110.3944466311198
1,22700,1110.3944466311198
1,22750,1110.3944466311198
1,22800,1110.3944466311198
1,22850,1110.3944466311198
1,22900,1110.3944466311198
1,22950,1110.3944466311198
1,23000,1110.3944466311198
1,23050,1110.3944466311198
1,23100,1110.3944466311198
1,23150,1110.3944466311198
1,23200,1110.3944466311198
1,23250,1110.3944466311198
1,23300,1110.3944466311198
1,23350,1110.3944466311198
1,23400,1110.3944466311198
1,23450,1110.3944466311198
1,23500,1110.3944466311198
1,23550,1110.3944466311198
1,23600,1110.3944466311198
1,23650,1110.3944466311198
1,23700,1110.3944466311198
1,23750,1110.3944466311198
1,23800,1110.3944466311198
1,23850,1110.3944466311198
1,23900,1110.3944466311198
1,23950,1110.3944466311198
1,24000,1108.8922984971696
1,24050,1108.8922984971696
1,24100,1108.8922984971696
1,24150,1108.8922984971696
1,24200,1108.8922984971696
1,24250,1108.8922984971696
1,24300,1108.8922984971696
1,24350,1108.8922984971696
1,24400,1108.8922984971696
1,24450,1108.8922984971696
1,24500,1108.8922984971696
1,24550,1108.8922984971696
1,24600,1108.8922984971696
1,24650,1108.8922984971696
1,24700,1108.8922984971696
1,24750,1108.8922984971696
1,24800,1108.8922984971696
1,24850,1108.8922984971696
1,24900,1108.8922984971696
1,24950,1108.8922984971696
1,25000,1108.8922984971696
1,25050,1108.8922984971696
1,25100,1108.8922984971696
1,25150,1108.8922984971696
1,25200,1108.8922984971696
1,25250,1108.8922984971696
1,25300,1108.8922984971696
1,25350,1108.8922984971696
1,25400,1108.8922984971696
1,25450,1108.8922984971696
1,25500,1108.8922984971696
1,25550,1108.8922984971696
1,25600,1108.8922984971696
1,25650,1108.8922984971696
1,25700,1108.8922984971696
1,25750,1108.8922984971696
1,25800,1108.8922984971696
1,25850,1108.8922984971696
1,25900,1108.8922984971696
1,25950,1108.8922984971696
1,26000,1108.8922984971696
1,26050,1108.8922984971696
1,26100,1108.8922984971696
1,26150,1108.8922984971696
1,26200,1108.8922984971696
1,26250,1108.8922984971696
1,26300,1108.8922984971696
1,26350,1108.8922984971696
1,26400,1108.8922984971696
1,26450,1108.8922984971696
1,26500,1108.8922984971696
1,26550,1108.8922984971696
1,26600,1108.8922984971696
1,26650,1108.8922984971696
1,26700,1108.8922984971696
1,26750,1108.8922984971696
1,26800,1108.8922984971696
1,26850,1108.8922984971696
1,26900,1108.8922984971696
1,26950,1108.8922984971696
1,27000,1108.8922984971696
1,27050,1108.8922984971696
1,27100,1108.8922984971696
1,27150,1108.8922984971696
1,27200,1108.8922984971696
1,27250,1108.8922984971696
1,27300,1108.8922984971696
1,27350,1108.8922984971696
1,27400,1108.8922984971696
1,27450,1108.8922984971696
1,27500,1108.8922984971696
1,27550,1108.8922984971696
1,27600,1108.8922984971696
1,27650,1108.8922984971696
1,27700,1108.8922984971696
1,27750,1108.8922984971696
1,27800,1108.8922984971696
1,27850,1108.8922984971696
1,27900,1108.8922984971696
1,27950,1108.8922984971696
1,28000,1108.8922984971696
1,28050,1108.8922984971696
1,28100,1108.8922984971696
1,28150,1108.8922984971696
1,28200,1108.8922984971696
1,28250,1108.8922984971696
1,28300,1108.8922984971696
1,28350,1108.8922984971696
1,28400,1108.8922984971696
1,28450,1108.8922984971696
1,28500,1108.8922984971696
1,28550,1108.8922984971696
1,28600,1108.8922984971696
1,28650,1108.8922984971696
1,28700,1108.8922984971696
1,28750,1108.8922984971696
1,28800,1108.8922984971696
1,28850,1108.8922984971696
1,28900,1108.8922984971696
1,28950,1108.8922984971696
1,29000,1108.8922984971696
1,29050,1108.8922984971696
1,29100,1108.8922984971696
1,29150,1108.8922984971696
1,29200,1108.8922984971696
1,29250,1108.8922984971696
1,29300,1108.8922984971696
1,29350,1108.8922984971696
1,29400,1108.8922984971696
1,29450,1108.8922984971696
1,29500,1108.8922984971696
1,29550,1108.8922984971696
1,29600,1108.8922984971696
1,29650,1108.8922984971696
1,29700,1108.8922984971696
1,29750,1108.8922984971696
1,29800,1108.8922984971696
1,29850,1108.8922984971696
1,29900,1108.8922984971696
1,29950,1108.8922984971696
1,30000,1108.8922984971696
1,30050,1108.8922984971696
1,30100,1108.8922984971696
1,30150,1108.8922984971696
1,30200,1108.8922984971696
1,30250,1108.8922984971696
1,30300,1108.8922984971696
1,30350,1108.8922984971696
1,30400,1108.8922984971696
1,30450,1108.8922984971696
1,30500,1108.8922984971696
1,30550,1108.8922984971696
1,30600,1108.8922984971696
1,30650,1108.8922984971696
1,30700,1108.8922984971696
1,30750,1099.8369481841448
1,30800,1099.8369481841448
1,30850,1099.8369481841448
1,30900,1099.8369481841448
1,30950,1099.8369481841448
1,31000,1099.8369481841448
1,31050,1099.8369481841448
1,31100,1099.8369481841448
1,31150,1099.8369481841448
1,31200,1099.8369481841448
1,31250,1099.8369481841448
1,31300,1099.8369481841448
1,31350,1099.8369481841448
1,31400,1099.8369481841448
1,31450,1099.8369481841448
1,31500,1099.8369481841448
1,31550,1099.8369481841448
1,31600,1099.8369481841448
1,31650,1099.8369481841448
1,31700,1099.8369481841448
1,31750,1099.8369481841448
1,31800,1099.8369481841448
1,31850,1099.8369481841448
1,31900,1099.8369481841448
1,31950,1099.8369481841448
1,32000,1099.8369481841448
1,32050,1099.8369481841448
1,32100,1099.8369481841448
1,32150,1099.8369481841448
1,32200,1099.8369481841448
1,32250,1099.8369481841448
1,32300,1099.8369481841448
1,32350,1099.8369481841448
1,32400,1099.8369481841448
1,32450,1099.8369481841448
1,32500,1099.8369481841448
1,32550,1099.8369481841448
1,32600,1099.8369481841448
1,32650,1099.8369481841448
1,32700,1099.8369481841448
1,32750,1099.8369481841448
1,32800,1099.8369481841448
1,32850,1099.8369481841448
1,32900,1099.8369481841448
1,32950,1099.8369481841448
1,33000,1099.8369481841448
1,33050,1099.8369481841448
1,33100,1099.8369481841448
1,33150,1099.8369481841448
1,33200,1099.8369481841448
1,33250,1099.8369481841448
1,33300,1099.8369481841448
1,33350,1099.8369481841448
1,33400,1099.8369481841448
1,33450,1099.8369481841448
1,33500,1099.8369481841448
1,33550,1099.8369481841448
1,33600,1099.8369481841448
1,33650,1099.8369481841448
1,33700,1099.8369481841448
1,33750,1099.8369481841448
1,33800,1099.8369481841448
1,33850,1099.8369481841448
1,33900,1099.8369481841448
1,33950,1099.8369481841448
1,34000,1099.8369481841448
1,34050,1099.8369481841448
1,34100,1099.8369481841448
1,34150,1099.8369481841448
1,34200,1099.8369481841448
1,34250,1099.8369481841448
1,34300,1099.8369481841448
1,34350,1099.8369481841448
1,34400,1099.8369481841448
1,34450,1099.8369481841448
1,34500,1099.8369481841448
1,34550,1099.8369481841448
1,34600,1099.8369481841448
1,34650,1099.8369481841448
1,34700,1099.8369481841448
1,34750,1099.8369481841448
1,34800,1099.8369481841448
1,34850,1099.8369481841448
1,34900,1099.8369481841448
1,34950,1099.8369481841448
1,35000,1099.8369481841448
1,35050,1099.8369481841448
1,35100,1099.8369481841448
1,35150,1099.8369481841448
1,35200,1099.8369481841448
1,35250,1099.8369481841448
1,35300,1099.8369481841448
1,35350,1099.8369481841448
1,35400,1099.8369481841448
1,35450,1099.8369481841448
1,35500,1099.8369481841448
1,35550,1099.8369481841448
1,35600,1099.8369481841448
1,35650,1099.8369481841448
1,35700,1099.8369481841448
1,35750,1099.8369481841448
1,35800,1099.8369481841448
1,35850,1099.8369481841448
1,35900,1099.8369481841448
1,35950,1099.8369481841448
1,36000,1099.8369481841448
1,36050,1099.8369481841448
1,36100,1099.8369481841448
1,36150,1099.8369481841448
1,36200,1099.8369481841448
1,36250,1099.8369481841448
1,36300,1099.8369481841448
1,36350,1099.8369481841448
1,36400,1099.8369481841448
1,36450,1099.8369481841448
1,36500,1099.8369481841448
1,36550,1099.8369481841448
1,36600,1099.8369481841448
1,36650,1099.8369481841448
1,36700,1099.8369481841448
1,36750,1099.8369481841448
1,36800,1099.8369481841448
1,36850,1099.8369481841448
1,36900,1099.8369481841448
1,36950,1099.8369481841448
1,37000,1099.8369481841448
1,37050,1099.8369481841448
1,37100,1099.8369481841448
1,37150,1099.8369481841448
1,37200,1099.8369481841448
1,37250,1099.8369481841448
1,37300,1099.8369481841448
1,37350,1099.8369481841448
1,37400,1099.8369481841448
1,37450,1099.8369481841448
1,37500,1099.8369481841448
1,37550,1099.8369481841448
1,37600,1099.8369481841448
1,37650,1099.8369481841448
1,37700,1099.8369481841448
1,37750,1099.8369481841448
1,37800,1099.8369481841448
1,37850,1099.8369481841448
1,37900,1099.8369481841448
1,37950,1099.8369481841448
1,38000,1099.8369481841448
1,38050,1099.8369481841448
1,38100,1099.8369481841448
1,38150,1099.8369481841448
1,38200,1099.8369481841448
1,38250,1099.8369481841448
1,38300,1099.8369481841448
1,38350,1099.8369481841448
1,38400,1099.8369481841448
1,38450,1099.8369481841448
1,38500,1099.8369481841448
1,38550,1099.8369481841448
1,38600,1099.8369481841448
1,38650,1099.8369481841448
1,38700,1099.8369481841448
1,38750,1099.8369481841448
1,38800,1099.8369481841448
1,38850,1099.8369481841448
1,38900,1099.8369481841448
1,38950,1099.8369481841448
1,39000,1099.8369481841448
1,39050,1099.8369481841448
1,39100,1099.8369481841448
1,39150,1099.8369481841448
1,39200,1099.8369481841448
1,39250,1099.8369481841448
1,39300,1099.8369481841448
1,39350,1099.8369481841448
1,39400,1099.8369481841448
1,39450,1099.8369481841448
1,39500,1099.8369481841448
1,39550,1099.8369481841448
1,39600,1099.8369481841448
1,39650,1099.8369481841448
1,39700,1099.8369481841448
1,39750,1099.8369481841448
1,39800,1099.8369481841448
1,39850,1099.8369481841448
1,39900,1099.8369481841448
1,39950,1099.8369481841448
1,40000,1099.8369481841448
1,40050,1099.8369481841448
1,40100,1099.8369481841448
1,40150,1099.8369481841448
1,40200,1099.8369481841448
1,40250,1099.8369481841448
1,40300,1099.8369481841448
1,40350,1099.8369481841448
1,40400,1099.8369481841448
1,40450,1099.8369481841448
1,40500,1099.8369481841448
1,40550,1099.8369481841448
1,40600,1099.8369481841448
1,40650,1099.8369481841448
1,40700,1099.8369481841448
1,40750,1099.8369481841448
1,40800,1099.8369481841448
1,40850,1099.8369481841448
1,40900,1099.8369481841448
1,40950,1099.8369481841448
1,41000,1099.8369481841448
1,41050,1099.8369481841448
1,41100,1099.8369481841448
1,41150,1099.8369481841448
1,41200,1099.8369481841448
1,41250,1099.8369481841448
1,41300,1099.8369481841448
1,41350,1099.8369481841448
1,41400,1099.8369481841448
1,41450,1099.8369481841448
1,41500,1099.8369481841448
1,41550,1099.8369481841448
1,41600,1099.8369481841448
1,41650,1099.8369481841448
1,41700,1099.8369481841448
1,41750,1099.8369481841448
1,41800,1099.8369481841448
1,41850,1099.8369481841448
1,41900,1099.8369481841448
1,41950,1099.8369481841448
1,42000,1099.8369481841448
1,42050,1099.8369481841448
1,42100,1099.8369481841448
1,42150,1099.8369481841448
1,42200,1099.8369481841448
1,42250,1099.8369481841448
1,42300,1099.8369481841448
1,42350,1099.8369481841448
1,42400,1099.8369481841448
1,42450,1099.8369481841448
1,42500,1099.8369481841448
1,42550,1099.8369481841448
1,42600,1099.8369481841448
1,42650,1099.8369481841448
1,42700,1099.8369481841448
1,42750,1099.8369481841448
1,42800,1099.8369481841448
1,42850,1099.8369481841448
1,42900,1099.8369481841448
1,42950,1099.8369481841448
1,43000,1099.8369481841448
1,43050,1099.8369481841448
1,43100,1099.8369481841448
1,43150,1099.8369481841448
1,43200,1099.8369481841448
1,43250,1099.8369481841448
1,43300,1099.8369481841448
1,43350,1099.8369481841448
1,43400,1099.8369481841448
1,43450,1099.8369481841448
1,43500,1099.8369481841448
1,43550,1099.8369481841448
1,43600,1099.8369481841448
1,43650,1099.8369481841448
1,43700,1099.8369481841448
1,43750,1099.8369481841448
1,43800,1099.8369481841448
1,43850,1099.8369481841448
1,43900,1099.8369481841448
1,43950,1099.8369481841448
1,44000,1099.8369481841448
1,44050,1099.8369481841448
1,44100,1099.8369481841448
1,44150,1099.8369481841448
1,44200,1099.8369481841448
1,44250,1099.8369481841448
1,44300,1099.8369481841448
1,44350,1099.8369481841448
1,44400,1099.8369481841448
1,44450,1099.8369481841448
1,44500,1099.8369481841448
1,44550,1099.8369481841448
1,44600,1099.8369481841448
1,44650,1099.8369481841448
1,44700,1099.8369481841448
1,44750,1099.8369481841448
1,44800,1099.8369481841448
1,44850,1099.8369481841448
1,44900,1099.8369481841448
1,44950,1099.8369481841448
1,45000,1099.8369481841448
1,45050,1099.8369481841448
1,45100,1099.8369481841448
1,45150,1099.8369481841448
1,45200,1099.8369481841448
1,45250,1099.8369481841448
1,45300,1099.8369481841448
1,45350,1099.8369481841448
1,45400,1099.8369481841448
1,45450,1099.8369481841448
1,45500,1099.8369481841448
1,45550,1099.8369481841448
1,45600,1099.8369481841448
1,45650,1099.8369481841448
1,45700,1099.8369481841448
1,45750,1099.8369481841448
1,45800,1099.8369481841448
1,45850,1099.8369481841448
1,45900,1099.8369481841448
1,45950,1099.8369481841448
1,46000,1099.8369481841448
1,46050,1099.8369481841448
1,46100,1099.8369481841448
1,46150,1099.8369481841448
1,46200,1099.8369481841448
1,46250,1099.8369481841448
1,46300,1099.8369481841448
1,46350,1099.8369481841448
1,46400,1099.8369481841448
1,46450,1099.8369481841448
1,46500,1099.8369481841448
1,46550,1099.8369481841448
1,46600,1099.8369481841448
1,46650,1099.8369481841448
1,46700,1099.8369481841448
1,46750,1099.8369481841448
1,46800,1099.8369481841448
1,46850,1099.8369481841448
1,46900,1099.8369481841448
1,46950,1099.8369481841448
1,47000,1099.8369481841448
1,47050,1099.8369481841448
1,47100,1099.8369481841448
1,47150,1099.8369481841448
1,47200,1099.8369481841448
1,47250,1099.8369481841448
1,47300,1099.8369481841448
1,47350,1099.8369481841448
1,47400,1099.8369481841448
1,47450,1099.8369481841448
1,47500,1099.8369481841448
1,47550,1099.8369481841448
1,47600,1099.8369481841448
1,47650,1099.8369481841448
1,47700,1099.8369481841448
1,47750,1099.8369481841448
1,47800,1099.8369481841448
1,47850,1099.8369481841448
1,47900,1099.8369481841448
1,47950,1099.8369481841448
1,48000,1099.8369481841448
1,48050,1099.8369481841448
1,48100,1099.8369481841448
1,48150,1099.8369481841448
1,48200,1099.8369481841448
1,48250,1099.8369481841448
1,48300,1099.8369481841448
1,48350,1099.8369481841448
1,48400,1099.8369481841448
1,48450,1099.8369481841448
1,48500,1099.8369481841448
1,48550,1099.8369481841448
1,48600,1099.8369481841448
1,48650,1099.8369481841448
1,48700,1099.8369481841448
1,48750,1099.8369481841448
1,48800,1099.8369481841448
1,48850,1099.8369481841448
1,48900,1099.8369481841448
1,48950,1099.8369481841448
1,49000,1099.8369481841448
1,49050,1099.8369481841448
1,49100,1099.8369481841448
1,49150,1099.8369481841448
1,49200,1099.8369481841448
1,49250,1099.8369481841448
1,49300,1099.8369481841448
1,49350,1099.8369481841448
1,49400,1099.8369481841448
1,49450,1099.8369481841448
1,49500,1099.8369481841448
1,49550,1099.8369481841448
1,49600,1099.8369481841448
1,49650,1099.8369481841448
1,49700,1099.8369481841448
1,49750,1099.8369481841448
1,49800,1099.8369481841448
1,49850,1099.8369481841448
1,49900,1099.8369481841448
1,49950,1099.8369481841448
1,50000,1099.8369481841448
2,50,1384.4379352232593
2,100,1384.4379352232593
2,150,1340.148599086632
2,200,1340.148599086632
2,250,1340.148599086632
2,300,1340.148599086632
2,350,1340.148599086632
2,400,1340.148599086632
2,450,1340.148599086632
2,500,1340.148599086632
2,550,1340.148599086632
2,600,1312.9536340403674
2,650,1312.9536340403674
2,700,1312.9536340403674
2,750,1267.4005878656376
2,800,1267.4005878656376
2,850,1209.988008636261
2,900,1209.988008636261
2,950,1209.988008636261
2,1000,1190.1643614426612
2,1050,1190.1643614426612
2,1100,1190.1643614426612
2,1150,1190.1643614426612
2,1200,1171.331375296117
2,1250,1171.331375296117
2,1300,1171.331375296117
2,1350,1153.0090558435193
2,1400,1153.0090558435193
2,1450,1153.0090558435193
2,1500,1153.0090558435193
2,1550,1153.0090558435193
2,1600,1153.0090558435193
2,1650,1153.0090558435193
2,1700,1153.0090558435193
2,1750,1149.788371731437
2,1800,1149.788371731437
2,1850,1149.788371731437
2,1900,1149.788371731437
2,1950,1149.788371731437
2,2000,1149.788371731437
2,2050,1149.788371731437
2,2100,1149.788371731437
2,2150,1149.788371731437
2,2200,1149.788371731437
2,2250,1149.788371731437
2,2300,1149.788371731437
2,2350,1149.788371731437
2,2400,1149.788371731437
2,2450,1149.788371731437
2,2500,1149.788371731437
2,2550,1149.788371731437
2,2600,1149.788371731437
2,2650,1149.788371731437
2,2700,1143.9872760722574
2,2750,1143.9872760722574
2,2800,1143.9872760722574
2,2850,1143.9872760722574
2,2900,1143.9872760722574
2,2950,1143.9872760722574
2,3000,1143.9872760722574
2,3050,1143.9872760722574
2,3100,1143.9872760722574
2,3150,1143.9872760722574
2,3200,1143.9872760722574
2,3250,1143.9872760722574
2,3300,1130.7452841656996
2,3350,1130.7452841656996
2,3400,1130.7452841656996
2,3450,1130.7452841656996
2,3500,1130.7452841656996
2,3550,1130.7452841656996
2,3600,1130.7452841656996
2,3650,1130.7452841656996
2,3700,1130.7452841656996
2,3750,1130.7452841656996
2,3800,1130.7452841656996
2,3850,1130.7452841656996
2,3900,1130.7452841656996
2,3950,1130.7452841656996
2,4000,1130.7452841656996
2,4050,1130.7452841656996
2,4100,1130.7452841656996
2,4150,1130.7452841656996
2,4200,1130.7452841656996
2,4250,1130.7452841656996
2,4300,1130.7452841656996
2,4350,1130.7452841656996
2,4400,1130.7452841656996
2,4450,1130.7452841656996
2,4500,1130.7452841656996
2,4550,1130.7452841656996
2,4600,1130.7452841656996
2,4650,1130.7452841656996
2,4700,1130.7452841656996
2,4750,1130.7452841656996
2,4800,1130.7452841656996
2,4850,1130.7452841656996
2,4900,1130.7452841656996
2,4950,1130.7452841656996
2,5000,1130.7452841656996
2,5050,1130.7452841656996
2,5100,1130.7452841656996
2,5150,1130.7452841656996
2,5200,1130.7452841656996
2,5250,1130.7452841656996
2,5300,1130.7452841656996
2,5350,1130.7452841656996
2,5400,1130.7452841656996
2,5450,1130.7452841656996
2,5500,1130.7452841656996
2,5550,1130.7452841656996
2,5600,1130.7452841656996
2,5650,1130.7452841656996
2,5700,1130.7452841656996
2,5750,1130.7452841656996
2,5800,1130.7452841656996
2,5850,1130.7452841656996
2,5900,1130.7452841656996
2,5950,1130.7452841656996
2,6000,1130.7452841656996
2,6050,1130.7452841656996
2,6100,1130.7452841656996
2,6150,1130.7452841656996
2,6200,1130.7452841656996
2,6250,1130.7452841656996
2,6300,1130.7452841656996
2,6350,1130.7452841656996
2,6400,1130.7452841656996
2,6450,1130.7452841656996
2,6500,1130.7452841656996
2,6550,1130.7452841656996
2,6600,1130.7452841656996
2,6650,1130.7452841656996
2,6700,1130.7452841656996
2,6750,1130.7452841656996
2,6800,1128.8974868334294
2,6850,1128.8974868334294
2,6900,1128.8974868334294
2,6950,1128.8974868334294
2,7000,1128.8974868334294
2,7050,1128.8974868334294
2,7100,1128.8974868334294
2,7150,1128.8974868334294
2,7200,1128.8974868334294
2,7250,1128.8974868334294
2,7300,1128.8974868334294
2,7350,1128.8974868334294
2,7400,1128.8974868334294
2,7450,1128.8974868334294
2,7500,1128.8974868334294
2,7550,1128.8974868334294
2,7600,1128.8974868334294
2,7650,1128.8974868334294
2,7700,1128.8974868334294
2,7750,1128.8974868334294
2,7800,1128.8974868334294
2,7850,1128.8974868334294
2,7900,1128.8974868334294
2,7950,1128.8974868334294
2,8000,1128.8974868334294
2,8050,1128.8974868334294
2,8100,1128.8974868334294
2,8150,1128.8974868334294
2,8200,1128.8974868334294
2,8250,1128.8974868334294
2,8300,1128.8974868334294
2,8350,1116.057999023573
2,8400,1116.057999023573
2,8450,1116.057999023573
2,8500,1116.057999023573
2,8550,1116.057999023573
2,8600,1116.057999023573
2,8650,1116.057999023573
2,8700,1116.057999023573
2,8750,1114.8785791922285
2,8800,1114.8785791922285
2,8850,1114.8785791922285
2,8900,1114.8785791922285
2,8950,1114.8785791922285
2,9000,1114.8785791922285
2,9050,1114.8785791922285
2,9100,1114.8785791922285
2,9150,1114.8785791922285
2,9200,1114.8785791922285
2,9250,1114.8785791922285
2,9300,1114.8785791922285
2,9350,1114.8785791922285
2,9400,1114.8785791922285
2,9450,1114.8785791922285
2,9500,1114.8785791922285
2,9550,1114.8785791922285
2,9600,1114.8785791922285
2,9650,1114.8785791922285
2,9700,1114.8785791922285
2,9750,1114.8785791922285
2,9800,1114.8785791922285
2,9850,1114.8785791922285
2,9900,1114.8785791922285
2,9950,1114.8785791922285
2,10000,1114.8785791922285
2,10050,1114.8785791922285
2,10100,1114.8785791922285
2,10150,1114.8785791922285
2,10200,1114.8785791922285
2,10250,1114.8785791922285
2,10300,1114.8785791922285
2,10350,1114.8785791922285
2,10400,1114.8785791922285
2,10450,1114.8785791922285
2,10500,1114.8785791922285
2,10550,1114.8785791922285
2,10600,1114.8785791922285
2,10650,1114.8785791922285
2,10700,1114.8785791922285
2,10750,1114.8785791922285
2,10800,1114.8785791922285
2,10850,1114.8785791922285
2,10900,1114.8785791922285
2,10950,1114.8785791922285
2,11000,1114.8785791922285
2,11050,1114.8785791922285
2,11100,1099.9198627564078
2,11150,1099.9198627564078
2,11200,1099.9198627564078
2,11250,1099.9198627564078
2,11300,1099.9198627564078
2,11350,1099.9198627564078
2,11400,1099.9198627564078
2,11450,1099.9198627564078
2,11500,1099.9198627564078
2,11550,1099.9198627564078
2,11600,1099.9198627564078
2,11650,1099.9198627564078
2,11700,1099.9198627564078
2,11750,1099.9198627564078
2,11800,1099.9198627564078
2,11850,1099.9198627564078
2,11900,1099.9198627564078
2,11950,1099.9198627564078
2,12000,1099.9198627564078
2,12050,1099.9198627564078
2,12100,1099.9198627564078
2,12150,1099.9198627564078
2,12200,1099.9198627564078
2,12250,1099.9198627564078
2,12300,1099.9198627564078
2,12350,1099.9198627564078
2,12400,1099.9198627564078
2,12450,1099.9198627564078
2,12500,1099.9198627564078
2,12550,1099.9198627564078
2,12600,1099.9198627564078
2,12650,1099.9198627564078
2,12700,1099.9198627564078
2,12750,1099.9198627564078
2,12800,1099.9198627564078
2,12850,1099.9198627564078
2,12900,1099.9198627564078
2,12950,1099.9198627564078
2,13000,1099.9198627564078
2,13050,1099.9198627564078
2,13100,1099.9198627564078
2,13150,1099.9198627564078
2,13200,1099.9198627564078
2,13250,1099.9198627564078
2,13300,1099.9198627564078
2,13350,1099.9198627564078
2,13400,1099.9198627564078
2,13450,1099.9198627564078
2,13500,1099.9198627564078
2,13550,1099.9198627564078
2,13600,1099.9198627564078
2,13650,1099.9198627564078
2,13700,1099.9198627564078
2,13750,1099.9198627564078
2,13800,1099.9198627564078
2,13850,1099.9198627564078
2,13900,1099.9198627564078
2,13950,1099.9198627564078
2,14000,1099.9198627564078
2,14050,1099.9198627564078
2,14100,1099.9198627564078
2,14150,1099.9198627564078
2,14200,1099.9198627564078
2,14250,1099.9198627564078
2,14300,1099.9198627564078
2,14350,1099.9198627564078
2,14400,1099.9198627564078
2,14450,1099.9198627564078
2,14500,1099.9198627564078
2,14550,1099.9198627564078
2,14600,1099.9198627564078
2,14650,1099.9198627564078
2,14700,1099.9198627564078
2,14750,1099.9198627564078
2,14800,1099.9198627564078
2,14850,1099.9198627564078
2,14900,1099.9198627564078
2,14950,1099.9198627564078
2,15000,1099.9198627564078
2,15050,1099.9198627564078
2,15100,1099.9198627564078
2,15150,1099.9198627564078
2,15200,1099.9198627564078
2,15250,1099.9198627564078
2,15300,1099.9198627564078
2,15350,1099.9198627564078
2,15400,1099.9198627564078
2,15450,1099.9198627564078
2,15500,1099.9198627564078
2,15550,1099.9198627564078
2,15600,1099.9198627564078
2,15650,1099.9198627564078
2,15700,1099.9198627564078
2,15750,1099.9198627564078
2,15800,1099.9198627564078
2,15850,1099.9198627564078
2,15900,1099.9198627564078
2,15950,1099.9198627564078
2,16000,1099.9198627564078
2,16050,1099.9198627564078
2,16100,1099.9198627564078
2,16150,1099.9198627564078
2,16200,1099.9198627564078
2,16250,1099.9198627564078
2,16300,1099.9198627564078
2,16350,1099.9198627564078
2,16400,1099.9198627564078
2,16450,1099.9198627564078
2,16500,1099.9198627564078
2,16550,1099.9198627564078
2,16600,1099.9198627564078
2,16650,1099.9198627564078
2,16700,1099.9198627564078
2,16750,1099.9198627564078
2,16800,1099.9198627564078
2,16850,1099.9198627564078
2,16900,1099.9198627564078
2,16950,1099.9198627564078
2,17000,1099.9198627564078
2,17050,1099.9198627564078
2,17100,1099.9198627564078
2,17150,1099.9198627564078
2,17200,1099.9198627564078
2,17250,1099.9198627564078
2,17300,1099.9198627564078
2,17350,1099.9198627564078
2,17400,1099.9198627564078
2,17450,1099.9198627564078
2,17500,1099.9198627564078
2,17550,1099.9198627564078
2,17600,1099.9198627564078
2,17650,1099.9198627564078
2,17700,1099.9198627564078
2,17750,1099.9198627564078
2,17800,1099.9198627564078
2,17850,1099.9198627564078
2,17900,1099.9198627564078
2,17950,1099.9198627564078
2,18000,1099.9198627564078
2,18050,1099.9198627564078
2,18100,1099.9198627564078
2,18150,1099.9198627564078
2,18200,1099.9198627564078
2,18250,1099.9198627564078
2,18300,1099.9198627564078
2,18350,1099.9198627564078
2,18400,1099.9198627564078
2,18450,1099.9198627564078
2,18500,1099.9198627564078
2,18550,1099.9198627564078
2,18600,1099.9198627564078
2,18650,1099.9198627564078
2,18700,1099.9198627564078
2,18750,1099.9198627564078
2,18800,1099.9198627564078
2,18850,1099.9198627564078
2,18900,1099.9198627564078
2,18950,1099.9198627564078
2,19000,1099.9198627564078
2,19050,1099.9198627564078
2,19100,1099.9198627564078
2,19150,1099.9198627564078
2,19200,1099.9198627564078
2,19250,1099.9198627564078
2,19300,1099.9198627564078
2,19350,1099.9198627564078
2,19400,1099.9198627564078
2,19450,1099.9198627564078
2,19500,1099.9198627564078
2,19550,1099.9198627564078
2,19600,1099.9198627564078
2,19650,1099.9198627564078
2,19700,1099.9198627564078
2,19750,1099.9198627564078
2,19800,1099.9198627564078
2,19850,1099.9198627564078
2,19900,1099.9198627564078
2,19950,1099.9198627564078
2,20000,1099.9198627564078
2,20050,1099.9198627564078
2,20100,1099.9198627564078
2,20150,1099.9198627564078
2,20200,1099.9198627564078
2,20250,1099.9198627564078
2,20300,1099.9198627564078
2,20350,1099.9198627564078
2,20400,1099.9198627564078
2,20450,1099.9198627564078
2,20500,1099.9198627564078
2,20550,1099.9198627564078
2,20600,1099.9198627564078
2,20650,1099.9198627564078
2,20700,1099.9198627564078
2,20750,1099.9198627564078
2,20800,1099.9198627564078
2,20850,1099.9198627564078
2,20900,1099.9198627564078
2,20950,1099.9198627564078
2,21000,1099.9198627564078
2,21050,1099.9198627564078
2,21100,1099.9198627564078
2,21150,1099.9198627564078
2,21200,1099.9198627564078
2,21250,1099.9198627564078
2,21300,1099.9198627564078
2,21350,1099.9198627564078
2,21400,1099.9198627564078
2,21450,1099.9198627564078
2,21500,1099.9198627564078
2,21550,1099.9198627564078
2,21600,1099.9198627564078
2,21650,1099.9198627564078
2,21700,1099.9198627564078
2,21750,1099.9198627564078
2,21800,1099.9198627564078
2,21850,1099.9198627564078
2,21900,1099.9198627564078
2,21950,1099.9198627564078
2,22000,1099.9198627564078
2,22050,1099.9198627564078
2,22100,1099.9198627564078
2,22150,1099.9198627564078
2,22200,1099.9198627564078
2,22250,1099.9198627564078
2,22300,1099.9198627564078
2,22350,1099.9198627564078
2,22400,1099.9198627564078
2,22450,1099.9198627564078
2,22500,1099.9198627564078
2,22550,1099.9198627564078
2,22600,1099.9198627564078
2,22650,1099.9198627564078
2,22700,1099.9198627564078
2,22750,1099.9198627564078
2,22800,1099.9198627564078
2,22850,1099.9198627564078
2,22900,1099.9198627564078
2,22950,1099.9198627564078
2,23000,1099.9198627564078
2,23050,1099.9198627564078
2,23100,1099.9198627564078
2,23150,1099.9198627564078
2,23200,1099.9198627564078
2,23250,1099.9198627564078
2,23300,1099.9198627564078
2,23350,1099.9198627564078
2,23400,1099.9198627564078
2,23450,1099.9198627564078
2,23500,1099.9198627564078
2,23550,1099.9198627564078
2,23600,1099.9198627564078
2,23650,1099.9198627564078
2,23700,1099.9198627564078
2,23750,1099.9198627564078
2,23800,1098.9131030857332
2,23850,1098.9131030857332
2,23900,1098.9131030857332
2,23950,1098.9131030857332
2,24000,1098.9131030857332
2,24050,1098.9131030857332
2,24100,1098.9131030857332
2,24150,1098.9131030857332
2,24200,1098.9131030857332
2,24250,1098.9131030857332
2,24300,1098.9131030857332
2,24350,1098.9131030857332
2,24400,1098.9131030857332
2,24450,1098.9131030857332
2,24500,1098.9131030857332
2,24550,1098.9131030857332
2,24600,1098.9131030857332
2,24650,1098.9131030857332
2,24700,1098.9131030857332
2,24750,1098.9131030857332
2,24800,1098.9131030857332
2,24850,1098.9131030857332
2,24900,1098.9131030857332
2,24950,1098.9131030857332
2,25000,1098.9131030857332
2,25050,1098.9131030857332
2,25100,1098.9131030857332
2,25150,1098.9131030857332
2,25200,1098.9131030857332
2,25250,1098.9131030857332
2,25300,1098.9131030857332
2,25350,1098.9131030857332
2,25400,1098.9131030857332
2,25450,1098.9131030857332
2,25500,1098.9131030857332
2,25550,1098.9131030857332
2,25600,1098.9131030857332
2,25650,1098.9131030857332
2,25700,1098.9131030857332
2,25750,1098.9131030857332
2,25800,1098.9131030857332
2,25850,1098.9131030857332
2,25900,1098.9131030857332
2,25950,1098.9131030857332
2,26000,1098.9131030857332
2,26050,1098.9131030857332
2,26100,1098.9131030857332
2,26150,1098.9131030857332
2,26200,1098.9131030857332
2,26250,1098.9131030857332
2,26300,1098.9131030857332
2,26350,1098.9131030857332
2,26400,1098.9131030857332
2,26450,1098.9131030857332
2,26500,1098.9131030857332
2,26550,1098.9131030857332
2,26600,1098.9131030857332
2,26650,1098.9131030857332
2,26700,1098.9131030857332
2,26750,1098.9131030857332
2,26800,1098.9131030857332
2,26850,1098.9131030857332
2,26900,1098.9131030857332
2,26950,1098.9131030857332
2,27000,1098.9131030857332
2,27050,1098.9131030857332
2,27100,1098.9131030857332
2,27150,1098.9131030857332
2,27200,1098.9131030857332
2,27250,1098.9131030857332
2,27300,1098.9131030857332
2,27350,1098.9131030857332
2,27400,1098.9131030857332
2,27450,1098.9131030857332
2,27500,1098.9131030857332
2,27550,1098.9131030857332
2,27600,1098.9131030857332
2,27650,1098.9131030857332
2,27700,1098.9131030857332
2,27750,1098.9131030857332
2,27800,1098.9131030857332
2,27850,1098.9131030857332
2,27900,1098.9131030857332
2,27950,1098.9131030857332
2,28000,1098.9131030857332
2,28050,1098.9131030857332
2,28100,1098.9131030857332
2,28150,1098.9131030857332
2,28200,1098.9131030857332
2,28250,1098.9131030857332
2,28300,1098.9131030857332
2,28350,1098.9131030857332
2,28400,1098.9131030857332
2,28450,1098.9131030857332
2,28500,1098.9131030857332
2,28550,1098.9131030857332
2,28600,1098.9131030857332
2,28650,1098.9131030857332
2,28700,1098.9131030857332
2,28750,1098.9131030857332
2,28800,1098.9131030857332
2,28850,1098.9131030857332
2,28900,1098.9131030857332
2,28950,1098.9131030857332
2,29000,1098.9131030857332
2,29050,1098.9131030857332
2,29100,1098.9131030857332
2,29150,1098.9131030857332
2,29200,1098.9131030857332
2,29250,1098.9131030857332
2,29300,1098.9131030857332
2,29350,1098.9131030857332
2,29400,1098.9131030857332
2,29450,1098.9131030857332
2,29500,1098.9131030857332
2,29550,1098.9131030857332
2,29600,1098.9131030857332
2,29650,1098.9131030857332
2,29700,1098.9131030857332
2,29750,1098.9131030857332
2,29800,1098.9131030857332
2,29850,1098.9131030857332
2,29900,1098.9131030857332
2,29950,1098.9131030857332
2,30000,1098.9131030857332
2,30050,1098.9131030857332
2,30100,1098.9131030857332
2,30150,1098.9131030857332
2,30200,1098.9131030857332
2,30250,1098.9131030857332
2,30300,1098.9131030857332
2,30350,1098.9131030857332
2,30400,1098.9131030857332
2,30450,1098.9131030857332
2,30500,1098.9131030857332
2,30550,1098.9131030857332
2,30600,1098.9131030857332
2,30650,1098.9131030857332
2,30700,1098.9131030857332
2,30750,1098.9131030857332
2,30800,1098.9131030857332
2,30850,1098.9131030857332
2,30900,1098.9131030857332
2,30950,1098.9131030857332
2,31000,1098.9131030857332
2,31050,1098.9131030857332
2,31100,1098.9131030857332
2,31150,1098.9131030857332
2,31200,1098.9131030857332
2,31250,1098.9131030857332
2,31300,1098.9131030857332
2,31350,1098.9131030857332
2,31400,1098.9131030857332
2,31450,1098.9131030857332
2,31500,1098.9131030857332
2,31550,1098.9131030857332
2,31600,1098.9131030857332
2,31650,1098.9131030857332
2,31700,1098.9131030857332
2,31750,1098.9131030857332
2,31800,1098.9131030857332
2,31850,1098.9131030857332
2,31900,1098.9131030857332
2,31950,1098.9131030857332
2,32000,1098.9131030857332
2,32050,1098.9131030857332
2,32100,1098.9131030857332
2,32150,1098.9131030857332
2,32200,1098.9131030857332
2,32250,1098.9131030857332
2,32300,1098.9131030857332
2,32350,1098.9131030857332
2,32400,1098.9131030857332
2,32450,1098.9131030857332
2,32500,1098.9131030857332
2,32550,1098.9131030857332
2,32600,1098.9131030857332
2,32650,1098.9131030857332
2,32700,1098.9131030857332
2,32750,1098.9131030857332
2,32800,1098.9131030857332
2,32850,1098.9131030857332
2,32900,1098.9131030857332
2,32950,1098.9131030857332
2,33000,1098.9131030857332
2,33050,1098.9131030857332
2,33100,1098.9131030857332
2,33150,1098.9131030857332
2,33200,1098.9131030857332
2,33250,1098.9131030857332
2,33300,1098.9131030857332
2,33350,1098.9131030857332
2,33400,1098.9131030857332
2,33450,1098.9131030857332
2,33500,1098.9131030857332
2,33550,1098.9131030857332
2,33600,1098.9131030857332
2,33650,1098.9131030857332
2,33700,1098.9131030857332
2,33750,1098.9131030857332
2,33800,1098.9131030857332
2,33850,1098.9131030857332
2,33900,1098.9131030857332
2,33950,1098.9131030857332
2,34000,1098.9131030857332
2,34050,1098.9131030857332
2,34100,1098.9131030857332
2,34150,1098.9131030857332
2,34200,1098.9131030857332
2,34250,1098.9131030857332
2,34300,1098.9131030857332
2,34350,1098.9131030857332
2,34400,1098.9131030857332
2,34450,1098.9131030857332
2,34500,1098.9131030857332
2,34550,1098.9131030857332
2,34600,1098.9131030857332
2,34650,1098.9131030857332
2,34700,1098.9131030857332
2,34750,1098.9131030857332
2,34800,1098.9131030857332
2,34850,1098.9131030857332
2,34900,1098.9131030857332
2,34950,1098.9131030857332
2,35000,1098.9131030857332
2,35050,1098.9131030857332
2,35100,1098.9131030857332
2,35150,1098.9131030857332
2,35200,1098.9131030857332
2,35250,1098.9131030857332
2,35300,1098.9131030857332
2,35350,1098.9131030857332
2,35400,1098.9131030857332
2,35450,1098.9131030857332
2,35500,1098.9131030857332
2,35550,1098.9131030857332
2,35600,1098.9131030857332
2,35650,1098.9131030857332
2,35700,1098.9131030857332
2,35750,1098.9131030857332
2,35800,1098.9131030857332
2,35850,1098.9131030857332
2,35900,1098.9131030857332
2,35950,1098.9131030857332
2,36000,1098.9131030857332
2,36050,1098.9131030857332
2,36100,1098.9131030857332
2,36150,1098.9131030857332
2,36200,1098.9131030857332
2,36250,1098.9131030857332
2,36300,1098.9131030857332
2,36350,1098.9131030857332
2,36400,1098.9131030857332
2,36450,1098.9131030857332
2,36500,1098.9131030857332
2,36550,1098.9131030857332
2,36600,1098.9131030857332
2,36650,1098.9131030857332
2,36700,1098.9131030857332
2,36750,1098.9131030857332
2,36800,1098.9131030857332
2,36850,1098.9131030857332
2,36900,1098.9131030857332
2,36950,1098.9131030857332
2,37000,1098.9131030857332
2,37050,1098.9131030857332
2,37100,1098.9131030857332
2,37150,1098.9131030857332
2,37200,1098.9131030857332
2,37250,1098.9131030857332
2,37300,1098.9131030857332
2,37350,1098.9131030857332
2,37400,1098.9131030857332
2,37450,1098.9131030857332
2,37500,1098.9131030857332
2,37550,1098.9131030857332
2,37600,1098.9131030857332
2,37650,1098.9131030857332
2,37700,1098.9131030857332
2,37750,1098.9131030857332
2,37800,1098.9131030857332
2,37850,1098.9131030857332
2,37900,1098.9131030857332
2,37950,1098.9131030857332
2,38000,1098.9131030857332
2,38050,1098.9131030857332
2,38100,1098.9131030857332
2,38150,1098.9131030857332
2,38200,1098.9131030857332
2,38250,1098.9131030857332
2,38300,1098.9131030857332
2,38350,1098.9131030857332
2,38400,1098.9131030857332
2,38450,1098.9131030857332
2,38500,1098.9131030857332
2,38550,1098.9131030857332
2,38600,1098.9131030857332
2,38650,1098.9131030857332
2,38700,1098.9131030857332
2,38750,1098.9131030857332
2,38800,1098.9131030857332
2,38850,1098.9131030857332
2,38900,1098.9131030857332
2,38950,1098.9131030857332
2,39000,1098.9131030857332
2,39050,1098.9131030857332
2,39100,1098.9131030857332
2,39150,1098.9131030857332
2,39200,1098.9131030857332
2,39250,1098.9131030857332
2,39300,1098.9131030857332
2,39350,1098.9131030857332
2,39400,1098.9131030857332
2,39450,1098.9131030857332
2,39500,1098.9131030857332
2,39550,1098.9131030857332
2,39600,1098.9131030857332
2,39650,1098.9131030857332
2,39700,1098.9131030857332
2,39750,1098.9131030857332
2,39800,1098.9131030857332
2,39850,1098.9131030857332
2,39900,1098.9131030857332
2,39950,1098.9131030857332
2,40000,1098.9131030857332
2,40050,1098.9131030857332
2,40100,1098.9131030857332
2,40150,1098.9131030857332
2,40200,1098.9131030857332
2,40250,1098.9131030857332
2,40300,1098.9131030857332
2,40350,1098.9131030857332
2,40400,1098.9131030857332
2,40450,1098.9131030857332
2,40500,1098.9131030857332
2,40550,1098.9131030857332
2,40600,1098.9131030857332
2,40650,1098.9131030857332
2,40700,1098.9131030857332
2,40750,1098.9131030857332
2,40800,1098.9131030857332
2,40850,1098.9131030857332
2,40900,1098.9131030857332
2,40950,1098.9131030857332
2,41000,1098.9131030857332
2,41050,1098.9131030857332
2,41100,1098.9131030857332
2,41150,1098.9131030857332
2,41200,1098.9131030857332
2,41250,1098.9131030857332
2,41300,1098.9131030857332
2,41350,1098.9131030857332
2,41400,1098.9131030857332
2,41450,1098.9131030857332
2,41500,1098.9131030857332
2,41550,1098.9131030857332
2,41600,1098.9131030857332
2,41650,1098.9131030857332
2,41700,1098.9131030857332
2,41750,1098.9131030857332
2,41800,1098.9131030857332
2,41850,1098.9131030857332
2,41900,1098.9131030857332
2,41950,1098.9131030857332
2,42000,1098.9131030857332
2,42050,1098.9131030857332
2,42100,1098.9131030857332
2,42150,1098.9131030857332
2,42200,1098.9131030857332
2,42250,1098.9131030857332
2,42300,1098.9131030857332
2,42350,1098.9131030857332
2,42400,1098.9131030857332
2,42450,1098.9131030857332
2,42500,1098.9131030857332
2,42550,1098.9131030857332
2,42600,1098.9131030857332
2,42650,1098.9131030857332
2,42700,1098.9131030857332
2,42750,1098.9131030857332
2,42800,1098.9131030857332
2,42850,1098.9131030857332
2,42900,1098.9131030857332
2,42950,1098.9131030857332
2,43000,1098.9131030857332
2,43050,1098.9131030857332
2,43100,1098.9131030857332
2,43150,1098.9131030857332
2,43200,1098.9131030857332
2,43250,1098.9131030857332
2,43300,1098.9131030857332
2,43350,1098.9131030857332
2,43400,1098.9131030857332
2,43450,1098.9131030857332
2,43500,1098.9131030857332
2,43550,1098.9131030857332
2,43600,1098.9131030857332
2,43650,1098.9131030857332
2,43700,1098.9131030857332
2,43750,1098.9131030857332
2,43800,1098.9131030857332
2,43850,1098.9131030857332
2,43900,1098.9131030857332
2,43950,1098.9131030857332
2,44000,1098.9131030857332
2,44050,1098.9131030857332
2,44100,1098.9131030857332
2,44150,1098.9131030857332
2,44200,1098.9131030857332
2,44250,1098.9131030857332
2,44300,1098.9131030857332
2,44350,1098.9131030857332
2,44400,1098.9131030857332
2,44450,1098.9131030857332
2,44500,1098.9131030857332
2,44550,1098.9131030857332
2,44600,1098.9131030857332
2,44650,1098.9131030857332
2,44700,1098.9131030857332
2,44750,1098.9131030857332
2,44800,1098.9131030857332
2,44850,1098.9131030857332
2,44900,1098.9131030857332
2,44950,1098.9131030857332
2,45000,1098.9131030857332
2,45050,1098.9131030857332
2,45100,1098.9131030857332
2,45150,1098.9131030857332
2,45200,1098.9131030857332
2,45250,1098.9131030857332
2,45300,1098.9131030857332
2,45350,1098.9131030857332
2,45400,1098.9131030857332
2,45450,1098.9131030857332
2,45500,1098.9131030857332
2,45550,1098.9131030857332
2,45600,1098.9131030857332
2,45650,1098.9131030857332
2,45700,1098.9131030857332
2,45750,1098.9131030857332
2,45800,1098.9131030857332
2,45850,1098.9131030857332
2,45900,1098.9131030857332
2,45950,1098.9131030857332
2,46000,1098.9131030857332
2,46050,1098.9131030857332
2,46100,1098.9131030857332
2,46150,1098.9131030857332
2,46200,1098.9131030857332
2,46250,1098.9131030857332
2,46300,1098.9131030857332
2,46350,1098.9131030857332
2,46400,1098.9131030857332
2,46450,1098.9131030857332
2,46500,1098.9131030857332
2,46550,1098.9131030857332
2,46600,1098.9131030857332
2,46650,1098.9131030857332
2,46700,1098.9131030857332
2,46750,1098.9131030857332
2,46800,1098.9131030857332
2,46850,1098.9131030857332
2,46900,1098.9131030857332
2,46950,1098.9131030857332
2,47000,1098.9131030857332
2,47050,1098.9131030857332
2,47100,1098.9131030857332
2,47150,1098.9131030857332
2,47200,1098.9131030857332
2,47250,1098.9131030857332
2,47300,1098.9131030857332
2,47350,1098.9131030857332
2,47400,1098.9131030857332
2,47450,1098.9131030857332
2,47500,1098.9131030857332
2,47550,1098.9131030857332
2,47600,1098.9131030857332
2,47650,1098.9131030857332
2,47700,1098.9131030857332
2,47750,1098.9131030857332
2,47800,1098.9131030857332
2,47850,1098.9131030857332
2,47900,1098.9131030857332
2,47950,1098.9131030857332
2,48000,1098.9131030857332
2,48050,1098.9131030857332
2,48100,1098.9131030857332
2,48150,1098.9131030857332
2,48200,1098.9131030857332
2,48250,1098.9131030857332
2,48300,1098.9131030857332
2,48350,1098.9131030857332
2,48400,1098.9131030857332
2,48450,1098.9131030857332
2,48500,1098.9131030857332
2,48550,1098.9131030857332
2,48600,1098.9131030857332
2,48650,1098.9131030857332
2,48700,1098.9131030857332
2,48750,1098.9131030857332
2,48800,1098.9131030857332
2,48850,1098.9131030857332
2,48900,1098.9131030857332
2,48950,1098.9131030857332
2,49000,1098.9131030857332
2,49050,1098.9131030857332
2,49100,1098.9131030857332
2,49150,1098.9131030857332
2,49200,1098.9131030857332
2,49250,1098.9131030857332
2,49300,1098.9131030857332
2,49350,1098.9131030857332
2,49400,1098.9131030857332
2,49450,1098.9131030857332
2,49500,1098.9131030857332
2,49550,1098.9131030857332
2,49600,1098.9131030857332
2,49650,1098.9131030857332
2,49700,1098.9131030857332
2,49750,1098.9131030857332
2,49800,1098.9131030857332
2,49850,1098.9131030857332
2,49900,1098.9131030857332
2,49950,1098.9131030857332
2,50000,1098.9131030857332
3,50,1389.4748558757067
3,100,1350.5962344742795
3,150,1350.5962344742795
3,200,1350.5962344742795
3,250,1350.5962344742795
3,300,1296.85698553382
3,350,1296.85698553382
3,400,1296.85698553382
3,450,1296.85698553382
3,500,1296.85698553382
3,550,1252.120941526192
3,600,1252.120941526192
3,650,1214.7497210780207
3,700,1214.7497210780207
3,750,1214.2259195642062
3,800,1214.2259195642062
3,850,1214.2259195642062
3,900,1214.2259195642062
3,950,1214.2259195642062
3,1000,1214.2259195642062
3,1050,1214.2259195642062
3,1100,1214.2259195642062
3,1150,1171.8658967501954
3,1200,1157.6275805668486
3,1250,1157.6275805668486
3,1300,1157.6275805668486
3,1350,1153.9810052489474
3,1400,1141.354668479591
3,1450,1141.354668479591
3,1500,1141.354668479591
3,1550,1141.354668479591
3,1600,1141.354668479591
3,1650,1141.354668479591
3,1700,1141.354668479591
3,1750,1141.354668479591
3,1800,1141.354668479591
3,1850,1141.354668479591
3,1900,1141.354668479591
3,1950,1141.354668479591
3,2000,1141.354668479591
3,2050,1141.354668479591
3,2100,1141.354668479591
3,2150,1141.354668479591
3,2200,1141.354668479591
3,2250,1141.354668479591
3,2300,1141.354668479591
3,2350,1141.354668479591
3,2400,1105.2976319687377
3,2450,1105.2976319687377
3,2500,1105.2976319687377
3,2550,1105.2976319687377
3,2600,1105.2976319687377
3,2650,1105.2976319687377
3,2700,1105.2976319687377
3,2750,1105.2976319687377
3,2800,1105.2976319687377
3,2850,1105.2976319687377
3,2900,1105.2976319687377
3,2950,1105.2976319687377
3,3000,1105.2976319687377
3,3050,1105.2976319687377
3,3100,1105.2976319687377
3,3150,1105.2976319687377
3,3200,1105.2976319687377
3,3250,1105.2976319687377
3,3300,1105.2976319687377
3,3350,1105.2976319687377
3,3400,1105.2976319687377
3,3450,1105.2976319687377
3,3500,1105.2976319687377
3,3550,1105.2976319687377
3,3600,1105.2976319687377
3,3650,1105.2976319687377
3,3700,1105.2976319687377
3,3750,1105.2976319687377
3,3800,1105.2976319687377
3,3850,1105.2976319687377
3,3900,1105.2976319687377
3,3950,1105.2976319687377
3,4000,1105.2976319687377
3,4050,1105.2976319687377
3,4100,1105.2976319687377
3,4150,1105.2976319687377
3,4200,1105.2976319687377
3,4250,1105.2976319687377
3,4300,1105.2976319687377
3,4350,1105.2976319687377
3,4400,1105.2976319687377
3,4450,1105.2976319687377
3,4500,1105.2976319687377
3,4550,1105.2976319687377
3,4600,1105.2976319687377
3,4650,1105.2976319687377
3,4700,1105.2976319687377
3,4750,1105.2976319687377
3,4800,1105.2976319687377
3,4850,1105.2976319687377
3,4900,1105.2976319687377
3,4950,1105.2976319687377
3,5000,1105.2976319687377
3,5050,1105.2976319687377
3,5100,1105.2976319687377
3,5150,1105.2976319687377
3,5200,1105.2976319687377
3,5250,1105.2976319687377
3,5300,1105.2976319687377
3,5350,1105.2976319687377
3,5400,1105.2976319687377
3,5450,1105.2976319687377
3,5500,1105.2976319687377
3,5550,1105.2976319687377
3,5600,1105.2976319687377
3,5650,1105.2976319687377
3,5700,1105.2976319687377
3,5750,1105.2976319687377
3,5800,1105.2976319687377
3,5850,1105.2976319687377
3,5900,1105.2976319687377
3,5950,1105.2976319687377
3,6000,1105.2976319687377
3,6050,1105.2976319687377
3,6100,1105.2976319687377
3,6150,1105.2976319687377
3,6200,1105.2976319687377
3,6250,1105.2976319687377
3,6300,1105.2976319687377
3,6350,1105.2976319687377
3,6400,1105.2976319687377
3,6450,1105.2976319687377
3,6500,1105.2976319687377
3,6550,1105.2976319687377
3,6600,1105.2976319687377
3,6650,1105.2976319687377
3,6700,1105.2976319687377
3,6750,1105.2976319687377
3,6800,1105.2976319687377
3,6850,1105.2976319687377
3,6900,1105.2976319687377
3,6950,1105.2976319687377
3,7000,1105.2976319687377
3,7050,1105.2976319687377
3,7100,1105.2976319687377
3,7150,1105.2976319687377
3,7200,1105.2976319687377
3,7250,1105.2976319687377
3,7300,1105.2976319687377
3,7350,1105.2976319687377
3,7400,1105.2976319687377
3,7450,1105.2976319687377
3,7500,1105.2976319687377
3,7550,1105.2976319687377
3,7600,1105.2976319687377
3,7650,1105.2976319687377
3,7700,1105.2976319687377
3,7750,1105.2976319687377
3,7800,1105.2976319687377
3,7850,1105.2976319687377
3,7900,1105.2976319687377
3,7950,1105.2976319687377
3,8000,1105.2976319687377
3,8050,1105.2976319687377
3,8100,1105.2976319687377
3,8150,1105.2976319687377
3,8200,1105.2976319687377
3,8250,1105.2976319687377
3,8300,1105.2976319687377
3,8350,1105.2976319687377
3,8400,1105.2976319687377
3,8450,1105.2976319687377
3,8500,1105.2976319687377
3,8550,1105.2976319687377
3,8600,1105.2976319687377
3,8650,1105.2976319687377
3,8700,1105.2976319687377
3,8750,1105.2976319687377
3,8800,1105.2976319687377
3,8850,1105.2976319687377
3,8900,1105.2976319687377
3,8950,1105.2976319687377
3,9000,1105.2976319687377
3,9050,1105.2976319687377
3,9100,1105.2976319687377
3,9150,1105.2976319687377
3,9200,1105.2976319687377
3,9250,1105.2976319687377
3,9300,1105.2976319687377
3,9350,1105.2976319687377
3,9400,1105.2976319687377
3,9450,1105.2976319687377
3,9500,1105.2976319687377
3,9550,1105.2976319687377
3,9600,1105.2976319687377
3,9650,1105.2976319687377
3,9700,1105.2976319687377
3,9750,1105.2976319687377
3,9800,1105.2976319687377
3,9850,1105.2976319687377
3,9900,1105.2976319687377
3,9950,1105.2976319687377
3,10000,1105.2976319687377
3,10050,1105.2976319687377
3,10100,1105.2976319687377
3,10150,1105.2976319687377
3,10200,1105.2976319687377
3,10250,1105.2976319687377
3,10300,1105.2976319687377
3,10350,1105.2976319687377
3,10400,1105.2976319687377
3,10450,1105.2976319687377
3,10500,1105.2976319687377
3,10550,1105.2976319687377
3,10600,1105.2976319687377
3,10650,1105.2976319687377
3,10700,1105.2976319687377
3,10750,1105.2976319687377
3,10800,1105.2976319687377
3,10850,1105.2976319687377
3,10900,1105.2976319687377
3,10950,1105.2976319687377
3,11000,1105.2976319687377
3,11050,1105.2976319687377
3,11100,1105.2976319687377
3,11150,1105.2976319687377
3,11200,1105.2976319687377
3,11250,1105.2976319687377
3,11300,1105.2976319687377
3,11350,1105.2976319687377
3,11400,1105.2976319687377
3,11450,1105.2976319687377
3,11500,1105.2976319687377
3,11550,1105.2976319687377
3,11600,1105.2976319687377
3,11650,1105.2976319687377
3,11700,1105.2976319687377
3,11750,1105.2976319687377
3,11800,1105.2976319687377
3,11850,1105.2976319687377
3,11900,1105.2976319687377
3,11950,1105.2976319687377
3,12000,1105.2976319687377
3,12050,1105.2976319687377
3,12100,1105.2976319687377
3,12150,1105.2976319687377
3,12200,1105.2976319687377
3,12250,1105.2976319687377
3,12300,1105.2976319687377
3,12350,1105.2976319687377
3,12400,1105.2976319687377
3,12450,1105.2976319687377
3,12500,1105.2976319687377
3,12550,1105.2976319687377
3,12600,1105.2976319687377
3,12650,1105.2976319687377
3,12700,1105.2976319687377
3,12750,1105.2976319687377
3,12800,1105.2976319687377
3,12850,1105.2976319687377
3,12900,1105.2976319687377
3,12950,1105.2976319687377
3,13000,1105.2976319687377
3,13050,1105.2976319687377
3,13100,1105.2976319687377
3,13150,1105.2976319687377
3,13200,1105.2976319687377
3,13250,1105.2976319687377
3,13300,1105.2976319687377
3,13350,1105.2976319687377
3,13400,1105.2976319687377
3,13450,1105.2976319687377
3,13500,1105.2976319687377
3,13550,1105.2976319687377
3,13600,1105.2976319687377
3,13650,1105.2976319687377
3,13700,1105.2976319687377
3,13750,1105.2976319687377
3,13800,1105.2976319687377
3,13850,1105.2976319687377
3,13900,1105.2976319687377
3,13950,1105.2976319687377
3,14000,1105.2976319687377
3,14050,1105.2976319687377
3,14100,1105.2976319687377
3,14150,1105.2976319687377
3,14200,1105.2976319687377
3,14250,1105.2976319687377
3,14300,1105.2976319687377
3,14350,1105.2976319687377
3,14400,1105.2976319687377
3,14450,1105.2976319687377
3,14500,1105.2976319687377
3,14550,1105.2976319687377
3,14600,1105.2976319687377
3,14650,1105.2976319687377
3,14700,1105.2976319687377
3,14750,1105.2976319687377
3,14800,1105.2976319687377
3,14850,1105.2976319687377
3,14900,1105.2976319687377
3,14950,1105.2976319687377
3,15000,1105.2976319687377
3,15050,1105.2976319687377
3,15100,1105.2976319687377
3,15150,1105.2976319687377
3,15200,1105.2976319687377
3,15250,1105.2976319687377
3,15300,1105.2976319687377
3,15350,1105.2976319687377
3,15400,1105.2976319687377
3,15450,1105.2976319687377
3,15500,1105.2976319687377
3,15550,1105.2976319687377
3,15600,1105.2976319687377
3,15650,1105.2976319687377
3,15700,1105.2976319687377
3,15750,1105.2976319687377
3,15800,1105.2976319687377
3,15850,1105.2976319687377
3,15900,1105.2976319687377
3,15950,1105.2976319687377
3,16000,1105.2976319687377
3,16050,1105.2976319687377
3,16100,1105.2976319687377
3,16150,1105.2976319687377
3,16200,1105.2976319687377
3,16250,1105.2976319687377
3,16300,1105.2976319687377
3,16350,1105.2976319687377
3,16400,1105.2976319687377
3,16450,1105.2976319687377
3,16500,1105.2976319687377
3,16550,1105.2976319687377
3,16600,1105.2976319687377
3,16650,1105.2976319687377
3,16700,1105.2976319687377
3,16750,1105.2976319687377
3,16800,1105.2976319687377
3,16850,1105.2976319687377
3,16900,1105.2976319687377
3,16950,1105.2976319687377
3,17000,1105.2976319687377
3,17050,1105.2976319687377
3,17100,1105.2976319687377
3,17150,1105.2976319687377
3,17200,1105.2976319687377
3,17250,1105.2976319687377
3,17300,1105.2976319687377
3,17350,1105.2976319687377
3,17400,1105.2976319687377
3,17450,1105.2976319687377
3,17500,1105.2976319687377
3,17550,1105.2976319687377
3,17600,1105.2976319687377
3,17650,1105.2976319687377
3,17700,1105.2976319687377
3,17750,1105.2976319687377
3,17800,1105.2976319687377
3,17850,1105.2976319687377
3,17900,1105.2976319687377
3,17950,1105.2976319687377
3,18000,1105.2976319687377
3,18050,1105.2976319687377
3,18100,1105.2976319687377
3,18150,1105.2976319687377
3,18200,1105.2976319687377
3,18250,1105.2976319687377
3,18300,1105.2976319687377
3,18350,1105.2976319687377
3,18400,1105.2976319687377
3,18450,1105.2976319687377
3,18500,1105.2976319687377
3,18550,1105.2976319687377
3,18600,1105.2976319687377
3,18650,1105.2976319687377
3,18700,1105.2976319687377
3,18750,1105.2976319687377
3,18800,1105.2976319687377
3,18850,1105.2976319687377
3,18900,1105.2976319687377
3,18950,1105.2976319687377
3,19000,1105.2976319687377
3,19050,1105.2976319687377
3,19100,1105.2976319687377
3,19150,1105.2976319687377
3,19200,1105.2976319687377
3,19250,1105.2976319687377
3,19300,1105.2976319687377
3,19350,1105.2976319687377
3,19400,1105.2976319687377
3,19450,1105.2976319687377
3,19500,1105.2976319687377
3,19550,1105.2976319687377
3,19600,1105.2976319687377
3,19650,1105.2976319687377
3,19700,1105.2976319687377
3,19750,1105.2976319687377
3,19800,1105.2976319687377
3,19850,1105.2976319687377
3,19900,1105.2976319687377
3,19950,1105.2976319687377
3,20000,1105.2976319687377
3,20050,1105.2976319687377
3,20100,1105.2976319687377
3,20150,1105.2976319687377
3,20200,1105.2976319687377
3,20250,1105.2976319687377
3,20300,1105.2976319687377
3,20350,1105.2976319687377
3,20400,1105.2976319687377
3,20450,1105.2976319687377
3,20500,1105.2976319687377
3,20550,1105.2976319687377
3,20600,1105.2976319687377
3,20650,1105.2976319687377
3,20700,1105.2976319687377
3,20750,1105.2976319687377
3,20800,1105.2976319687377
3,20850,1105.2976319687377
3,20900,1105.2976319687377
3,20950,1105.2976319687377
3,21000,1105.2976319687377
3,21050,1105.2976319687377
3,21100,1105.2976319687377
3,21150,1105.2976319687377
3,21200,1105.2976319687377
3,21250,1105.2976319687377
3,21300,1105.2976319687377
3,21350,1105.2976319687377
3,21400,1105.2976319687377
3,21450,1105.2976319687377
3,21500,1105.2976319687377
3,21550,1105.2976319687377
3,21600,1105.2976319687377
3,21650,1105.2976319687377
3,21700,1105.2976319687377
3,21750,1105.2976319687377
3,21800,1105.2976319687377
3,21850,1105.2976319687377
3,21900,1105.2976319687377
3,21950,1105.2976319687377
3,22000,1105.2976319687377
3,22050,1105.2976319687377
3,22100,1105.2976319687377
3,22150,1105.2976319687377
3,22200,1105.2976319687377
3,22250,1105.2976319687377
3,22300,1105.2976319687377
3,22350,1105.2976319687377
3,22400,1105.2976319687377
3,22450,1105.2976319687377
3,22500,1105.2976319687377
3,22550,1105.2976319687377
3,22600,1105.2976319687377
3,22650,1105.2976319687377
3,22700,1105.2976319687377
3,22750,1105.2976319687377
3,22800,1105.2976319687377
3,22850,1105.2976319687377
3,22900,1105.2976319687377
3,22950,1105.2976319687377
3,23000,1105.2976319687377
3,23050,1105.2976319687377
3,23100,1105.2976319687377
3,23150,1105.2976319687377
3,23200,1105.2976319687377
3,23250,1105.2976319687377
3,23300,1105.2976319687377
3,23350,1105.2976319687377
3,23400,1105.2976319687377
3,23450,1105.2976319687377
3,23500,1105.2976319687377
3,23550,1105.2976319687377
3,23600,1105.2976319687377
3,23650,1105.2976319687377
3,23700,1105.2976319687377
3,23750,1105.2976319687377
3,23800,1105.2976319687377
3,23850,1105.2976319687377
3,23900,1105.2976319687377
3,23950,1105.2976319687377
3,24000,1105.2976319687377
3,24050,1105.2976319687377
3,24100,1105.2976319687377
3,24150,1105.2976319687377
3,24200,1105.2976319687377
3,24250,1105.2976319687377
3,24300,1105.2976319687377
3,24350,1105.2976319687377
3,24400,1105.2976319687377
3,24450,1105.2976319687377
3,24500,1105.2976319687377
3,24550,1105.2976319687377
3,24600,1105.2976319687377
3,24650,1105.2976319687377
3,24700,1105.2976319687377
3,24750,1105.2976319687377
3,24800,1105.2976319687377
3,24850,1105.2976319687377
3,24900,1105.2976319687377
3,24950,1105.2976319687377
3,25000,1105.2976319687377
3,25050,1105.2976319687377
3,25100,1105.2976319687377
3,25150,1105.2976319687377
3,25200,1105.2976319687377
3,25250,1105.2976319687377
3,25300,1105.2976319687377
3,25350,1105.2976319687377
3,25400,1105.2976319687377
3,25450,1105.2976319687377
3,25500,1105.2976319687377
3,25550,1105.2976319687377
3,25600,1105.2976319687377
3,25650,1105.2976319687377
3,25700,1105.2976319687377
3,25750,1105.2976319687377
3,25800,1105.2976319687377
3,25850,1105.2976319687377
3,25900,1105.2976319687377
3,25950,1105.2976319687377
3,26000,1105.2976319687377
3,26050,1105.2976319687377
3,26100,1105.2976319687377
3,26150,1105.2976319687377
3,26200,1105.2976319687377
3,26250,1105.2976319687377
3,26300,1105.2976319687377
3,26350,1105.2976319687377
3,26400,1105.2976319687377
3,26450,1105.2976319687377
3,26500,1105.2976319687377
3,26550,1105.2976319687377
3,26600,1105.2976319687377
3,26650,1105.2976319687377
3,26700,1105.2976319687377
3,26750,1105.2976319687377
3,26800,1105.2976319687377
3,26850,1105.2976319687377
3,26900,1105.2976319687377
3,26950,1105.2976319687377
3,27000,1105.2976319687377
3,27050,1105.2976319687377
3,27100,1105.2976319687377
3,27150,1105.2976319687377
3,27200,1105.2976319687377
3,27250,1105.2976319687377
3,27300,1105.2976319687377
3,27350,1105.2976319687377
3,27400,1105.2976319687377
3,27450,1105.2976319687377
3,27500,1105.2976319687377
3,27550,1105.2976319687377
3,27600,1105.2976319687377
3,27650,1105.2976319687377
3,27700,1105.2976319687377
3,27750,1105.2976319687377
3,27800,1105.2976319687377
3,27850,1105.2976319687377
3,27900,1105.2976319687377
3,27950,1105.2976319687377
3,28000,1105.2976319687377
3,28050,1105.2976319687377
3,28100,1105.2976319687377
3,28150,1105.2976319687377
3,28200,1105.2976319687377
3,28250,1105.2976319687377
3,28300,1105.2976319687377
3,28350,1105.2976319687377
3,28400,1105.2976319687377
3,28450,1105.2976319687377
3,28500,1105.2976319687377
3,28550,1105.2976319687377
3,28600,1105.2976319687377
3,28650,1105.2976319687377
3,28700,1105.2976319687377
3,28750,1105.2976319687377
3,28800,1105.2976319687377
3,28850,1105.2976319687377
3,28900,1105.2976319687377
3,28950,1105.2976319687377
3,29000,1105.2976319687377
3,29050,1105.2976319687377
3,29100,1105.2976319687377
3,29150,1105.2976319687377
3,29200,1105.2976319687377
3,29250,1105.2976319687377
3,29300,1105.2976319687377
3,29350,1105.2976319687377
3,29400,1105.2976319687377
3,29450,1105.2976319687377
3,29500,1105.2976319687377
3,29550,1105.2976319687377
3,29600,1105.2976319687377
3,29650,1105.2976319687377
3,29700,1105.2976319687377
3,29750,1105.2976319687377
3,29800,1105.2976319687377
3,29850,1105.2976319687377
3,29900,1105.2976319687377
3,29950,1105.2976319687377
3,30000,1105.2976319687377
3,30050,1105.2976319687377
3,30100,1105.2976319687377
3,30150,1105.2976319687377
3,30200,1105.2976319687377
3,30250,1105.2976319687377
3,30300,1105.2976319687377
3,30350,1105.2976319687377
3,30400,1105.2976319687377
3,30450,1105.2976319687377
3,30500,1105.2976319687377
3,30550,1105.2976319687377
3,30600,1105.2976319687377
3,30650,1105.2976319687377
3,30700,1105.2976319687377
3,30750,1105.2976319687377
3,30800,1105.2976319687377
3,30850,1105.2976319687377
3,30900,1105.2976319687377
3,30950,1105.2976319687377
3,31000,1105.2976319687377
3,31050,1105.2976319687377
3,31100,1105.2976319687377
3,31150,1105.2976319687377
3,31200,1105.2976319687377
3,31250,1105.2976319687377
3,31300,1105.2976319687377
3,31350,1105.2976319687377
3,31400,1105.2976319687377
3,31450,1105.2976319687377
3,31500,1105.2976319687377
3,31550,1105.2976319687377
3,31600,1105.2976319687377
3,31650,1105.2976319687377
3,31700,1105.2976319687377
3,31750,1105.2976319687377
3,31800,1105.2976319687377
3,31850,1105.2976319687377
3,31900,1105.2976319687377
3,31950,1105.2976319687377
3,32000,1105.2976319687377
3,32050,1105.2976319687377
3,32100,1105.2976319687377
3,32150,1105.2976319687377
3,32200,1105.2976319687377
3,32250,1105.2976319687377
3,32300,1105.2976319687377
3,32350,1105.2976319687377
3,32400,1105.2976319687377
3,32450,1105.2976319687377
3,32500,1105.2976319687377
3,32550,1105.2976319687377
3,32600,1105.2976319687377
3,32650,1105.2976319687377
3,32700,1105.2976319687377
3,32750,1105.2976319687377
3,32800,1105.2976319687377
3,32850,1105.2976319687377
3,32900,1105.2976319687377
3,32950,1105.2976319687377
3,33000,1105.2976319687377
3,33050,1105.2976319687377
3,33100,1105.2976319687377
3,33150,1105.2976319687377
3,33200,1105.2976319687377
3,33250,1105.2976319687377
3,33300,1105.2976319687377
3,33350,1105.2976319687377
3,33400,1105.2976319687377
3,33450,1105.2976319687377
3,33500,1105.2976319687377
3,33550,1105.2976319687377
3,33600,1105.2976319687377
3,33650,1105.2976319687377
3,33700,1105.2976319687377
3,33750,1105.2976319687377
3,33800,1105.2976319687377
3,33850,1105.2976319687377
3,33900,1105.2976319687377
3,33950,1105.2976319687377
3,34000,1105.2976319687377
3,34050,1105.2976319687377
3,34100,1105.2976319687377
3,34150,1105.2976319687377
3,34200,1105.2976319687377
3,34250,1105.2976319687377
3,34300,1105.2976319687377
3,34350,1105.2976319687377
3,34400,1105.2976319687377
3,34450,1105.2976319687377
3,34500,1105.2976319687377
3,34550,1105.2976319687377
3,34600,1105.2976319687377
3,34650,1105.2976319687377
3,34700,1105.2976319687377
3,34750,1105.2976319687377
3,34800,1105.2976319687377
3,34850,1105.2976319687377
3,34900,1105.2976319687377
3,34950,1105.2976319687377
3,35000,1105.2976319687377
3,35050,1105.2976319687377
3,35100,1105.2976319687377
3,35150,1105.2976319687377
3,35200,1105.2976319687377
3,35250,1105.2976319687377
3,35300,1105.2976319687377
3,35350,1105.2976319687377
3,35400,1105.2976319687377
3,35450,1105.2976319687377
3,35500,1105.2976319687377
3,35550,1105.2976319687377
3,35600,1105.2976319687377
3,35650,1105.2976319687377
3,35700,1105.2976319687377
3,35750,1105.2976319687377
3,35800,1105.2976319687377
3,35850,1105.2976319687377
3,35900,1105.2976319687377
3,35950,1105.2976319687377
3,36000,1105.2976319687377
3,36050,1105.2976319687377
3,36100,1105.2976319687377
3,36150,1105.2976319687377
3,36200,1105.2976319687377
3,36250,1105.2976319687377
3,36300,1105.2976319687377
3,36350,1105.2976319687377
3,36400,1105.2976319687377
3,36450,1105.2976319687377
3,36500,1105.2976319687377
3,36550,1105.2976319687377
3,36600,1105.2976319687377
3,36650,1105.2976319687377
3,36700,1105.2976319687377
3,36750,1105.2976319687377
3,36800,1105.2976319687377
3,36850,1105.2976319687377
3,36900,1105.2976319687377
3,36950,1105.2976319687377
3,37000,1105.2976319687377
3,37050,1105.2976319687377
3,37100,1105.2976319687377
3,37150,1105.2976319687377
3,37200,1105.2976319687377
3,37250,1105.2976319687377
3,37300,1105.2976319687377
3,37350,1105.2976319687377
3,37400,1105.2976319687377
3,37450,1105.2976319687377
3,37500,1105.2976319687377
3,37550,1105.2976319687377
3,37600,1105.2976319687377
3,37650,1105.2976319687377
3,37700,1105.2976319687377
3,37750,1105.2976319687377
3,37800,1105.2976319687377
3,37850,1105.2976319687377
3,37900,1105.2976319687377
3,37950,1105.2976319687377
3,38000,1105.2976319687377
3,38050,1105.2976319687377
3,38100,1105.2976319687377
3,38150,1105.2976319687377
3,38200,1105.2976319687377
3,38250,1105.2976319687377
3,38300,1105.2976319687377
3,38350,1105.2976319687377
3,38400,1105.2976319687377
3,38450,1105.2976319687377
3,38500,1105.2976319687377
3,38550,1105.2976319687377
3,38600,1105.2976319687377
3,38650,1105.2976319687377
3,38700,1105.2976319687377
3,38750,1105.2976319687377
3,38800,1105.2976319687377
3,38850,1105.2976319687377
3,38900,1105.2976319687377
3,38950,1105.2976319687377
3,39000,1105.2976319687377
3,39050,1105.2976319687377
3,39100,1105.2976319687377
3,39150,1105.2976319687377
3,39200,1105.2976319687377
3,39250,1105.2976319687377
3,39300,1105.2976319687377
3,39350,1105.2976319687377
3,39400,1105.2976319687377
3,39450,1105.2976319687377
3,39500,1105.2976319687377
3,39550,1105.2976319687377
3,39600,1105.2976319687377
3,39650,1105.2976319687377
3,39700,1105.2976319687377
3,39750,1105.2976319687377
3,39800,1105.2976319687377
3,39850,1105.2976319687377
3,39900,1105.2976319687377
3,39950,1105.2976319687377
3,40000,1105.2976319687377
3,40050,1105.2976319687377
3,40100,1105.2976319687377
3,40150,1105.2976319687377
3,40200,1105.2976319687377
3,40250,1105.2976319687377
3,40300,1105.2976319687377
3,40350,1105.2976319687377
3,40400,1105.2976319687377
3,40450,1105.2976319687377
3,40500,1105.2976319687377
3,40550,1105.2976319687377
3,40600,1105.2976319687377
3,40650,1105.2976319687377
3,40700,1105.2976319687377
3,40750,1105.2976319687377
3,40800,1105.2976319687377
3,40850,1105.2976319687377
3,40900,1105.2976319687377
3,40950,1105.2976319687377
3,41000,1105.2976319687377
3,41050,1105.2976319687377
3,41100,1105.2976319687377
3,41150,1105.2976319687377
3,41200,1105.2976319687377
3,41250,1105.2976319687377
3,41300,1105.2976319687377
3,41350,1105.2976319687377
3,41400,1105.2976319687377
3,41450,1105.2976319687377
3,41500,1105.2976319687377
3,41550,1105.2976319687377
3,41600,1105.2976319687377
3,41650,1105.2976319687377
3,41700,1105.2976319687377
3,41750,1105.2976319687377
3,41800,1105.2976319687377
3,41850,1105.2976319687377
3,41900,1105.2976319687377
3,41950,1105.2976319687377
3,42000,1105.2976319687377
3,42050,1105.2976319687377
3,42100,1105.2976319687377
3,42150,1105.2976319687377
3,42200,1105.2976319687377
3,42250,1105.2976319687377
3,42300,1105.2976319687377
3,42350,1105.2976319687377
3,42400,1105.2976319687377
3,42450,1105.2976319687377
3,42500,1105.2976319687377
3,42550,1105.2976319687377
3,42600,1105.2976319687377
3,42650,1105.2976319687377
3,42700,1105.2976319687377
3,42750,1105.2976319687377
3,42800,1105.2976319687377
3,42850,1105.2976319687377
3,42900,1105.2976319687377
3,42950,1105.2976319687377
3,43000,1105.2976319687377
3,43050,1105.2976319687377
3,43100,1105.2976319687377
3,43150,1105.2976319687377
3,43200,1105.2976319687377
3,43250,1105.2976319687377
3,43300,1105.2976319687377
3,43350,1105.2976319687377
3,43400,1091.7967726621102
3,43450,1091.7967726621102
3,43500,1091.7967726621102
3,43550,1091.7967726621102
3,43600,1091.7967726621102
3,43650,1091.7967726621102
3,43700,1091.7967726621102
3,43750,1091.7967726621102
3,43800,1091.7967726621102
3,43850,1091.7967726621102
3,43900,1091.7967726621102
3,43950,1091.7967726621102
3,44000,1091.7967726621102
3,44050,1091.7967726621102
3,44100,1091.7967726621102
3,44150,1091.7967726621102
3,44200,1091.7967726621102
3,44250,1091.7967726621102
3,44300,1091.7967726621102
3,44350,1091.7967726621102
3,44400,1091.7967726621102
3,44450,1091.7967726621102
3,44500,1091.7967726621102
3,44550,1091.7967726621102
3,44600,1091.7967726621102
3,44650,1091.7967726621102
3,44700,1091.7967726621102
3,44750,1091.7967726621102
3,44800,1091.7967726621102
3,44850,1091.7967726621102
3,44900,1091.7967726621102
3,44950,1091.7967726621102
3,45000,1091.7967726621102
3,45050,1091.7967726621102
3,45100,1091.7967726621102
3,45150,1091.7967726621102
3,45200,1091.7967726621102
3,45250,1091.7967726621102
3,45300,1091.7967726621102
3,45350,1091.7967726621102
3,45400,1091.7967726621102
3,45450,1091.7967726621102
3,45500,1091.7967726621102
3,45550,1091.7967726621102
3,45600,1091.7967726621102
3,45650,1091.7967726621102
3,45700,1091.7967726621102
3,45750,1091.7967726621102
3,45800,1091.7967726621102
3,45850,1091.7967726621102
3,45900,1091.7967726621102
3,45950,1091.7967726621102
3,46000,1091.7967726621102
3,46050,1091.7967726621102
3,46100,1091.7967726621102
3,46150,1091.7967726621102
3,46200,1091.7967726621102
3,46250,1091.7967726621102
3,46300,1091.7967726621102
3,46350,1091.7967726621102
3,46400,1091.7967726621102
3,46450,1091.7967726621102
3,46500,1091.7967726621102
3,46550,1091.7967726621102
3,46600,1091.7967726621102
3,46650,1091.7967726621102
3,46700,1091.7967726621102
3,46750,1091.7967726621102
3,46800,1091.7967726621102
3,46850,1091.7967726621102
3,46900,1091.7967726621102
3,46950,1091.7967726621102
3,47000,1091.7967726621102
3,47050,1091.7967726621102
3,47100,1091.7967726621102
3,47150,1091.7967726621102
3,47200,1091.7967726621102
3,47250,1091.7967726621102
3,47300,1091.7967726621102
3,47350,1091.7967726621102
3,47400,1091.7967726621102
3,47450,1091.7967726621102
3,47500,1091.7967726621102
3,47550,1091.7967726621102
3,47600,1091.7967726621102
3,47650,1091.7967726621102
3,47700,1091.7967726621102
3,47750,1091.7967726621102
3,47800,1091.7967726621102
3,47850,1091.7967726621102
3,47900,1091.7967726621102
3,47950,1091.7967726621102
3,48000,1091.7967726621102
3,48050,1091.7967726621102
3,48100,1091.7967726621102
3,48150,1091.7967726621102
3,48200,1091.7967726621102
3,48250,1091.7967726621102
3,48300,1091.7967726621102
3,48350,1091.7967726621102
3,48400,1091.7967726621102
3,48450,1091.7967726621102
3,48500,1091.7967726621102
3,48550,1091.7967726621102
3,48600,1091.7967726621102
3,48650,1091.7967726621102
3,48700,1091.7967726621102
3,48750,1091.7967726621102
3,48800,1091.7967726621102
3,48850,1091.7967726621102
3,48900,1091.7967726621102
3,48950,1091.7967726621102
3,49000,1091.7967726621102
3,49050,1091.7967726621102
3,49100,1091.7967726621102
3,49150,1091.7967726621102
3,49200,1091.7967726621102
3,49250,1091.7967726621102
3,49300,1091.7967726621102
3,49350,1091.7967726621102
3,49400,1091.7967726621102
3,49450,1091.7967726621102
3,49500,1091.7967726621102
3,49550,1091.7967726621102
3,49600,1091.7967726621102
3,49650,1091.7967726621102
3,49700,1091.7967726621102
3,49750,1091.7967726621102
3,49800,1091.7967726621102
3,49850,1091.7967726621102
3,49900,1091.7967726621102
3,49950,1091.7967726621102
3,50000,1091.7967726621102
4,50,1341.1337647258722
4,100,1341.1337647258722
4,150,1341.1337647258722
4,200,1341.1337647258722
4,250,1341.1337647258722
4,300,1341.1337647258722
4,350,1341.1337647258722
4,400,1341.1337647258722
4,450,1341.1337647258722
4,500,1341.1337647258722
4,550,1341.1337647258722
4,600,1322.8326689146572
4,650,1217.8351149726252
4,700,1217.8351149726252
4,750,1217.8351149726252
4,800,1217.8351149726252
4,850,1167.9795481267747
4,900,1167.9795481267747
4,950,1167.9795481267747
4,1000,1167.9795481267747
4,1050,1167.9795481267747
4,1100,1167.9795481267747
4,1150,1167.9795481267747
4,1200,1167.9795481267747
4,1250,1167.9795481267747
4,1300,1167.9795481267747
4,1350,1142.788845695206
4,1400,1142.788845695206
4,1450,1142.788845695206
4,1500,1142.788845695206
4,1550,1142.788845695206
4,1600,1142.788845695206
4,1650,1139.4809658719473
4,1700,1139.4809658719473
4,1750,1139.4809658719473
4,1800,1139.4809658719473
4,1850,1139.4809658719473
4,1900,1139.4809658719473
4,1950,1139.4809658719473
4,2000,1137.3735382124494
4,2050,1137.3735382124494
4,2100,1137.3735382124494
4,2150,1137.3735382124494
4,2200,1137.3735382124494
4,2250,1137.3735382124494
4,2300,1137.3735382124494
4,2350,1137.3735382124494
4,2400,1137.3735382124494
4,2450,1137.3735382124494
4,2500,1137.3735382124494
4,2550,1137.3735382124494
4,2600,1137.3735382124494
4,2650,1137.3735382124494
4,2700,1137.3735382124494
4,2750,1137.3735382124494
4,2800,1137.3735382124494
4,2850,1137.3735382124494
4,2900,1137.3735382124494
4,2950,1137.3735382124494
4,3000,1137.3735382124494
4,3050,1122.0857456699946
4,3100,1122.0857456699946
4,3150,1122.0857456699946
4,3200,1122.0857456699946
4,3250,1122.0857456699946
4,3300,1122.0857456699946
4,3350,1122.0857456699946
4,3400,1122.0857456699946
4,3450,1122.0857456699946
4,3500,1122.0857456699946
4,3550,1122.0857456699946
4,3600,1122.0857456699946
4,3650,1122.0857456699946
4,3700,1122.0857456699946
4,3750,1122.0857456699946
4,3800,1103.3027613992626
4,3850,1103.3027613992626
4,3900,1103.3027613992626
4,3950,1103.3027613992626
4,4000,1103.3027613992626
4,4050,1103.3027613992626
4,4100,1103.3027613992626
4,4150,1103.3027613992626
4,4200,1103.3027613992626
4,4250,1103.3027613992626
4,4300,1103.3027613992626
4,4350,1103.3027613992626
4,4400,1103.3027613992626
4,4450,1103.3027613992626
4,4500,1103.3027613992626
4,4550,1103.3027613992626
4,4600,1103.3027613992626
4,4650,1103.3027613992626
4,4700,1103.3027613992626
4,4750,1103.3027613992626
4,4800,1103.3027613992626
4,4850,1103.3027613992626
4,4900,1103.3027613992626
4,4950,1103.3027613992626
4,5000,1103.3027613992626
4,5050,1103.3027613992626
4,5100,1103.3027613992626
4,5150,1103.3027613992626
4,5200,1103.3027613992626
4,5250,1103.3027613992626
4,5300,1103.3027613992626
4,5350,1103.3027613992626
4,5400,1103.3027613992626
4,5450,1103.3027613992626
4,5500,1103.3027613992626
4,5550,1103.3027613992626
4,5600,1103.3027613992626
4,5650,1103.3027613992626
4,5700,1103.3027613992626
4,5750,1103.3027613992626
4,5800,1103.3027613992626
4,5850,1103.3027613992626
4,5900,1103.3027613992626
4,5950,1103.3027613992626
4,6000,1103.3027613992626
4,6050,1103.3027613992626
4,6100,1103.3027613992626
4,6150,1103.3027613992626
4,6200,1103.3027613992626
4,6250,1103.3027613992626
4,6300,1103.3027613992626
4,6350,1103.3027613992626
4,6400,1103.3027613992626
4,6450,1103.3027613992626
4,6500,1103.3027613992626
4,6550,1103.3027613992626
4,6600,1103.3027613992626
4,6650,1103.3027613992626
4,6700,1103.3027613992626
4,6750,1103.3027613992626
4,6800,1103.3027613992626
4,6850,1103.3027613992626
4,6900,1103.3027613992626
4,6950,1103.3027613992626
4,7000,1103.3027613992626
4,7050,1103.3027613992626
4,7100,1103.3027613992626
4,7150,1103.3027613992626
4,7200,1103.3027613992626
4,7250,1103.3027613992626
4,7300,1103.3027613992626
4,7350,1103.3027613992626
4,7400,1103.3027613992626
4,7450,1103.3027613992626
4,7500,1103.3027613992626
4,7550,1103.3027613992626
4,7600,1103.3027613992626
4,7650,1103.3027613992626
4,7700,1103.3027613992626
4,7750,1103.3027613992626
4,7800,1103.3027613992626
4,7850,1103.3027613992626
4,7900,1103.3027613992626
4,7950,1103.3027613992626
4,8000,1103.3027613992626
4,8050,1103.3027613992626
4,8100,1103.3027613992626
4,8150,1103.3027613992626
4,8200,1103.3027613992626
4,8250,1103.3027613992626
4,8300,1103.3027613992626
4,8350,1103.3027613992626
4,8400,1103.3027613992626
4,8450,1103.3027613992626
4,8500,1103.3027613992626
4,8550,1103.3027613992626
4,8600,1103.3027613992626
4,8650,1103.3027613992626
4,8700,1103.3027613992626
4,8750,1103.3027613992626
4,8800,1103.3027613992626
4,8850,1103.3027613992626
4,8900,1103.3027613992626
4,8950,1103.3027613992626
4,9000,1103.3027613992626
4,9050,1103.3027613992626
4,9100,1103.3027613992626
4,9150,1103.3027613992626
4,9200,1103.3027613992626
4,9250,1103.3027613992626
4,9300,1103.3027613992626
4,9350,1103.3027613992626
4,9400,1103.3027613992626
4,9450,1103.3027613992626
4,9500,1103.3027613992626
4,9550,1103.3027613992626
4,9600,1103.3027613992626
4,9650,1103.3027613992626
4,9700,1103.3027613992626
4,9750,1103.3027613992626
4,9800,1103.3027613992626
4,9850,1103.3027613992626
4,9900,1103.3027613992626
4,9950,1103.3027613992626
4,10000,1103.3027613992626
4,10050,1103.3027613992626
4,10100,1103.3027613992626
4,10150,1103.3027613992626
4,10200,1103.3027613992626
4,10250,1103.3027613992626
4,10300,1103.3027613992626
4,10350,1103.3027613992626
4,10400,1103.3027613992626
4,10450,1103.3027613992626
4,10500,1103.3027613992626
4,10550,1103.3027613992626
4,10600,1103.3027613992626
4,10650,1103.3027613992626
4,10700,1103.3027613992626
4,10750,1103.3027613992626
4,10800,1103.3027613992626
4,10850,1103.3027613992626
4,10900,1103.3027613992626
4,10950,1103.3027613992626
4,11000,1103.3027613992626
4,11050,1103.3027613992626
4,11100,1103.3027613992626
4,11150,1103.3027613992626
4,11200,1103.3027613992626
4,11250,1103.3027613992626
4,11300,1103.3027613992626
4,11350,1103.3027613992626
4,11400,1103.3027613992626
4,11450,1103.3027613992626
4,11500,1103.3027613992626
4,11550,1103.3027613992626
4,11600,1092.4034042591873
4,11650,1092.4034042591873
4,11700,1092.4034042591873
4,11750,1092.4034042591873
4,11800,1092.4034042591873
4,11850,1092.4034042591873
4,11900,1092.4034042591873
4,11950,1092.4034042591873
4,12000,1092.4034042591873
4,12050,1092.4034042591873
4,12100,1092.4034042591873
4,12150,1092.4034042591873
4,12200,1092.4034042591873
4,12250,1092.4034042591873
4,12300,1092.4034042591873
4,12350,1092.4034042591873
4,12400,1092.4034042591873
4,12450,1092.4034042591873
4,12500,1092.4034042591873
4,12550,1092.4034042591873
4,12600,1092.4034042591873
4,12650,1092.4034042591873
4,12700,1092.4034042591873
4,12750,1092.4034042591873
4,12800,1092.4034042591873
4,12850,1092.4034042591873
4,12900,1092.4034042591873
4,12950,1092.4034042591873
4,13000,1092.4034042591873
4,13050,1092.4034042591873
4,13100,1092.4034042591873
4,13150,1092.4034042591873
4,13200,1092.4034042591873
4,13250,1092.4034042591873
4,13300,1092.4034042591873
4,13350,1092.4034042591873
4,13400,1092.4034042591873
4,13450,1092.4034042591873
4,13500,1092.4034042591873
4,13550,1092.4034042591873
4,13600,1092.4034042591873
4,13650,1092.4034042591873
4,13700,1092.4034042591873
4,13750,1092.4034042591873
4,13800,1092.4034042591873
4,13850,1092.4034042591873
4,13900,1092.4034042591873
4,13950,1092.4034042591873
4,14000,1092.4034042591873
4,14050,1092.4034042591873
4,14100,1092.4034042591873
4,14150,1092.4034042591873
4,14200,1092.4034042591873
4,14250,1092.4034042591873
4,14300,1092.4034042591873
4,14350,1092.4034042591873
4,14400,1092.4034042591873
4,14450,1092.4034042591873
4,14500,1092.4034042591873
4,14550,1092.4034042591873
4,14600,1092.4034042591873
4,14650,1092.4034042591873
4,14700,1092.4034042591873
4,14750,1092.4034042591873
4,14800,1092.4034042591873
4,14850,1092.4034042591873
4,14900,1092.4034042591873
4,14950,1092.4034042591873
4,15000,1092.4034042591873
4,15050,1092.4034042591873
4,15100,1092.4034042591873
4,15150,1092.4034042591873
4,15200,1092.4034042591873
4,15250,1092.4034042591873
4,15300,1092.4034042591873
4,15350,1092.4034042591873
4,15400,1092.4034042591873
4,15450,1092.4034042591873
4,15500,1092.4034042591873
4,15550,1092.4034042591873
4,15600,1092.4034042591873
4,15650,1092.4034042591873
4,15700,1092.4034042591873
4,15750,1092.4034042591873
4,15800,1092.4034042591873
4,15850,1092.4034042591873
4,15900,1092.4034042591873
4,15950,1092.4034042591873
4,16000,1092.4034042591873
4,16050,1092.4034042591873
4,16100,1092.4034042591873
4,16150,1092.4034042591873
4,16200,1092.4034042591873
4,16250,1092.4034042591873
4,16300,1092.4034042591873
4,16350,1092.4034042591873
4,16400,1092.4034042591873
4,16450,1092.4034042591873
4,16500,1092.4034042591873
4,16550,1092.4034042591873
4,16600,1092.4034042591873
4,16650,1092.4034042591873
4,16700,1092.4034042591873
4,16750,1092.4034042591873
4,16800,1092.4034042591873
4,16850,1092.4034042591873
4,16900,1092.4034042591873
4,16950,1092.4034042591873
4,17000,1092.4034042591873
4,17050,1092.4034042591873
4,17100,1092.4034042591873
4,17150,1092.4034042591873
4,17200,1092.4034042591873
4,17250,1092.4034042591873
4,17300,1092.4034042591873
4,17350,1092.4034042591873
4,17400,1092.4034042591873
4,17450,1092.4034042591873
4,17500,1092.4034042591873
4,17550,1092.4034042591873
4,17600,1092.4034042591873
4,17650,1092.4034042591873
4,17700,1092.4034042591873
4,17750,1092.4034042591873
4,17800,1092.4034042591873
4,17850,1092.4034042591873
4,17900,1092.4034042591873
4,17950,1092.4034042591873
4,18000,1092.4034042591873
4,18050,1092.4034042591873
4,18100,1092.4034042591873
4,18150,1092.4034042591873
4,18200,1092.4034042591873
4,18250,1092.4034042591873
4,18300,1092.4034042591873
4,18350,1092.4034042591873
4,18400,1092.4034042591873
4,18450,1092.4034042591873
4,18500,1092.4034042591873
4,18550,1092.4034042591873
4,18600,1092.4034042591873
4,18650,1092.4034042591873
4,18700,1092.4034042591873
4,18750,1092.4034042591873
4,18800,1092.4034042591873
4,18850,1092.4034042591873
4,18900,1092.4034042591873
4,18950,1092.4034042591873
4,19000,1092.4034042591873
4,19050,1092.4034042591873
4,19100,1092.4034042591873
4,19150,1092.4034042591873
4,19200,1092.4034042591873
4,19250,1092.4034042591873
4,19300,1092.4034042591873
4,19350,1092.4034042591873
4,19400,1092.4034042591873
4,19450,1092.4034042591873
4,19500,1092.4034042591873
4,19550,1092.4034042591873
4,19600,1092.4034042591873
4,19650,1092.4034042591873
4,19700,1092.4034042591873
4,19750,1092.4034042591873
4,19800,1092.4034042591873
4,19850,1092.4034042591873
4,19900,1092.4034042591873
4,19950,1092.4034042591873
4,20000,1092.4034042591873
4,20050,1092.4034042591873
4,20100,1092.4034042591873
4,20150,1092.4034042591873
4,20200,1092.4034042591873
4,20250,1092.4034042591873
4,20300,1092.4034042591873
4,20350,1092.4034042591873
4,20400,1092.4034042591873
4,20450,1092.4034042591873
4,20500,1092.4034042591873
4,20550,1092.4034042591873
4,20600,1092.4034042591873
4,20650,1092.4034042591873
4,20700,1092.4034042591873
4,20750,1092.4034042591873
4,20800,1092.4034042591873
4,20850,1092.4034042591873
4,20900,1092.4034042591873
4,20950,1092.4034042591873
4,21000,1092.4034042591873
4,21050,1092.4034042591873
4,21100,1092.4034042591873
4,21150,1092.4034042591873
4,21200,1092.4034042591873
4,21250,1092.4034042591873
4,21300,1092.4034042591873
4,21350,1092.4034042591873
4,21400,1092.4034042591873
4,21450,1092.4034042591873
4,21500,1092.4034042591873
4,21550,1092.4034042591873
4,21600,1092.4034042591873
4,21650,1092.4034042591873
4,21700,1092.4034042591873
4,21750,1092.4034042591873
4,21800,1092.4034042591873
4,21850,1092.4034042591873
4,21900,1092.4034042591873
4,21950,1092.4034042591873
4,22000,1092.4034042591873
4,22050,1092.4034042591873
4,22100,1092.4034042591873
4,22150,1092.4034042591873
4,22200,1092.4034042591873
4,22250,1092.4034042591873
4,22300,1092.4034042591873
4,22350,1092.4034042591873
4,22400,1092.4034042591873
4,22450,1092.4034042591873
4,22500,1092.4034042591873
4,22550,1092.4034042591873
4,22600,1092.4034042591873
4,22650,1092.4034042591873
4,22700,1092.4034042591873
4,22750,1092.4034042591873
4,22800,1092.4034042591873
4,22850,1092.4034042591873
4,22900,1092.4034042591873
4,22950,1092.4034042591873
4,23000,1092.4034042591873
4,23050,1092.4034042591873
4,23100,1092.4034042591873
4,23150,1092.4034042591873
4,23200,1092.4034042591873
4,23250,1092.4034042591873
4,23300,1092.4034042591873
4,23350,1092.4034042591873
4,23400,1092.4034042591873
4,23450,1092.4034042591873
4,23500,1092.4034042591873
4,23550,1092.4034042591873
4,23600,1092.4034042591873
4,23650,1092.4034042591873
4,23700,1092.4034042591873
4,23750,1092.4034042591873
4,23800,1092.4034042591873
4,23850,1092.4034042591873
4,23900,1092.4034042591873
4,23950,1092.4034042591873
4,24000,1092.4034042591873
4,24050,1092.4034042591873
4,24100,1092.4034042591873
4,24150,1092.4034042591873
4,24200,1092.4034042591873
4,24250,1092.4034042591873
4,24300,1092.4034042591873
4,24350,1092.4034042591873
4,24400,1092.4034042591873
4,24450,1092.4034042591873
4,24500,1092.4034042591873
4,24550,1092.4034042591873
4,24600,1092.4034042591873
4,24650,1092.4034042591873
4,24700,1092.4034042591873
4,24750,1092.4034042591873
4,24800,1092.4034042591873
4,24850,1092.4034042591873
4,24900,1092.4034042591873
4,24950,1092.4034042591873
4,25000,1092.4034042591873
4,25050,1092.4034042591873
4,25100,1092.4034042591873
4,25150,1092.4034042591873
4,25200,1092.4034042591873
4,25250,1092.4034042591873
4,25300,1092.4034042591873
4,25350,1092.4034042591873
4,25400,1092.4034042591873
4,25450,1092.4034042591873
4,25500,1092.4034042591873
4,25550,1092.4034042591873
4,25600,1092.4034042591873
4,25650,1092.4034042591873
4,25700,1092.4034042591873
4,25750,1092.4034042591873
4,25800,1092.4034042591873
4,25850,1092.4034042591873
4,25900,1092.4034042591873
4,25950,1092.4034042591873
4,26000,1092.4034042591873
4,26050,1092.4034042591873
4,26100,1092.4034042591873
4,26150,1092.4034042591873
4,26200,1092.4034042591873
4,26250,1092.4034042591873
4,26300,1092.4034042591873
4,26350,1092.4034042591873
4,26400,1092.4034042591873
4,26450,1092.4034042591873
4,26500,1092.4034042591873
4,26550,1092.4034042591873
4,26600,1092.4034042591873
4,26650,1092.4034042591873
4,26700,1092.4034042591873
4,26750,1092.4034042591873
4,26800,1092.4034042591873
4,26850,1092.4034042591873
4,26900,1092.4034042591873
4,26950,1092.4034042591873
4,27000,1092.4034042591873
4,27050,1092.4034042591873
4,27100,1092.4034042591873
4,27150,1092.4034042591873
4,27200,1092.4034042591873
4,27250,1092.4034042591873
4,27300,1092.4034042591873
4,27350,1092.4034042591873
4,27400,1092.4034042591873
4,27450,1092.4034042591873
4,27500,1092.4034042591873
4,27550,1092.4034042591873
4,27600,1092.4034042591873
4,27650,1092.4034042591873
4,27700,1092.4034042591873
4,27750,1092.4034042591873
4,27800,1092.4034042591873
4,27850,1092.4034042591873
4,27900,1092.4034042591873
4,27950,1092.4034042591873
4,28000,1092.4034042591873
4,28050,1092.4034042591873
4,28100,1092.4034042591873
4,28150,1092.4034042591873
4,28200,1092.4034042591873
4,28250,1092.4034042591873
4,28300,1092.4034042591873
4,28350,1092.4034042591873
4,28400,1092.4034042591873
4,28450,1092.4034042591873
4,28500,1092.4034042591873
4,28550,1092.4034042591873
4,28600,1092.4034042591873
4,28650,1092.4034042591873
4,28700,1092.4034042591873
4,28750,1092.4034042591873
4,28800,1092.4034042591873
4,28850,1092.4034042591873
4,28900,1092.4034042591873
4,28950,1092.4034042591873
4,29000,1092.4034042591873
4,29050,1092.4034042591873
4,29100,1092.4034042591873
4,29150,1092.4034042591873
4,29200,1092.4034042591873
4,29250,1092.4034042591873
4,29300,1092.4034042591873
4,29350,1092.4034042591873
4,29400,1092.4034042591873
4,29450,1092.4034042591873
4,29500,1092.4034042591873
4,29550,1092.4034042591873
4,29600,1092.4034042591873
4,29650,1092.4034042591873
4,29700,1092.4034042591873
4,29750,1092.4034042591873
4,29800,1092.4034042591873
4,29850,1092.4034042591873
4,29900,1092.4034042591873
4,29950,1092.4034042591873
4,30000,1092.4034042591873
4,30050,1092.4034042591873
4,30100,1092.4034042591873
4,30150,1092.4034042591873
4,30200,1092.4034042591873
4,30250,1092.4034042591873
4,30300,1092.4034042591873
4,30350,1092.4034042591873
4,30400,1092.4034042591873
4,30450,1092.4034042591873
4,30500,1092.4034042591873
4,30550,1092.4034042591873
4,30600,1092.4034042591873
4,30650,1092.4034042591873
4,30700,1092.4034042591873
4,30750,1092.4034042591873
4,30800,1092.4034042591873
4,30850,1092.4034042591873
4,30900,1092.4034042591873
4,30950,1092.4034042591873
4,31000,1092.4034042591873
4,31050,1092.4034042591873
4,31100,1092.4034042591873
4,31150,1092.4034042591873
4,31200,1092.4034042591873
4,31250,1092.4034042591873
4,31300,1092.4034042591873
4,31350,1092.4034042591873
4,31400,1092.4034042591873
4,31450,1092.4034042591873
4,31500,1092.4034042591873
4,31550,1092.4034042591873
4,31600,1092.4034042591873
4,31650,1092.4034042591873
4,31700,1092.4034042591873
4,31750,1092.4034042591873
4,31800,1092.4034042591873
4,31850,1092.4034042591873
4,31900,1092.4034042591873
4,31950,1092.4034042591873
4,32000,1092.4034042591873
4,32050,1092.4034042591873
4,32100,1092.4034042591873
4,32150,1092.4034042591873
4,32200,1092.4034042591873
4,32250,1092.4034042591873
4,32300,1092.4034042591873
4,32350,1092.4034042591873
4,32400,1092.4034042591873
4,32450,1092.4034042591873
4,32500,1092.4034042591873
4,32550,1092.4034042591873
4,32600,1092.4034042591873
4,32650,1092.4034042591873
4,32700,1092.4034042591873
4,32750,1092.4034042591873
4,32800,1092.4034042591873
4,32850,1092.4034042591873
4,32900,1092.4034042591873
4,32950,1092.4034042591873
4,33000,1092.4034042591873
4,33050,1092.4034042591873
4,33100,1092.4034042591873
4,33150,1092.4034042591873
4,33200,1092.4034042591873
4,33250,1092.4034042591873
4,33300,1092.4034042591873
4,33350,1092.4034042591873
4,33400,1092.4034042591873
4,33450,1092.4034042591873
4,33500,1092.4034042591873
4,33550,1092.4034042591873
4,33600,1092.4034042591873
4,33650,1092.4034042591873
4,33700,1092.4034042591873
4,33750,1092.4034042591873
4,33800,1092.4034042591873
4,33850,1092.4034042591873
4,33900,1092.4034042591873
4,33950,1092.4034042591873
4,34000,1092.4034042591873
4,34050,1092.4034042591873
4,34100,1092.4034042591873
4,34150,1092.4034042591873
4,34200,1092.4034042591873
4,34250,1092.4034042591873
4,34300,1092.4034042591873
4,34350,1092.4034042591873
4,34400,1092.4034042591873
4,34450,1092.4034042591873
4,34500,1092.4034042591873
4,34550,1092.4034042591873
4,34600,1092.4034042591873
4,34650,1092.4034042591873
4,34700,1092.4034042591873
4,34750,1092.4034042591873
4,34800,1092.4034042591873
4,34850,1092.4034042591873
4,34900,1092.4034042591873
4,34950,1092.4034042591873
4,35000,1092.4034042591873
4,35050,1092.4034042591873
4,35100,1092.4034042591873
4,35150,1092.4034042591873
4,35200,1092.4034042591873
4,35250,1092.4034042591873
4,35300,1092.4034042591873
4,35350,1092.4034042591873
4,35400,1092.4034042591873
4,35450,1092.4034042591873
4,35500,1092.4034042591873
4,35550,1092.4034042591873
4,35600,1092.4034042591873
4,35650,1092.4034042591873
4,35700,1092.4034042591873
4,35750,1092.4034042591873
4,35800,1092.4034042591873
4,35850,1092.4034042591873
4,35900,1092.4034042591873
4,35950,1092.4034042591873
4,36000,1092.4034042591873
4,36050,1092.4034042591873
4,36100,1092.4034042591873
4,36150,1092.4034042591873
4,36200,1092.4034042591873
4,36250,1092.4034042591873
4,36300,1092.4034042591873
4,36350,1092.4034042591873
4,36400,1092.4034042591873
4,36450,1092.4034042591873
4,36500,1092.4034042591873
4,36550,1092.4034042591873
4,36600,1092.4034042591873
4,36650,1092.4034042591873
4,36700,1092.4034042591873
4,36750,1092.4034042591873
4,36800,1092.4034042591873
4,36850,1092.4034042591873
4,36900,1092.4034042591873
4,36950,1092.4034042591873
4,37000,1092.4034042591873
4,37050,1092.4034042591873
4,37100,1092.4034042591873
4,37150,1092.4034042591873
4,37200,1092.4034042591873
4,37250,1092.4034042591873
4,37300,1092.4034042591873
4,37350,1092.4034042591873
4,37400,1092.4034042591873
4,37450,1092.4034042591873
4,37500,1092.4034042591873
4,37550,1092.4034042591873
4,37600,1092.4034042591873
4,37650,1092.4034042591873
4,37700,1092.4034042591873
4,37750,1092.4034042591873
4,37800,1092.4034042591873
4,37850,1092.4034042591873
4,37900,1092.4034042591873
4,37950,1092.4034042591873
4,38000,1092.4034042591873
4,38050,1092.4034042591873
4,38100,1092.4034042591873
4,38150,1092.4034042591873
4,38200,1092.4034042591873
4,38250,1092.4034042591873
4,38300,1092.4034042591873
4,38350,1092.4034042591873
4,38400,1092.4034042591873
4,38450,1092.4034042591873
4,38500,1092.4034042591873
4,38550,1092.4034042591873
4,38600,1092.4034042591873
4,38650,1092.4034042591873
4,38700,1092.4034042591873
4,38750,1092.4034042591873
4,38800,1092.4034042591873
4,38850,1092.4034042591873
4,38900,1092.4034042591873
4,38950,1092.4034042591873
4,39000,1092.4034042591873
4,39050,1092.4034042591873
4,39100,1092.4034042591873
4,39150,1092.4034042591873
4,39200,1092.4034042591873
4,39250,1092.4034042591873
4,39300,1092.4034042591873
4,39350,1092.4034042591873
4,39400,1092.4034042591873
4,39450,1092.4034042591873
4,39500,1092.4034042591873
4,39550,1092.4034042591873
4,39600,1092.4034042591873
4,39650,1092.4034042591873
4,39700,1092.4034042591873
4,39750,1092.4034042591873
4,39800,1092.4034042591873
4,39850,1092.4034042591873
4,39900,1092.4034042591873
4,39950,1092.4034042591873
4,40000,1092.4034042591873
4,40050,1092.4034042591873
4,40100,1092.4034042591873
4,40150,1092.4034042591873
4,40200,1092.4034042591873
4,40250,1092.4034042591873
4,40300,1092.4034042591873
4,40350,1092.4034042591873
4,40400,1092.4034042591873
4,40450,1092.4034042591873
4,40500,1092.4034042591873
4,40550,1092.4034042591873
4,40600,1092.4034042591873
4,40650,1092.4034042591873
4,40700,1092.4034042591873
4,40750,1092.4034042591873
4,40800,1092.4034042591873
4,40850,1092.4034042591873
4,40900,1092.4034042591873
4,40950,1092.4034042591873
4,41000,1092.4034042591873
4,41050,1092.4034042591873
4,41100,1092.4034042591873
4,41150,1092.4034042591873
4,41200,1092.4034042591873
4,41250,1092.4034042591873
4,41300,1092.4034042591873
4,41350,1092.4034042591873
4,41400,1092.4034042591873
4,41450,1092.4034042591873
4,41500,1092.4034042591873
4,41550,1092.4034042591873
4,41600,1092.4034042591873
4,41650,1092.4034042591873
4,41700,1092.4034042591873
4,41750,1092.4034042591873
4,41800,1092.4034042591873
4,41850,1092.4034042591873
4,41900,1092.4034042591873
4,41950,1092.4034042591873
4,42000,1092.4034042591873
4,42050,1092.4034042591873
4,42100,1092.4034042591873
4,42150,1092.4034042591873
4,42200,1092.4034042591873
4,42250,1092.4034042591873
4,42300,1092.4034042591873
4,42350,1092.4034042591873
4,42400,1092.4034042591873
4,42450,1092.4034042591873
4,42500,1092.4034042591873
4,42550,1092.4034042591873
4,42600,1092.4034042591873
4,42650,1092.4034042591873
4,42700,1092.4034042591873
4,42750,1092.4034042591873
4,42800,1092.4034042591873
4,42850,1092.4034042591873
4,42900,1092.4034042591873
4,42950,1092.4034042591873
4,43000,1092.4034042591873
4,43050,1092.4034042591873
4,43100,1092.4034042591873
4,43150,1092.4034042591873
4,43200,1092.4034042591873
4,43250,1092.4034042591873
4,43300,1092.4034042591873
4,43350,1092.4034042591873
4,43400,1092.4034042591873
4,43450,1092.4034042591873
4,43500,1092.4034042591873
4,43550,1092.4034042591873
4,43600,1092.4034042591873
4,43650,1092.4034042591873
4,43700,1092.4034042591873
4,43750,1092.4034042591873
4,43800,1092.4034042591873
4,43850,1092.4034042591873
4,43900,1092.4034042591873
4,43950,1092.4034042591873
4,44000,1092.4034042591873
4,44050,1092.4034042591873
4,44100,1092.4034042591873
4,44150,1092.4034042591873
4,44200,1092.4034042591873
4,44250,1092.4034042591873
4,44300,1092.4034042591873
4,44350,1092.4034042591873
4,44400,1092.4034042591873
4,44450,1092.4034042591873
4,44500,1092.4034042591873
4,44550,1092.4034042591873
4,44600,1092.4034042591873
4,44650,1092.4034042591873
4,44700,1092.4034042591873
4,44750,1092.4034042591873
4,44800,1092.4034042591873
4,44850,1092.4034042591873
4,44900,1092.4034042591873
4,44950,1092.4034042591873
4,45000,1092.4034042591873
4,45050,1092.4034042591873
4,45100,1092.4034042591873
4,45150,1092.4034042591873
4,45200,1092.4034042591873
4,45250,1092.4034042591873
4,45300,1092.4034042591873
4,45350,1092.4034042591873
4,45400,1092.4034042591873
4,45450,1092.4034042591873
4,45500,1092.4034042591873
4,45550,1092.4034042591873
4,45600,1092.4034042591873
4,45650,1092.4034042591873
4,45700,1092.4034042591873
4,45750,1092.4034042591873
4,45800,1092.4034042591873
4,45850,1092.4034042591873
4,45900,1092.4034042591873
4,45950,1092.4034042591873
4,46000,1092.4034042591873
4,46050,1092.4034042591873
4,46100,1092.4034042591873
4,46150,1092.4034042591873
4,46200,1092.4034042591873
4,46250,1092.4034042591873
4,46300,1092.4034042591873
4,46350,1092.4034042591873
4,46400,1092.4034042591873
4,46450,1092.4034042591873
4,46500,1092.4034042591873
4,46550,1092.4034042591873
4,46600,1092.4034042591873
4,46650,1092.4034042591873
4,46700,1092.4034042591873
4,46750,1092.4034042591873
4,46800,1092.4034042591873
4,46850,1092.4034042591873
4,46900,1092.4034042591873
4,46950,1092.4034042591873
4,47000,1092.4034042591873
4,47050,1092.4034042591873
4,47100,1092.4034042591873
4,47150,1092.4034042591873
4,47200,1092.4034042591873
4,47250,1092.4034042591873
4,47300,1092.4034042591873
4,47350,1092.4034042591873
4,47400,1092.4034042591873
4,47450,1092.4034042591873
4,47500,1092.4034042591873
4,47550,1092.4034042591873
4,47600,1092.4034042591873
4,47650,1092.4034042591873
4,47700,1092.4034042591873
4,47750,1092.4034042591873
4,47800,1092.4034042591873
4,47850,1092.4034042591873
4,47900,1092.4034042591873
4,47950,1092.4034042591873
4,48000,1092.4034042591873
4,48050,1092.4034042591873
4,48100,1092.4034042591873
4,48150,1092.4034042591873
4,48200,1092.4034042591873
4,48250,1092.4034042591873
4,48300,1092.4034042591873
4,48350,1092.4034042591873
4,48400,1092.4034042591873
4,48450,1092.4034042591873
4,48500,1092.4034042591873
4,48550,1092.4034042591873
4,48600,1092.4034042591873
4,48650,1092.4034042591873
4,48700,1092.4034042591873
4,48750,1092.4034042591873
4,48800,1092.4034042591873
4,48850,1092.4034042591873
4,48900,1092.4034042591873
4,48950,1092.4034042591873
4,49000,1092.4034042591873
4,49050,1092.4034042591873
4,49100,1092.4034042591873
4,49150,1092.4034042591873
4,49200,1092.4034042591873
4,49250,1092.4034042591873
4,49300,1092.4034042591873
4,49350,1092.4034042591873
4,49400,1092.4034042591873
4,49450,1092.4034042591873
4,49500,1092.4034042591873
4,49550,1092.4034042591873
4,49600,1092.4034042591873
4,49650,1092.4034042591873
4,49700,1092.4034042591873
4,49750,1092.4034042591873
4,49800,1092.4034042591873
4,49850,1092.4034042591873
4,49900,1092.4034042591873
4,49950,1092.4034042591873
4,50000,1092.4034042591873
5,50,1433.5565260838014
5,100,1430.6025865203503
5,150,1381.2719666921287
5,200,1381.2719666921287
5,250,1348.0293659649406
5,300,1348.0293659649406
5,350,1348.0293659649406
5,400,1348.0293659649406
5,450,1337.5941182220263
5,500,1326.370989458776
5,550,1326.370989458776
5,600,1326.370989458776
5,650,1256.7925637114358
5,700,1256.7925637114358
5,750,1256.7925637114358
5,800,1256.7925637114358
5,850,1253.9805871841065
5,900,1247.9075740303074
5,950,1203.549383189462
5,1000,1203.549383189462
5,1050,1195.226906718741
5,1100,1195.226906718741
5,1150,1167.758891613828
5,1200,1167.758891613828
5,1250,1167.758891613828
5,1300,1167.758891613828
5,1350,1167.758891613828
5,1400,1164.987004528495
5,1450,1164.987004528495
5,1500,1164.987004528495
5,1550,1164.987004528495
5,1600,1164.987004528495
5,1650,1163.2692852562636
5,1700,1163.2692852562636
5,1750,1163.2692852562636
5,1800,1150.1922188574724
5,1850,1150.1922188574724
5,1900,1150.1922188574724
5,1950,1150.1922188574724
5,2000,1150.1922188574724
5,2050,1150.1922188574724
5,2100,1150.1922188574724
5,2150,1136.477696133003
5,2200,1136.477696133003
5,2250,1136.477696133003
5,2300,1136.477696133003
5,2350,1136.477696133003
5,2400,1136.477696133003
5,2450,1136.477696133003
5,2500,1136.477696133003
5,2550,1136.477696133003
5,2600,1136.477696133003
5,2650,1136.477696133003
5,2700,1136.477696133003
5,2750,1136.477696133003
5,2800,1136.477696133003
5,2850,1136.477696133003
5,2900,1136.477696133003
5,2950,1136.477696133003
5,3000,1136.477696133003
5,3050,1136.477696133003
5,3100,1136.477696133003
5,3150,1136.477696133003
5,3200,1136.477696133003
5,3250,1136.477696133003
5,3300,1136.477696133003
5,3350,1136.477696133003
5,3400,1136.477696133003
5,3450,1136.477696133003
5,3500,1136.477696133003
5,3550,1136.477696133003
5,3600,1136.477696133003
5,3650,1136.477696133003
5,3700,1136.477696133003
5,3750,1136.477696133003
5,3800,1136.477696133003
5,3850,1136.477696133003
5,3900,1136.477696133003
5,3950,1136.477696133003
5,4000,1136.477696133003
5,4050,1136.477696133003
5,4100,1136.477696133003
5,4150,1136.477696133003
5,4200,1136.477696133003
5,4250,1136.477696133003
5,4300,1136.477696133003
5,4350,1136.477696133003
5,4400,1136.477696133003
5,4450,1136.477696133003
5,4500,1136.477696133003
5,4550,1136.477696133003
5,4600,1136.477696133003
5,4650,1136.477696133003
5,4700,1136.477696133003
5,4750,1136.477696133003
5,4800,1136.477696133003
5,4850,1136.477696133003
5,4900,1129.2330873374697
5,4950,1129.2330873374697
5,5000,1129.2330873374697
5,5050,1129.2330873374697
5,5100,1129.2330873374697
5,5150,1129.2330873374697
5,5200,1129.2330873374697
5,5250,1129.2330873374697
5,5300,1129.2330873374697
5,5350,1129.2330873374697
5,5400,1129.2330873374697
5,5450,1129.2330873374697
5,5500,1129.2330873374697
5,5550,1129.2330873374697
5,5600,1129.2330873374697
5,5650,1129.2330873374697
5,5700,1129.2330873374697
5,5750,1129.2330873374697
5,5800,1129.2330873374697
5,5850,1129.2330873374697
5,5900,1129.2330873374697
5,5950,1129.2330873374697
5,6000,1129.2330873374697
5,6050,1129.2330873374697
5,6100,1129.2330873374697
5,6150,1129.2330873374697
5,6200,1129.2330873374697
5,6250,1129.2330873374697
5,6300,1129.2330873374697
5,6350,1129.2330873374697
5,6400,1129.2330873374697
5,6450,1129.2330873374697
5,6500,1129.2330873374697
5,6550,1129.2330873374697
5,6600,1129.2330873374697
5,6650,1129.2330873374697
5,6700,1129.2330873374697
5,6750,1129.2330873374697
5,6800,1129.2330873374697
5,6850,1129.2330873374697
5,6900,1129.2330873374697
5,6950,1129.2330873374697
5,7000,1129.2330873374697
5,7050,1129.2330873374697
5,7100,1129.2330873374697
5,7150,1129.2330873374697
5,7200,1129.2330873374697
5,7250,1129.2330873374697
5,7300,1129.2330873374697
5,7350,1129.2330873374697
5,7400,1129.2330873374697
5,7450,1129.2330873374697
5,7500,1129.2330873374697
5,7550,1129.2330873374697
5,7600,1129.2330873374697
5,7650,1129.2330873374697
5,7700,1129.2330873374697
5,7750,1129.2330873374697
5,7800,1129.2330873374697
5,7850,1129.2330873374697
5,7900,1129.2330873374697
5,7950,1129.2330873374697
5,8000,1129.2330873374697
5,8050,1129.2330873374697
5,8100,1129.2330873374697
5,8150,1129.2330873374697
5,8200,1129.2330873374697
5,8250,1129.2330873374697
5,8300,1129.2330873374697
5,8350,1129.2330873374697
5,8400,1129.2330873374697
5,8450,1129.2330873374697
5,8500,1129.2330873374697
5,8550,1129.2330873374697
5,8600,1129.2330873374697
5,8650,1129.2330873374697
5,8700,1129.2330873374697
5,8750,1129.2330873374697
5,8800,1129.2330873374697
5,8850,1129.2330873374697
5,8900,1129.2330873374697
5,8950,1129.2330873374697
5,9000,1129.2330873374697
5,9050,1129.2330873374697
5,9100,1129.2330873374697
5,9150,1129.2330873374697
5,9200,1129.2330873374697
5,9250,1129.2330873374697
5,9300,1129.2330873374697
5,9350,1129.2330873374697
5,9400,1129.2330873374697
5,9450,1129.2330873374697
5,9500,1129.2330873374697
5,9550,1129.2330873374697
5,9600,1129.2330873374697
5,9650,1129.2330873374697
5,9700,1129.2330873374697
5,9750,1129.2330873374697
5,9800,1129.2330873374697
5,9850,1129.2330873374697
5,9900,1129.2330873374697
5,9950,1129.2330873374697
5,10000,1129.2330873374697
5,10050,1129.2330873374697
5,10100,1129.2330873374697
5,10150,1129.2330873374697
5,10200,1129.2330873374697
5,10250,1129.2330873374697
5,10300,1129.2330873374697
5,10350,1129.2330873374697
5,10400,1129.2330873374697
5,10450,1129.2330873374697
5,10500,1129.2330873374697
5,10550,1129.2330873374697
5,10600,1129.2330873374697
5,10650,1129.2330873374697
5,10700,1129.2330873374697
5,10750,1129.2330873374697
5,10800,1129.2330873374697
5,10850,1129.2330873374697
5,10900,1129.2330873374697
5,10950,1129.2330873374697
5,11000,1129.2330873374697
5,11050,1129.2330873374697
5,11100,1129.2330873374697
5,11150,1129.2330873374697
5,11200,1129.2330873374697
5,11250,1129.2330873374697
5,11300,1129.2330873374697
5,11350,1129.2330873374697
5,11400,1129.2330873374697
5,11450,1129.2330873374697
5,11500,1129.2330873374697
5,11550,1129.2330873374697
5,11600,1129.2330873374697
5,11650,1129.2330873374697
5,11700,1129.2330873374697
5,11750,1129.2330873374697
5,11800,1129.2330873374697
5,11850,1129.2330873374697
5,11900,1129.2330873374697
5,11950,1129.2330873374697
5,12000,1129.2330873374697
5,12050,1129.2330873374697
5,12100,1129.2330873374697
5,12150,1129.2330873374697
5,12200,1129.2330873374697
5,12250,1129.2330873374697
5,12300,1129.2330873374697
5,12350,1129.2330873374697
5,12400,1129.2330873374697
5,12450,1129.2330873374697
5,12500,1129.2330873374697
5,12550,1129.2330873374697
5,12600,1129.2330873374697
5,12650,1129.2330873374697
5,12700,1129.2330873374697
5,12750,1129.2330873374697
5,12800,1129.2330873374697
5,12850,1129.2330873374697
5,12900,1129.2330873374697
5,12950,1129.2330873374697
5,13000,1129.2330873374697
5,13050,1129.2330873374697
5,13100,1129.2330873374697
5,13150,1129.2330873374697
5,13200,1129.2330873374697
5,13250,1129.2330873374697
5,13300,1129.2330873374697
5,13350,1129.2330873374697
5,13400,1129.2330873374697
5,13450,1129.2330873374697
5,13500,1129.2330873374697
5,13550,1129.2330873374697
5,13600,1129.2330873374697
5,13650,1129.2330873374697
5,13700,1129.2330873374697
5,13750,1129.2330873374697
5,13800,1129.2330873374697
5,13850,1129.2330873374697
5,13900,1129.2330873374697
5,13950,1129.2330873374697
5,14000,1129.2330873374697
5,14050,1129.2330873374697
5,14100,1129.2330873374697
5,14150,1129.2330873374697
5,14200,1129.2330873374697
5,14250,1129.2330873374697
5,14300,1129.2330873374697
5,14350,1129.2330873374697
5,14400,1129.2330873374697
5,14450,1129.2330873374697
5,14500,1129.2330873374697
5,14550,1129.2330873374697
5,14600,1129.2330873374697
5,14650,1129.2330873374697
5,14700,1129.2330873374697
5,14750,1129.2330873374697
5,14800,1129.2330873374697
5,14850,1129.2330873374697
5,14900,1129.2330873374697
5,14950,1129.2330873374697
5,15000,1129.2330873374697
5,15050,1129.2330873374697
5,15100,1129.2330873374697
5,15150,1129.2330873374697
5,15200,1129.2330873374697
5,15250,1129.2330873374697
5,15300,1129.2330873374697
5,15350,1129.2330873374697
5,15400,1129.2330873374697
5,15450,1129.2330873374697
5,15500,1129.2330873374697
5,15550,1129.2330873374697
5,15600,1129.2330873374697
5,15650,1129.2330873374697
5,15700,1129.2330873374697
5,15750,1129.2330873374697
5,15800,1129.2330873374697
5,15850,1129.2330873374697
5,15900,1129.2330873374697
5,15950,1129.2330873374697
5,16000,1129.2330873374697
5,16050,1129.2330873374697
5,16100,1129.2330873374697
5,16150,1129.2330873374697
5,16200,1129.2330873374697
5,16250,1129.2330873374697
5,16300,1129.2330873374697
5,16350,1129.2330873374697
5,16400,1129.2330873374697
5,16450,1129.2330873374697
5,16500,1129.2330873374697
5,16550,1129.2330873374697
5,16600,1129.2330873374697
5,16650,1129.2330873374697
5,16700,1129.2330873374697
5,16750,1129.2330873374697
5,16800,1129.2330873374697
5,16850,1129.2330873374697
5,16900,1129.2330873374697
5,16950,1129.2330873374697
5,17000,1129.2330873374697
5,17050,1129.2330873374697
5,17100,1129.2330873374697
5,17150,1129.2330873374697
5,17200,1129.2330873374697
5,17250,1129.2330873374697
5,17300,1129.2330873374697
5,17350,1129.2330873374697
5,17400,1129.2330873374697
5,17450,1129.2330873374697
5,17500,1129.2330873374697
5,17550,1129.2330873374697
5,17600,1129.2330873374697
5,17650,1129.2330873374697
5,17700,1129.2330873374697
5,17750,1129.2330873374697
5,17800,1129.2330873374697
5,17850,1129.2330873374697
5,17900,1129.2330873374697
5,17950,1129.0828667060582
5,18000,1129.0828667060582
5,18050,1129.0828667060582
5,18100,1129.0828667060582
5,18150,1129.0828667060582
5,18200,1129.0828667060582
5,18250,1129.0828667060582
5,18300,1129.0828667060582
5,18350,1129.0828667060582
5,18400,1129.0828667060582
5,18450,1129.0828667060582
5,18500,1129.0828667060582
5,18550,1129.0828667060582
5,18600,1129.0828667060582
5,18650,1129.0828667060582
5,18700,1129.0828667060582
5,18750,1129.0828667060582
5,18800,1129.0828667060582
5,18850,1129.0828667060582
5,18900,1129.0828667060582
5,18950,1129.0828667060582
5,19000,1129.0828667060582
5,19050,1129.0828667060582
5,19100,1129.0828667060582
5,19150,1129.0828667060582
5,19200,1129.0828667060582
5,19250,1129.0828667060582
5,19300,1129.0828667060582
5,19350,1129.0828667060582
5,19400,1129.0828667060582
5,19450,1129.0828667060582
5,19500,1129.0828667060582
5,19550,1129.0828667060582
5,19600,1129.0828667060582
5,19650,1129.0828667060582
5,19700,1129.0828667060582
5,19750,1129.0828667060582
5,19800,1129.0828667060582
5,19850,1129.0828667060582
5,19900,1129.0828667060582
5,19950,1129.0828667060582
5,20000,1129.0828667060582
5,20050,1129.0828667060582
5,20100,1129.0828667060582
5,20150,1129.0828667060582
5,20200,1129.0828667060582
5,20250,1129.0828667060582
5,20300,1129.0828667060582
5,20350,1129.0828667060582
5,20400,1129.0828667060582
5,20450,1129.0828667060582
5,20500,1129.0828667060582
5,20550,1129.0828667060582
5,20600,1129.0828667060582
5,20650,1129.0828667060582
5,20700,1129.0828667060582
5,20750,1129.0828667060582
5,20800,1129.0828667060582
5,20850,1129.0828667060582
5,20900,1129.0828667060582
5,20950,1129.0828667060582
5,21000,1129.0828667060582
5,21050,1129.0828667060582
5,21100,1129.0828667060582
5,21150,1129.0828667060582
5,21200,1129.0828667060582
5,21250,1129.0828667060582
5,21300,1129.0828667060582
5,21350,1129.0828667060582
5,21400,1129.0828667060582
5,21450,1129.0828667060582
5,21500,1129.0828667060582
5,21550,1129.0828667060582
5,21600,1129.0828667060582
5,21650,1129.0828667060582
5,21700,1129.0828667060582
5,21750,1129.0828667060582
5,21800,1129.0828667060582
5,21850,1129.0828667060582
5,21900,1129.0828667060582
5,21950,1129.0828667060582
5,22000,1129.0828667060582
5,22050,1129.0828667060582
5,22100,1129.0828667060582
5,22150,1129.0828667060582
5,22200,1129.0828667060582
5,22250,1129.0828667060582
5,22300,1129.0828667060582
5,22350,1129.0828667060582
5,22400,1129.0828667060582
5,22450,1129.0828667060582
5,22500,1129.0828667060582
5,22550,1129.0828667060582
5,22600,1129.0828667060582
5,22650,1129.0828667060582
5,22700,1129.0828667060582
5,22750,1129.0828667060582
5,22800,1129.0828667060582
5,22850,1129.0828667060582
5,22900,1129.0828667060582
5,22950,1129.0828667060582
5,23000,1129.0828667060582
5,23050,1129.0828667060582
5,23100,1129.0828667060582
5,23150,1129.0828667060582
5,23200,1129.0828667060582
5,23250,1129.0828667060582
5,23300,1129.0828667060582
5,23350,1129.0828667060582
5,23400,1129.0828667060582
5,23450,1129.0828667060582
5,23500,1129.0828667060582
5,23550,1129.0828667060582
5,23600,1129.0828667060582
5,23650,1129.0828667060582
5,23700,1129.0828667060582
5,23750,1129.0828667060582
5,23800,1129.0828667060582
5,23850,1129.0828667060582
5,23900,1129.0828667060582
5,23950,1129.0828667060582
5,24000,1129.0828667060582
5,24050,1129.0828667060582
5,24100,1129.0828667060582
5,24150,1129.0828667060582
5,24200,1129.0828667060582
5,24250,1129.0828667060582
5,24300,1129.0828667060582
5,24350,1129.0828667060582
5,24400,1129.0828667060582
5,24450,1129.0828667060582
5,24500,1129.0828667060582
5,24550,1129.0828667060582
5,24600,1129.0828667060582
5,24650,1129.0828667060582
5,24700,1129.0828667060582
5,24750,1129.0828667060582
5,24800,1129.0828667060582
5,24850,1129.0828667060582
5,24900,1129.0828667060582
5,24950,1129.0828667060582
5,25000,1129.0828667060582
5,25050,1129.0828667060582
5,25100,1129.0828667060582
5,25150,1129.0828667060582
5,25200,1129.0828667060582
5,25250,1129.0828667060582
5,25300,1129.0828667060582
5,25350,1129.0828667060582
5,25400,1129.0828667060582
5,25450,1129.0828667060582
5,25500,1129.0828667060582
5,25550,1129.0828667060582
5,25600,1129.0828667060582
5,25650,1129.0828667060582
5,25700,1129.0828667060582
5,25750,1129.0828667060582
5,25800,1129.0828667060582
5,25850,1129.0828667060582
5,25900,1129.0828667060582
5,25950,1129.0828667060582
5,26000,1129.0828667060582
5,26050,1129.0828667060582
5,26100,1129.0828667060582
5,26150,1129.0828667060582
5,26200,1129.0828667060582
5,26250,1129.0828667060582
5,26300,1129.0828667060582
5,26350,1129.0828667060582
5,26400,1117.174127312845
5,26450,1117.174127312845
5,26500,1117.174127312845
5,26550,1117.174127312845
5,26600,1117.174127312845
5,26650,1117.174127312845
5,26700,1117.174127312845
5,26750,1117.174127312845
5,26800,1117.174127312845
5,26850,1117.174127312845
5,26900,1117.174127312845
5,26950,1117.174127312845
5,27000,1117.174127312845
5,27050,1117.174127312845
5,27100,1117.174127312845
5,27150,1117.174127312845
5,27200,1117.174127312845
5,27250,1117.174127312845
5,27300,1117.174127312845
5,27350,1117.174127312845
5,27400,1117.174127312845
5,27450,1117.174127312845
5,27500,1117.174127312845
5,27550,1117.174127312845
5,27600,1117.174127312845
5,27650,1117.174127312845
5,27700,1117.174127312845
5,27750,1117.174127312845
5,27800,1117.174127312845
5,27850,1117.174127312845
5,27900,1117.174127312845
5,27950,1117.174127312845
5,28000,1117.174127312845
5,28050,1117.174127312845
5,28100,1117.174127312845
5,28150,1117.174127312845
5,28200,1117.174127312845
5,28250,1117.174127312845
5,28300,1117.174127312845
5,28350,1117.174127312845
5,28400,1117.174127312845
5,28450,1117.174127312845
5,28500,1117.174127312845
5,28550,1117.174127312845
5,28600,1117.174127312845
5,28650,1117.174127312845
5,28700,1117.174127312845
5,28750,1117.174127312845
5,28800,1117.174127312845
5,28850,1117.174127312845
5,28900,1117.174127312845
5,28950,1117.174127312845
5,29000,1117.174127312845
5,29050,1117.174127312845
5,29100,1117.174127312845
5,29150,1117.174127312845
5,29200,1117.174127312845
5,29250,1117.174127312845
5,29300,1117.174127312845
5,29350,1117.174127312845
5,29400,1117.174127312845
5,29450,1117.174127312845
5,29500,1117.174127312845
5,29550,1117.174127312845
5,29600,1117.174127312845
5,29650,1117.174127312845
5,29700,1117.174127312845
5,29750,1117.174127312845
5,29800,1117.174127312845
5,29850,1117.174127312845
5,29900,1117.174127312845
5,29950,1117.174127312845
5,30000,1117.174127312845
5,30050,1117.174127312845
5,30100,1117.174127312845
5,30150,1117.174127312845
5,30200,1117.174127312845
5,30250,1117.174127312845
5,30300,1117.174127312845
5,30350,1117.174127312845
5,30400,1117.174127312845
5,30450,1117.174127312845
5,30500,1117.174127312845
5,30550,1117.174127312845
5,30600,1117.174127312845
5,30650,1117.174127312845
5,30700,1117.174127312845
5,30750,1117.174127312845
5,30800,1117.174127312845
5,30850,1117.174127312845
5,30900,1117.174127312845
5,30950,1117.174127312845
5,31000,1117.174127312845
5,31050,1117.174127312845
5,31100,1117.174127312845
5,31150,1117.174127312845
5,31200,1117.174127312845
5,31250,1117.174127312845
5,31300,1117.174127312845
5,31350,1117.174127312845
5,31400,1114.8525252686345
5,31450,1114.8525252686345
5,31500,1114.8525252686345
5,31550,1114.8525252686345
5,31600,1114.8525252686345
5,31650,1114.8525252686345
5,31700,1114.8525252686345
5,31750,1114.8525252686345
5,31800,1114.8525252686345
5,31850,1114.8525252686345
5,31900,1114.8525252686345
5,31950,1114.8525252686345
5,32000,1114.8525252686345
5,32050,1114.8525252686345
5,32100,1114.8525252686345
5,32150,1114.8525252686345
5,32200,1114.8525252686345
5,32250,1114.8525252686345
5,32300,1114.8525252686345
5,32350,1114.8525252686345
5,32400,1114.8525252686345
5,32450,1114.8525252686345
5,32500,1114.8525252686345
5,32550,1114.8525252686345
5,32600,1114.8525252686345
5,32650,1114.8525252686345
5,32700,1114.8525252686345
5,32750,1114.8525252686345
5,32800,1114.8525252686345
5,32850,1114.8525252686345
5,32900,1114.8525252686345
5,32950,1114.8525252686345
5,33000,1114.8525252686345
5,33050,1114.8525252686345
5,33100,1114.8525252686345
5,33150,1114.8525252686345
5,33200,1114.8525252686345
5,33250,1114.8525252686345
5,33300,1114.8525252686345
5,33350,1114.8525252686345
5,33400,1114.8525252686345
5,33450,1114.8525252686345
5,33500,1114.8525252686345
5,33550,1114.8525252686345
5,33600,1114.8525252686345
5,33650,1114.8525252686345
5,33700,1114.8525252686345
5,33750,1114.8525252686345
5,33800,1114.8525252686345
5,33850,1114.8525252686345
5,33900,1114.8525252686345
5,33950,1114.8525252686345
5,34000,1114.8525252686345
5,34050,1114.8525252686345
5,34100,1114.8525252686345
5,34150,1114.8525252686345
5,34200,1114.8525252686345
5,34250,1114.8525252686345
5,34300,1114.8525252686345
5,34350,1114.8525252686345
5,34400,1114.8525252686345
5,34450,1114.8525252686345
5,34500,1114.8525252686345
5,34550,1114.8525252686345
5,34600,1114.8525252686345
5,34650,1114.8525252686345
5,34700,1114.8525252686345
5,34750,1114.8525252686345
5,34800,1114.8525252686345
5,34850,1114.8525252686345
5,34900,1114.8525252686345
5,34950,1114.8525252686345
5,35000,1114.8525252686345
5,35050,1114.8525252686345
5,35100,1114.8525252686345
5,35150,1114.8525252686345
5,35200,1114.8525252686345
5,35250,1114.8525252686345
5,35300,1114.8525252686345
5,35350,1114.8525252686345
5,35400,1114.8525252686345
5,35450,1114.8525252686345
5,35500,1114.8525252686345
5,35550,1114.8525252686345
5,35600,1114.8525252686345
5,35650,1114.8525252686345
5,35700,1114.8525252686345
5,35750,1114.8525252686345
5,35800,1114.8525252686345
5,35850,1114.8525252686345
5,35900,1114.8525252686345
5,35950,1114.8525252686345
5,36000,1114.8525252686345
5,36050,1114.8525252686345
5,36100,1114.8525252686345
5,36150,1114.8525252686345
5,36200,1114.8525252686345
5,36250,1114.8525252686345
5,36300,1114.8525252686345
5,36350,1114.8525252686345
5,36400,1114.8525252686345
5,36450,1114.8525252686345
5,36500,1114.8525252686345
5,36550,1114.8525252686345
5,36600,1114.8525252686345
5,36650,1114.8525252686345
5,36700,1114.8525252686345
5,36750,1114.8525252686345
5,36800,1114.8525252686345
5,36850,1114.8525252686345
5,36900,1114.8525252686345
5,36950,1114.8525252686345
5,37000,1114.8525252686345
5,37050,1114.8525252686345
5,37100,1114.8525252686345
5,37150,1114.8525252686345
5,37200,1114.8525252686345
5,37250,1114.8525252686345
5,37300,1114.8525252686345
5,37350,1114.8525252686345
5,37400,1114.8525252686345
5,37450,1114.8525252686345
5,37500,1114.8525252686345
5,37550,1114.8525252686345
5,37600,1114.8525252686345
5,37650,1114.8525252686345
5,37700,1114.8525252686345
5,37750,1114.8525252686345
5,37800,1114.8525252686345
5,37850,1114.8525252686345
5,37900,1114.8525252686345
5,37950,1114.8525252686345
5,38000,1114.8525252686345
5,38050,1114.8525252686345
5,38100,1114.8525252686345
5,38150,1114.8525252686345
5,38200,1114.8525252686345
5,38250,1114.8525252686345
5,38300,1114.8525252686345
5,38350,1114.8525252686345
5,38400,1114.8525252686345
5,38450,1114.8525252686345
5,38500,1114.8525252686345
5,38550,1114.8525252686345
5,38600,1114.8525252686345
5,38650,1114.8525252686345
5,38700,1114.8525252686345
5,38750,1114.8525252686345
5,38800,1114.8525252686345
5,38850,1114.8525252686345
5,38900,1114.8525252686345
5,38950,1114.8525252686345
5,39000,1114.8525252686345
5,39050,1114.8525252686345
5,39100,1114.8525252686345
5,39150,1114.8525252686345
5,39200,1114.8525252686345
5,39250,1114.8525252686345
5,39300,1114.8525252686345
5,39350,1114.8525252686345
5,39400,1114.8525252686345
5,39450,1114.8525252686345
5,39500,1114.8525252686345
5,39550,1114.8525252686345
5,39600,1114.8525252686345
5,39650,1114.8525252686345
5,39700,1114.8525252686345
5,39750,1114.8525252686345
5,39800,1114.8525252686345
5,39850,1114.8525252686345
5,39900,1114.8525252686345
5,39950,1114.8525252686345
5,40000,1114.8525252686345
5,40050,1114.8525252686345
5,40100,1114.8525252686345
5,40150,1114.8525252686345
5,40200,1114.8525252686345
5,40250,1114.8525252686345
5,40300,1114.8525252686345
5,40350,1114.8525252686345
5,40400,1114.8525252686345
5,40450,1114.8525252686345
5,40500,1114.8525252686345
5,40550,1114.8525252686345
5,40600,1114.8525252686345
5,40650,1114.8525252686345
5,40700,1114.8525252686345
5,40750,1114.8525252686345
5,40800,1114.8525252686345
5,40850,1114.8525252686345
5,40900,1114.8525252686345
5,40950,1114.7331970838084
5,41000,1114.7331970838084
5,41050,1114.7331970838084
5,41100,1114.7331970838084
5,41150,1114.7331970838084
5,41200,1114.7331970838084
5,41250,1114.7331970838084
5,41300,1114.7331970838084
5,41350,1114.7331970838084
5,41400,1114.7331970838084
5,41450,1114.7331970838084
5,41500,1114.7331970838084
5,41550,1114.7331970838084
5,41600,1114.7331970838084
5,41650,1114.7331970838084
5,41700,1114.7331970838084
5,41750,1114.7331970838084
5,41800,1114.7331970838084
5,41850,1114.7331970838084
5,41900,1114.7331970838084
5,41950,1114.7331970838084
5,42000,1114.7331970838084
5,42050,1114.7331970838084
5,42100,1114.7331970838084
5,42150,1114.7331970838084
5,42200,1114.7331970838084
5,42250,1114.7331970838084
5,42300,1114.7331970838084
5,42350,1114.7331970838084
5,42400,1114.7331970838084
5,42450,1114.7331970838084
5,42500,1114.7331970838084
5,42550,1114.7331970838084
5,42600,1114.7331970838084
5,42650,1114.7331970838084
5,42700,1114.7331970838084
5,42750,1114.7331970838084
5,42800,1114.7331970838084
5,42850,1114.7331970838084
5,42900,1114.7331970838084
5,42950,1114.7331970838084
5,43000,1114.7331970838084
5,43050,1114.7331970838084
5,43100,1114.7331970838084
5,43150,1114.7331970838084
5,43200,1114.7331970838084
5,43250,1114.7331970838084
5,43300,1114.7331970838084
5,43350,1114.7331970838084
5,43400,1114.7331970838084
5,43450,1114.7331970838084
5,43500,1114.7331970838084
5,43550,1114.7331970838084
5,43600,1114.7331970838084
5,43650,1114.7331970838084
5,43700,1114.7331970838084
5,43750,1114.7331970838084
5,43800,1114.7331970838084
5,43850,1114.7331970838084
5,43900,1114.7331970838084
5,43950,1114.7331970838084
5,44000,1114.7331970838084
5,44050,1114.7331970838084
5,44100,1114.7331970838084
5,44150,1114.7331970838084
5,44200,1114.7331970838084
5,44250,1114.7331970838084
5,44300,1114.7331970838084
5,44350,1114.7331970838084
5,44400,1114.7331970838084
5,44450,1114.7331970838084
5,44500,1114.7331970838084
5,44550,1114.7331970838084
5,44600,1114.7331970838084
5,44650,1114.7331970838084
5,44700,1114.7331970838084
5,44750,1114.7331970838084
5,44800,1114.7331970838084
5,44850,1114.7331970838084
5,44900,1114.7331970838084
5,44950,1114.7331970838084
5,45000,1114.7331970838084
5,45050,1114.7331970838084
5,45100,1114.7331970838084
5,45150,1114.7331970838084
5,45200,1114.7331970838084
5,45250,1114.7331970838084
5,45300,1114.7331970838084
5,45350,1114.7331970838084
5,45400,1114.7331970838084
5,45450,1114.7331970838084
5,45500,1114.7331970838084
5,45550,1114.7331970838084
5,45600,1114.7331970838084
5,45650,1114.7331970838084
5,45700,1114.7331970838084
5,45750,1114.7331970838084
5,45800,1114.7331970838084
5,45850,1114.7331970838084
5,45900,1114.7331970838084
5,45950,1114.7331970838084
5,46000,1114.7331970838084
5,46050,1114.7331970838084
5,46100,1114.7331970838084
5,46150,1114.7331970838084
5,46200,1114.7331970838084
5,46250,1114.7331970838084
5,46300,1114.7331970838084
5,46350,1114.7331970838084
5,46400,1114.7331970838084
5,46450,1114.7331970838084
5,46500,1114.7331970838084
5,46550,1114.7331970838084
5,46600,1114.7331970838084
5,46650,1114.7331970838084
5,46700,1114.7331970838084
5,46750,1114.7331970838084
5,46800,1114.7331970838084
5,46850,1114.7331970838084
5,46900,1114.7331970838084
5,46950,1114.7331970838084
5,47000,1114.7331970838084
5,47050,1114.7331970838084
5,47100,1114.7331970838084
5,47150,1114.7331970838084
5,47200,1114.7331970838084
5,47250,1114.7331970838084
5,47300,1114.7331970838084
5,47350,1114.7331970838084
5,47400,1114.7331970838084
5,47450,1114.7331970838084
5,47500,1114.7331970838084
5,47550,1114.7331970838084
5,47600,1114.7331970838084
5,47650,1114.7331970838084
5,47700,1114.7331970838084
5,47750,1114.7331970838084
5,47800,1114.7331970838084
5,47850,1114.7331970838084
5,47900,1114.7331970838084
5,47950,1114.7331970838084
5,48000,1114.7331970838084
5,48050,1114.7331970838084
5,48100,1114.7331970838084
5,48150,1114.7331970838084
5,48200,1114.7331970838084
5,48250,1114.7331970838084
5,48300,1114.7331970838084
5,48350,1114.7331970838084
5,48400,1114.7331970838084
5,48450,1114.7331970838084
5,48500,1114.7331970838084
5,48550,1114.7331970838084
5,48600,1114.7331970838084
5,48650,1114.7331970838084
5,48700,1114.7331970838084
5,48750,1114.7331970838084
5,48800,1114.7331970838084
5,48850,1114.7331970838084
5,48900,1114.7331970838084
5,48950,1114.7331970838084
5,49000,1114.7331970838084
5,49050,1114.7331970838084
5,49100,1114.7331970838084
5,49150,1114.7331970838084
5,49200,1114.7331970838084
5,49250,1114.7331970838084
5,49300,1114.7331970838084
5,49350,1114.7331970838084
5,49400,1114.7331970838084
5,49450,1114.7331970838084
5,49500,1114.7331970838084
5,49550,1114.7331970838084
5,49600,1114.7331970838084
5,49650,1114.7331970838084
5,49700,1114.7331970838084
5,49750,1114.7331970838084
5,49800,1114.7331970838084
5,49850,1114.7331970838084
5,49900,1114.7331970838084
5,49950,1114.7331970838084
5,50000,1114.7331970838084
6,50,1409.9335202033496
6,100,1409.9335202033496
6,150,1338.3229023862805
6,200,1338.3229023862805
6,250,1338.3229023862805
6,300,1338.3229023862805
6,350,1299.7346072964972
6,400,1299.7346072964972
6,450,1299.7346072964972
6,500,1285.986211507235
6,550,1242.9296200056904
6,600,1242.9296200056904
6,650,1242.9296200056904
6,700,1242.9296200056904
6,750,1242.9296200056904
6,800,1242.9296200056904
6,850,1233.9625819393832
6,900,1223.1906075568402
6,950,1223.1906075568402
6,1000,1223.1906075568402
6,1050,1200.797721422682
6,1100,1200.797721422682
6,1150,1199.9122916720164
6,1200,1199.9122916720164
6,1250,1140.3594493683354
6,1300,1140.3594493683354
6,1350,1140.3594493683354
6,1400,1140.3594493683354
6,1450,1140.3594493683354
6,1500,1140.3594493683354
6,1550,1140.3594493683354
6,1600,1140.3594493683354
6,1650,1140.3594493683354
6,1700,1140.3594493683354
6,1750,1140.3594493683354
6,1800,1140.3594493683354
6,1850,1140.3594493683354
6,1900,1140.3594493683354
6,1950,1140.3594493683354
6,2000,1140.3594493683354
6,2050,1140.3594493683354
6,2100,1140.3594493683354
6,2150,1140.3594493683354
6,2200,1140.3594493683354
6,2250,1140.3594493683354
6,2300,1140.3594493683354
6,2350,1140.3594493683354
6,2400,1140.3594493683354
6,2450,1140.3594493683354
6,2500,1140.3594493683354
6,2550,1140.3594493683354
6,2600,1140.3594493683354
6,2650,1140.3594493683354
6,2700,1140.3594493683354
6,2750,1140.3594493683354
6,2800,1140.3594493683354
6,2850,1140.3594493683354
6,2900,1140.3594493683354
6,2950,1140.3594493683354
6,3000,1140.3594493683354
6,3050,1140.3594493683354
6,3100,1140.3594493683354
6,3150,1140.3594493683354
6,3200,1140.3594493683354
6,3250,1140.3594493683354
6,3300,1130.7488880934914
6,3350,1130.7488880934914
6,3400,1130.7488880934914
6,3450,1130.7488880934914
6,3500,1130.7488880934914
6,3550,1130.7488880934914
6,3600,1130.7488880934914
6,3650,1130.7488880934914
6,3700,1130.7488880934914
6,3750,1130.7488880934914
6,3800,1130.7488880934914
6,3850,1130.7488880934914
6,3900,1130.7488880934914
6,3950,1130.7488880934914
6,4000,1130.7488880934914
6,4050,1130.7488880934914
6,4100,1130.7488880934914
6,4150,1130.7488880934914
6,4200,1130.7488880934914
6,4250,1130.7488880934914
6,4300,1130.7488880934914
6,4350,1130.7488880934914
6,4400,1130.7488880934914
6,4450,1130.7488880934914
6,4500,1130.7488880934914
6,4550,1130.7488880934914
6,4600,1130.7488880934914
6,4650,1130.7488880934914
6,4700,1130.7488880934914
6,4750,1130.7488880934914
6,4800,1130.7488880934914
6,4850,1130.7488880934914
6,4900,1130.7488880934914
6,4950,1130.7488880934914
6,5000,1130.7488880934914
6,5050,1130.7488880934914
6,5100,1130.7488880934914
6,5150,1130.7488880934914
6,5200,1130.7488880934914
6,5250,1130.7488880934914
6,5300,1130.7488880934914
6,5350,1130.7488880934914
6,5400,1124.8599541132776
6,5450,1124.8599541132776
6,5500,1124.8599541132776
6,5550,1124.8599541132776
6,5600,1124.8599541132776
6,5650,1124.8599541132776
6,5700,1124.8599541132776
6,5750,1124.8599541132776
6,5800,1124.8599541132776
6,5850,1124.8599541132776
6,5900,1124.8599541132776
6,5950,1124.8599541132776
6,6000,1124.8599541132776
6,6050,1124.8599541132776
6,6100,1124.8599541132776
6,6150,1124.8599541132776
6,6200,1124.8599541132776
6,6250,1124.8599541132776
6,6300,1124.8599541132776
6,6350,1124.8599541132776
6,6400,1123.2834340085387
6,6450,1123.2834340085387
6,6500,1123.2834340085387
6,6550,1123.2834340085387
6,6600,1123.2834340085387
6,6650,1123.2834340085387
6,6700,1123.2834340085387
6,6750,1123.2834340085387
6,6800,1123.2834340085387
6,6850,1123.2834340085387
6,6900,1123.2834340085387
6,6950,1123.2834340085387
6,7000,1123.2834340085387
6,7050,1123.2834340085387
6,7100,1123.2834340085387
6,7150,1123.2834340085387
6,7200,1123.2834340085387
6,7250,1123.2834340085387
6,7300,1123.2834340085387
6,7350,1123.2834340085387
6,7400,1123.2834340085387
6,7450,1123.2834340085387
6,7500,1123.2834340085387
6,7550,1123.2834340085387
6,7600,1123.2834340085387
6,7650,1123.2834340085387
6,7700,1123.2834340085387
6,7750,1123.2834340085387
6,7800,1123.2834340085387
6,7850,1123.2834340085387
6,7900,1123.2834340085387
6,7950,1123.2834340085387
6,8000,1123.2834340085387
6,8050,1123.2834340085387
6,8100,1123.2834340085387
6,8150,1123.2834340085387
6,8200,1123.2834340085387
6,8250,1123.2834340085387
6,8300,1123.2834340085387
6,8350,1123.2834340085387
6,8400,1123.2834340085387
6,8450,1123.2834340085387
6,8500,1123.2834340085387
6,8550,1123.2834340085387
6,8600,1123.2834340085387
6,8650,1123.2834340085387
6,8700,1123.2834340085387
6,8750,1123.2834340085387
6,8800,1123.2834340085387
6,8850,1123.2834340085387
6,8900,1123.2834340085387
6,8950,1123.2834340085387
6,9000,1123.2834340085387
6,9050,1123.2834340085387
6,9100,1123.2834340085387
6,9150,1123.2834340085387
6,9200,1123.2834340085387
6,9250,1123.2834340085387
6,9300,1123.2834340085387
6,9350,1119.416390161615
6,9400,1119.416390161615
6,9450,1119.416390161615
6,9500,1119.416390161615
6,9550,1119.416390161615
6,9600,1119.416390161615
6,9650,1119.416390161615
6,9700,1119.416390161615
6,9750,1119.416390161615
6,9800,1119.416390161615
6,9850,1119.416390161615
6,9900,1119.416390161615
6,9950,1119.416390161615
6,10000,1119.416390161615
6,10050,1119.416390161615
6,10100,1119.416390161615
6,10150,1119.416390161615
6,10200,1119.416390161615
6,10250,1119.416390161615
6,10300,1119.416390161615
6,10350,1119.416390161615
6,10400,1119.416390161615
6,10450,1119.416390161615
6,10500,1119.416390161615
6,10550,1119.416390161615
6,10600,1119.416390161615
6,10650,1119.416390161615
6,10700,1119.416390161615
6,10750,1119.416390161615
6,10800,1119.416390161615
6,10850,1119.416390161615
6,10900,1119.416390161615
6,10950,1119.416390161615
6,11000,1119.416390161615
6,11050,1119.416390161615
6,11100,1119.416390161615
6,11150,1119.416390161615
6,11200,1119.416390161615
6,11250,1119.416390161615
6,11300,1119.416390161615
6,11350,1119.416390161615
6,11400,1119.416390161615
6,11450,1119.416390161615
6,11500,1119.416390161615
6,11550,1119.416390161615
6,11600,1119.416390161615
6,11650,1119.416390161615
6,11700,1119.416390161615
6,11750,1119.416390161615
6,11800,1119.416390161615
6,11850,1119.416390161615
6,11900,1119.416390161615
6,11950,1119.416390161615
6,12000,1114.2690567306156
6,12050,1108.632340748131
6,12100,1108.632340748131
6,12150,1108.632340748131
6,12200,1108.632340748131
6,12250,1108.632340748131
6,12300,1108.632340748131
6,12350,1108.632340748131
6,12400,1108.632340748131
6,12450,1108.632340748131
6,12500,1108.632340748131
6,12550,1108.632340748131
6,12600,1108.632340748131
6,12650,1108.632340748131
6,12700,1108.632340748131
6,12750,1108.632340748131
6,12800,1108.632340748131
6,12850,1108.632340748131
6,12900,1108.632340748131
6,12950,1108.632340748131
6,13000,1108.632340748131
6,13050,1108.632340748131
6,13100,1108.632340748131
6,13150,1108.632340748131
6,13200,1108.632340748131
6,13250,1108.632340748131
6,13300,1108.632340748131
6,13350,1108.632340748131
6,13400,1108.632340748131
6,13450,1108.632340748131
6,13500,1108.632340748131
6,13550,1108.632340748131
6,13600,1108.632340748131
6,13650,1108.632340748131
6,13700,1108.632340748131
6,13750,1108.632340748131
6,13800,1108.632340748131
6,13850,1108.632340748131
6,13900,1108.632340748131
6,13950,1108.632340748131
6,14000,1108.632340748131
6,14050,1108.632340748131
6,14100,1108.632340748131
6,14150,1108.632340748131
6,14200,1108.632340748131
6,14250,1108.632340748131
6,14300,1108.632340748131
6,14350,1108.632340748131
6,14400,1108.632340748131
6,14450,1108.632340748131
6,14500,1108.632340748131
6,14550,1108.632340748131
6,14600,1108.632340748131
6,14650,1108.632340748131
6,14700,1108.632340748131
6,14750,1108.632340748131
6,14800,1108.632340748131
6,14850,1108.632340748131
6,14900,1108.632340748131
6,14950,1108.632340748131
6,15000,1108.632340748131
6,15050,1108.632340748131
6,15100,1108.632340748131
6,15150,1108.632340748131
6,15200,1108.632340748131
6,15250,1108.632340748131
6,15300,1108.632340748131
6,15350,1108.632340748131
6,15400,1108.632340748131
6,15450,1108.632340748131
6,15500,1108.632340748131
6,15550,1108.632340748131
6,15600,1108.632340748131
6,15650,1108.632340748131
6,15700,1108.632340748131
6,15750,1108.632340748131
6,15800,1108.632340748131
6,15850,1108.632340748131
6,15900,1108.632340748131
6,15950,1108.632340748131
6,16000,1108.632340748131
6,16050,1108.632340748131
6,16100,1108.632340748131
6,16150,1108.632340748131
6,16200,1108.632340748131
6,16250,1108.632340748131
6,16300,1108.632340748131
6,16350,1108.632340748131
6,16400,1108.632340748131
6,16450,1108.632340748131
6,16500,1108.632340748131
6,16550,1108.632340748131
6,16600,1108.632340748131
6,16650,1108.632340748131
6,16700,1108.632340748131
6,16750,1108.632340748131
6,16800,1108.632340748131
6,16850,1108.632340748131
6,16900,1108.632340748131
6,16950,1108.632340748131
6,17000,1108.632340748131
6,17050,1108.632340748131
6,17100,1108.632340748131
6,17150,1108.632340748131
6,17200,1108.632340748131
6,17250,1108.632340748131
6,17300,1108.632340748131
6,17350,1108.632340748131
6,17400,1108.632340748131
6,17450,1108.632340748131
6,17500,1108.632340748131
6,17550,1108.632340748131
6,17600,1108.632340748131
6,17650,1108.632340748131
6,17700,1108.632340748131
6,17750,1108.632340748131
6,17800,1108.632340748131
6,17850,1108.632340748131
6,17900,1108.632340748131
6,17950,1108.632340748131
6,18000,1108.632340748131
6,18050,1108.632340748131
6,18100,1108.632340748131
6,18150,1108.632340748131
6,18200,1108.632340748131
6,18250,1108.632340748131
6,18300,1108.632340748131
6,18350,1108.632340748131
6,18400,1108.632340748131
6,18450,1108.632340748131
6,18500,1108.632340748131
6,18550,1108.632340748131
6,18600,1108.632340748131
6,18650,1108.632340748131
6,18700,1108.632340748131
6,18750,1108.632340748131
6,18800,1108.632340748131
6,18850,1108.632340748131
6,18900,1108.632340748131
6,18950,1108.632340748131
6,19000,1108.632340748131
6,19050,1108.632340748131
6,19100,1108.632340748131
6,19150,1105.119115886707
6,19200,1105.119115886707
6,19250,1105.119115886707
6,19300,1105.119115886707
6,19350,1105.119115886707
6,19400,1105.119115886707
6,19450,1105.119115886707
6,19500,1105.119115886707
6,19550,1105.119115886707
6,19600,1105.119115886707
6,19650,1105.119115886707
6,19700,1105.119115886707
6,19750,1105.119115886707
6,19800,1105.119115886707
6,19850,1105.119115886707
6,19900,1105.119115886707
6,19950,1105.119115886707
6,20000,1105.119115886707
6,20050,1105.119115886707
6,20100,1105.119115886707
6,20150,1105.119115886707
6,20200,1105.119115886707
6,20250,1105.119115886707
6,20300,1105.119115886707
6,20350,1105.119115886707
6,20400,1105.119115886707
6,20450,1105.119115886707
6,20500,1105.119115886707
6,20550,1105.119115886707
6,20600,1105.119115886707
6,20650,1105.119115886707
6,20700,1105.119115886707
6,20750,1105.119115886707
6,20800,1105.119115886707
6,20850,1105.119115886707
6,20900,1105.119115886707
6,20950,1105.119115886707
6,21000,1105.119115886707
6,21050,1105.119115886707
6,21100,1105.119115886707
6,21150,1105.119115886707
6,21200,1105.119115886707
6,21250,1105.119115886707
6,21300,1105.119115886707
6,21350,1105.119115886707
6,21400,1105.119115886707
6,21450,1105.119115886707
6,21500,1105.119115886707
6,21550,1105.119115886707
6,21600,1105.119115886707
6,21650,1105.119115886707
6,21700,1105.119115886707
6,21750,1105.119115886707
6,21800,1105.119115886707
6,21850,1105.119115886707
6,21900,1105.119115886707
6,21950,1105.119115886707
6,22000,1105.119115886707
6,22050,1105.119115886707
6,22100,1105.119115886707
6,22150,1105.119115886707
6,22200,1105.119115886707
6,22250,1105.119115886707
6,22300,1105.119115886707
6,22350,1105.119115886707
6,22400,1105.119115886707
6,22450,1105.119115886707
6,22500,1105.119115886707
6,22550,1105.119115886707
6,22600,1105.119115886707
6,22650,1105.119115886707
6,22700,1105.119115886707
6,22750,1105.119115886707
6,22800,1105.119115886707
6,22850,1105.119115886707
6,22900,1105.119115886707
6,22950,1105.119115886707
6,23000,1105.119115886707
6,23050,1105.119115886707
6,23100,1105.119115886707
6,23150,1105.119115886707
6,23200,1105.119115886707
6,23250,1105.119115886707
6,23300,1105.119115886707
6,23350,1105.119115886707
6,23400,1105.119115886707
6,23450,1105.119115886707
6,23500,1105.119115886707
6,23550,1105.119115886707
6,23600,1105.119115886707
6,23650,1105.119115886707
6,23700,1105.119115886707
6,23750,1105.119115886707
6,23800,1105.119115886707
6,23850,1105.119115886707
6,23900,1105.119115886707
6,23950,1105.119115886707
6,24000,1105.119115886707
6,24050,1105.119115886707
6,24100,1105.119115886707
6,24150,1105.119115886707
6,24200,1105.119115886707
6,24250,1105.119115886707
6,24300,1105.119115886707
6,24350,1105.119115886707
6,24400,1105.119115886707
6,24450,1105.119115886707
6,24500,1105.119115886707
6,24550,1105.119115886707
6,24600,1105.119115886707
6,24650,1105.119115886707
6,24700,1105.119115886707
6,24750,1105.119115886707
6,24800,1105.119115886707
6,24850,1105.119115886707
6,24900,1105.119115886707
6,24950,1105.119115886707
6,25000,1105.119115886707
6,25050,1105.119115886707
6,25100,1105.119115886707
6,25150,1105.119115886707
6,25200,1105.119115886707
6,25250,1105.119115886707
6,25300,1105.119115886707
6,25350,1105.119115886707
6,25400,1105.119115886707
6,25450,1105.119115886707
6,25500,1105.119115886707
6,25550,1105.119115886707
6,25600,1105.119115886707
6,25650,1105.119115886707
6,25700,1105.119115886707
6,25750,1105.119115886707
6,25800,1105.119115886707
6,25850,1105.119115886707
6,25900,1105.119115886707
6,25950,1105.119115886707
6,26000,1105.119115886707
6,26050,1105.119115886707
6,26100,1105.119115886707
6,26150,1105.119115886707
6,26200,1105.119115886707
6,26250,1105.119115886707
6,26300,1105.119115886707
6,26350,1105.119115886707
6,26400,1105.119115886707
6,26450,1105.119115886707
6,26500,1105.119115886707
6,26550,1105.119115886707
6,26600,1105.119115886707
6,26650,1105.119115886707
6,26700,1105.119115886707
6,26750,1105.119115886707
6,26800,1105.119115886707
6,26850,1105.119115886707
6,26900,1105.119115886707
6,26950,1105.119115886707
6,27000,1105.119115886707
6,27050,1105.119115886707
6,27100,1105.119115886707
6,27150,1105.119115886707
6,27200,1105.119115886707
6,27250,1105.119115886707
6,27300,1105.119115886707
6,27350,1105.119115886707
6,27400,1105.119115886707
6,27450,1105.119115886707
6,27500,1105.119115886707
6,27550,1105.119115886707
6,27600,1105.119115886707
6,27650,1105.119115886707
6,27700,1105.119115886707
6,27750,1105.119115886707
6,27800,1105.119115886707
6,27850,1105.119115886707
6,27900,1105.119115886707
6,27950,1105.119115886707
6,28000,1105.119115886707
6,28050,1105.119115886707
6,28100,1105.119115886707
6,28150,1105.119115886707
6,28200,1105.119115886707
6,28250,1105.119115886707
6,28300,1105.119115886707
6,28350,1105.119115886707
6,28400,1105.119115886707
6,28450,1105.119115886707
6,28500,1105.119115886707
6,28550,1105.119115886707
6,28600,1105.119115886707
6,28650,1105.119115886707
6,28700,1105.119115886707
6,28750,1105.119115886707
6,28800,1105.119115886707
6,28850,1105.119115886707
6,28900,1105.119115886707
6,28950,1105.119115886707
6,29000,1105.119115886707
6,29050,1105.119115886707
6,29100,1105.119115886707
6,29150,1105.119115886707
6,29200,1105.119115886707
6,29250,1105.119115886707
6,29300,1105.119115886707
6,29350,1105.119115886707
6,29400,1105.119115886707
6,29450,1105.119115886707
6,29500,1105.119115886707
6,29550,1105.119115886707
6,29600,1105.119115886707
6,29650,1105.119115886707
6,29700,1105.119115886707
6,29750,1105.119115886707
6,29800,1105.119115886707
6,29850,1105.119115886707
6,29900,1105.119115886707
6,29950,1105.119115886707
6,30000,1105.119115886707
6,30050,1105.119115886707
6,30100,1105.119115886707
6,30150,1105.119115886707
6,30200,1105.119115886707
6,30250,1105.119115886707
6,30300,1105.119115886707
6,30350,1105.119115886707
6,30400,1105.119115886707
6,30450,1105.119115886707
6,30500,1105.119115886707
6,30550,1105.119115886707
6,30600,1105.119115886707
6,30650,1105.119115886707
6,30700,1105.119115886707
6,30750,1105.119115886707
6,30800,1105.119115886707
6,30850,1105.119115886707
6,30900,1105.119115886707
6,30950,1105.119115886707
6,31000,1105.119115886707
6,31050,1105.119115886707
6,31100,1105.119115886707
6,31150,1105.119115886707
6,31200,1105.119115886707
6,31250,1105.119115886707
6,31300,1105.119115886707
6,31350,1105.119115886707
6,31400,1105.119115886707
6,31450,1105.119115886707
6,31500,1105.119115886707
6,31550,1105.119115886707
6,31600,1105.119115886707
6,31650,1105.119115886707
6,31700,1105.119115886707
6,31750,1105.119115886707
6,31800,1105.119115886707
6,31850,1105.119115886707
6,31900,1105.119115886707
6,31950,1105.119115886707
6,32000,1105.119115886707
6,32050,1105.119115886707
6,32100,1105.119115886707
6,32150,1105.119115886707
6,32200,1105.119115886707
6,32250,1105.119115886707
6,32300,1105.119115886707
6,32350,1105.119115886707
6,32400,1105.119115886707
6,32450,1105.119115886707
6,32500,1105.119115886707
6,32550,1105.119115886707
6,32600,1105.119115886707
6,32650,1105.119115886707
6,32700,1105.119115886707
6,32750,1105.119115886707
6,32800,1105.119115886707
6,32850,1105.119115886707
6,32900,1105.119115886707
6,32950,1105.119115886707
6,33000,1105.119115886707
6,33050,1105.119115886707
6,33100,1105.119115886707
6,33150,1105.119115886707
6,33200,1105.119115886707
6,33250,1105.119115886707
6,33300,1105.119115886707
6,33350,1105.119115886707
6,33400,1105.119115886707
6,33450,1105.119115886707
6,33500,1105.119115886707
6,33550,1105.119115886707
6,33600,1105.119115886707
6,33650,1105.119115886707
6,33700,1105.119115886707
6,33750,1105.119115886707
6,33800,1105.119115886707
6,33850,1105.119115886707
6,33900,1105.119115886707
6,33950,1105.119115886707
6,34000,1105.119115886707
6,34050,1105.119115886707
6,34100,1105.119115886707
6,34150,1105.119115886707
6,34200,1105.119115886707
6,34250,1105.119115886707
6,34300,1105.119115886707
6,34350,1105.119115886707
6,34400,1105.119115886707
6,34450,1105.119115886707
6,34500,1105.119115886707
6,34550,1105.119115886707
6,34600,1105.119115886707
6,34650,1105.119115886707
6,34700,1105.119115886707
6,34750,1105.119115886707
6,34800,1105.119115886707
6,34850,1105.119115886707
6,34900,1105.119115886707
6,34950,1105.119115886707
6,35000,1105.119115886707
6,35050,1105.119115886707
6,35100,1105.119115886707
6,35150,1105.119115886707
6,35200,1105.119115886707
6,35250,1105.119115886707
6,35300,1105.119115886707
6,35350,1105.119115886707
6,35400,1105.119115886707
6,35450,1105.119115886707
6,35500,1105.119115886707
6,35550,1105.119115886707
6,35600,1105.119115886707
6,35650,1105.119115886707
6,35700,1105.119115886707
6,35750,1105.119115886707
6,35800,1105.119115886707
6,35850,1105.119115886707
6,35900,1105.119115886707
6,35950,1105.119115886707
6,36000,1105.119115886707
6,36050,1105.119115886707
6,36100,1105.119115886707
6,36150,1105.119115886707
6,36200,1105.119115886707
6,36250,1105.119115886707
6,36300,1105.119115886707
6,36350,1105.119115886707
6,36400,1105.119115886707
6,36450,1105.119115886707
6,36500,1105.119115886707
6,36550,1105.119115886707
6,36600,1105.119115886707
6,36650,1105.119115886707
6,36700,1105.119115886707
6,36750,1105.119115886707
6,36800,1105.119115886707
6,36850,1105.119115886707
6,36900,1105.119115886707
6,36950,1105.119115886707
6,37000,1105.119115886707
6,37050,1105.119115886707
6,37100,1105.119115886707
6,37150,1105.119115886707
6,37200,1105.119115886707
6,37250,1105.119115886707
6,37300,1105.119115886707
6,37350,1105.119115886707
6,37400,1105.119115886707
6,37450,1105.119115886707
6,37500,1105.119115886707
6,37550,1105.119115886707
6,37600,1105.119115886707
6,37650,1105.119115886707
6,37700,1105.119115886707
6,37750,1105.119115886707
6,37800,1105.119115886707
6,37850,1105.119115886707
6,37900,1105.119115886707
6,37950,1105.119115886707
6,38000,1105.119115886707
6,38050,1105.119115886707
6,38100,1105.119115886707
6,38150,1105.119115886707
6,38200,1105.119115886707
6,38250,1105.119115886707
6,38300,1105.119115886707
6,38350,1105.119115886707
6,38400,1105.119115886707
6,38450,1105.119115886707
6,38500,1105.119115886707
6,38550,1105.119115886707
6,38600,1105.119115886707
6,38650,1105.119115886707
6,38700,1105.119115886707
6,38750,1105.119115886707
6,38800,1105.119115886707
6,38850,1105.119115886707
6,38900,1105.119115886707
6,38950,1105.119115886707
6,39000,1105.119115886707
6,39050,1105.119115886707
6,39100,1105.119115886707
6,39150,1105.119115886707
6,39200,1105.119115886707
6,39250,1105.119115886707
6,39300,1105.119115886707
6,39350,1105.119115886707
6,39400,1105.119115886707
6,39450,1105.119115886707
6,39500,1105.119115886707
6,39550,1105.119115886707
6,39600,1105.119115886707
6,39650,1105.119115886707
6,39700,1105.119115886707
6,39750,1105.119115886707
6,39800,1105.119115886707
6,39850,1105.119115886707
6,39900,1105.119115886707
6,39950,1105.119115886707
6,40000,1105.119115886707
6,40050,1105.119115886707
6,40100,1105.119115886707
6,40150,1105.119115886707
6,40200,1105.119115886707
6,40250,1105.119115886707
6,40300,1105.119115886707
6,40350,1105.119115886707
6,40400,1105.119115886707
6,40450,1105.119115886707
6,40500,1105.119115886707
6,40550,1105.119115886707
6,40600,1105.119115886707
6,40650,1105.119115886707
6,40700,1105.119115886707
6,40750,1105.119115886707
6,40800,1105.119115886707
6,40850,1105.119115886707
6,40900,1105.119115886707
6,40950,1105.119115886707
6,41000,1105.119115886707
6,41050,1105.119115886707
6,41100,1105.119115886707
6,41150,1105.119115886707
6,41200,1105.119115886707
6,41250,1105.119115886707
6,41300,1105.119115886707
6,41350,1105.119115886707
6,41400,1105.119115886707
6,41450,1105.119115886707
6,41500,1105.119115886707
6,41550,1105.119115886707
6,41600,1105.119115886707
6,41650,1105.119115886707
6,41700,1105.119115886707
6,41750,1105.119115886707
6,41800,1105.119115886707
6,41850,1105.119115886707
6,41900,1105.119115886707
6,41950,1105.119115886707
6,42000,1105.119115886707
6,42050,1105.119115886707
6,42100,1105.119115886707
6,42150,1105.119115886707
6,42200,1105.119115886707
6,42250,1105.119115886707
6,42300,1105.119115886707
6,42350,1105.119115886707
6,42400,1105.119115886707
6,42450,1105.119115886707
6,42500,1105.119115886707
6,42550,1105.119115886707
6,42600,1105.119115886707
6,42650,1105.119115886707
6,42700,1105.119115886707
6,42750,1105.119115886707
6,42800,1105.119115886707
6,42850,1105.119115886707
6,42900,1105.119115886707
6,42950,1105.119115886707
6,43000,1105.119115886707
6,43050,1105.119115886707
6,43100,1105.119115886707
6,43150,1105.119115886707
6,43200,1105.119115886707
6,43250,1105.119115886707
6,43300,1105.119115886707
6,43350,1105.119115886707
6,43400,1105.119115886707
6,43450,1105.119115886707
6,43500,1105.119115886707
6,43550,1105.119115886707
6,43600,1105.119115886707
6,43650,1105.119115886707
6,43700,1105.119115886707
6,43750,1105.119115886707
6,43800,1105.119115886707
6,43850,1105.119115886707
6,43900,1105.119115886707
6,43950,1105.119115886707
6,44000,1105.119115886707
6,44050,1105.119115886707
6,44100,1105.119115886707
6,44150,1105.119115886707
6,44200,1105.119115886707
6,44250,1105.119115886707
6,44300,1105.119115886707
6,44350,1105.119115886707
6,44400,1105.119115886707
6,44450,1105.119115886707
6,44500,1105.119115886707
6,44550,1105.119115886707
6,44600,1105.119115886707
6,44650,1105.119115886707
6,44700,1105.119115886707
6,44750,1105.119115886707
6,44800,1105.119115886707
6,44850,1105.119115886707
6,44900,1105.119115886707
6,44950,1105.119115886707
6,45000,1105.119115886707
6,45050,1105.119115886707
6,45100,1105.119115886707
6,45150,1105.119115886707
6,45200,1105.119115886707
6,45250,1105.119115886707
6,45300,1105.119115886707
6,45350,1105.119115886707
6,45400,1105.119115886707
6,45450,1105.119115886707
6,45500,1105.119115886707
6,45550,1105.119115886707
6,45600,1105.119115886707
6,45650,1105.119115886707
6,45700,1105.119115886707
6,45750,1105.119115886707
6,45800,1105.119115886707
6,45850,1105.119115886707
6,45900,1105.119115886707
6,45950,1105.119115886707
6,46000,1105.119115886707
6,46050,1105.119115886707
6,46100,1105.119115886707
6,46150,1105.119115886707
6,46200,1105.119115886707
6,46250,1105.119115886707
6,46300,1105.119115886707
6,46350,1105.119115886707
6,46400,1105.119115886707
6,46450,1105.119115886707
6,46500,1105.119115886707
6,46550,1105.119115886707
6,46600,1105.119115886707
6,46650,1105.119115886707
6,46700,1105.119115886707
6,46750,1105.119115886707
6,46800,1105.119115886707
6,46850,1105.119115886707
6,46900,1105.119115886707
6,46950,1105.119115886707
6,47000,1105.119115886707
6,47050,1105.119115886707
6,47100,1105.119115886707
6,47150,1105.119115886707
6,47200,1105.119115886707
6,47250,1105.119115886707
6,47300,1105.119115886707
6,47350,1105.119115886707
6,47400,1105.119115886707
6,47450,1105.119115886707
6,47500,1105.119115886707
6,47550,1105.119115886707
6,47600,1105.119115886707
6,47650,1105.119115886707
6,47700,1105.119115886707
6,47750,1105.119115886707
6,47800,1105.119115886707
6,47850,1105.119115886707
6,47900,1105.119115886707
6,47950,1105.119115886707
6,48000,1105.119115886707
6,48050,1105.119115886707
6,48100,1105.119115886707
6,48150,1105.119115886707
6,48200,1105.119115886707
6,48250,1105.119115886707
6,48300,1105.119115886707
6,48350,1105.119115886707
6,48400,1105.119115886707
6,48450,1105.119115886707
6,48500,1105.119115886707
6,48550,1105.119115886707
6,48600,1105.119115886707
6,48650,1105.119115886707
6,48700,1105.119115886707
6,48750,1105.119115886707
6,48800,1105.119115886707
6,48850,1105.119115886707
6,48900,1105.119115886707
6,48950,1105.119115886707
6,49000,1105.119115886707
6,49050,1105.119115886707
6,49100,1105.119115886707
6,49150,1105.119115886707
6,49200,1105.119115886707
6,49250,1105.119115886707
6,49300,1105.119115886707
6,49350,1105.119115886707
6,49400,1105.119115886707
6,49450,1105.119115886707
6,49500,1105.119115886707
6,49550,1105.119115886707
6,49600,1105.119115886707
6,49650,1105.119115886707
6,49700,1105.119115886707
6,49750,1105.119115886707
6,49800,1105.119115886707
6,49850,1105.119115886707
6,49900,1105.119115886707
6,49950,1105.119115886707
6,50000,1105.119115886707
7,50,1424.4506716442397
7,100,1424.4506716442397
7,150,1387.667162798493
7,200,1387.1919755844797
7,250,1387.1919755844797
7,300,1387.1919755844797
7,350,1387.1919755844797
7,400,1387.1919755844797
7,450,1358.59050481551
7,500,1358.59050481551
7,550,1312.2903067865336
7,600,1312.2903067865336
7,650,1312.2903067865336
7,700,1312.2903067865336
7,750,1287.1402031222997
7,800,1213.4148980665614
7,850,1213.4148980665614
7,900,1213.4148980665614
7,950,1181.1513086520029
7,1000,1181.1513086520029
7,1050,1181.1513086520029
7,1100,1181.1513086520029
7,1150,1170.020201170116
7,1200,1170.020201170116
7,1250,1170.020201170116
7,1300,1170.020201170116
7,1350,1170.020201170116
7,1400,1170.020201170116
7,1450,1170.020201170116
7,1500,1170.020201170116
7,1550,1170.020201170116
7,1600,1170.020201170116
7,1650,1170.020201170116
7,1700,1170.020201170116
7,1750,1169.8466042122059
7,1800,1169.8466042122059
7,1850,1169.8466042122059
7,1900,1131.7142258965077
7,1950,1131.7142258965077
7,2000,1131.7142258965077
7,2050,1131.7142258965077
7,2100,1131.7142258965077
7,2150,1131.7142258965077
7,2200,1131.7142258965077
7,2250,1131.7142258965077
7,2300,1131.7142258965077
7,2350,1131.7142258965077
7,2400,1131.7142258965077
7,2450,1131.7142258965077
7,2500,1131.7142258965077
7,2550,1131.7142258965077
7,2600,1131.7142258965077
7,2650,1131.7142258965077
7,2700,1131.7142258965077
7,2750,1131.7142258965077
7,2800,1131.7142258965077
7,2850,1131.7142258965077
7,2900,1131.7142258965077
7,2950,1131.7142258965077
7,3000,1131.7142258965077
7,3050,1131.7142258965077
7,3100,1131.7142258965077
7,3150,1131.7142258965077
7,3200,1131.7142258965077
7,3250,1131.7142258965077
7,3300,1131.7142258965077
7,3350,1131.7142258965077
7,3400,1131.7142258965077
7,3450,1131.7142258965077
7,3500,1131.7142258965077
7,3550,1131.7142258965077
7,3600,1131.7142258965077
7,3650,1131.7142258965077
7,3700,1131.7142258965077
7,3750,1131.7142258965077
7,3800,1131.7142258965077
7,3850,1131.7142258965077
7,3900,1131.7142258965077
7,3950,1131.7142258965077
7,4000,1131.7142258965077
7,4050,1131.7142258965077
7,4100,1131.7142258965077
7,4150,1131.7142258965077
7,4200,1131.7142258965077
7,4250,1131.7142258965077
7,4300,1131.7142258965077
7,4350,1131.7142258965077
7,4400,1131.7142258965077
7,4450,1131.7142258965077
7,4500,1131.7142258965077
7,4550,1131.7142258965077
7,4600,1131.7142258965077
7,4650,1131.7142258965077
7,4700,1131.7142258965077
7,4750,1131.7142258965077
7,4800,1131.7142258965077
7,4850,1131.7142258965077
7,4900,1131.7142258965077
7,4950,1131.7142258965077
7,5000,1131.7142258965077
7,5050,1131.7142258965077
7,5100,1131.7142258965077
7,5150,1131.7142258965077
7,5200,1131.7142258965077
7,5250,1131.7142258965077
7,5300,1131.7142258965077
7,5350,1131.7142258965077
7,5400,1131.7142258965077
7,5450,1131.7142258965077
7,5500,1131.7142258965077
7,5550,1131.7142258965077
7,5600,1131.7142258965077
7,5650,1131.7142258965077
7,5700,1131.7142258965077
7,5750,1131.7142258965077
7,5800,1131.7142258965077
7,5850,1131.7142258965077
7,5900,1131.7142258965077
7,5950,1131.7142258965077
7,6000,1131.7142258965077
7,6050,1131.7142258965077
7,6100,1131.7142258965077
7,6150,1131.7142258965077
7,6200,1131.7142258965077
7,6250,1131.7142258965077
7,6300,1131.7142258965077
7,6350,1131.7142258965077
7,6400,1131.7142258965077
7,6450,1131.7142258965077
7,6500,1131.7142258965077
7,6550,1131.7142258965077
7,6600,1131.7142258965077
7,6650,1131.7142258965077
7,6700,1131.7142258965077
7,6750,1131.7142258965077
7,6800,1131.7142258965077
7,6850,1131.7142258965077
7,6900,1131.7142258965077
7,6950,1131.7142258965077
7,7000,1131.7142258965077
7,7050,1131.7142258965077
7,7100,1131.7142258965077
7,7150,1131.7142258965077
7,7200,1131.7142258965077
7,7250,1131.7142258965077
7,7300,1131.7142258965077
7,7350,1131.7142258965077
7,7400,1131.7142258965077
7,7450,1131.0834321668367
7,7500,1131.0834321668367
7,7550,1131.0834321668367
7,7600,1131.0834321668367
7,7650,1131.0834321668367
7,7700,1131.0834321668367
7,7750,1131.0834321668367
7,7800,1131.0834321668367
7,7850,1131.0834321668367
7,7900,1131.0834321668367
7,7950,1131.0834321668367
7,8000,1131.0834321668367
7,8050,1131.0834321668367
7,8100,1131.0834321668367
7,8150,1131.0834321668367
7,8200,1131.0834321668367
7,8250,1131.0834321668367
7,8300,1131.0834321668367
7,8350,1131.0834321668367
7,8400,1131.0834321668367
7,8450,1131.0834321668367
7,8500,1131.0834321668367
7,8550,1131.0834321668367
7,8600,1131.0834321668367
7,8650,1131.0834321668367
7,8700,1131.0834321668367
7,8750,1131.0834321668367
7,8800,1131.0834321668367
7,8850,1131.0834321668367
7,8900,1131.0834321668367
7,8950,1131.0834321668367
7,9000,1131.0834321668367
7,9050,1131.0834321668367
7,9100,1131.0834321668367
7,9150,1131.0834321668367
7,9200,1131.0834321668367
7,9250,1131.0834321668367
7,9300,1131.0834321668367
7,9350,1131.0834321668367
7,9400,1131.0834321668367
7,9450,1131.0834321668367
7,9500,1131.0834321668367
7,9550,1131.0834321668367
7,9600,1131.0834321668367
7,9650,1131.0834321668367
7,9700,1131.0834321668367
7,9750,1131.0834321668367
7,9800,1131.0834321668367
7,9850,1131.0834321668367
7,9900,1131.0834321668367
7,9950,1131.0834321668367
7,10000,1131.0834321668367
7,10050,1131.0834321668367
7,10100,1131.0834321668367
7,10150,1131.0834321668367
7,10200,1131.0834321668367
7,10250,1131.0834321668367
7,10300,1131.0834321668367
7,10350,1131.0834321668367
7,10400,1131.0834321668367
7,10450,1131.0834321668367
7,10500,1131.0834321668367
7,10550,1131.0834321668367
7,10600,1131.0834321668367
7,10650,1131.0834321668367
7,10700,1131.0834321668367
7,10750,1131.0834321668367
7,10800,1131.0834321668367
7,10850,1131.0834321668367
7,10900,1131.0834321668367
7,10950,1131.0834321668367
7,11000,1131.0834321668367
7,11050,1131.0834321668367
7,11100,1131.0834321668367
7,11150,1131.0834321668367
7,11200,1131.0834321668367
7,11250,1131.0834321668367
7,11300,1131.0834321668367
7,11350,1131.0834321668367
7,11400,1131.0834321668367
7,11450,1131.0834321668367
7,11500,1131.0834321668367
7,11550,1131.0834321668367
7,11600,1131.0834321668367
7,11650,1131.0834321668367
7,11700,1131.0834321668367
7,11750,1131.0834321668367
7,11800,1131.0834321668367
7,11850,1131.0834321668367
7,11900,1131.0834321668367
7,11950,1131.0834321668367
7,12000,1131.0834321668367
7,12050,1131.0834321668367
7,12100,1131.0834321668367
7,12150,1131.0834321668367
7,12200,1131.0834321668367
7,12250,1131.0834321668367
7,12300,1131.0834321668367
7,12350,1131.0834321668367
7,12400,1131.0834321668367
7,12450,1131.0834321668367
7,12500,1131.0834321668367
7,12550,1131.0834321668367
7,12600,1131.0834321668367
7,12650,1131.0834321668367
7,12700,1131.0834321668367
7,12750,1131.0834321668367
7,12800,1131.0834321668367
7,12850,1131.0834321668367
7,12900,1131.0834321668367
7,12950,1131.0834321668367
7,13000,1131.0834321668367
7,13050,1131.0834321668367
7,13100,1131.0834321668367
7,13150,1131.0834321668367
7,13200,1131.0834321668367
7,13250,1131.0834321668367
7,13300,1131.0834321668367
7,13350,1131.0834321668367
7,13400,1131.0834321668367
7,13450,1131.0834321668367
7,13500,1131.0834321668367
7,13550,1131.0834321668367
7,13600,1131.0834321668367
7,13650,1131.0834321668367
7,13700,1131.0834321668367
7,13750,1131.0834321668367
7,13800,1131.0834321668367
7,13850,1131.0834321668367
7,13900,1131.0834321668367
7,13950,1131.0834321668367
7,14000,1131.0834321668367
7,14050,1131.0834321668367
7,14100,1131.0834321668367
7,14150,1131.0834321668367
7,14200,1131.0834321668367
7,14250,1131.0834321668367
7,14300,1131.0834321668367
7,14350,1131.0834321668367
7,14400,1131.0834321668367
7,14450,1131.0834321668367
7,14500,1131.0834321668367
7,14550,1131.0834321668367
7,14600,1131.0834321668367
7,14650,1131.0834321668367
7,14700,1131.0834321668367
7,14750,1131.0834321668367
7,14800,1131.0834321668367
7,14850,1131.0834321668367
7,14900,1131.0834321668367
7,14950,1131.0834321668367
7,15000,1131.0834321668367
7,15050,1131.0834321668367
7,15100,1131.0834321668367
7,15150,1131.0834321668367
7,15200,1131.0834321668367
7,15250,1131.0834321668367
7,15300,1131.0834321668367
7,15350,1131.0834321668367
7,15400,1131.0834321668367
7,15450,1131.0834321668367
7,15500,1131.0834321668367
7,15550,1131.0834321668367
7,15600,1131.0834321668367
7,15650,1131.0834321668367
7,15700,1131.0834321668367
7,15750,1131.0834321668367
7,15800,1131.0834321668367
7,15850,1131.0834321668367
7,15900,1131.0834321668367
7,15950,1131.0834321668367
7,16000,1131.0834321668367
7,16050,1131.0834321668367
7,16100,1131.0834321668367
7,16150,1131.0834321668367
7,16200,1131.0834321668367
7,16250,1131.0834321668367
7,16300,1131.0834321668367
7,16350,1131.0834321668367
7,16400,1131.0834321668367
7,16450,1131.0834321668367
7,16500,1131.0834321668367
7,16550,1131.0834321668367
7,16600,1131.0834321668367
7,16650,1131.0834321668367
7,16700,1131.0834321668367
7,16750,1131.0834321668367
7,16800,1131.0834321668367
7,16850,1131.0834321668367
7,16900,1131.0834321668367
7,16950,1131.0834321668367
7,17000,1131.0834321668367
7,17050,1131.0834321668367
7,17100,1131.0834321668367
7,17150,1131.0834321668367
7,17200,1131.0834321668367
7,17250,1131.0834321668367
7,17300,1131.0834321668367
7,17350,1131.0834321668367
7,17400,1131.0834321668367
7,17450,1131.0834321668367
7,17500,1131.0834321668367
7,17550,1131.0834321668367
7,17600,1131.0834321668367
7,17650,1131.0834321668367
7,17700,1131.0834321668367
7,17750,1131.0834321668367
7,17800,1131.0834321668367
7,17850,1131.0834321668367
7,17900,1131.0834321668367
7,17950,1131.0834321668367
7,18000,1131.0834321668367
7,18050,1131.0834321668367
7,18100,1131.0834321668367
7,18150,1131.0834321668367
7,18200,1131.0834321668367
7,18250,1131.0834321668367
7,18300,1131.0834321668367
7,18350,1131.0834321668367
7,18400,1131.0834321668367
7,18450,1131.0834321668367
7,18500,1131.0834321668367
7,18550,1131.0834321668367
7,18600,1131.0834321668367
7,18650,1131.0834321668367
7,18700,1131.0834321668367
7,18750,1131.0834321668367
7,18800,1131.0834321668367
7,18850,1131.0834321668367
7,18900,1131.0834321668367
7,18950,1131.0834321668367
7,19000,1131.0834321668367
7,19050,1131.0834321668367
7,19100,1131.0834321668367
7,19150,1131.0834321668367
7,19200,1131.0834321668367
7,19250,1131.0834321668367
7,19300,1131.0834321668367
7,19350,1131.0834321668367
7,19400,1131.0834321668367
7,19450,1131.0834321668367
7,19500,1131.0834321668367
7,19550,1131.0834321668367
7,19600,1131.0834321668367
7,19650,1131.0834321668367
7,19700,1131.0834321668367
7,19750,1131.0834321668367
7,19800,1131.0834321668367
7,19850,1131.0834321668367
7,19900,1131.0834321668367
7,19950,1131.0834321668367
7,20000,1131.0834321668367
7,20050,1131.0834321668367
7,20100,1131.0834321668367
7,20150,1131.0834321668367
7,20200,1131.0834321668367
7,20250,1131.0834321668367
7,20300,1131.0834321668367
7,20350,1131.0834321668367
7,20400,1131.0834321668367
7,20450,1131.0834321668367
7,20500,1131.0834321668367
7,20550,1131.0834321668367
7,20600,1131.0834321668367
7,20650,1131.0834321668367
7,20700,1131.0834321668367
7,20750,1131.0834321668367
7,20800,1131.0834321668367
7,20850,1117.3381712865598
7,20900,1117.3381712865598
7,20950,1117.3381712865598
7,21000,1117.3381712865598
7,21050,1117.3381712865598
7,21100,1117.3381712865598
7,21150,1117.3381712865598
7,21200,1117.3381712865598
7,21250,1117.3381712865598
7,21300,1117.3381712865598
7,21350,1117.3381712865598
7,21400,1117.3381712865598
7,21450,1117.3381712865598
7,21500,1117.3381712865598
7,21550,1117.3381712865598
7,21600,1117.3381712865598
7,21650,1117.3381712865598
7,21700,1117.3381712865598
7,21750,1117.3381712865598
7,21800,1117.3381712865598
7,21850,1117.3381712865598
7,21900,1117.3381712865598
7,21950,1117.3381712865598
7,22000,1117.3381712865598
7,22050,1117.3381712865598
7,22100,1116.2235533272635
7,22150,1116.2235533272635
7,22200,1116.2235533272635
7,22250,1116.2235533272635
7,22300,1116.2235533272635
7,22350,1116.2235533272635
7,22400,1116.2235533272635
7,22450,1116.2235533272635
7,22500,1116.2235533272635
7,22550,1116.2235533272635
7,22600,1116.2235533272635
7,22650,1116.2235533272635
7,22700,1116.2235533272635
7,22750,1116.2235533272635
7,22800,1116.2235533272635
7,22850,1116.2235533272635
7,22900,1116.2235533272635
7,22950,1116.2235533272635
7,23000,1116.2235533272635
7,23050,1116.2235533272635
7,23100,1116.2235533272635
7,23150,1116.2235533272635
7,23200,1116.2235533272635
7,23250,1116.2235533272635
7,23300,1116.2235533272635
7,23350,1116.2235533272635
7,23400,1116.2235533272635
7,23450,1116.2235533272635
7,23500,1116.2235533272635
7,23550,1116.2235533272635
7,23600,1116.2235533272635
7,23650,1116.2235533272635
7,23700,1116.2235533272635
7,23750,1116.2235533272635
7,23800,1116.2235533272635
7,23850,1116.2235533272635
7,23900,1116.2235533272635
7,23950,1116.2235533272635
7,24000,1116.2235533272635
7,24050,1116.2235533272635
7,24100,1116.2235533272635
7,24150,1116.2235533272635
7,24200,1116.2235533272635
7,24250,1116.2235533272635
7,24300,1116.2235533272635
7,24350,1116.2235533272635
7,24400,1116.2235533272635
7,24450,1116.2235533272635
7,24500,1116.2235533272635
7,24550,1116.2235533272635
7,24600,1116.2235533272635
7,24650,1116.2235533272635
7,24700,1116.2235533272635
7,24750,1116.2235533272635
7,24800,1116.2235533272635
7,24850,1116.2235533272635
7,24900,1116.2235533272635
7,24950,1116.2235533272635
7,25000,1116.2235533272635
7,25050,1116.2235533272635
7,25100,1116.2235533272635
7,25150,1116.2235533272635
7,25200,1116.2235533272635
7,25250,1116.2235533272635
7,25300,1116.2235533272635
7,25350,1116.2235533272635
7,25400,1116.2235533272635
7,25450,1116.2235533272635
7,25500,1116.2235533272635
7,25550,1116.2235533272635
7,25600,1116.2235533272635
7,25650,1116.2235533272635
7,25700,1116.2235533272635
7,25750,1116.2235533272635
7,25800,1116.2235533272635
7,25850,1116.2235533272635
7,25900,1116.2235533272635
7,25950,1116.2235533272635
7,26000,1116.2235533272635
7,26050,1116.2235533272635
7,26100,1116.2235533272635
7,26150,1116.2235533272635
7,26200,1116.2235533272635
7,26250,1116.2235533272635
7,26300,1116.2235533272635
7,26350,1116.2235533272635
7,26400,1116.2235533272635
7,26450,1116.2235533272635
7,26500,1116.2235533272635
7,26550,1116.2235533272635
7,26600,1116.2235533272635
7,26650,1116.2235533272635
7,26700,1116.2235533272635
7,26750,1116.2235533272635
7,26800,1116.2235533272635
7,26850,1116.2235533272635
7,26900,1116.2235533272635
7,26950,1102.7797771831401
7,27000,1102.7797771831401
7,27050,1102.7797771831401
7,27100,1102.7797771831401
7,27150,1102.7797771831401
7,27200,1102.7797771831401
7,27250,1102.7797771831401
7,27300,1102.7797771831401
7,27350,1102.7797771831401
7,27400,1102.7797771831401
7,27450,1102.7797771831401
7,27500,1102.7797771831401
7,27550,1102.7797771831401
7,27600,1102.7797771831401
7,27650,1102.7797771831401
7,27700,1102.7797771831401
7,27750,1102.7797771831401
7,27800,1102.7797771831401
7,27850,1102.7797771831401
7,27900,1102.7797771831401
7,27950,1102.7797771831401
7,28000,1102.7797771831401
7,28050,1102.7797771831401
7,28100,1102.7797771831401
7,28150,1102.7797771831401
7,28200,1102.7797771831401
7,28250,1102.7797771831401
7,28300,1102.7797771831401
7,28350,1102.7797771831401
7,28400,1102.7797771831401
7,28450,1102.7797771831401
7,28500,1102.7797771831401
7,28550,1102.7797771831401
7,28600,1102.7797771831401
7,28650,1102.7797771831401
7,28700,1102.7797771831401
7,28750,1102.7797771831401
7,28800,1102.7797771831401
7,28850,1102.7797771831401
7,28900,1102.7797771831401
7,28950,1102.7797771831401
7,29000,1102.7797771831401
7,29050,1102.7797771831401
7,29100,1102.7797771831401
7,29150,1102.7797771831401
7,29200,1102.7797771831401
7,29250,1102.7797771831401
7,29300,1102.7797771831401
7,29350,1102.7797771831401
7,29400,1102.7797771831401
7,29450,1102.7797771831401
7,29500,1102.7797771831401
7,29550,1102.7797771831401
7,29600,1102.7797771831401
7,29650,1102.7797771831401
7,29700,1102.7797771831401
7,29750,1102.7797771831401
7,29800,1102.7797771831401
7,29850,1102.7797771831401
7,29900,1102.7797771831401
7,29950,1102.7797771831401
7,30000,1102.7797771831401
7,30050,1102.7797771831401
7,30100,1102.7797771831401
7,30150,1102.7797771831401
7,30200,1102.7797771831401
7,30250,1102.7797771831401
7,30300,1102.7797771831401
7,30350,1102.7797771831401
7,30400,1102.7797771831401
7,30450,1102.7797771831401
7,30500,1102.7797771831401
7,30550,1102.7797771831401
7,30600,1102.7797771831401
7,30650,1102.7797771831401
7,30700,1102.7797771831401
7,30750,1102.7797771831401
7,30800,1102.7797771831401
7,30850,1102.7797771831401
7,30900,1102.7797771831401
7,30950,1102.7797771831401
7,31000,1102.7797771831401
7,31050,1102.7797771831401
7,31100,1102.7797771831401
7,31150,1102.7797771831401
7,31200,1102.7797771831401
7,31250,1102.7797771831401
7,31300,1102.7797771831401
7,31350,1102.7797771831401
7,31400,1102.7797771831401
7,31450,1102.7797771831401
7,31500,1102.7797771831401
7,31550,1102.7797771831401
7,31600,1102.7797771831401
7,31650,1102.7797771831401
7,31700,1102.7797771831401
7,31750,1102.7797771831401
7,31800,1102.7797771831401
7,31850,1102.7797771831401
7,31900,1102.7797771831401
7,31950,1102.7797771831401
7,32000,1102.7797771831401
7,32050,1102.7797771831401
7,32100,1102.7797771831401
7,32150,1102.7797771831401
7,32200,1102.7797771831401
7,32250,1102.7797771831401
7,32300,1102.7797771831401
7,32350,1102.7797771831401
7,32400,1102.7797771831401
7,32450,1102.7797771831401
7,32500,1102.7797771831401
7,32550,1102.7797771831401
7,32600,1102.7797771831401
7,32650,1102.7797771831401
7,32700,1102.7797771831401
7,32750,1102.7797771831401
7,32800,1102.7797771831401
7,32850,1102.7797771831401
7,32900,1102.7797771831401
7,32950,1102.7797771831401
7,33000,1102.7797771831401
7,33050,1102.7797771831401
7,33100,1102.7797771831401
7,33150,1102.7797771831401
7,33200,1102.7797771831401
7,33250,1102.7797771831401
7,33300,1102.7797771831401
7,33350,1102.7797771831401
7,33400,1102.7797771831401
7,33450,1102.7797771831401
7,33500,1102.7797771831401
7,33550,1102.7797771831401
7,33600,1102.7797771831401
7,33650,1102.7797771831401
7,33700,1102.7797771831401
7,33750,1102.7797771831401
7,33800,1102.7797771831401
7,33850,1102.7797771831401
7,33900,1102.7797771831401
7,33950,1102.7797771831401
7,34000,1102.7797771831401
7,34050,1102.7797771831401
7,34100,1102.7797771831401
7,34150,1102.7797771831401
7,34200,1102.7797771831401
7,34250,1102.7797771831401
7,34300,1102.7797771831401
7,34350,1102.7797771831401
7,34400,1102.7797771831401
7,34450,1102.7797771831401
7,34500,1102.7797771831401
7,34550,1102.7797771831401
7,34600,1102.7797771831401
7,34650,1102.7797771831401
7,34700,1102.7797771831401
7,34750,1102.7797771831401
7,34800,1102.7797771831401
7,34850,1102.7797771831401
7,34900,1102.7797771831401
7,34950,1102.7797771831401
7,35000,1102.7797771831401
7,35050,1102.7797771831401
7,35100,1102.7797771831401
7,35150,1102.7797771831401
7,35200,1102.7797771831401
7,35250,1102.7797771831401
7,35300,1102.7797771831401
7,35350,1102.7797771831401
7,35400,1102.7797771831401
7,35450,1102.7797771831401
7,35500,1102.7797771831401
7,35550,1102.7797771831401
7,35600,1102.7797771831401
7,35650,1102.7797771831401
7,35700,1102.7797771831401
7,35750,1102.7797771831401
7,35800,1102.7797771831401
7,35850,1102.7797771831401
7,35900,1102.7797771831401
7,35950,1102.7797771831401
7,36000,1102.7797771831401
7,36050,1102.7797771831401
7,36100,1102.7797771831401
7,36150,1102.7797771831401
7,36200,1102.7797771831401
7,36250,1102.7797771831401
7,36300,1102.7797771831401
7,36350,1102.7797771831401
7,36400,1102.7797771831401
7,36450,1102.7797771831401
7,36500,1102.7797771831401
7,36550,1102.7797771831401
7,36600,1102.7797771831401
7,36650,1102.7797771831401
7,36700,1102.7797771831401
7,36750,1102.7797771831401
7,36800,1102.7797771831401
7,36850,1102.7797771831401
7,36900,1102.7797771831401
7,36950,1102.7797771831401
7,37000,1102.7797771831401
7,37050,1102.7797771831401
7,37100,1102.7797771831401
7,37150,1102.7797771831401
7,37200,1102.7797771831401
7,37250,1102.7797771831401
7,37300,1102.7797771831401
7,37350,1102.7797771831401
7,37400,1102.7797771831401
7,37450,1102.7797771831401
7,37500,1102.7797771831401
7,37550,1102.7797771831401
7,37600,1102.7797771831401
7,37650,1102.7797771831401
7,37700,1102.7797771831401
7,37750,1102.7797771831401
7,37800,1102.7797771831401
7,37850,1102.7797771831401
7,37900,1102.7797771831401
7,37950,1102.7797771831401
7,38000,1102.7797771831401
7,38050,1102.7797771831401
7,38100,1102.7797771831401
7,38150,1102.7797771831401
7,38200,1102.7797771831401
7,38250,1102.7797771831401
7,38300,1102.7797771831401
7,38350,1102.7797771831401
7,38400,1102.7797771831401
7,38450,1102.7797771831401
7,38500,1102.7797771831401
7,38550,1102.7797771831401
7,38600,1102.7797771831401
7,38650,1102.7797771831401
7,38700,1102.7797771831401
7,38750,1102.7797771831401
7,38800,1102.7797771831401
7,38850,1102.7797771831401
7,38900,1102.7797771831401
7,38950,1102.7797771831401
7,39000,1102.7797771831401
7,39050,1102.7797771831401
7,39100,1102.7797771831401
7,39150,1102.7797771831401
7,39200,1102.7797771831401
7,39250,1102.7797771831401
7,39300,1102.7797771831401
7,39350,1102.7797771831401
7,39400,1102.7797771831401
7,39450,1102.7797771831401
7,39500,1102.7797771831401
7,39550,1102.7797771831401
7,39600,1102.7797771831401
7,39650,1102.7797771831401
7,39700,1102.7797771831401
7,39750,1102.7797771831401
7,39800,1102.7797771831401
7,39850,1102.7797771831401
7,39900,1102.7797771831401
7,39950,1102.7797771831401
7,40000,1102.7797771831401
7,40050,1102.7797771831401
7,40100,1102.7797771831401
7,40150,1102.7797771831401
7,40200,1102.7797771831401
7,40250,1102.7797771831401
7,40300,1102.7797771831401
7,40350,1102.7797771831401
7,40400,1102.7797771831401
7,40450,1102.7797771831401
7,40500,1102.7797771831401
7,40550,1102.7797771831401
7,40600,1102.7797771831401
7,40650,1102.7797771831401
7,40700,1102.7797771831401
7,40750,1102.7797771831401
7,40800,1102.7797771831401
7,40850,1102.7797771831401
7,40900,1102.7797771831401
7,40950,1102.7797771831401
7,41000,1102.7797771831401
7,41050,1102.7797771831401
7,41100,1102.7797771831401
7,41150,1102.7797771831401
7,41200,1101.0208075360629
7,41250,1101.0208075360629
7,41300,1101.0208075360629
7,41350,1101.0208075360629
7,41400,1101.0208075360629
7,41450,1101.0208075360629
7,41500,1101.0208075360629
7,41550,1101.0208075360629
7,41600,1101.0208075360629
7,41650,1101.0208075360629
7,41700,1101.0208075360629
7,41750,1101.0208075360629
7,41800,1101.0208075360629
7,41850,1101.0208075360629
7,41900,1101.0208075360629
7,41950,1101.0208075360629
7,42000,1101.0208075360629
7,42050,1101.0208075360629
7,42100,1101.0208075360629
7,42150,1101.0208075360629
7,42200,1101.0208075360629
7,42250,1101.0208075360629
7,42300,1101.0208075360629
7,42350,1101.0208075360629
7,42400,1101.0208075360629
7,42450,1101.0208075360629
7,42500,1101.0208075360629
7,42550,1101.0208075360629
7,42600,1101.0208075360629
7,42650,1101.0208075360629
7,42700,1101.0208075360629
7,42750,1101.0208075360629
7,42800,1101.0208075360629
7,42850,1101.0208075360629
7,42900,1101.0208075360629
7,42950,1101.0208075360629
7,43000,1101.0208075360629
7,43050,1101.0208075360629
7,43100,1101.0208075360629
7,43150,1101.0208075360629
7,43200,1101.0208075360629
7,43250,1101.0208075360629
7,43300,1101.0208075360629
7,43350,1101.0208075360629
7,43400,1101.0208075360629
7,43450,1101.0208075360629
7,43500,1101.0208075360629
7,43550,1101.0208075360629
7,43600,1101.0208075360629
7,43650,1101.0208075360629
7,43700,1101.0208075360629
7,43750,1101.0208075360629
7,43800,1101.0208075360629
7,43850,1101.0208075360629
7,43900,1101.0208075360629
7,43950,1101.0208075360629
7,44000,1101.0208075360629
7,44050,1101.0208075360629
7,44100,1101.0208075360629
7,44150,1101.0208075360629
7,44200,1101.0208075360629
7,44250,1101.0208075360629
7,44300,1101.0208075360629
7,44350,1101.0208075360629
7,44400,1101.0208075360629
7,44450,1101.0208075360629
7,44500,1101.0208075360629
7,44550,1101.0208075360629
7,44600,1101.0208075360629
7,44650,1101.0208075360629
7,44700,1101.0208075360629
7,44750,1101.0208075360629
7,44800,1101.0208075360629
7,44850,1101.0208075360629
7,44900,1101.0208075360629
7,44950,1101.0208075360629
7,45000,1101.0208075360629
7,45050,1101.0208075360629
7,45100,1101.0208075360629
7,45150,1101.0208075360629
7,45200,1101.0208075360629
7,45250,1101.0208075360629
7,45300,1101.0208075360629
7,45350,1101.0208075360629
7,45400,1101.0208075360629
7,45450,1101.0208075360629
7,45500,1101.0208075360629
7,45550,1101.0208075360629
7,45600,1101.0208075360629
7,45650,1101.0208075360629
7,45700,1101.0208075360629
7,45750,1101.0208075360629
7,45800,1101.0208075360629
7,45850,1101.0208075360629
7,45900,1101.0208075360629
7,45950,1101.0208075360629
7,46000,1101.0208075360629
7,46050,1101.0208075360629
7,46100,1101.0208075360629
7,46150,1101.0208075360629
7,46200,1101.0208075360629
7,46250,1101.0208075360629
7,46300,1101.0208075360629
7,46350,1101.0208075360629
7,46400,1101.0208075360629
7,46450,1101.0208075360629
7,46500,1101.0208075360629
7,46550,1101.0208075360629
7,46600,1101.0208075360629
7,46650,1101.0208075360629
7,46700,1101.0208075360629
7,46750,1101.0208075360629
7,46800,1101.0208075360629
7,46850,1101.0208075360629
7,46900,1101.0208075360629
7,46950,1101.0208075360629
7,47000,1101.0208075360629
7,47050,1101.0208075360629
7,47100,1101.0208075360629
7,47150,1101.0208075360629
7,47200,1101.0208075360629
7,47250,1101.0208075360629
7,47300,1101.0208075360629
7,47350,1101.0208075360629
7,47400,1101.0208075360629
7,47450,1101.0208075360629
7,47500,1101.0208075360629
7,47550,1101.0208075360629
7,47600,1101.0208075360629
7,47650,1101.0208075360629
7,47700,1101.0208075360629
7,47750,1101.0208075360629
7,47800,1101.0208075360629
7,47850,1101.0208075360629
7,47900,1101.0208075360629
7,47950,1101.0208075360629
7,48000,1101.0208075360629
7,48050,1101.0208075360629
7,48100,1101.0208075360629
7,48150,1101.0208075360629
7,48200,1101.0208075360629
7,48250,1101.0208075360629
7,48300,1101.0208075360629
7,48350,1101.0208075360629
7,48400,1101.0208075360629
7,48450,1101.0208075360629
7,48500,1101.0208075360629
7,48550,1101.0208075360629
7,48600,1101.0208075360629
7,48650,1101.0208075360629
7,48700,1101.0208075360629
7,48750,1101.0208075360629
7,48800,1101.0208075360629
7,48850,1101.0208075360629
7,48900,1101.0208075360629
7,48950,1101.0208075360629
7,49000,1101.0208075360629
7,49050,1101.0208075360629
7,49100,1101.0208075360629
7,49150,1101.0208075360629
7,49200,1101.0208075360629
7,49250,1101.0208075360629
7,49300,1101.0208075360629
7,49350,1101.0208075360629
7,49400,1101.0208075360629
7,49450,1101.0208075360629
7,49500,1101.0208075360629
7,49550,1101.0208075360629
7,49600,1101.0208075360629
7,49650,1101.0208075360629
7,49700,1101.0208075360629
7,49750,1101.0208075360629
7,49800,1101.0208075360629
7,49850,1101.0208075360629
7,49900,1101.0208075360629
7,49950,1101.0208075360629
7,50000,1101.0208075360629
8,50,1404.9778950414395
8,100,1259.5561313540177
8,150,1259.5561313540177
8,200,1259.5561313540177
8,250,1259.5561313540177
8,300,1259.5561313540177
8,350,1259.5561313540177
8,400,1259.5561313540177
8,450,1259.5561313540177
8,500,1259.5561313540177
8,550,1259.5561313540177
8,600,1259.5561313540177
8,650,1259.5561313540177
8,700,1256.2288540192562
8,750,1256.2288540192562
8,800,1223.3356615633263
8,850,1223.3356615633263
8,900,1154.6931192313548
8,950,1154.6931192313548
8,1000,1154.6931192313548
8,1050,1154.6931192313548
8,1100,1154.6931192313548
8,1150,1154.6931192313548
8,1200,1154.6931192313548
8,1250,1154.6931192313548
8,1300,1154.6931192313548
8,1350,1154.6931192313548
8,1400,1154.6931192313548
8,1450,1154.6931192313548
8,1500,1154.6931192313548
8,1550,1154.6931192313548
8,1600,1154.6931192313548
8,1650,1154.6931192313548
8,1700,1154.6931192313548
8,1750,1154.6931192313548
8,1800,1154.6931192313548
8,1850,1154.6931192313548
8,1900,1154.6931192313548
8,1950,1154.6931192313548
8,2000,1154.6931192313548
8,2050,1154.6931192313548
8,2100,1150.9140903558232
8,2150,1150.9140903558232
8,2200,1150.9140903558232
8,2250,1150.9140903558232
8,2300,1135.5526865386546
8,2350,1135.5526865386546
8,2400,1135.5526865386546
8,2450,1135.5526865386546
8,2500,1135.5526865386546
8,2550,1135.5526865386546
8,2600,1135.5526865386546
8,2650,1135.5526865386546
8,2700,1135.5526865386546
8,2750,1135.5526865386546
8,2800,1135.5526865386546
8,2850,1135.5526865386546
8,2900,1135.5526865386546
8,2950,1135.5526865386546
8,3000,1135.5526865386546
8,3050,1135.5526865386546
8,3100,1135.5526865386546
8,3150,1135.5526865386546
8,3200,1135.5526865386546
8,3250,1135.5526865386546
8,3300,1135.5526865386546
8,3350,1135.5526865386546
8,3400,1135.5526865386546
8,3450,1135.5526865386546
8,3500,1135.5526865386546
8,3550,1135.5526865386546
8,3600,1135.5526865386546
8,3650,1135.5526865386546
8,3700,1135.5526865386546
8,3750,1135.5526865386546
8,3800,1135.5526865386546
8,3850,1135.5526865386546
8,3900,1135.5526865386546
8,3950,1135.5526865386546
8,4000,1135.5526865386546
8,4050,1135.5526865386546
8,4100,1135.5526865386546
8,4150,1135.5526865386546
8,4200,1135.5526865386546
8,4250,1135.5526865386546
8,4300,1135.5526865386546
8,4350,1135.5526865386546
8,4400,1135.5526865386546
8,4450,1135.5526865386546
8,4500,1135.5526865386546
8,4550,1135.5526865386546
8,4600,1135.5526865386546
8,4650,1135.5526865386546
8,4700,1135.5526865386546
8,4750,1135.5526865386546
8,4800,1135.5526865386546
8,4850,1135.5526865386546
8,4900,1135.5526865386546
8,4950,1135.5526865386546
8,5000,1135.5526865386546
8,5050,1135.5526865386546
8,5100,1135.5526865386546
8,5150,1135.5526865386546
8,5200,1135.5526865386546
8,5250,1135.5526865386546
8,5300,1135.5526865386546
8,5350,1135.5526865386546
8,5400,1135.5526865386546
8,5450,1135.5526865386546
8,5500,1133.3581032036432
8,5550,1133.3581032036432
8,5600,1133.3581032036432
8,5650,1133.3581032036432
8,5700,1133.3581032036432
8,5750,1133.3581032036432
8,5800,1133.3581032036432
8,5850,1133.3581032036432
8,5900,1133.3581032036432
8,5950,1133.3581032036432
8,6000,1133.3581032036432
8,6050,1133.3581032036432
8,6100,1133.3581032036432
8,6150,1133.3581032036432
8,6200,1133.3581032036432
8,6250,1133.3581032036432
8,6300,1133.3581032036432
8,6350,1133.3581032036432
8,6400,1133.3581032036432
8,6450,1133.3581032036432
8,6500,1133.3581032036432
8,6550,1133.3581032036432
8,6600,1133.3581032036432
8,6650,1133.3581032036432
8,6700,1133.3581032036432
8,6750,1133.3581032036432
8,6800,1133.3581032036432
8,6850,1133.3581032036432
8,6900,1133.3581032036432
8,6950,1133.3581032036432
8,7000,1133.3581032036432
8,7050,1133.3581032036432
8,7100,1133.3581032036432
8,7150,1133.3581032036432
8,7200,1133.3581032036432
8,7250,1129.4052124894006
8,7300,1129.4052124894006
8,7350,1129.4052124894006
8,7400,1129.4052124894006
8,7450,1129.4052124894006
8,7500,1129.4052124894006
8,7550,1129.4052124894006
8,7600,1129.4052124894006
8,7650,1129.4052124894006
8,7700,1129.4052124894006
8,7750,1129.4052124894006
8,7800,1129.4052124894006
8,7850,1129.4052124894006
8,7900,1129.4052124894006
8,7950,1129.4052124894006
8,8000,1129.4052124894006
8,8050,1129.4052124894006
8,8100,1129.4052124894006
8,8150,1129.4052124894006
8,8200,1129.4052124894006
8,8250,1129.4052124894006
8,8300,1129.4052124894006
8,8350,1129.4052124894006
8,8400,1129.4052124894006
8,8450,1129.4052124894006
8,8500,1129.4052124894006
8,8550,1129.4052124894006
8,8600,1129.4052124894006
8,8650,1129.4052124894006
8,8700,1129.4052124894006
8,8750,1129.4052124894006
8,8800,1129.4052124894006
8,8850,1129.4052124894006
8,8900,1129.4052124894006
8,8950,1129.4052124894006
8,9000,1129.4052124894006
8,9050,1129.4052124894006
8,9100,1129.4052124894006
8,9150,1129.4052124894006
8,9200,1129.4052124894006
8,9250,1129.4052124894006
8,9300,1129.4052124894006
8,9350,1109.2215100155634
8,9400,1109.2215100155634
8,9450,1109.2215100155634
8,9500,1109.2215100155634
8,9550,1109.2215100155634
8,9600,1109.2215100155634
8,9650,1109.2215100155634
8,9700,1109.2215100155634
8,9750,1109.2215100155634
8,9800,1109.2215100155634
8,9850,1109.2215100155634
8,9900,1109.2215100155634
8,9950,1109.2215100155634
8,10000,1109.2215100155634
8,10050,1109.2215100155634
8,10100,1109.2215100155634
8,10150,1109.2215100155634
8,10200,1109.2215100155634
8,10250,1109.2215100155634
8,10300,1109.2215100155634
8,10350,1109.2215100155634
8,10400,1109.2215100155634
8,10450,1109.2215100155634
8,10500,1109.2215100155634
8,10550,1109.2215100155634
8,10600,1109.2215100155634
8,10650,1109.2215100155634
8,10700,1109.2215100155634
8,10750,1109.2215100155634
8,10800,1109.2215100155634
8,10850,1109.2215100155634
8,10900,1109.2215100155634
8,10950,1109.2215100155634
8,11000,1109.2215100155634
8,11050,1109.2215100155634
8,11100,1109.2215100155634
8,11150,1109.2215100155634
8,11200,1109.2215100155634
8,11250,1109.2215100155634
8,11300,1109.2215100155634
8,11350,1109.2215100155634
8,11400,1109.2215100155634
8,11450,1109.2215100155634
8,11500,1109.2215100155634
8,11550,1109.2215100155634
8,11600,1109.2215100155634
8,11650,1109.2215100155634
8,11700,1109.2215100155634
8,11750,1109.2215100155634
8,11800,1109.2215100155634
8,11850,1109.2215100155634
8,11900,1109.2215100155634
8,11950,1109.2215100155634
8,12000,1109.2215100155634
8,12050,1109.2215100155634
8,12100,1109.2215100155634
8,12150,1109.2215100155634
8,12200,1109.2215100155634
8,12250,1109.2215100155634
8,12300,1109.2215100155634
8,12350,1109.2215100155634
8,12400,1109.2215100155634
8,12450,1109.2215100155634
8,12500,1109.2215100155634
8,12550,1109.2215100155634
8,12600,1109.2215100155634
8,12650,1109.2215100155634
8,12700,1109.2215100155634
8,12750,1109.2215100155634
8,12800,1109.2215100155634
8,12850,1109.2215100155634
8,12900,1109.2215100155634
8,12950,1109.2215100155634
8,13000,1109.2215100155634
8,13050,1109.2215100155634
8,13100,1109.2215100155634
8,13150,1109.2215100155634
8,13200,1109.2215100155634
8,13250,1109.2215100155634
8,13300,1109.2215100155634
8,13350,1109.2215100155634
8,13400,1109.2215100155634
8,13450,1109.2215100155634
8,13500,1109.2215100155634
8,13550,1109.2215100155634
8,13600,1109.2215100155634
8,13650,1109.2215100155634
8,13700,1109.2215100155634
8,13750,1109.2215100155634
8,13800,1109.2215100155634
8,13850,1109.2215100155634
8,13900,1109.2215100155634
8,13950,1109.2215100155634
8,14000,1109.2215100155634
8,14050,1109.2215100155634
8,14100,1109.2215100155634
8,14150,1109.2215100155634
8,14200,1109.2215100155634
8,14250,1109.2215100155634
8,14300,1109.2215100155634
8,14350,1109.2215100155634
8,14400,1109.2215100155634
8,14450,1109.2215100155634
8,14500,1109.2215100155634
8,14550,1109.2215100155634
8,14600,1109.2215100155634
8,14650,1109.2215100155634
8,14700,1109.2215100155634
8,14750,1109.2215100155634
8,14800,1109.2215100155634
8,14850,1109.2215100155634
8,14900,1109.2215100155634
8,14950,1109.2215100155634
8,15000,1109.2215100155634
8,15050,1109.2215100155634
8,15100,1109.2215100155634
8,15150,1109.2215100155634
8,15200,1109.2215100155634
8,15250,1109.2215100155634
8,15300,1109.2215100155634
8,15350,1109.2215100155634
8,15400,1109.2215100155634
8,15450,1109.2215100155634
8,15500,1109.2215100155634
8,15550,1109.2215100155634
8,15600,1109.2215100155634
8,15650,1109.2215100155634
8,15700,1109.2215100155634
8,15750,1109.2215100155634
8,15800,1109.2215100155634
8,15850,1109.2215100155634
8,15900,1109.2215100155634
8,15950,1109.2215100155634
8,16000,1109.2215100155634
8,16050,1109.2215100155634
8,16100,1109.2215100155634
8,16150,1109.2215100155634
8,16200,1109.2215100155634
8,16250,1109.2215100155634
8,16300,1109.2215100155634
8,16350,1109.2215100155634
8,16400,1109.2215100155634
8,16450,1109.2215100155634
8,16500,1109.2215100155634
8,16550,1109.2215100155634
8,16600,1109.2215100155634
8,16650,1109.2215100155634
8,16700,1109.2215100155634
8,16750,1109.2215100155634
8,16800,1109.2215100155634
8,16850,1109.2215100155634
8,16900,1109.2215100155634
8,16950,1109.2215100155634
8,17000,1109.2215100155634
8,17050,1109.2215100155634
8,17100,1109.2215100155634
8,17150,1109.2215100155634
8,17200,1109.2215100155634
8,17250,1109.2215100155634
8,17300,1109.2215100155634
8,17350,1109.2215100155634
8,17400,1109.2215100155634
8,17450,1109.2215100155634
8,17500,1109.2215100155634
8,17550,1109.2215100155634
8,17600,1109.2215100155634
8,17650,1109.2215100155634
8,17700,1109.2215100155634
8,17750,1109.2215100155634
8,17800,1109.2215100155634
8,17850,1109.2215100155634
8,17900,1109.2215100155634
8,17950,1109.2215100155634
8,18000,1109.2215100155634
8,18050,1109.2215100155634
8,18100,1109.2215100155634
8,18150,1109.2215100155634
8,18200,1109.2215100155634
8,18250,1109.2215100155634
8,18300,1109.2215100155634
8,18350,1109.2215100155634
8,18400,1109.2215100155634
8,18450,1109.2215100155634
8,18500,1109.2215100155634
8,18550,1109.2215100155634
8,18600,1109.2215100155634
8,18650,1109.2215100155634
8,18700,1109.2215100155634
8,18750,1109.2215100155634
8,18800,1109.2215100155634
8,18850,1109.2215100155634
8,18900,1109.2215100155634
8,18950,1109.2215100155634
8,19000,1109.2215100155634
8,19050,1109.2215100155634
8,19100,1109.2215100155634
8,19150,1109.2215100155634
8,19200,1109.2215100155634
8,19250,1109.2215100155634
8,19300,1109.2215100155634
8,19350,1109.2215100155634
8,19400,1109.2215100155634
8,19450,1109.2215100155634
8,19500,1109.2215100155634
8,19550,1109.2215100155634
8,19600,1109.2215100155634
8,19650,1109.2215100155634
8,19700,1109.2215100155634
8,19750,1109.2215100155634
8,19800,1109.2215100155634
8,19850,1109.2215100155634
8,19900,1109.2215100155634
8,19950,1109.2215100155634
8,20000,1109.2215100155634
8,20050,1109.2215100155634
8,20100,1109.2215100155634
8,20150,1109.2215100155634
8,20200,1109.2215100155634
8,20250,1109.2215100155634
8,20300,1109.2215100155634
8,20350,1109.2215100155634
8,20400,1109.2215100155634
8,20450,1109.2215100155634
8,20500,1109.2215100155634
8,20550,1109.2215100155634
8,20600,1109.2215100155634
8,20650,1109.2215100155634
8,20700,1109.2215100155634
8,20750,1109.2215100155634
8,20800,1109.2215100155634
8,20850,1109.2215100155634
8,20900,1109.2215100155634
8,20950,1109.2215100155634
8,21000,1109.2215100155634
8,21050,1109.2215100155634
8,21100,1109.2215100155634
8,21150,1109.2215100155634
8,21200,1109.2215100155634
8,21250,1109.2215100155634
8,21300,1109.2215100155634
8,21350,1109.2215100155634
8,21400,1109.2215100155634
8,21450,1109.2215100155634
8,21500,1109.2215100155634
8,21550,1109.2215100155634
8,21600,1109.2215100155634
8,21650,1109.2215100155634
8,21700,1109.2215100155634
8,21750,1109.2215100155634
8,21800,1109.2215100155634
8,21850,1109.2215100155634
8,21900,1109.2215100155634
8,21950,1109.2215100155634
8,22000,1109.2215100155634
8,22050,1109.2215100155634
8,22100,1109.2215100155634
8,22150,1109.2215100155634
8,22200,1109.2215100155634
8,22250,1109.2215100155634
8,22300,1109.2215100155634
8,22350,1109.2215100155634
8,22400,1109.2215100155634
8,22450,1109.2215100155634
8,22500,1109.2215100155634
8,22550,1109.2215100155634
8,22600,1109.2215100155634
8,22650,1109.2215100155634
8,22700,1109.2215100155634
8,22750,1109.2215100155634
8,22800,1109.2215100155634
8,22850,1109.2215100155634
8,22900,1109.2215100155634
8,22950,1109.2215100155634
8,23000,1109.2215100155634
8,23050,1109.2215100155634
8,23100,1109.2215100155634
8,23150,1109.2215100155634
8,23200,1109.2215100155634
8,23250,1109.2215100155634
8,23300,1109.2215100155634
8,23350,1109.2215100155634
8,23400,1109.2215100155634
8,23450,1109.2215100155634
8,23500,1109.2215100155634
8,23550,1109.2215100155634
8,23600,1109.2215100155634
8,23650,1109.2215100155634
8,23700,1109.2215100155634
8,23750,1109.2215100155634
8,23800,1109.2215100155634
8,23850,1109.2215100155634
8,23900,1109.2215100155634
8,23950,1109.2215100155634
8,24000,1109.2215100155634
8,24050,1109.2215100155634
8,24100,1109.2215100155634
8,24150,1109.2215100155634
8,24200,1109.2215100155634
8,24250,1109.2215100155634
8,24300,1109.2215100155634
8,24350,1109.2215100155634
8,24400,1109.2215100155634
8,24450,1109.2215100155634
8,24500,1109.2215100155634
8,24550,1109.2215100155634
8,24600,1109.2215100155634
8,24650,1109.2215100155634
8,24700,1109.2215100155634
8,24750,1109.2215100155634
8,24800,1109.2215100155634
8,24850,1109.2215100155634
8,24900,1109.2215100155634
8,24950,1109.2215100155634
8,25000,1109.2215100155634
8,25050,1109.2215100155634
8,25100,1109.2215100155634
8,25150,1109.2215100155634
8,25200,1109.2215100155634
8,25250,1109.2215100155634
8,25300,1109.2215100155634
8,25350,1109.2215100155634
8,25400,1109.2215100155634
8,25450,1109.2215100155634
8,25500,1109.2215100155634
8,25550,1109.2215100155634
8,25600,1109.2215100155634
8,25650,1109.2215100155634
8,25700,1109.2215100155634
8,25750,1109.2215100155634
8,25800,1109.2215100155634
8,25850,1109.2215100155634
8,25900,1109.2215100155634
8,25950,1109.2215100155634
8,26000,1109.2215100155634
8,26050,1109.2215100155634
8,26100,1109.2215100155634
8,26150,1109.2215100155634
8,26200,1109.2215100155634
8,26250,1109.2215100155634
8,26300,1109.2215100155634
8,26350,1109.2215100155634
8,26400,1109.2215100155634
8,26450,1109.2215100155634
8,26500,1109.2215100155634
8,26550,1109.2215100155634
8,26600,1109.2215100155634
8,26650,1109.2215100155634
8,26700,1109.2215100155634
8,26750,1109.2215100155634
8,26800,1109.2215100155634
8,26850,1109.2215100155634
8,26900,1109.2215100155634
8,26950,1109.2215100155634
8,27000,1109.2215100155634
8,27050,1109.2215100155634
8,27100,1109.2215100155634
8,27150,1109.2215100155634
8,27200,1109.2215100155634
8,27250,1109.2215100155634
8,27300,1109.2215100155634
8,27350,1109.2215100155634
8,27400,1109.2215100155634
8,27450,1109.2215100155634
8,27500,1109.2215100155634
8,27550,1109.2215100155634
8,27600,1109.2215100155634
8,27650,1109.2215100155634
8,27700,1109.2215100155634
8,27750,1109.2215100155634
8,27800,1109.2215100155634
8,27850,1109.2215100155634
8,27900,1109.2215100155634
8,27950,1109.2215100155634
8,28000,1109.2215100155634
8,28050,1109.2215100155634
8,28100,1109.2215100155634
8,28150,1109.2215100155634
8,28200,1109.2215100155634
8,28250,1109.2215100155634
8,28300,1109.2215100155634
8,28350,1109.2215100155634
8,28400,1109.2215100155634
8,28450,1109.2215100155634
8,28500,1109.2215100155634
8,28550,1109.2215100155634
8,28600,1109.2215100155634
8,28650,1109.2215100155634
8,28700,1109.2215100155634
8,28750,1109.2215100155634
8,28800,1109.2215100155634
8,28850,1109.2215100155634
8,28900,1109.2215100155634
8,28950,1109.2215100155634
8,29000,1109.2215100155634
8,29050,1109.2215100155634
8,29100,1109.2215100155634
8,29150,1109.2215100155634
8,29200,1109.2215100155634
8,29250,1109.2215100155634
8,29300,1109.2215100155634
8,29350,1109.2215100155634
8,29400,1109.2215100155634
8,29450,1109.2215100155634
8,29500,1109.2215100155634
8,29550,1109.2215100155634
8,29600,1109.2215100155634
8,29650,1109.2215100155634
8,29700,1109.2215100155634
8,29750,1109.2215100155634
8,29800,1109.2215100155634
8,29850,1109.2215100155634
8,29900,1109.2215100155634
8,29950,1109.2215100155634
8,30000,1109.2215100155634
8,30050,1109.2215100155634
8,30100,1109.2215100155634
8,30150,1109.2215100155634
8,30200,1109.2215100155634
8,30250,1109.2215100155634
8,30300,1109.2215100155634
8,30350,1109.2215100155634
8,30400,1109.2215100155634
8,30450,1109.2215100155634
8,30500,1109.2215100155634
8,30550,1109.2215100155634
8,30600,1109.2215100155634
8,30650,1109.2215100155634
8,30700,1109.2215100155634
8,30750,1109.2215100155634
8,30800,1109.2215100155634
8,30850,1109.2215100155634
8,30900,1109.2215100155634
8,30950,1109.2215100155634
8,31000,1109.2215100155634
8,31050,1109.2215100155634
8,31100,1109.2215100155634
8,31150,1109.2215100155634
8,31200,1109.2215100155634
8,31250,1109.2215100155634
8,31300,1109.2215100155634
8,31350,1109.2215100155634
8,31400,1109.2215100155634
8,31450,1109.2215100155634
8,31500,1109.2215100155634
8,31550,1109.2215100155634
8,31600,1109.2215100155634
8,31650,1109.2215100155634
8,31700,1109.2215100155634
8,31750,1109.2215100155634
8,31800,1109.2215100155634
8,31850,1109.2215100155634
8,31900,1109.2215100155634
8,31950,1109.2215100155634
8,32000,1109.2215100155634
8,32050,1109.2215100155634
8,32100,1109.2215100155634
8,32150,1109.2215100155634
8,32200,1109.2215100155634
8,32250,1109.2215100155634
8,32300,1109.2215100155634
8,32350,1109.2215100155634
8,32400,1109.2215100155634
8,32450,1109.2215100155634
8,32500,1109.2215100155634
8,32550,1109.2215100155634
8,32600,1109.2215100155634
8,32650,1109.2215100155634
8,32700,1109.2215100155634
8,32750,1109.2215100155634
8,32800,1109.2215100155634
8,32850,1109.2215100155634
8,32900,1109.2215100155634
8,32950,1109.2215100155634
8,33000,1109.2215100155634
8,33050,1109.2215100155634
8,33100,1109.2215100155634
8,33150,1109.2215100155634
8,33200,1109.2215100155634
8,33250,1109.2215100155634
8,33300,1109.2215100155634
8,33350,1109.2215100155634
8,33400,1109.2215100155634
8,33450,1109.2215100155634
8,33500,1109.2215100155634
8,33550,1109.2215100155634
8,33600,1109.2215100155634
8,33650,1109.2215100155634
8,33700,1109.2215100155634
8,33750,1109.2215100155634
8,33800,1109.2215100155634
8,33850,1109.2215100155634
8,33900,1109.2215100155634
8,33950,1109.2215100155634
8,34000,1109.2215100155634
8,34050,1109.2215100155634
8,34100,1109.2215100155634
8,34150,1109.2215100155634
8,34200,1109.2215100155634
8,34250,1109.2215100155634
8,34300,1109.2215100155634
8,34350,1109.2215100155634
8,34400,1109.2215100155634
8,34450,1109.2215100155634
8,34500,1109.2215100155634
8,34550,1109.2215100155634
8,34600,1109.2215100155634
8,34650,1109.2215100155634
8,34700,1109.2215100155634
8,34750,1109.2215100155634
8,34800,1109.2215100155634
8,34850,1109.2215100155634
8,34900,1109.2215100155634
8,34950,1109.2215100155634
8,35000,1109.2215100155634
8,35050,1109.2215100155634
8,35100,1109.2215100155634
8,35150,1109.2215100155634
8,35200,1109.2215100155634
8,35250,1109.2215100155634
8,35300,1109.2215100155634
8,35350,1109.2215100155634
8,35400,1109.2215100155634
8,35450,1109.2215100155634
8,35500,1109.2215100155634
8,35550,1109.2215100155634
8,35600,1109.2215100155634
8,35650,1109.2215100155634
8,35700,1109.2215100155634
8,35750,1109.2215100155634
8,35800,1109.2215100155634
8,35850,1109.2215100155634
8,35900,1109.2215100155634
8,35950,1109.2215100155634
8,36000,1109.2215100155634
8,36050,1109.2215100155634
8,36100,1109.2215100155634
8,36150,1109.2215100155634
8,36200,1109.2215100155634
8,36250,1109.2215100155634
8,36300,1109.2215100155634
8,36350,1109.2215100155634
8,36400,1109.2215100155634
8,36450,1109.2215100155634
8,36500,1109.2215100155634
8,36550,1109.2215100155634
8,36600,1109.2215100155634
8,36650,1109.2215100155634
8,36700,1109.2215100155634
8,36750,1109.2215100155634
8,36800,1109.2215100155634
8,36850,1109.2215100155634
8,36900,1109.2215100155634
8,36950,1109.2215100155634
8,37000,1109.2215100155634
8,37050,1109.2215100155634
8,37100,1109.2215100155634
8,37150,1109.2215100155634
8,37200,1109.2215100155634
8,37250,1109.2215100155634
8,37300,1109.2215100155634
8,37350,1109.2215100155634
8,37400,1109.2215100155634
8,37450,1109.2215100155634
8,37500,1109.2215100155634
8,37550,1109.2215100155634
8,37600,1109.2215100155634
8,37650,1109.2215100155634
8,37700,1109.2215100155634
8,37750,1109.2215100155634
8,37800,1109.2215100155634
8,37850,1109.2215100155634
8,37900,1109.2215100155634
8,37950,1109.2215100155634
8,38000,1109.2215100155634
8,38050,1109.2215100155634
8,38100,1109.2215100155634
8,38150,1109.2215100155634
8,38200,1109.2215100155634
8,38250,1109.2215100155634
8,38300,1109.2215100155634
8,38350,1109.2215100155634
8,38400,1109.2215100155634
8,38450,1109.2215100155634
8,38500,1109.2215100155634
8,38550,1109.2215100155634
8,38600,1109.2215100155634
8,38650,1109.2215100155634
8,38700,1109.2215100155634
8,38750,1109.2215100155634
8,38800,1109.2215100155634
8,38850,1109.2215100155634
8,38900,1109.2215100155634
8,38950,1109.2215100155634
8,39000,1109.2215100155634
8,39050,1109.2215100155634
8,39100,1109.2215100155634
8,39150,1109.2215100155634
8,39200,1109.2215100155634
8,39250,1109.2215100155634
8,39300,1109.2215100155634
8,39350,1109.2215100155634
8,39400,1109.2215100155634
8,39450,1109.2215100155634
8,39500,1109.2215100155634
8,39550,1109.2215100155634
8,39600,1109.2215100155634
8,39650,1109.2215100155634
8,39700,1109.2215100155634
8,39750,1109.2215100155634
8,39800,1101.7546550363948
8,39850,1101.7546550363948
8,39900,1101.7546550363948
8,39950,1101.7546550363948
8,40000,1101.7546550363948
8,40050,1101.7546550363948
8,40100,1101.7546550363948
8,40150,1101.7546550363948
8,40200,1101.7546550363948
8,40250,1101.7546550363948
8,40300,1101.7546550363948
8,40350,1101.7546550363948
8,40400,1101.7546550363948
8,40450,1101.7546550363948
8,40500,1101.7546550363948
8,40550,1101.7546550363948
8,40600,1101.7546550363948
8,40650,1101.7546550363948
8,40700,1101.7546550363948
8,40750,1101.7546550363948
8,40800,1101.7546550363948
8,40850,1101.7546550363948
8,40900,1101.7546550363948
8,40950,1101.7546550363948
8,41000,1101.7546550363948
8,41050,1101.7546550363948
8,41100,1101.7546550363948
8,41150,1101.7546550363948
8,41200,1101.7546550363948
8,41250,1101.7546550363948
8,41300,1101.7546550363948
8,41350,1101.7546550363948
8,41400,1101.7546550363948
8,41450,1101.7546550363948
8,41500,1101.7546550363948
8,41550,1101.7546550363948
8,41600,1101.7546550363948
8,41650,1101.7546550363948
8,41700,1101.7546550363948
8,41750,1101.7546550363948
8,41800,1101.7546550363948
8,41850,1101.7546550363948
8,41900,1101.7546550363948
8,41950,1101.7546550363948
8,42000,1101.7546550363948
8,42050,1101.7546550363948
8,42100,1101.7546550363948
8,42150,1101.7546550363948
8,42200,1101.7546550363948
8,42250,1101.7546550363948
8,42300,1101.7546550363948
8,42350,1101.7546550363948
8,42400,1101.7546550363948
8,42450,1101.7546550363948
8,42500,1101.7546550363948
8,42550,1094.3980443088967
8,42600,1094.3980443088967
8,42650,1094.3980443088967
8,42700,1094.3980443088967
8,42750,1094.3980443088967
8,42800,1094.3980443088967
8,42850,1094.3980443088967
8,42900,1094.3980443088967
8,42950,1094.3980443088967
8,43000,1094.3980443088967
8,43050,1094.3980443088967
8,43100,1094.3980443088967
8,43150,1094.3980443088967
8,43200,1094.3980443088967
8,43250,1094.3980443088967
8,43300,1094.3980443088967
8,43350,1094.3980443088967
8,43400,1094.3980443088967
8,43450,1094.3980443088967
8,43500,1094.3980443088967
8,43550,1094.3980443088967
8,43600,1094.3980443088967
8,43650,1094.3980443088967
8,43700,1094.3980443088967
8,43750,1094.3980443088967
8,43800,1094.3980443088967
8,43850,1094.3980443088967
8,43900,1094.3980443088967
8,43950,1094.3980443088967
8,44000,1094.3980443088967
8,44050,1094.3980443088967
8,44100,1094.3980443088967
8,44150,1094.3980443088967
8,44200,1094.3980443088967
8,44250,1094.3980443088967
8,44300,1094.3980443088967
8,44350,1094.3980443088967
8,44400,1094.3980443088967
8,44450,1094.3980443088967
8,44500,1094.3980443088967
8,44550,1094.3980443088967
8,44600,1094.3980443088967
8,44650,1094.3980443088967
8,44700,1094.3980443088967
8,44750,1094.3980443088967
8,44800,1094.3980443088967
8,44850,1094.3980443088967
8,44900,1094.3980443088967
8,44950,1094.3980443088967
8,45000,1094.3980443088967
8,45050,1094.3980443088967
8,45100,1094.3980443088967
8,45150,1094.3980443088967
8,45200,1094.3980443088967
8,45250,1094.3980443088967
8,45300,1094.3980443088967
8,45350,1094.3980443088967
8,45400,1094.3980443088967
8,45450,1094.3980443088967
8,45500,1094.3980443088967
8,45550,1094.3980443088967
8,45600,1094.3980443088967
8,45650,1094.3980443088967
8,45700,1094.3980443088967
8,45750,1094.3980443088967
8,45800,1094.3980443088967
8,45850,1094.3980443088967
8,45900,1094.3980443088967
8,45950,1094.3980443088967
8,46000,1094.3980443088967
8,46050,1094.3980443088967
8,46100,1094.3980443088967
8,46150,1094.3980443088967
8,46200,1094.3980443088967
8,46250,1094.3980443088967
8,46300,1094.3980443088967
8,46350,1094.3980443088967
8,46400,1094.3980443088967
8,46450,1094.3980443088967
8,46500,1094.3980443088967
8,46550,1094.3980443088967
8,46600,1094.3980443088967
8,46650,1094.3980443088967
8,46700,1094.3980443088967
8,46750,1094.3980443088967
8,46800,1094.3980443088967
8,46850,1094.3980443088967
8,46900,1094.3980443088967
8,46950,1094.3980443088967
8,47000,1094.3980443088967
8,47050,1094.3980443088967
8,47100,1094.3980443088967
8,47150,1094.3980443088967
8,47200,1094.3980443088967
8,47250,1094.3980443088967
8,47300,1094.3980443088967
8,47350,1094.3980443088967
8,47400,1094.3980443088967
8,47450,1094.3980443088967
8,47500,1094.3980443088967
8,47550,1094.3980443088967
8,47600,1094.3980443088967
8,47650,1094.3980443088967
8,47700,1094.3980443088967
8,47750,1094.3980443088967
8,47800,1094.3980443088967
8,47850,1094.3980443088967
8,47900,1094.3980443088967
8,47950,1094.3980443088967
8,48000,1094.3980443088967
8,48050,1094.3980443088967
8,48100,1094.3980443088967
8,48150,1094.3980443088967
8,48200,1094.3980443088967
8,48250,1094.3980443088967
8,48300,1094.3980443088967
8,48350,1094.3980443088967
8,48400,1094.3980443088967
8,48450,1094.3980443088967
8,48500,1094.3980443088967
8,48550,1094.3980443088967
8,48600,1094.3980443088967
8,48650,1094.3980443088967
8,48700,1094.3980443088967
8,48750,1094.3980443088967
8,48800,1094.3980443088967
8,48850,1094.3980443088967
8,48900,1094.3980443088967
8,48950,1094.3980443088967
8,49000,1094.3980443088967
8,49050,1094.3980443088967
8,49100,1094.3980443088967
8,49150,1094.3980443088967
8,49200,1094.3980443088967
8,49250,1094.3980443088967
8,49300,1094.3980443088967
8,49350,1094.3980443088967
8,49400,1094.3980443088967
8,49450,1094.3980443088967
8,49500,1094.3980443088967
8,49550,1094.3980443088967
8,49600,1094.3980443088967
8,49650,1094.3980443088967
8,49700,1094.3980443088967
8,49750,1094.3980443088967
8,49800,1094.3980443088967
8,49850,1094.3980443088967
8,49900,1094.3980443088967
8,49950,1094.3980443088967
8,50000,1094.3980443088967
9,50,1382.2084612001909
9,100,1354.7182770670115
9,150,1354.7182770670115
9,200,1354.7182770670115
9,250,1354.7182770670115
9,300,1354.7182770670115
9,350,1354.7182770670115
9,400,1354.7182770670115
9,450,1354.7182770670115
9,500,1265.9367412332533
9,550,1265.9367412332533
9,600,1265.9367412332533
9,650,1265.9367412332533
9,700,1265.9367412332533
9,750,1265.9367412332533
9,800,1265.9367412332533
9,850,1222.8683880705507
9,900,1222.8683880705507
9,950,1210.6874538677707
9,1000,1210.6874538677707
9,1050,1210.6874538677707
9,1100,1210.6874538677707
9,1150,1210.6874538677707
9,1200,1197.7891651570485
9,1250,1184.909509496006
9,1300,1178.131930683258
9,1350,1178.131930683258
9,1400,1178.131930683258
9,1450,1178.131930683258
9,1500,1178.131930683258
9,1550,1178.131930683258
9,1600,1178.131930683258
9,1650,1178.131930683258
9,1700,1178.131930683258
9,1750,1178.131930683258
9,1800,1178.131930683258
9,1850,1178.131930683258
9,1900,1178.131930683258
9,1950,1178.131930683258
9,2000,1170.679750652774
9,2050,1170.679750652774
9,2100,1170.679750652774
9,2150,1170.679750652774
9,2200,1134.7228846253006
9,2250,1134.7228846253006
9,2300,1134.7228846253006
9,2350,1134.7228846253006
9,2400,1134.7228846253006
9,2450,1134.7228846253006
9,2500,1134.7228846253006
9,2550,1134.7228846253006
9,2600,1134.7228846253006
9,2650,1134.7228846253006
9,2700,1134.7228846253006
9,2750,1134.7228846253006
9,2800,1134.7228846253006
9,2850,1134.7228846253006
9,2900,1134.7228846253006
9,2950,1134.7228846253006
9,3000,1134.7228846253006
9,3050,1134.7228846253006
9,3100,1122.9401521033633
9,3150,1122.9401521033633
9,3200,1122.9401521033633
9,3250,1122.9401521033633
9,3300,1122.9401521033633
9,3350,1122.9401521033633
9,3400,1122.9401521033633
9,3450,1122.9401521033633
9,3500,1122.9401521033633
9,3550,1122.9401521033633
9,3600,1122.9401521033633
9,3650,1122.9401521033633
9,3700,1122.9401521033633
9,3750,1122.9401521033633
9,3800,1122.9401521033633
9,3850,1122.9401521033633
9,3900,1122.9401521033633
9,3950,1122.9401521033633
9,4000,1122.9401521033633
9,4050,1122.9401521033633
9,4100,1122.9401521033633
9,4150,1122.9401521033633
9,4200,1122.9401521033633
9,4250,1122.9401521033633
9,4300,1122.9401521033633
9,4350,1122.9401521033633
9,4400,1122.9401521033633
9,4450,1122.9401521033633
9,4500,1122.9401521033633
9,4550,1122.9401521033633
9,4600,1122.9401521033633
9,4650,1122.9401521033633
9,4700,1122.9401521033633
9,4750,1122.9401521033633
9,4800,1122.9401521033633
9,4850,1122.9401521033633
9,4900,1122.9401521033633
9,4950,1122.9401521033633
9,5000,1122.9401521033633
9,5050,1122.9401521033633
9,5100,1122.9401521033633
9,5150,1122.9401521033633
9,5200,1122.9401521033633
9,5250,1122.9401521033633
9,5300,1122.9401521033633
9,5350,1122.9401521033633
9,5400,1122.9401521033633
9,5450,1122.9401521033633
9,5500,1122.9401521033633
9,5550,1122.9401521033633
9,5600,1122.9401521033633
9,5650,1122.9401521033633
9,5700,1122.9401521033633
9,5750,1122.9401521033633
9,5800,1122.9401521033633
9,5850,1122.9401521033633
9,5900,1122.9401521033633
9,5950,1122.9401521033633
9,6000,1122.9401521033633
9,6050,1122.9401521033633
9,6100,1122.9401521033633
9,6150,1122.9401521033633
9,6200,1122.9401521033633
9,6250,1122.9401521033633
9,6300,1122.9401521033633
9,6350,1122.9401521033633
9,6400,1122.9401521033633
9,6450,1122.9401521033633
9,6500,1122.9401521033633
9,6550,1122.9401521033633
9,6600,1122.9401521033633
9,6650,1122.9401521033633
9,6700,1122.9401521033633
9,6750,1122.9401521033633
9,6800,1122.9401521033633
9,6850,1122.9401521033633
9,6900,1122.9401521033633
9,6950,1122.9401521033633
9,7000,1122.9401521033633
9,7050,1122.9401521033633
9,7100,1122.9401521033633
9,7150,1122.9401521033633
9,7200,1122.9401521033633
9,7250,1122.9401521033633
9,7300,1122.9401521033633
9,7350,1122.9401521033633
9,7400,1122.9401521033633
9,7450,1122.9401521033633
9,7500,1122.9401521033633
9,7550,1122.9401521033633
9,7600,1122.9401521033633
9,7650,1122.9401521033633
9,7700,1122.9401521033633
9,7750,1122.9401521033633
9,7800,1122.9401521033633
9,7850,1122.9401521033633
9,7900,1122.9401521033633
9,7950,1122.9401521033633
9,8000,1122.9401521033633
9,8050,1122.9401521033633
9,8100,1122.9401521033633
9,8150,1122.9401521033633
9,8200,1122.9401521033633
9,8250,1122.9401521033633
9,8300,1122.9401521033633
9,8350,1122.9401521033633
9,8400,1122.9401521033633
9,8450,1122.9401521033633
9,8500,1122.9401521033633
9,8550,1122.9401521033633
9,8600,1122.9401521033633
9,8650,1122.9401521033633
9,8700,1122.9401521033633
9,8750,1122.9401521033633
9,8800,1122.9401521033633
9,8850,1122.9401521033633
9,8900,1122.9401521033633
9,8950,1122.9401521033633
9,9000,1122.9401521033633
9,9050,1122.9401521033633
9,9100,1122.9401521033633
9,9150,1122.9401521033633
9,9200,1122.9401521033633
9,9250,1122.9401521033633
9,9300,1122.9401521033633
9,9350,1122.9401521033633
9,9400,1122.9401521033633
9,9450,1122.9401521033633
9,9500,1122.9401521033633
9,9550,1122.9401521033633
9,9600,1122.9401521033633
9,9650,1122.9401521033633
9,9700,1122.9401521033633
9,9750,1122.9401521033633
9,9800,1122.9401521033633
9,9850,1122.9401521033633
9,9900,1122.9401521033633
9,9950,1122.9401521033633
9,10000,1122.9401521033633
9,10050,1122.9401521033633
9,10100,1122.9401521033633
9,10150,1122.9401521033633
9,10200,1122.9401521033633
9,10250,1122.9401521033633
9,10300,1112.941673364908
9,10350,1112.941673364908
9,10400,1112.941673364908
9,10450,1112.941673364908
9,10500,1112.941673364908
9,10550,1112.941673364908
9,10600,1112.941673364908
9,10650,1112.941673364908
9,10700,1112.941673364908
9,10750,1112.941673364908
9,10800,1112.941673364908
9,10850,1112.941673364908
9,10900,1112.941673364908
9,10950,1112.941673364908
9,11000,1112.941673364908
9,11050,1112.941673364908
9,11100,1112.941673364908
9,11150,1112.941673364908
9,11200,1112.941673364908
9,11250,1112.941673364908
9,11300,1112.941673364908
9,11350,1112.941673364908
9,11400,1112.941673364908
9,11450,1112.941673364908
9,11500,1112.941673364908
9,11550,1112.941673364908
9,11600,1104.5552118156104
9,11650,1104.5552118156104
9,11700,1104.5552118156104
9,11750,1104.5552118156104
9,11800,1104.5552118156104
9,11850,1104.5552118156104
9,11900,1104.5552118156104
9,11950,1104.5552118156104
9,12000,1104.5552118156104
9,12050,1104.5552118156104
9,12100,1104.5552118156104
9,12150,1104.5552118156104
9,12200,1104.5552118156104
9,12250,1104.5552118156104
9,12300,1104.5552118156104
9,12350,1104.5552118156104
9,12400,1104.5552118156104
9,12450,1104.5552118156104
9,12500,1104.5552118156104
9,12550,1104.5552118156104
9,12600,1104.5552118156104
9,12650,1104.5552118156104
9,12700,1104.5552118156104
9,12750,1104.5552118156104
9,12800,1104.5552118156104
9,12850,1104.5552118156104
9,12900,1104.5552118156104
9,12950,1104.5552118156104
9,13000,1104.5552118156104
9,13050,1104.5552118156104
9,13100,1104.5552118156104
9,13150,1104.5552118156104
9,13200,1104.5552118156104
9,13250,1104.5552118156104
9,13300,1104.5552118156104
9,13350,1104.5552118156104
9,13400,1104.5552118156104
9,13450,1104.5552118156104
9,13500,1104.5552118156104
9,13550,1104.5552118156104
9,13600,1104.5552118156104
9,13650,1104.5552118156104
9,13700,1104.5552118156104
9,13750,1104.5552118156104
9,13800,1104.5552118156104
9,13850,1104.5552118156104
9,13900,1104.5552118156104
9,13950,1104.5552118156104
9,14000,1104.5552118156104
9,14050,1104.5552118156104
9,14100,1104.5552118156104
9,14150,1104.5552118156104
9,14200,1104.5552118156104
9,14250,1104.5552118156104
9,14300,1104.5552118156104
9,14350,1104.5552118156104
9,14400,1104.5552118156104
9,14450,1104.5552118156104
9,14500,1104.5552118156104
9,14550,1104.5552118156104
9,14600,1104.5552118156104
9,14650,1104.5552118156104
9,14700,1104.5552118156104
9,14750,1104.5552118156104
9,14800,1104.5552118156104
9,14850,1104.5552118156104
9,14900,1104.5552118156104
9,14950,1104.5552118156104
9,15000,1104.5552118156104
9,15050,1104.5552118156104
9,15100,1104.5552118156104
9,15150,1104.5552118156104
9,15200,1104.5552118156104
9,15250,1104.5552118156104
9,15300,1104.5552118156104
9,15350,1104.5552118156104
9,15400,1104.5552118156104
9,15450,1104.5552118156104
9,15500,1104.5552118156104
9,15550,1104.5552118156104
9,15600,1104.5552118156104
9,15650,1104.5552118156104
9,15700,1104.5552118156104
9,15750,1104.5552118156104
9,15800,1104.5552118156104
9,15850,1104.5552118156104
9,15900,1104.5552118156104
9,15950,1104.5552118156104
9,16000,1104.5552118156104
9,16050,1104.5552118156104
9,16100,1104.5552118156104
9,16150,1104.5552118156104
9,16200,1104.5552118156104
9,16250,1104.5552118156104
9,16300,1104.5552118156104
9,16350,1104.5552118156104
9,16400,1104.5552118156104
9,16450,1104.5552118156104
9,16500,1104.5552118156104
9,16550,1104.5552118156104
9,16600,1104.5552118156104
9,16650,1104.5552118156104
9,16700,1104.5552118156104
9,16750,1104.5552118156104
9,16800,1104.5552118156104
9,16850,1104.5552118156104
9,16900,1104.5552118156104
9,16950,1104.5552118156104
9,17000,1104.5552118156104
9,17050,1104.5552118156104
9,17100,1104.5552118156104
9,17150,1104.5552118156104
9,17200,1104.5552118156104
9,17250,1104.5552118156104
9,17300,1104.5552118156104
9,17350,1104.5552118156104
9,17400,1104.5552118156104
9,17450,1104.5552118156104
9,17500,1104.5552118156104
9,17550,1104.5552118156104
9,17600,1104.5552118156104
9,17650,1104.5552118156104
9,17700,1104.5552118156104
9,17750,1104.5552118156104
9,17800,1104.5552118156104
9,17850,1104.5552118156104
9,17900,1104.5552118156104
9,17950,1104.5552118156104
9,18000,1104.5552118156104
9,18050,1104.5552118156104
9,18100,1104.5552118156104
9,18150,1104.5552118156104
9,18200,1104.5552118156104
9,18250,1104.5552118156104
9,18300,1104.5552118156104
9,18350,1104.5552118156104
9,18400,1104.5552118156104
9,18450,1104.5552118156104
9,18500,1104.5552118156104
9,18550,1104.5552118156104
9,18600,1104.5552118156104
9,18650,1104.5552118156104
9,18700,1104.5552118156104
9,18750,1104.5552118156104
9,18800,1104.5552118156104
9,18850,1104.5552118156104
9,18900,1104.5552118156104
9,18950,1104.5552118156104
9,19000,1104.5552118156104
9,19050,1104.5552118156104
9,19100,1104.5552118156104
9,19150,1104.5552118156104
9,19200,1104.5552118156104
9,19250,1104.5552118156104
9,19300,1104.5552118156104
9,19350,1104.5552118156104
9,19400,1104.5552118156104
9,19450,1104.5552118156104
9,19500,1104.5552118156104
9,19550,1104.5552118156104
9,19600,1104.5552118156104
9,19650,1104.5552118156104
9,19700,1104.5552118156104
9,19750,1104.5552118156104
9,19800,1104.5552118156104
9,19850,1089.0298847984172
9,19900,1089.0298847984172
9,19950,1089.0298847984172
9,20000,1089.0298847984172
9,20050,1089.0298847984172
9,20100,1089.0298847984172
9,20150,1089.0298847984172
9,20200,1089.0298847984172
9,20250,1089.0298847984172
9,20300,1089.0298847984172
9,20350,1089.0298847984172
9,20400,1089.0298847984172
9,20450,1089.0298847984172
9,20500,1089.0298847984172
9,20550,1089.0298847984172
9,20600,1089.0298847984172
9,20650,1089.0298847984172
9,20700,1089.0298847984172
9,20750,1089.0298847984172
9,20800,1089.0298847984172
9,20850,1089.0298847984172
9,20900,1089.0298847984172
9,20950,1089.0298847984172
9,21000,1089.0298847984172
9,21050,1089.0298847984172
9,21100,1089.0298847984172
9,21150,1089.0298847984172
9,21200,1089.0298847984172
9,21250,1089.0298847984172
9,21300,1089.0298847984172
9,21350,1089.0298847984172
9,21400,1089.0298847984172
9,21450,1089.0298847984172
9,21500,1089.0298847984172
9,21550,1089.0298847984172
9,21600,1089.0298847984172
9,21650,1089.0298847984172
9,21700,1089.0298847984172
9,21750,1089.0298847984172
9,21800,1089.0298847984172
9,21850,1089.0298847984172
9,21900,1089.0298847984172
9,21950,1089.0298847984172
9,22000,1089.0298847984172
9,22050,1089.0298847984172
9,22100,1089.0298847984172
9,22150,1089.0298847984172
9,22200,1089.0298847984172
9,22250,1089.0298847984172
9,22300,1089.0298847984172
9,22350,1089.0298847984172
9,22400,1089.0298847984172
9,22450,1089.0298847984172
9,22500,1089.0298847984172
9,22550,1089.0298847984172
9,22600,1089.0298847984172
9,22650,1089.0298847984172
9,22700,1089.0298847984172
9,22750,1089.0298847984172
9,22800,1089.0298847984172
9,22850,1089.0298847984172
9,22900,1089.0298847984172
9,22950,1089.0298847984172
9,23000,1089.0298847984172
9,23050,1089.0298847984172
9,23100,1089.0298847984172
9,23150,1089.0298847984172
9,23200,1089.0298847984172
9,23250,1089.0298847984172
9,23300,1089.0298847984172
9,23350,1089.0298847984172
9,23400,1089.0298847984172
9,23450,1089.0298847984172
9,23500,1089.0298847984172
9,23550,1089.0298847984172
9,23600,1089.0298847984172
9,23650,1089.0298847984172
9,23700,1089.0298847984172
9,23750,1089.0298847984172
9,23800,1089.0298847984172
9,23850,1089.0298847984172
9,23900,1089.0298847984172
9,23950,1089.0298847984172
9,24000,1089.0298847984172
9,24050,1089.0298847984172
9,24100,1089.0298847984172
9,24150,1089.0298847984172
9,24200,1089.0298847984172
9,24250,1089.0298847984172
9,24300,1089.0298847984172
9,24350,1089.0298847984172
9,24400,1089.0298847984172
9,24450,1089.0298847984172
9,24500,1089.0298847984172
9,24550,1089.0298847984172
9,24600,1089.0298847984172
9,24650,1089.0298847984172
9,24700,1089.0298847984172
9,24750,1089.0298847984172
9,24800,1089.0298847984172
9,24850,1089.0298847984172
9,24900,1089.0298847984172
9,24950,1089.0298847984172
9,25000,1089.0298847984172
9,25050,1089.0298847984172
9,25100,1089.0298847984172
9,25150,1089.0298847984172
9,25200,1089.0298847984172
9,25250,1089.0298847984172
9,25300,1089.0298847984172
9,25350,1089.0298847984172
9,25400,1089.0298847984172
9,25450,1089.0298847984172
9,25500,1089.0298847984172
9,25550,1089.0298847984172
9,25600,1089.0298847984172
9,25650,1089.0298847984172
9,25700,1089.0298847984172
9,25750,1089.0298847984172
9,25800,1089.0298847984172
9,25850,1089.0298847984172
9,25900,1089.0298847984172
9,25950,1089.0298847984172
9,26000,1089.0298847984172
9,26050,1089.0298847984172
9,26100,1089.0298847984172
9,26150,1089.0298847984172
9,26200,1089.0298847984172
9,26250,1089.0298847984172
9,26300,1089.0298847984172
9,26350,1089.0298847984172
9,26400,1089.0298847984172
9,26450,1089.0298847984172
9,26500,1089.0298847984172
9,26550,1089.0298847984172
9,26600,1089.0298847984172
9,26650,1089.0298847984172
9,26700,1089.0298847984172
9,26750,1089.0298847984172
9,26800,1089.0298847984172
9,26850,1089.0298847984172
9,26900,1089.0298847984172
9,26950,1089.0298847984172
9,27000,1089.0298847984172
9,27050,1089.0298847984172
9,27100,1089.0298847984172
9,27150,1089.0298847984172
9,27200,1089.0298847984172
9,27250,1089.0298847984172
9,27300,1089.0298847984172
9,27350,1089.0298847984172
9,27400,1089.0298847984172
9,27450,1089.0298847984172
9,27500,1089.0298847984172
9,27550,1089.0298847984172
9,27600,1089.0298847984172
9,27650,1089.0298847984172
9,27700,1089.0298847984172
9,27750,1089.0298847984172
9,27800,1089.0298847984172
9,27850,1089.0298847984172
9,27900,1089.0298847984172
9,27950,1089.0298847984172
9,28000,1089.0298847984172
9,28050,1089.0298847984172
9,28100,1089.0298847984172
9,28150,1089.0298847984172
9,28200,1089.0298847984172
9,28250,1089.0298847984172
9,28300,1089.0298847984172
9,28350,1089.0298847984172
9,28400,1089.0298847984172
9,28450,1089.0298847984172
9,28500,1089.0298847984172
9,28550,1089.0298847984172
9,28600,1089.0298847984172
9,28650,1089.0298847984172
9,28700,1089.0298847984172
9,28750,1089.0298847984172
9,28800,1089.0298847984172
9,28850,1089.0298847984172
9,28900,1089.0298847984172
9,28950,1089.0298847984172
9,29000,1089.0298847984172
9,29050,1089.0298847984172
9,29100,1089.0298847984172
9,29150,1089.0298847984172
9,29200,1089.0298847984172
9,29250,1089.0298847984172
9,29300,1089.0298847984172
9,29350,1089.0298847984172
9,29400,1089.0298847984172
9,29450,1089.0298847984172
9,29500,1089.0298847984172
9,29550,1089.0298847984172
9,29600,1089.0298847984172
9,29650,1089.0298847984172
9,29700,1089.0298847984172
9,29750,1089.0298847984172
9,29800,1089.0298847984172
9,29850,1089.0298847984172
9,29900,1089.0298847984172
9,29950,1089.0298847984172
9,30000,1089.0298847984172
9,30050,1089.0298847984172
9,30100,1089.0298847984172
9,30150,1089.0298847984172
9,30200,1089.0298847984172
9,30250,1089.0298847984172
9,30300,1089.0298847984172
9,30350,1089.0298847984172
9,30400,1089.0298847984172
9,30450,1089.0298847984172
9,30500,1089.0298847984172
9,30550,1089.0298847984172
9,30600,1089.0298847984172
9,30650,1089.0298847984172
9,30700,1089.0298847984172
9,30750,1089.0298847984172
9,30800,1089.0298847984172
9,30850,1089.0298847984172
9,30900,1089.0298847984172
9,30950,1089.0298847984172
9,31000,1089.0298847984172
9,31050,1089.0298847984172
9,31100,1089.0298847984172
9,31150,1089.0298847984172
9,31200,1089.0298847984172
9,31250,1089.0298847984172
9,31300,1089.0298847984172
9,31350,1089.0298847984172
9,31400,1089.0298847984172
9,31450,1089.0298847984172
9,31500,1089.0298847984172
9,31550,1089.0298847984172
9,31600,1089.0298847984172
9,31650,1089.0298847984172
9,31700,1089.0298847984172
9,31750,1089.0298847984172
9,31800,1089.0298847984172
9,31850,1089.0298847984172
9,31900,1089.0298847984172
9,31950,1089.0298847984172
9,32000,1089.0298847984172
9,32050,1089.0298847984172
9,32100,1089.0298847984172
9,32150,1089.0298847984172
9,32200,1089.0298847984172
9,32250,1089.0298847984172
9,32300,1089.0298847984172
9,32350,1089.0298847984172
9,32400,1089.0298847984172
9,32450,1089.0298847984172
9,32500,1089.0298847984172
9,32550,1089.0298847984172
9,32600,1089.0298847984172
9,32650,1089.0298847984172
9,32700,1089.0298847984172
9,32750,1089.0298847984172
9,32800,1089.0298847984172
9,32850,1089.0298847984172
9,32900,1089.0298847984172
9,32950,1089.0298847984172
9,33000,1089.0298847984172
9,33050,1089.0298847984172
9,33100,1089.0298847984172
9,33150,1089.0298847984172
9,33200,1089.0298847984172
9,33250,1089.0298847984172
9,33300,1089.0298847984172
9,33350,1089.0298847984172
9,33400,1089.0298847984172
9,33450,1089.0298847984172
9,33500,1089.0298847984172
9,33550,1089.0298847984172
9,33600,1089.0298847984172
9,33650,1089.0298847984172
9,33700,1089.0298847984172
9,33750,1089.0298847984172
9,33800,1089.0298847984172
9,33850,1089.0298847984172
9,33900,1089.0298847984172
9,33950,1089.0298847984172
9,34000,1089.0298847984172
9,34050,1089.0298847984172
9,34100,1089.0298847984172
9,34150,1089.0298847984172
9,34200,1089.0298847984172
9,34250,1089.0298847984172
9,34300,1089.0298847984172
9,34350,1089.0298847984172
9,34400,1089.0298847984172
9,34450,1089.0298847984172
9,34500,1089.0298847984172
9,34550,1089.0298847984172
9,34600,1089.0298847984172
9,34650,1089.0298847984172
9,34700,1089.0298847984172
9,34750,1089.0298847984172
9,34800,1089.0298847984172
9,34850,1089.0298847984172
9,34900,1089.0298847984172
9,34950,1089.0298847984172
9,35000,1089.0298847984172
9,35050,1089.0298847984172
9,35100,1089.0298847984172
9,35150,1089.0298847984172
9,35200,1089.0298847984172
9,35250,1089.0298847984172
9,35300,1089.0298847984172
9,35350,1089.0298847984172
9,35400,1089.0298847984172
9,35450,1089.0298847984172
9,35500,1089.0298847984172
9,35550,1089.0298847984172
9,35600,1089.0298847984172
9,35650,1089.0298847984172
9,35700,1089.0298847984172
9,35750,1089.0298847984172
9,35800,1089.0298847984172
9,35850,1089.0298847984172
9,35900,1089.0298847984172
9,35950,1089.0298847984172
9,36000,1089.0298847984172
9,36050,1089.0298847984172
9,36100,1089.0298847984172
9,36150,1089.0298847984172
9,36200,1089.0298847984172
9,36250,1089.0298847984172
9,36300,1089.0298847984172
9,36350,1089.0298847984172
9,36400,1089.0298847984172
9,36450,1089.0298847984172
9,36500,1089.0298847984172
9,36550,1089.0298847984172
9,36600,1089.0298847984172
9,36650,1089.0298847984172
9,36700,1089.0298847984172
9,36750,1089.0298847984172
9,36800,1089.0298847984172
9,36850,1089.0298847984172
9,36900,1089.0298847984172
9,36950,1089.0298847984172
9,37000,1089.0298847984172
9,37050,1089.0298847984172
9,37100,1089.0298847984172
9,37150,1089.0298847984172
9,37200,1089.0298847984172
9,37250,1089.0298847984172
9,37300,1089.0298847984172
9,37350,1089.0298847984172
9,37400,1089.0298847984172
9,37450,1089.0298847984172
9,37500,1089.0298847984172
9,37550,1089.0298847984172
9,37600,1089.0298847984172
9,37650,1089.0298847984172
9,37700,1089.0298847984172
9,37750,1089.0298847984172
9,37800,1089.0298847984172
9,37850,1089.0298847984172
9,37900,1089.0298847984172
9,37950,1089.0298847984172
9,38000,1089.0298847984172
9,38050,1089.0298847984172
9,38100,1089.0298847984172
9,38150,1089.0298847984172
9,38200,1089.0298847984172
9,38250,1089.0298847984172
9,38300,1089.0298847984172
9,38350,1089.0298847984172
9,38400,1089.0298847984172
9,38450,1089.0298847984172
9,38500,1089.0298847984172
9,38550,1089.0298847984172
9,38600,1089.0298847984172
9,38650,1089.0298847984172
9,38700,1089.0298847984172
9,38750,1089.0298847984172
9,38800,1089.0298847984172
9,38850,1089.0298847984172
9,38900,1089.0298847984172
9,38950,1089.0298847984172
9,39000,1089.0298847984172
9,39050,1089.0298847984172
9,39100,1089.0298847984172
9,39150,1089.0298847984172
9,39200,1089.0298847984172
9,39250,1089.0298847984172
9,39300,1089.0298847984172
9,39350,1089.0298847984172
9,39400,1089.0298847984172
9,39450,1089.0298847984172
9,39500,1089.0298847984172
9,39550,1089.0298847984172
9,39600,1089.0298847984172
9,39650,1089.0298847984172
9,39700,1089.0298847984172
9,39750,1089.0298847984172
9,39800,1089.0298847984172
9,39850,1089.0298847984172
9,39900,1089.0298847984172
9,39950,1089.0298847984172
9,40000,1089.0298847984172
9,40050,1089.0298847984172
9,40100,1089.0298847984172
9,40150,1089.0298847984172
9,40200,1089.0298847984172
9,40250,1089.0298847984172
9,40300,1089.0298847984172
9,40350,1089.0298847984172
9,40400,1089.0298847984172
9,40450,1089.0298847984172
9,40500,1089.0298847984172
9,40550,1089.0298847984172
9,40600,1089.0298847984172
9,40650,1089.0298847984172
9,40700,1089.0298847984172
9,40750,1089.0298847984172
9,40800,1089.0298847984172
9,40850,1089.0298847984172
9,40900,1089.0298847984172
9,40950,1089.0298847984172
9,41000,1089.0298847984172
9,41050,1089.0298847984172
9,41100,1089.0298847984172
9,41150,1089.0298847984172
9,41200,1089.0298847984172
9,41250,1089.0298847984172
9,41300,1089.0298847984172
9,41350,1089.0298847984172
9,41400,1089.0298847984172
9,41450,1089.0298847984172
9,41500,1089.0298847984172
9,41550,1089.0298847984172
9,41600,1089.0298847984172
9,41650,1089.0298847984172
9,41700,1089.0298847984172
9,41750,1089.0298847984172
9,41800,1089.0298847984172
9,41850,1089.0298847984172
9,41900,1089.0298847984172
9,41950,1089.0298847984172
9,42000,1089.0298847984172
9,42050,1089.0298847984172
9,42100,1089.0298847984172
9,42150,1089.0298847984172
9,42200,1089.0298847984172
9,42250,1089.0298847984172
9,42300,1089.0298847984172
9,42350,1089.0298847984172
9,42400,1089.0298847984172
9,42450,1089.0298847984172
9,42500,1089.0298847984172
9,42550,1089.0298847984172
9,42600,1089.0298847984172
9,42650,1089.0298847984172
9,42700,1089.0298847984172
9,42750,1089.0298847984172
9,42800,1089.0298847984172
9,42850,1089.0298847984172
9,42900,1089.0298847984172
9,42950,1089.0298847984172
9,43000,1089.0298847984172
9,43050,1089.0298847984172
9,43100,1089.0298847984172
9,43150,1089.0298847984172
9,43200,1089.0298847984172
9,43250,1089.0298847984172
9,43300,1089.0298847984172
9,43350,1089.0298847984172
9,43400,1089.0298847984172
9,43450,1089.0298847984172
9,43500,1089.0298847984172
9,43550,1089.0298847984172
9,43600,1089.0298847984172
9,43650,1089.0298847984172
9,43700,1089.0298847984172
9,43750,1089.0298847984172
9,43800,1089.0298847984172
9,43850,1089.0298847984172
9,43900,1089.0298847984172
9,43950,1089.0298847984172
9,44000,1089.0298847984172
9,44050,1089.0298847984172
9,44100,1089.0298847984172
9,44150,1089.0298847984172
9,44200,1089.0298847984172
9,44250,1089.0298847984172
9,44300,1089.0298847984172
9,44350,1089.0298847984172
9,44400,1089.0298847984172
9,44450,1089.0298847984172
9,44500,1089.0298847984172
9,44550,1089.0298847984172
9,44600,1089.0298847984172
9,44650,1089.0298847984172
9,44700,1089.0298847984172
9,44750,1089.0298847984172
9,44800,1089.0298847984172
9,44850,1089.0298847984172
9,44900,1089.0298847984172
9,44950,1089.0298847984172
9,45000,1089.0298847984172
9,45050,1089.0298847984172
9,45100,1089.0298847984172
9,45150,1089.0298847984172
9,45200,1089.0298847984172
9,45250,1089.0298847984172
9,45300,1089.0298847984172
9,45350,1089.0298847984172
9,45400,1089.0298847984172
9,45450,1089.0298847984172
9,45500,1089.0298847984172
9,45550,1089.0298847984172
9,45600,1089.0298847984172
9,45650,1089.0298847984172
9,45700,1089.0298847984172
9,45750,1089.0298847984172
9,45800,1089.0298847984172
9,45850,1089.0298847984172
9,45900,1089.0298847984172
9,45950,1089.0298847984172
9,46000,1089.0298847984172
9,46050,1089.0298847984172
9,46100,1089.0298847984172
9,46150,1089.0298847984172
9,46200,1089.0298847984172
9,46250,1089.0298847984172
9,46300,1089.0298847984172
9,46350,1089.0298847984172
9,46400,1089.0298847984172
9,46450,1089.0298847984172
9,46500,1089.0298847984172
9,46550,1089.0298847984172
9,46600,1089.0298847984172
9,46650,1089.0298847984172
9,46700,1089.0298847984172
9,46750,1089.0298847984172
9,46800,1089.0298847984172
9,46850,1089.0298847984172
9,46900,1089.0298847984172
9,46950,1089.0298847984172
9,47000,1089.0298847984172
9,47050,1089.0298847984172
9,47100,1089.0298847984172
9,47150,1089.0298847984172
9,47200,1089.0298847984172
9,47250,1089.0298847984172
9,47300,1089.0298847984172
9,47350,1089.0298847984172
9,47400,1089.0298847984172
9,47450,1089.0298847984172
9,47500,1089.0298847984172
9,47550,1089.0298847984172
9,47600,1089.0298847984172
9,47650,1089.0298847984172
9,47700,1089.0298847984172
9,47750,1089.0298847984172
9,47800,1089.0298847984172
9,47850,1089.0298847984172
9,47900,1089.0298847984172
9,47950,1089.0298847984172
9,48000,1089.0298847984172
9,48050,1089.0298847984172
9,48100,1089.0298847984172
9,48150,1089.0298847984172
9,48200,1089.0298847984172
9,48250,1089.0298847984172
9,48300,1089.0298847984172
9,48350,1089.0298847984172
9,48400,1089.0298847984172
9,48450,1089.0298847984172
9,48500,1089.0298847984172
9,48550,1089.0298847984172
9,48600,1089.0298847984172
9,48650,1089.0298847984172
9,48700,1089.0298847984172
9,48750,1089.0298847984172
9,48800,1089.0298847984172
9,48850,1089.0298847984172
9,48900,1089.0298847984172
9,48950,1089.0298847984172
9,49000,1089.0298847984172
9,49050,1089.0298847984172
9,49100,1089.0298847984172
9,49150,1089.0298847984172
9,49200,1089.0298847984172
9,49250,1089.0298847984172
9,49300,1089.0298847984172
9,49350,1089.0298847984172
9,49400,1089.0298847984172
9,49450,1089.0298847984172
9,49500,1089.0298847984172
9,49550,1089.0298847984172
9,49600,1089.0298847984172
9,49650,1089.0298847984172
9,49700,1089.0298847984172
9,49750,1089.0298847984172
9,49800,1089.0298847984172
9,49850,1089.0298847984172
9,49900,1089.0298847984172
9,49950,1089.0298847984172
9,50000,1089.0298847984172
10,50,1448.0951785312043
10,100,1355.4610261894982
10,150,1355.4610261894982
10,200,1355.4610261894982
10,250,1355.4610261894982
10,300,1355.4610261894982
10,350,1355.4610261894982
10,400,1355.4610261894982
10,450,1286.1189323711592
10,500,1286.1189323711592
10,550,1286.1189323711592
10,600,1286.1189323711592
10,650,1229.4932022330015
10,700,1229.4932022330015
10,750,1189.1639337211777
10,800,1189.1639337211777
10,850,1189.1639337211777
10,900,1189.1639337211777
10,950,1189.1639337211777
10,1000,1171.3433865695565
10,1050,1171.3433865695565
10,1100,1130.398568972639
10,1150,1130.398568972639
10,1200,1130.398568972639
10,1250,1130.398568972639
10,1300,1130.398568972639
10,1350,1130.398568972639
10,1400,1130.398568972639
10,1450,1130.398568972639
10,1500,1130.398568972639
10,1550,1130.398568972639
10,1600,1130.398568972639
10,1650,1130.398568972639
10,1700,1115.2721523602092
10,1750,1115.2721523602092
10,1800,1115.2721523602092
10,1850,1115.2721523602092
10,1900,1115.2721523602092
10,1950,1115.2721523602092
10,2000,1115.2721523602092
10,2050,1115.2721523602092
10,2100,1115.2721523602092
10,2150,1115.2721523602092
10,2200,1115.2721523602092
10,2250,1115.2721523602092
10,2300,1115.2721523602092
10,2350,1115.2721523602092
10,2400,1115.2721523602092
10,2450,1115.2721523602092
10,2500,1115.2721523602092
10,2550,1115.2721523602092
10,2600,1115.2721523602092
10,2650,1115.2721523602092
10,2700,1115.2721523602092
10,2750,1115.2721523602092
10,2800,1115.2721523602092
10,2850,1115.2721523602092
10,2900,1115.2721523602092
10,2950,1115.2721523602092
10,3000,1115.2721523602092
10,3050,1115.2721523602092
10,3100,1115.2721523602092
10,3150,1115.2721523602092
10,3200,1115.2721523602092
10,3250,1115.2721523602092
10,3300,1115.2721523602092
10,3350,1115.2721523602092
10,3400,1115.2721523602092
10,3450,1115.2721523602092
10,3500,1115.2721523602092
10,3550,1115.2721523602092
10,3600,1115.2721523602092
10,3650,1115.2721523602092
10,3700,1115.2721523602092
10,3750,1115.2721523602092
10,3800,1115.2721523602092
10,3850,1115.2721523602092
10,3900,1115.2721523602092
10,3950,1115.2721523602092
10,4000,1115.2721523602092
10,4050,1115.2721523602092
10,4100,1115.2721523602092
10,4150,1115.2721523602092
10,4200,1115.2721523602092
10,4250,1115.2721523602092
10,4300,1115.2721523602092
10,4350,1115.2721523602092
10,4400,1115.2721523602092
10,4450,1115.2721523602092
10,4500,1115.2721523602092
10,4550,1115.2721523602092
10,4600,1115.2721523602092
10,4650,1115.2721523602092
10,4700,1115.2721523602092
10,4750,1115.2721523602092
10,4800,1115.2721523602092
10,4850,1115.2721523602092
10,4900,1115.2721523602092
10,4950,1115.2721523602092
10,5000,1115.2721523602092
10,5050,1115.2721523602092
10,5100,1115.2721523602092
10,5150,1115.2721523602092
10,5200,1115.2721523602092
10,5250,1115.2721523602092
10,5300,1115.2721523602092
10,5350,1115.2721523602092
10,5400,1115.2721523602092
10,5450,1115.2721523602092
10,5500,1115.2721523602092
10,5550,1115.2721523602092
10,5600,1115.2721523602092
10,5650,1115.2721523602092
10,5700,1115.2721523602092
10,5750,1115.2721523602092
10,5800,1115.2721523602092
10,5850,1115.2721523602092
10,5900,1115.2721523602092
10,5950,1115.2721523602092
10,6000,1115.2721523602092
10,6050,1115.2721523602092
10,6100,1115.2721523602092
10,6150,1115.2721523602092
10,6200,1115.2721523602092
10,6250,1115.2721523602092
10,6300,1115.2721523602092
10,6350,1115.2721523602092
10,6400,1115.2721523602092
10,6450,1115.2721523602092
10,6500,1115.2721523602092
10,6550,1115.2721523602092
10,6600,1115.2721523602092
10,6650,1115.2721523602092
10,6700,1115.2721523602092
10,6750,1115.2721523602092
10,6800,1115.2721523602092
10,6850,1115.2721523602092
10,6900,1115.2721523602092
10,6950,1115.2721523602092
10,7000,1115.2721523602092
10,7050,1115.2721523602092
10,7100,1115.2721523602092
10,7150,1115.2721523602092
10,7200,1115.2721523602092
10,7250,1115.2721523602092
10,7300,1115.2721523602092
10,7350,1115.2721523602092
10,7400,1115.2721523602092
10,7450,1115.2721523602092
10,7500,1115.2721523602092
10,7550,1115.2721523602092
10,7600,1115.2721523602092
10,7650,1115.2721523602092
10,7700,1115.2721523602092
10,7750,1115.2721523602092
10,7800,1115.2721523602092
10,7850,1115.2721523602092
10,7900,1115.2721523602092
10,7950,1115.2721523602092
10,8000,1115.2721523602092
10,8050,1115.2721523602092
10,8100,1115.2721523602092
10,8150,1115.2721523602092
10,8200,1115.2721523602092
10,8250,1115.2721523602092
10,8300,1115.2721523602092
10,8350,1115.2721523602092
10,8400,1115.2721523602092
10,8450,1115.2721523602092
10,8500,1115.2721523602092
10,8550,1115.2721523602092
10,8600,1115.2721523602092
10,8650,1115.2721523602092
10,8700,1115.2721523602092
10,8750,1115.2721523602092
10,8800,1115.2721523602092
10,8850,1115.2721523602092
10,8900,1115.2721523602092
10,8950,1115.2721523602092
10,9000,1115.2721523602092
10,9050,1115.2721523602092
10,9100,1115.2721523602092
10,9150,1115.2721523602092
10,9200,1115.2721523602092
10,9250,1115.2721523602092
10,9300,1115.2721523602092
10,9350,1115.2721523602092
10,9400,1115.2721523602092
10,9450,1115.2721523602092
10,9500,1115.2721523602092
10,9550,1115.2721523602092
10,9600,1115.2721523602092
10,9650,1115.2721523602092
10,9700,1115.2721523602092
10,9750,1115.2721523602092
10,9800,1115.2721523602092
10,9850,1115.2721523602092
10,9900,1115.2721523602092
10,9950,1115.2721523602092
10,10000,1115.2721523602092
10,10050,1115.2721523602092
10,10100,1115.2721523602092
10,10150,1115.2721523602092
10,10200,1115.2721523602092
10,10250,1115.2721523602092
10,10300,1115.2721523602092
10,10350,1115.2721523602092
10,10400,1115.2721523602092
10,10450,1115.2721523602092
10,10500,1115.2721523602092
10,10550,1115.2721523602092
10,10600,1115.2721523602092
10,10650,1115.2721523602092
10,10700,1115.2721523602092
10,10750,1115.2721523602092
10,10800,1115.2721523602092
10,10850,1115.2721523602092
10,10900,1115.2721523602092
10,10950,1115.2721523602092
10,11000,1115.2721523602092
10,11050,1115.2721523602092
10,11100,1115.2721523602092
10,11150,1115.2721523602092
10,11200,1115.2721523602092
10,11250,1115.2721523602092
10,11300,1115.2721523602092
10,11350,1115.2721523602092
10,11400,1115.2721523602092
10,11450,1115.2721523602092
10,11500,1115.2721523602092
10,11550,1115.2721523602092
10,11600,1115.2721523602092
10,11650,1115.2721523602092
10,11700,1115.2721523602092
10,11750,1115.2721523602092
10,11800,1115.2721523602092
10,11850,1115.2721523602092
10,11900,1115.2721523602092
10,11950,1115.2721523602092
10,12000,1115.2721523602092
10,12050,1115.2721523602092
10,12100,1115.2721523602092
10,12150,1115.2721523602092
10,12200,1115.2721523602092
10,12250,1115.2721523602092
10,12300,1115.2721523602092
10,12350,1115.2721523602092
10,12400,1115.2721523602092
10,12450,1115.2721523602092
10,12500,1115.2721523602092
10,12550,1115.2721523602092
10,12600,1115.2721523602092
10,12650,1115.2721523602092
10,12700,1115.2721523602092
10,12750,1115.2721523602092
10,12800,1115.2721523602092
10,12850,1115.2721523602092
10,12900,1115.2721523602092
10,12950,1115.2721523602092
10,13000,1115.2721523602092
10,13050,1115.2721523602092
10,13100,1115.2721523602092
10,13150,1115.2721523602092
10,13200,1115.2721523602092
10,13250,1115.2721523602092
10,13300,1115.2721523602092
10,13350,1115.2721523602092
10,13400,1115.2721523602092
10,13450,1115.2721523602092
10,13500,1115.2721523602092
10,13550,1115.2721523602092
10,13600,1115.2721523602092
10,13650,1115.2721523602092
10,13700,1115.2721523602092
10,13750,1115.2721523602092
10,13800,1115.2721523602092
10,13850,1115.2721523602092
10,13900,1115.2721523602092
10,13950,1115.2721523602092
10,14000,1115.2721523602092
10,14050,1115.2721523602092
10,14100,1115.2721523602092
10,14150,1115.2721523602092
10,14200,1115.2721523602092
10,14250,1115.2721523602092
10,14300,1110.5461961932094
10,14350,1110.5461961932094
10,14400,1110.5461961932094
10,14450,1110.5461961932094
10,14500,1110.5461961932094
10,14550,1110.5461961932094
10,14600,1110.5461961932094
10,14650,1110.5461961932094
10,14700,1110.5461961932094
10,14750,1110.5461961932094
10,14800,1110.5461961932094
10,14850,1110.5461961932094
10,14900,1110.5461961932094
10,14950,1110.5461961932094
10,15000,1110.5461961932094
10,15050,1110.5461961932094
10,15100,1110.5461961932094
10,15150,1110.5461961932094
10,15200,1110.5461961932094
10,15250,1110.5461961932094
10,15300,1110.5461961932094
10,15350,1110.5461961932094
10,15400,1110.5461961932094
10,15450,1110.5461961932094
10,15500,1110.5461961932094
10,15550,1110.5461961932094
10,15600,1110.5461961932094
10,15650,1110.5461961932094
10,15700,1110.5461961932094
10,15750,1110.5461961932094
10,15800,1110.5461961932094
10,15850,1110.5461961932094
10,15900,1110.5461961932094
10,15950,1110.5461961932094
10,16000,1110.5461961932094
10,16050,1110.5461961932094
10,16100,1110.5461961932094
10,16150,1110.5461961932094
10,16200,1110.5461961932094
10,16250,1110.5461961932094
10,16300,1110.5461961932094
10,16350,1110.5461961932094
10,16400,1110.5461961932094
10,16450,1110.5461961932094
10,16500,1110.5461961932094
10,16550,1110.5461961932094
10,16600,1110.5461961932094
10,16650,1110.5461961932094
10,16700,1110.5461961932094
10,16750,1110.5461961932094
10,16800,1110.5461961932094
10,16850,1110.5461961932094
10,16900,1110.5461961932094
10,16950,1110.5461961932094
10,17000,1110.5461961932094
10,17050,1110.5461961932094
10,17100,1110.5461961932094
10,17150,1110.5461961932094
10,17200,1110.5461961932094
10,17250,1110.5461961932094
10,17300,1110.5461961932094
10,17350,1110.5461961932094
10,17400,1110.5461961932094
10,17450,1110.5461961932094
10,17500,1110.5461961932094
10,17550,1110.5461961932094
10,17600,1110.5461961932094
10,17650,1110.5461961932094
10,17700,1110.5461961932094
10,17750,1110.5461961932094
10,17800,1110.5461961932094
10,17850,1110.5461961932094
10,17900,1110.5461961932094
10,17950,1110.5461961932094
10,18000,1110.5461961932094
10,18050,1110.5461961932094
10,18100,1110.5461961932094
10,18150,1110.5461961932094
10,18200,1110.5461961932094
10,18250,1110.5461961932094
10,18300,1110.5461961932094
10,18350,1110.5461961932094
10,18400,1110.5461961932094
10,18450,1110.5461961932094
10,18500,1110.5461961932094
10,18550,1110.5461961932094
10,18600,1110.5461961932094
10,18650,1110.5461961932094
10,18700,1110.5461961932094
10,18750,1110.5461961932094
10,18800,1110.5461961932094
10,18850,1110.5461961932094
10,18900,1110.5461961932094
10,18950,1110.5461961932094
10,19000,1110.5461961932094
10,19050,1110.5461961932094
10,19100,1110.5461961932094
10,19150,1110.5461961932094
10,19200,1110.5461961932094
10,19250,1110.5461961932094
10,19300,1110.5461961932094
10,19350,1110.5461961932094
10,19400,1110.5461961932094
10,19450,1110.5461961932094
10,19500,1110.5461961932094
10,19550,1110.5461961932094
10,19600,1110.5461961932094
10,19650,1110.5461961932094
10,19700,1110.5461961932094
10,19750,1110.5461961932094
10,19800,1110.5461961932094
10,19850,1110.5461961932094
10,19900,1110.5461961932094
10,19950,1110.5461961932094
10,20000,1110.5461961932094
10,20050,1110.5461961932094
10,20100,1110.5461961932094
10,20150,1110.5461961932094
10,20200,1110.5461961932094
10,20250,1110.5461961932094
10,20300,1110.5461961932094
10,20350,1110.5461961932094
10,20400,1110.5461961932094
10,20450,1110.5461961932094
10,20500,1110.5461961932094
10,20550,1110.5461961932094
10,20600,1110.5461961932094
10,20650,1110.5461961932094
10,20700,1110.5461961932094
10,20750,1110.5461961932094
10,20800,1110.5461961932094
10,20850,1110.5461961932094
10,20900,1110.5461961932094
10,20950,1110.5461961932094
10,21000,1110.5461961932094
10,21050,1110.5461961932094
10,21100,1110.5461961932094
10,21150,1110.5461961932094
10,21200,1110.5461961932094
10,21250,1110.5461961932094
10,21300,1110.5461961932094
10,21350,1110.5461961932094
10,21400,1110.5461961932094
10,21450,1110.5461961932094
10,21500,1110.5461961932094
10,21550,1110.5461961932094
10,21600,1110.5461961932094
10,21650,1110.5461961932094
10,21700,1110.5461961932094
10,21750,1110.5461961932094
10,21800,1110.5461961932094
10,21850,1110.5461961932094
10,21900,1110.5461961932094
10,21950,1110.5461961932094
10,22000,1110.5461961932094
10,22050,1110.5461961932094
10,22100,1110.5461961932094
10,22150,1110.5461961932094
10,22200,1110.5461961932094
10,22250,1110.5461961932094
10,22300,1110.5461961932094
10,22350,1110.5461961932094
10,22400,1110.5461961932094
10,22450,1110.5461961932094
10,22500,1110.5461961932094
10,22550,1110.5461961932094
10,22600,1110.5461961932094
10,22650,1110.5461961932094
10,22700,1110.5461961932094
10,22750,1110.5461961932094
10,22800,1110.5461961932094
10,22850,1110.5461961932094
10,22900,1110.5461961932094
10,22950,1110.5461961932094
10,23000,1110.5461961932094
10,23050,1110.5461961932094
10,23100,1110.5461961932094
10,23150,1110.5461961932094
10,23200,1110.5461961932094
10,23250,1110.5461961932094
10,23300,1110.5461961932094
10,23350,1110.5461961932094
10,23400,1110.5461961932094
10,23450,1110.5461961932094
10,23500,1110.5461961932094
10,23550,1110.5461961932094
10,23600,1110.5461961932094
10,23650,1110.5461961932094
10,23700,1110.5461961932094
10,23750,1110.5461961932094
10,23800,1110.5461961932094
10,23850,1110.5461961932094
10,23900,1110.5461961932094
10,23950,1110.5461961932094
10,24000,1110.5461961932094
10,24050,1110.5461961932094
10,24100,1110.5461961932094
10,24150,1110.5461961932094
10,24200,1110.5461961932094
10,24250,1110.5461961932094
10,24300,1110.5461961932094
10,24350,1110.5461961932094
10,24400,1110.5461961932094
10,24450,1110.5461961932094
10,24500,1110.5461961932094
10,24550,1110.5461961932094
10,24600,1110.5461961932094
10,24650,1110.5461961932094
10,24700,1110.5461961932094
10,24750,1110.5461961932094
10,24800,1110.5461961932094
10,24850,1110.5461961932094
10,24900,1110.5461961932094
10,24950,1110.5461961932094
10,25000,1110.5461961932094
10,25050,1110.5461961932094
10,25100,1110.5461961932094
10,25150,1110.5461961932094
10,25200,1110.5461961932094
10,25250,1110.5461961932094
10,25300,1110.5461961932094
10,25350,1110.5461961932094
10,25400,1110.5461961932094
10,25450,1110.5461961932094
10,25500,1110.5461961932094
10,25550,1110.5461961932094
10,25600,1110.5461961932094
10,25650,1110.5461961932094
10,25700,1110.5461961932094
10,25750,1110.5461961932094
10,25800,1110.5461961932094
10,25850,1110.5461961932094
10,25900,1110.5461961932094
10,25950,1110.5461961932094
10,26000,1110.5461961932094
10,26050,1110.5461961932094
10,26100,1110.5461961932094
10,26150,1110.5461961932094
10,26200,1110.5461961932094
10,26250,1110.5461961932094
10,26300,1110.5461961932094
10,26350,1110.5461961932094
10,26400,1110.5461961932094
10,26450,1110.5461961932094
10,26500,1110.5461961932094
10,26550,1110.5461961932094
10,26600,1110.5461961932094
10,26650,1110.5461961932094
10,26700,1110.5461961932094
10,26750,1110.5461961932094
10,26800,1110.5461961932094
10,26850,1110.5461961932094
10,26900,1110.5461961932094
10,26950,1110.5461961932094
10,27000,1110.5461961932094
10,27050,1110.5461961932094
10,27100,1110.5461961932094
10,27150,1110.5461961932094
10,27200,1110.5461961932094
10,27250,1110.5461961932094
10,27300,1110.5461961932094
10,27350,1110.5461961932094
10,27400,1110.5461961932094
10,27450,1110.5461961932094
10,27500,1110.5461961932094
10,27550,1110.5461961932094
10,27600,1110.5461961932094
10,27650,1110.5461961932094
10,27700,1110.5461961932094
10,27750,1110.5461961932094
10,27800,1110.5461961932094
10,27850,1110.5461961932094
10,27900,1110.5461961932094
10,27950,1110.5461961932094
10,28000,1110.5461961932094
10,28050,1110.5461961932094
10,28100,1110.5461961932094
10,28150,1110.5461961932094
10,28200,1110.5461961932094
10,28250,1110.5461961932094
10,28300,1110.5461961932094
10,28350,1110.5461961932094
10,28400,1110.5461961932094
10,28450,1110.5461961932094
10,28500,1110.5461961932094
10,28550,1110.5461961932094
10,28600,1110.5461961932094
10,28650,1110.5461961932094
10,28700,1110.5461961932094
10,28750,1110.5461961932094
10,28800,1110.5461961932094
10,28850,1110.5461961932094
10,28900,1110.5461961932094
10,28950,1110.5461961932094
10,29000,1110.5461961932094
10,29050,1110.5461961932094
10,29100,1110.5461961932094
10,29150,1110.5461961932094
10,29200,1110.5461961932094
10,29250,1110.5461961932094
10,29300,1110.5461961932094
10,29350,1110.5461961932094
10,29400,1110.5461961932094
10,29450,1110.5461961932094
10,29500,1110.5461961932094
10,29550,1110.5461961932094
10,29600,1110.5461961932094
10,29650,1110.5461961932094
10,29700,1110.5461961932094
10,29750,1110.5461961932094
10,29800,1110.5461961932094
10,29850,1110.5461961932094
10,29900,1110.5461961932094
10,29950,1110.5461961932094
10,30000,1110.5461961932094
10,30050,1110.5461961932094
10,30100,1110.5461961932094
10,30150,1110.5461961932094
10,30200,1110.5461961932094
10,30250,1110.5461961932094
10,30300,1110.5461961932094
10,30350,1110.5461961932094
10,30400,1110.5461961932094
10,30450,1110.5461961932094
10,30500,1110.5461961932094
10,30550,1110.5461961932094
10,30600,1110.5461961932094
10,30650,1110.5461961932094
10,30700,1110.5461961932094
10,30750,1110.5461961932094
10,30800,1110.5461961932094
10,30850,1110.5461961932094
10,30900,1110.5461961932094
10,30950,1110.5461961932094
10,31000,1110.5461961932094
10,31050,1110.5461961932094
10,31100,1110.5461961932094
10,31150,1110.5461961932094
10,31200,1110.5461961932094
10,31250,1110.5461961932094
10,31300,1110.5461961932094
10,31350,1110.5461961932094
10,31400,1110.5461961932094
10,31450,1110.5461961932094
10,31500,1110.5461961932094
10,31550,1110.5461961932094
10,31600,1110.5461961932094
10,31650,1110.5461961932094
10,31700,1110.5461961932094
10,31750,1110.5461961932094
10,31800,1110.5461961932094
10,31850,1110.5461961932094
10,31900,1110.5461961932094
10,31950,1110.5461961932094
10,32000,1110.5461961932094
10,32050,1110.5461961932094
10,32100,1110.5461961932094
10,32150,1110.5461961932094
10,32200,1110.5461961932094
10,32250,1110.5461961932094
10,32300,1110.5461961932094
10,32350,1110.5461961932094
10,32400,1110.5461961932094
10,32450,1110.5461961932094
10,32500,1110.5461961932094
10,32550,1110.5461961932094
10,32600,1110.5461961932094
10,32650,1110.5461961932094
10,32700,1110.5461961932094
10,32750,1110.5461961932094
10,32800,1110.5461961932094
10,32850,1110.5461961932094
10,32900,1110.5461961932094
10,32950,1110.5461961932094
10,33000,1110.5461961932094
10,33050,1110.5461961932094
10,33100,1110.5461961932094
10,33150,1110.5461961932094
10,33200,1110.5461961932094
10,33250,1110.5461961932094
10,33300,1110.5461961932094
10,33350,1110.5461961932094
10,33400,1110.5461961932094
10,33450,1110.5461961932094
10,33500,1110.5461961932094
10,33550,1110.5461961932094
10,33600,1110.5461961932094
10,33650,1110.5461961932094
10,33700,1110.5461961932094
10,33750,1110.5461961932094
10,33800,1110.5461961932094
10,33850,1110.5461961932094
10,33900,1110.5461961932094
10,33950,1110.5461961932094
10,34000,1110.5461961932094
10,34050,1110.5461961932094
10,34100,1110.5461961932094
10,34150,1110.5461961932094
10,34200,1110.5461961932094
10,34250,1110.5461961932094
10,34300,1110.5461961932094
10,34350,1110.5461961932094
10,34400,1110.5461961932094
10,34450,1110.5461961932094
10,34500,1110.5461961932094
10,34550,1110.5461961932094
10,34600,1110.5461961932094
10,34650,1110.5461961932094
10,34700,1110.5461961932094
10,34750,1110.5461961932094
10,34800,1110.5461961932094
10,34850,1110.5461961932094
10,34900,1110.5461961932094
10,34950,1110.5461961932094
10,35000,1110.5461961932094
10,35050,1110.5461961932094
10,35100,1110.5461961932094
10,35150,1110.5461961932094
10,35200,1110.5461961932094
10,35250,1110.5461961932094
10,35300,1110.5461961932094
10,35350,1110.5461961932094
10,35400,1110.5461961932094
10,35450,1110.5461961932094
10,35500,1110.5461961932094
10,35550,1110.5461961932094
10,35600,1110.5461961932094
10,35650,1110.5461961932094
10,35700,1110.5461961932094
10,35750,1110.5461961932094
10,35800,1110.5461961932094
10,35850,1110.5461961932094
10,35900,1110.5461961932094
10,35950,1110.5461961932094
10,36000,1110.5461961932094
10,36050,1110.5461961932094
10,36100,1110.5461961932094
10,36150,1110.5461961932094
10,36200,1110.5461961932094
10,36250,1110.5461961932094
10,36300,1110.5461961932094
10,36350,1110.5461961932094
10,36400,1110.5461961932094
10,36450,1110.5461961932094
10,36500,1110.5461961932094
10,36550,1110.5461961932094
10,36600,1110.5461961932094
10,36650,1110.5461961932094
10,36700,1110.5461961932094
10,36750,1110.5461961932094
10,36800,1110.5461961932094
10,36850,1110.5461961932094
10,36900,1110.5461961932094
10,36950,1110.5461961932094
10,37000,1110.5461961932094
10,37050,1110.5461961932094
10,37100,1110.5461961932094
10,37150,1110.5461961932094
10,37200,1110.5461961932094
10,37250,1110.5461961932094
10,37300,1110.5461961932094
10,37350,1110.5461961932094
10,37400,1110.5461961932094
10,37450,1110.5461961932094
10,37500,1110.5461961932094
10,37550,1110.5461961932094
10,37600,1110.5461961932094
10,37650,1110.5461961932094
10,37700,1110.5461961932094
10,37750,1110.5461961932094
10,37800,1110.5461961932094
10,37850,1110.5461961932094
10,37900,1110.5461961932094
10,37950,1110.5461961932094
10,38000,1110.5461961932094
10,38050,1110.5461961932094
10,38100,1110.5461961932094
10,38150,1110.5461961932094
10,38200,1110.5461961932094
10,38250,1110.5461961932094
10,38300,1110.5461961932094
10,38350,1110.5461961932094
10,38400,1110.5461961932094
10,38450,1110.5461961932094
10,38500,1110.5461961932094
10,38550,1110.5461961932094
10,38600,1110.5461961932094
10,38650,1110.5461961932094
10,38700,1110.5461961932094
10,38750,1110.5461961932094
10,38800,1110.5461961932094
10,38850,1110.5461961932094
10,38900,1110.5461961932094
10,38950,1110.5461961932094
10,39000,1110.5461961932094
10,39050,1110.5461961932094
10,39100,1110.5461961932094
10,39150,1110.5461961932094
10,39200,1110.5461961932094
10,39250,1110.5461961932094
10,39300,1110.5461961932094
10,39350,1110.5461961932094
10,39400,1110.5461961932094
10,39450,1110.5461961932094
10,39500,1110.5461961932094
10,39550,1110.5461961932094
10,39600,1110.5461961932094
10,39650,1110.5461961932094
10,39700,1110.5461961932094
10,39750,1110.5461961932094
10,39800,1110.5461961932094
10,39850,1110.5461961932094
10,39900,1110.5461961932094
10,39950,1110.5461961932094
10,40000,1110.5461961932094
10,40050,1110.5461961932094
10,40100,1110.5461961932094
10,40150,1110.5461961932094
10,40200,1110.5461961932094
10,40250,1110.5461961932094
10,40300,1110.5461961932094
10,40350,1110.5461961932094
10,40400,1110.5461961932094
10,40450,1110.5461961932094
10,40500,1110.5461961932094
10,40550,1110.5461961932094
10,40600,1110.5461961932094
10,40650,1110.5461961932094
10,40700,1110.5461961932094
10,40750,1110.5461961932094
10,40800,1110.5461961932094
10,40850,1110.5461961932094
10,40900,1110.5461961932094
10,40950,1110.5461961932094
10,41000,1110.5461961932094
10,41050,1110.5461961932094
10,41100,1110.5461961932094
10,41150,1110.5461961932094
10,41200,1110.5461961932094
10,41250,1110.5461961932094
10,41300,1110.5461961932094
10,41350,1110.5461961932094
10,41400,1110.5461961932094
10,41450,1110.5461961932094
10,41500,1110.5461961932094
10,41550,1110.5461961932094
10,41600,1110.5461961932094
10,41650,1110.5461961932094
10,41700,1110.5461961932094
10,41750,1110.5461961932094
10,41800,1110.5461961932094
10,41850,1110.5461961932094
10,41900,1110.5461961932094
10,41950,1110.5461961932094
10,42000,1110.5461961932094
10,42050,1110.5461961932094
10,42100,1110.5461961932094
10,42150,1110.5461961932094
10,42200,1110.5461961932094
10,42250,1110.5461961932094
10,42300,1110.5461961932094
10,42350,1110.5461961932094
10,42400,1110.5461961932094
10,42450,1110.5461961932094
10,42500,1110.5461961932094
10,42550,1110.5461961932094
10,42600,1110.5461961932094
10,42650,1110.5461961932094
10,42700,1110.5461961932094
10,42750,1110.5461961932094
10,42800,1110.5461961932094
10,42850,1110.5461961932094
10,42900,1110.5461961932094
10,42950,1110.5461961932094
10,43000,1110.5461961932094
10,43050,1110.5461961932094
10,43100,1110.5461961932094
10,43150,1110.5461961932094
10,43200,1110.5461961932094
10,43250,1110.5461961932094
10,43300,1110.5461961932094
10,43350,1110.5461961932094
10,43400,1110.5461961932094
10,43450,1110.5461961932094
10,43500,1110.5461961932094
10,43550,1110.5461961932094
10,43600,1110.5461961932094
10,43650,1110.5461961932094
10,43700,1110.5461961932094
10,43750,1110.5461961932094
10,43800,1110.5461961932094
10,43850,1110.5461961932094
10,43900,1110.5461961932094
10,43950,1110.5461961932094
10,44000,1110.5461961932094
10,44050,1110.5461961932094
10,44100,1110.5461961932094
10,44150,1110.5461961932094
10,44200,1110.5461961932094
10,44250,1110.5461961932094
10,44300,1110.5461961932094
10,44350,1110.5461961932094
10,44400,1110.5461961932094
10,44450,1110.5461961932094
10,44500,1110.5461961932094
10,44550,1110.5461961932094
10,44600,1110.5461961932094
10,44650,1110.5461961932094
10,44700,1110.5461961932094
10,44750,1110.5461961932094
10,44800,1110.5461961932094
10,44850,1110.5461961932094
10,44900,1110.5461961932094
10,44950,1110.5461961932094
10,45000,1110.5461961932094
10,45050,1110.5461961932094
10,45100,1110.5461961932094
10,45150,1110.5461961932094
10,45200,1110.5461961932094
10,45250,1110.5461961932094
10,45300,1110.5461961932094
10,45350,1110.5461961932094
10,45400,1110.5461961932094
10,45450,1110.5461961932094
10,45500,1110.5461961932094
10,45550,1110.5461961932094
10,45600,1110.5461961932094
10,45650,1110.5461961932094
10,45700,1110.5461961932094
10,45750,1110.5461961932094
10,45800,1110.5461961932094
10,45850,1110.5461961932094
10,45900,1110.5461961932094
10,45950,1110.5461961932094
10,46000,1110.5461961932094
10,46050,1110.5461961932094
10,46100,1110.5461961932094
10,46150,1110.5461961932094
10,46200,1110.5461961932094
10,46250,1110.5461961932094
10,46300,1110.5461961932094
10,46350,1110.5461961932094
10,46400,1110.5461961932094
10,46450,1110.5461961932094
10,46500,1110.5461961932094
10,46550,1110.5461961932094
10,46600,1110.5461961932094
10,46650,1110.5461961932094
10,46700,1110.5461961932094
10,46750,1110.5461961932094
10,46800,1110.5461961932094
10,46850,1110.5461961932094
10,46900,1110.5461961932094
10,46950,1110.5461961932094
10,47000,1110.5461961932094
10,47050,1110.5461961932094
10,47100,1110.5461961932094
10,47150,1110.5461961932094
10,47200,1110.5461961932094
10,47250,1110.5461961932094
10,47300,1110.5461961932094
10,47350,1110.5461961932094
10,47400,1110.5461961932094
10,47450,1110.5461961932094
10,47500,1110.5461961932094
10,47550,1110.5461961932094
10,47600,1110.5461961932094
10,47650,1110.5461961932094
10,47700,1110.5461961932094
10,47750,1110.5461961932094
10,47800,1110.5461961932094
10,47850,1110.5461961932094
10,47900,1110.5461961932094
10,47950,1110.5461961932094
10,48000,1110.5461961932094
10,48050,1110.5461961932094
10,48100,1110.5461961932094
10,48150,1110.5461961932094
10,48200,1110.5461961932094
10,48250,1110.5461961932094
10,48300,1110.5461961932094
10,48350,1110.5461961932094
10,48400,1110.5461961932094
10,48450,1110.5461961932094
10,48500,1110.5461961932094
10,48550,1110.5461961932094
10,48600,1110.5461961932094
10,48650,1110.5461961932094
10,48700,1110.5461961932094
10,48750,1110.5461961932094
10,48800,1110.5461961932094
10,48850,1110.5461961932094
10,48900,1110.5461961932094
10,48950,1110.5461961932094
10,49000,1110.5461961932094
10,49050,1110.5461961932094
10,49100,1110.5461961932094
10,49150,1110.5461961932094
10,49200,1110.5461961932094
10,49250,1110.5461961932094
10,49300,1110.5461961932094
10,49350,1110.5461961932094
10,49400,1110.5461961932094
10,49450,1110.5461961932094
10,49500,1110.5461961932094
10,49550,1110.5461961932094
10,49600,1110.5461961932094
10,49650,1110.5461961932094
10,49700,1110.5461961932094
10,49750,1110.5461961932094
10,49800,1110.5461961932094
10,49850,1110.5461961932094
10,49900,1110.5461961932094
10,49950,1110.5461961932094
10,50000,1110.5461961932094
11,50,1362.551740573774
11,100,1362.551740573774
11,150,1362.551740573774
11,200,1362.551740573774
11,250,1312.245274099675
11,300,1312.245274099675
11,350,1312.245274099675
11,400,1312.245274099675
11,450,1312.245274099675
11,500,1307.2943533177963
11,550,1307.2943533177963
11,600,1260.5290685729583
11,650,1260.5290685729583
11,700,1248.0506701206593
11,750,1248.0506701206593
11,800,1248.0506701206593
11,850,1222.2229575572078
11,900,1222.2229575572078
11,950,1183.860725642219
11,1000,1183.860725642219
11,1050,1183.860725642219
11,1100,1183.860725642219
11,1150,1183.860725642219
11,1200,1183.860725642219
11,1250,1150.2741946191952
11,1300,1150.2741946191952
11,1350,1150.2741946191952
11,1400,1150.2741946191952
11,1450,1150.2741946191952
11,1500,1150.2741946191952
11,1550,1150.2741946191952
11,1600,1150.2741946191952
11,1650,1150.2741946191952
11,1700,1150.2741946191952
11,1750,1150.2741946191952
11,1800,1150.2741946191952
11,1850,1150.2741946191952
11,1900,1150.2741946191952
11,1950,1150.2741946191952
11,2000,1150.2741946191952
11,2050,1150.2741946191952
11,2100,1150.2741946191952
11,2150,1150.2741946191952
11,2200,1150.2741946191952
11,2250,1150.2741946191952
11,2300,1150.2741946191952
11,2350,1150.2741946191952
11,2400,1150.2741946191952
11,2450,1150.2741946191952
11,2500,1150.2741946191952
11,2550,1150.2741946191952
11,2600,1150.2741946191952
11,2650,1150.2741946191952
11,2700,1150.2741946191952
11,2750,1150.2741946191952
11,2800,1150.2741946191952
11,2850,1150.2741946191952
11,2900,1137.0426110326491
11,2950,1137.0426110326491
11,3000,1137.0426110326491
11,3050,1137.0426110326491
11,3100,1137.0426110326491
11,3150,1137.0426110326491
11,3200,1137.0426110326491
11,3250,1137.0426110326491
11,3300,1137.0426110326491
11,3350,1137.0426110326491
11,3400,1137.0426110326491
11,3450,1135.535690198593
11,3500,1135.535690198593
11,3550,1121.1269520237004
11,3600,1121.1269520237004
11,3650,1121.1269520237004
11,3700,1121.1269520237004
11,3750,1121.1269520237004
11,3800,1121.1269520237004
11,3850,1121.1269520237004
11,3900,1121.1269520237004
11,3950,1121.1269520237004
11,4000,1121.1269520237004
11,4050,1121.1269520237004
11,4100,1121.1269520237004
11,4150,1121.1269520237004
11,4200,1121.1269520237004
11,4250,1121.1269520237004
11,4300,1121.1269520237004
11,4350,1121.1269520237004
11,4400,1121.1269520237004
11,4450,1121.1269520237004
11,4500,1121.1269520237004
11,4550,1121.1269520237004
11,4600,1121.1269520237004
11,4650,1121.1269520237004
11,4700,1121.1269520237004
11,4750,1121.1269520237004
11,4800,1121.1269520237004
11,4850,1121.1269520237004
11,4900,1121.1269520237004
11,4950,1121.1269520237004
11,5000,1121.1269520237004
11,5050,1121.1269520237004
11,5100,1121.1269520237004
11,5150,1121.1269520237004
11,5200,1121.1269520237004
11,5250,1121.1269520237004
11,5300,1121.1269520237004
11,5350,1121.1269520237004
11,5400,1121.1269520237004
11,5450,1121.1269520237004
11,5500,1121.1269520237004
11,5550,1121.1269520237004
11,5600,1121.1269520237004
11,5650,1121.1269520237004
11,5700,1121.1269520237004
11,5750,1121.1269520237004
11,5800,1121.1269520237004
11,5850,1121.1269520237004
11,5900,1121.1269520237004
11,5950,1121.1269520237004
11,6000,1121.1269520237004
11,6050,1113.9364296204933
11,6100,1113.9364296204933
11,6150,1113.9364296204933
11,6200,1113.9364296204933
11,6250,1113.9364296204933
11,6300,1113.9364296204933
11,6350,1113.9364296204933
11,6400,1113.9364296204933
11,6450,1113.9364296204933
11,6500,1113.9364296204933
11,6550,1113.9364296204933
11,6600,1113.9364296204933
11,6650,1113.9364296204933
11,6700,1113.9364296204933
11,6750,1113.9364296204933
11,6800,1113.9364296204933
11,6850,1113.9364296204933
11,6900,1113.9364296204933
11,6950,1113.9364296204933
11,7000,1113.9364296204933
11,7050,1113.9364296204933
11,7100,1113.9364296204933
11,7150,1113.9364296204933
11,7200,1113.9364296204933
11,7250,1113.9364296204933
11,7300,1113.9364296204933
11,7350,1113.9364296204933
11,7400,1113.9364296204933
11,7450,1113.9364296204933
11,7500,1113.9364296204933
11,7550,1113.9364296204933
11,7600,1113.9364296204933
11,7650,1113.9364296204933
11,7700,1113.9364296204933
11,7750,1113.9364296204933
11,7800,1113.9364296204933
11,7850,1113.9364296204933
11,7900,1113.9364296204933
11,7950,1113.9364296204933
11,8000,1113.9364296204933
11,8050,1113.9364296204933
11,8100,1113.9364296204933
11,8150,1113.9364296204933
11,8200,1113.9364296204933
11,8250,1113.9364296204933
11,8300,1113.9364296204933
11,8350,1113.9364296204933
11,8400,1113.9364296204933
11,8450,1113.9364296204933
11,8500,1113.9364296204933
11,8550,1113.9364296204933
11,8600,1113.9364296204933
11,8650,1113.9364296204933
11,8700,1113.9364296204933
11,8750,1113.9364296204933
11,8800,1113.9364296204933
11,8850,1113.9364296204933
11,8900,1113.9364296204933
11,8950,1113.9364296204933
11,9000,1113.9364296204933
11,9050,1113.9364296204933
11,9100,1113.9364296204933
11,9150,1113.9364296204933
11,9200,1113.9364296204933
11,9250,1113.9364296204933
11,9300,1113.9364296204933
11,9350,1113.9364296204933
11,9400,1113.9364296204933
11,9450,1113.9364296204933
11,9500,1113.9364296204933
11,9550,1113.9364296204933
11,9600,1113.9364296204933
11,9650,1113.9364296204933
11,9700,1113.9364296204933
11,9750,1113.9364296204933
11,9800,1113.9364296204933
11,9850,1113.9364296204933
11,9900,1113.9364296204933
11,9950,1113.9364296204933
11,10000,1113.9364296204933
11,10050,1113.9364296204933
11,10100,1113.9364296204933
11,10150,1113.9364296204933
11,10200,1113.9364296204933
11,10250,1113.9364296204933
11,10300,1113.9364296204933
11,10350,1113.9364296204933
11,10400,1113.9364296204933
11,10450,1113.9364296204933
11,10500,1113.9364296204933
11,10550,1113.9364296204933
11,10600,1113.9364296204933
11,10650,1113.9364296204933
11,10700,1113.9364296204933
11,10750,1113.9364296204933
11,10800,1113.9364296204933
11,10850,1113.9364296204933
11,10900,1113.9364296204933
11,10950,1113.9364296204933
11,11000,1113.9364296204933
11,11050,1113.9364296204933
11,11100,1113.9364296204933
11,11150,1113.9364296204933
11,11200,1113.9364296204933
11,11250,1113.9364296204933
11,11300,1113.9364296204933
11,11350,1113.9364296204933
11,11400,1113.9364296204933
11,11450,1113.9364296204933
11,11500,1113.9364296204933
11,11550,1113.9364296204933
11,11600,1113.9364296204933
11,11650,1113.9364296204933
11,11700,1113.9364296204933
11,11750,1113.9364296204933
11,11800,1113.9364296204933
11,11850,1113.9364296204933
11,11900,1113.9364296204933
11,11950,1113.9364296204933
11,12000,1113.9364296204933
11,12050,1113.9364296204933
11,12100,1113.9364296204933
11,12150,1113.9364296204933
11,12200,1113.9364296204933
11,12250,1113.9364296204933
11,12300,1113.9364296204933
11,12350,1113.9364296204933
11,12400,1113.9364296204933
11,12450,1113.9364296204933
11,12500,1113.9364296204933
11,12550,1113.9364296204933
11,12600,1113.9364296204933
11,12650,1113.9364296204933
11,12700,1113.9364296204933
11,12750,1113.9364296204933
11,12800,1113.9364296204933
11,12850,1113.9364296204933
11,12900,1113.9364296204933
11,12950,1113.9364296204933
11,13000,1113.9364296204933
11,13050,1113.9364296204933
11,13100,1113.9364296204933
11,13150,1113.9364296204933
11,13200,1101.2097569192465
11,13250,1101.2097569192465
11,13300,1101.2097569192465
11,13350,1101.2097569192465
11,13400,1101.2097569192465
11,13450,1101.2097569192465
11,13500,1101.2097569192465
11,13550,1101.2097569192465
11,13600,1101.2097569192465
11,13650,1101.2097569192465
11,13700,1101.2097569192465
11,13750,1101.2097569192465
11,13800,1101.2097569192465
11,13850,1101.2097569192465
11,13900,1101.2097569192465
11,13950,1101.2097569192465
11,14000,1101.2097569192465
11,14050,1101.2097569192465
11,14100,1101.2097569192465
11,14150,1101.2097569192465
11,14200,1101.2097569192465
11,14250,1101.2097569192465
11,14300,1101.2097569192465
11,14350,1101.2097569192465
11,14400,1101.2097569192465
11,14450,1101.2097569192465
11,14500,1101.2097569192465
11,14550,1101.2097569192465
11,14600,1101.2097569192465
11,14650,1101.2097569192465
11,14700,1101.2097569192465
11,14750,1101.2097569192465
11,14800,1101.2097569192465
11,14850,1101.2097569192465
11,14900,1101.2097569192465
11,14950,1101.2097569192465
11,15000,1101.2097569192465
11,15050,1101.2097569192465
11,15100,1101.2097569192465
11,15150,1101.2097569192465
11,15200,1101.2097569192465
11,15250,1101.2097569192465
11,15300,1101.2097569192465
11,15350,1101.2097569192465
11,15400,1101.2097569192465
11,15450,1101.2097569192465
11,15500,1101.2097569192465
11,15550,1101.2097569192465
11,15600,1101.2097569192465
11,15650,1101.2097569192465
11,15700,1101.2097569192465
11,15750,1101.2097569192465
11,15800,1101.2097569192465
11,15850,1101.2097569192465
11,15900,1101.2097569192465
11,15950,1101.2097569192465
11,16000,1101.2097569192465
11,16050,1101.2097569192465
11,16100,1101.2097569192465
11,16150,1101.2097569192465
11,16200,1101.2097569192465
11,16250,1101.2097569192465
11,16300,1101.2097569192465
11,16350,1101.2097569192465
11,16400,1101.2097569192465
11,16450,1101.2097569192465
11,16500,1101.2097569192465
11,16550,1101.2097569192465
11,16600,1101.2097569192465
11,16650,1101.2097569192465
11,16700,1101.2097569192465
11,16750,1101.2097569192465
11,16800,1101.2097569192465
11,16850,1101.2097569192465
11,16900,1101.2097569192465
11,16950,1101.2097569192465
11,17000,1101.2097569192465
11,17050,1101.2097569192465
11,17100,1101.2097569192465
11,17150,1101.2097569192465
11,17200,1101.2097569192465
11,17250,1101.2097569192465
11,17300,1101.2097569192465
11,17350,1101.2097569192465
11,17400,1101.2097569192465
11,17450,1101.2097569192465
11,17500,1101.2097569192465
11,17550,1101.2097569192465
11,17600,1101.2097569192465
11,17650,1101.2097569192465
11,17700,1101.2097569192465
11,17750,1101.2097569192465
11,17800,1101.2097569192465
11,17850,1101.2097569192465
11,17900,1101.2097569192465
11,17950,1101.2097569192465
11,18000,1101.2097569192465
11,18050,1101.2097569192465
11,18100,1101.2097569192465
11,18150,1101.2097569192465
11,18200,1101.2097569192465
11,18250,1101.2097569192465
11,18300,1101.2097569192465
11,18350,1101.2097569192465
11,18400,1101.2097569192465
11,18450,1101.2097569192465
11,18500,1101.2097569192465
11,18550,1101.2097569192465
11,18600,1101.2097569192465
11,18650,1101.2097569192465
11,18700,1101.2097569192465
11,18750,1101.2097569192465
11,18800,1101.2097569192465
11,18850,1101.2097569192465
11,18900,1101.2097569192465
11,18950,1101.2097569192465
11,19000,1101.2097569192465
11,19050,1101.2097569192465
11,19100,1101.2097569192465
11,19150,1101.2097569192465
11,19200,1101.2097569192465
11,19250,1101.2097569192465
11,19300,1101.2097569192465
11,19350,1101.2097569192465
11,19400,1101.2097569192465
11,19450,1101.2097569192465
11,19500,1101.2097569192465
11,19550,1101.2097569192465
11,19600,1101.2097569192465
11,19650,1101.2097569192465
11,19700,1101.2097569192465
11,19750,1101.2097569192465
11,19800,1101.2097569192465
11,19850,1101.2097569192465
11,19900,1101.2097569192465
11,19950,1101.2097569192465
11,20000,1101.2097569192465
11,20050,1101.2097569192465
11,20100,1101.2097569192465
11,20150,1101.2097569192465
11,20200,1101.2097569192465
11,20250,1101.2097569192465
11,20300,1101.2097569192465
11,20350,1101.2097569192465
11,20400,1101.2097569192465
11,20450,1101.2097569192465
11,20500,1101.2097569192465
11,20550,1101.2097569192465
11,20600,1101.2097569192465
11,20650,1101.2097569192465
11,20700,1101.2097569192465
11,20750,1101.2097569192465
11,20800,1101.2097569192465
11,20850,1101.2097569192465
11,20900,1101.2097569192465
11,20950,1101.2097569192465
11,21000,1101.2097569192465
11,21050,1101.2097569192465
11,21100,1101.2097569192465
11,21150,1101.2097569192465
11,21200,1101.2097569192465
11,21250,1101.2097569192465
11,21300,1101.2097569192465
11,21350,1101.2097569192465
11,21400,1101.2097569192465
11,21450,1101.2097569192465
11,21500,1101.2097569192465
11,21550,1101.2097569192465
11,21600,1101.2097569192465
11,21650,1101.2097569192465
11,21700,1101.2097569192465
11,21750,1101.2097569192465
11,21800,1101.2097569192465
11,21850,1101.2097569192465
11,21900,1101.2097569192465
11,21950,1101.2097569192465
11,22000,1101.2097569192465
11,22050,1101.2097569192465
11,22100,1101.2097569192465
11,22150,1101.2097569192465
11,22200,1101.2097569192465
11,22250,1101.2097569192465
11,22300,1101.2097569192465
11,22350,1101.2097569192465
11,22400,1101.2097569192465
11,22450,1101.2097569192465
11,22500,1101.2097569192465
11,22550,1101.2097569192465
11,22600,1101.2097569192465
11,22650,1097.2344983484068
11,22700,1097.2344983484068
11,22750,1097.2344983484068
11,22800,1097.2344983484068
11,22850,1097.2344983484068
11,22900,1097.2344983484068
11,22950,1097.2344983484068
11,23000,1097.2344983484068
11,23050,1097.2344983484068
11,23100,1097.2344983484068
11,23150,1097.2344983484068
11,23200,1097.2344983484068
11,23250,1097.2344983484068
11,23300,1097.2344983484068
11,23350,1097.2344983484068
11,23400,1097.2344983484068
11,23450,1097.2344983484068
11,23500,1097.2344983484068
11,23550,1097.2344983484068
11,23600,1097.2344983484068
11,23650,1097.2344983484068
11,23700,1097.2344983484068
11,23750,1097.2344983484068
11,23800,1097.2344983484068
11,23850,1097.2344983484068
11,23900,1097.2344983484068
11,23950,1097.2344983484068
11,24000,1097.2344983484068
11,24050,1097.2344983484068
11,24100,1097.2344983484068
11,24150,1097.2344983484068
11,24200,1097.2344983484068
11,24250,1097.2344983484068
11,24300,1097.2344983484068
11,24350,1097.2344983484068
11,24400,1097.2344983484068
11,24450,1097.2344983484068
11,24500,1097.2344983484068
11,24550,1097.2344983484068
11,24600,1097.2344983484068
11,24650,1097.2344983484068
11,24700,1097.2344983484068
11,24750,1097.2344983484068
11,24800,1097.2344983484068
11,24850,1097.2344983484068
11,24900,1097.2344983484068
11,24950,1097.2344983484068
11,25000,1097.2344983484068
11,25050,1097.2344983484068
11,25100,1097.2344983484068
11,25150,1097.2344983484068
11,25200,1097.2344983484068
11,25250,1097.2344983484068
11,25300,1097.2344983484068
11,25350,1097.2344983484068
11,25400,1097.2344983484068
11,25450,1097.2344983484068
11,25500,1097.2344983484068
11,25550,1097.2344983484068
11,25600,1097.2344983484068
11,25650,1097.2344983484068
11,25700,1097.2344983484068
11,25750,1097.2344983484068
11,25800,1097.2344983484068
11,25850,1097.2344983484068
11,25900,1097.2344983484068
11,25950,1097.2344983484068
11,26000,1097.2344983484068
11,26050,1097.2344983484068
11,26100,1097.2344983484068
11,26150,1097.2344983484068
11,26200,1097.2344983484068
11,26250,1097.2344983484068
11,26300,1097.2344983484068
11,26350,1097.2344983484068
11,26400,1097.2344983484068
11,26450,1097.2344983484068
11,26500,1097.2344983484068
11,26550,1097.2344983484068
11,26600,1097.2344983484068
11,26650,1097.2344983484068
11,26700,1097.2344983484068
11,26750,1097.2344983484068
11,26800,1097.2344983484068
11,26850,1097.2344983484068
11,26900,1097.2344983484068
11,26950,1097.2344983484068
11,27000,1097.2344983484068
11,27050,1097.2344983484068
11,27100,1097.2344983484068
11,27150,1097.2344983484068
11,27200,1097.2344983484068
11,27250,1097.2344983484068
11,27300,1097.2344983484068
11,27350,1097.2344983484068
11,27400,1097.2344983484068
11,27450,1097.2344983484068
11,27500,1097.2344983484068
11,27550,1097.2344983484068
11,27600,1097.2344983484068
11,27650,1097.2344983484068
11,27700,1097.2344983484068
11,27750,1097.2344983484068
11,27800,1097.2344983484068
11,27850,1097.2344983484068
11,27900,1097.2344983484068
11,27950,1097.2344983484068
11,28000,1097.2344983484068
11,28050,1097.2344983484068
11,28100,1097.2344983484068
11,28150,1097.2344983484068
11,28200,1097.2344983484068
11,28250,1097.2344983484068
11,28300,1097.2344983484068
11,28350,1097.2344983484068
11,28400,1097.2344983484068
11,28450,1097.2344983484068
11,28500,1097.2344983484068
11,28550,1097.2344983484068
11,28600,1097.2344983484068
11,28650,1097.2344983484068
11,28700,1097.2344983484068
11,28750,1097.2344983484068
11,28800,1097.2344983484068
11,28850,1097.2344983484068
11,28900,1097.2344983484068
11,28950,1097.2344983484068
11,29000,1097.2344983484068
11,29050,1097.2344983484068
11,29100,1097.2344983484068
11,29150,1097.2344983484068
11,29200,1097.2344983484068
11,29250,1097.2344983484068
11,29300,1097.2344983484068
11,29350,1097.2344983484068
11,29400,1097.2344983484068
11,29450,1097.2344983484068
11,29500,1097.2344983484068
11,29550,1097.2344983484068
11,29600,1097.2344983484068
11,29650,1097.2344983484068
11,29700,1097.2344983484068
11,29750,1097.2344983484068
11,29800,1097.2344983484068
11,29850,1097.2344983484068
11,29900,1097.2344983484068
11,29950,1097.2344983484068
11,30000,1097.2344983484068
11,30050,1097.2344983484068
11,30100,1097.2344983484068
11,30150,1097.2344983484068
11,30200,1097.2344983484068
11,30250,1097.2344983484068
11,30300,1097.2344983484068
11,30350,1097.2344983484068
11,30400,1097.2344983484068
11,30450,1097.2344983484068
11,30500,1097.2344983484068
11,30550,1097.2344983484068
11,30600,1097.2344983484068
11,30650,1097.2344983484068
11,30700,1097.2344983484068
11,30750,1097.2344983484068
11,30800,1097.2344983484068
11,30850,1097.2344983484068
11,30900,1097.2344983484068
11,30950,1097.2344983484068
11,31000,1097.2344983484068
11,31050,1097.2344983484068
11,31100,1097.2344983484068
11,31150,1097.2344983484068
11,31200,1097.2344983484068
11,31250,1097.2344983484068
11,31300,1097.2344983484068
11,31350,1097.2344983484068
11,31400,1097.2344983484068
11,31450,1097.2344983484068
11,31500,1097.2344983484068
11,31550,1097.2344983484068
11,31600,1097.2344983484068
11,31650,1097.2344983484068
11,31700,1097.2344983484068
11,31750,1097.2344983484068
11,31800,1097.2344983484068
11,31850,1097.2344983484068
11,31900,1097.2344983484068
11,31950,1097.2344983484068
11,32000,1097.2344983484068
11,32050,1097.2344983484068
11,32100,1097.2344983484068
11,32150,1097.2344983484068
11,32200,1097.2344983484068
11,32250,1097.2344983484068
11,32300,1097.2344983484068
11,32350,1097.2344983484068
11,32400,1097.2344983484068
11,32450,1097.2344983484068
11,32500,1097.2344983484068
11,32550,1097.2344983484068
11,32600,1097.2344983484068
11,32650,1097.2344983484068
11,32700,1097.2344983484068
11,32750,1097.2344983484068
11,32800,1097.2344983484068
11,32850,1097.2344983484068
11,32900,1097.2344983484068
11,32950,1097.2344983484068
11,33000,1097.2344983484068
11,33050,1097.2344983484068
11,33100,1097.2344983484068
11,33150,1097.2344983484068
11,33200,1097.2344983484068
11,33250,1097.2344983484068
11,33300,1097.2344983484068
11,33350,1097.2344983484068
11,33400,1097.2344983484068
11,33450,1097.2344983484068
11,33500,1097.2344983484068
11,33550,1097.2344983484068
11,33600,1097.2344983484068
11,33650,1097.2344983484068
11,33700,1097.2344983484068
11,33750,1097.2344983484068
11,33800,1097.2344983484068
11,33850,1097.2344983484068
11,33900,1097.2344983484068
11,33950,1097.2344983484068
11,34000,1097.2344983484068
11,34050,1097.2344983484068
11,34100,1097.2344983484068
11,34150,1097.2344983484068
11,34200,1097.2344983484068
11,34250,1097.2344983484068
11,34300,1097.2344983484068
11,34350,1097.2344983484068
11,34400,1097.2344983484068
11,34450,1097.2344983484068
11,34500,1097.2344983484068
11,34550,1097.2344983484068
11,34600,1097.2344983484068
11,34650,1097.2344983484068
11,34700,1097.2344983484068
11,34750,1097.2344983484068
11,34800,1097.2344983484068
11,34850,1097.2344983484068
11,34900,1097.2344983484068
11,34950,1097.2344983484068
11,35000,1097.2344983484068
11,35050,1097.2344983484068
11,35100,1097.2344983484068
11,35150,1097.2344983484068
11,35200,1097.2344983484068
11,35250,1097.2344983484068
11,35300,1097.2344983484068
11,35350,1097.2344983484068
11,35400,1097.2344983484068
11,35450,1097.2344983484068
11,35500,1097.2344983484068
11,35550,1097.2344983484068
11,35600,1097.2344983484068
11,35650,1097.2344983484068
11,35700,1097.2344983484068
11,35750,1097.2344983484068
11,35800,1097.2344983484068
11,35850,1097.2344983484068
11,35900,1097.2344983484068
11,35950,1097.2344983484068
11,36000,1097.2344983484068
11,36050,1097.2344983484068
11,36100,1097.2344983484068
11,36150,1097.2344983484068
11,36200,1097.2344983484068
11,36250,1097.2344983484068
11,36300,1097.2344983484068
11,36350,1097.2344983484068
11,36400,1097.2344983484068
11,36450,1097.2344983484068
11,36500,1097.2344983484068
11,36550,1097.2344983484068
11,36600,1097.2344983484068
11,36650,1097.2344983484068
11,36700,1097.2344983484068
11,36750,1097.2344983484068
11,36800,1097.2344983484068
11,36850,1097.2344983484068
11,36900,1097.2344983484068
11,36950,1097.2344983484068
11,37000,1097.2344983484068
11,37050,1097.2344983484068
11,37100,1097.2344983484068
11,37150,1097.2344983484068
11,37200,1097.2344983484068
11,37250,1097.2344983484068
11,37300,1097.2344983484068
11,37350,1097.2344983484068
11,37400,1097.2344983484068
11,37450,1097.2344983484068
11,37500,1097.2344983484068
11,37550,1097.2344983484068
11,37600,1097.2344983484068
11,37650,1097.2344983484068
11,37700,1097.2344983484068
11,37750,1097.2344983484068
11,37800,1097.2344983484068
11,37850,1097.2344983484068
11,37900,1097.2344983484068
11,37950,1097.2344983484068
11,38000,1097.2344983484068
11,38050,1097.2344983484068
11,38100,1097.2344983484068
11,38150,1097.2344983484068
11,38200,1097.2344983484068
11,38250,1097.2344983484068
11,38300,1097.2344983484068
11,38350,1097.2344983484068
11,38400,1097.2344983484068
11,38450,1097.2344983484068
11,38500,1097.2344983484068
11,38550,1097.2344983484068
11,38600,1097.2344983484068
11,38650,1097.2344983484068
11,38700,1097.2344983484068
11,38750,1097.2344983484068
11,38800,1097.2344983484068
11,38850,1097.2344983484068
11,38900,1097.2344983484068
11,38950,1097.2344983484068
11,39000,1097.2344983484068
11,39050,1097.2344983484068
11,39100,1097.2344983484068
11,39150,1097.2344983484068
11,39200,1097.2344983484068
11,39250,1097.2344983484068
11,39300,1097.2344983484068
11,39350,1097.2344983484068
11,39400,1097.2344983484068
11,39450,1097.2344983484068
11,39500,1097.2344983484068
11,39550,1097.2344983484068
11,39600,1097.2344983484068
11,39650,1097.2344983484068
11,39700,1097.2344983484068
11,39750,1097.2344983484068
11,39800,1097.2344983484068
11,39850,1097.2344983484068
11,39900,1097.2344983484068
11,39950,1097.2344983484068
11,40000,1097.2344983484068
11,40050,1097.2344983484068
11,40100,1097.2344983484068
11,40150,1097.2344983484068
11,40200,1097.2344983484068
11,40250,1097.2344983484068
11,40300,1097.2344983484068
11,40350,1097.2344983484068
11,40400,1097.2344983484068
11,40450,1097.2344983484068
11,40500,1097.2344983484068
11,40550,1097.2344983484068
11,40600,1097.2344983484068
11,40650,1097.2344983484068
11,40700,1097.2344983484068
11,40750,1097.2344983484068
11,40800,1097.2344983484068
11,40850,1097.2344983484068
11,40900,1097.2344983484068
11,40950,1097.2344983484068
11,41000,1097.2344983484068
11,41050,1097.2344983484068
11,41100,1097.2344983484068
11,41150,1097.2344983484068
11,41200,1097.2344983484068
11,41250,1097.2344983484068
11,41300,1097.2344983484068
11,41350,1097.2344983484068
11,41400,1097.2344983484068
11,41450,1097.2344983484068
11,41500,1097.2344983484068
11,41550,1097.2344983484068
11,41600,1097.2344983484068
11,41650,1097.2344983484068
11,41700,1097.2344983484068
11,41750,1097.2344983484068
11,41800,1097.2344983484068
11,41850,1097.2344983484068
11,41900,1097.2344983484068
11,41950,1097.2344983484068
11,42000,1097.2344983484068
11,42050,1097.2344983484068
11,42100,1097.2344983484068
11,42150,1097.2344983484068
11,42200,1097.2344983484068
11,42250,1097.2344983484068
11,42300,1097.2344983484068
11,42350,1097.2344983484068
11,42400,1097.2344983484068
11,42450,1097.2344983484068
11,42500,1097.2344983484068
11,42550,1097.2344983484068
11,42600,1097.2344983484068
11,42650,1097.2344983484068
11,42700,1097.2344983484068
11,42750,1097.2344983484068
11,42800,1097.2344983484068
11,42850,1097.2344983484068
11,42900,1097.2344983484068
11,42950,1097.2344983484068
11,43000,1097.2344983484068
11,43050,1097.2344983484068
11,43100,1097.2344983484068
11,43150,1097.2344983484068
11,43200,1097.2344983484068
11,43250,1097.2344983484068
11,43300,1097.2344983484068
11,43350,1097.2344983484068
11,43400,1097.2344983484068
11,43450,1097.2344983484068
11,43500,1097.2344983484068
11,43550,1097.2344983484068
11,43600,1097.2344983484068
11,43650,1097.2344983484068
11,43700,1097.2344983484068
11,43750,1097.2344983484068
11,43800,1097.2344983484068
11,43850,1097.2344983484068
11,43900,1097.2344983484068
11,43950,1097.2344983484068
11,44000,1097.2344983484068
11,44050,1097.2344983484068
11,44100,1097.2344983484068
11,44150,1097.2344983484068
11,44200,1097.2344983484068
11,44250,1097.2344983484068
11,44300,1097.2344983484068
11,44350,1097.2344983484068
11,44400,1097.2344983484068
11,44450,1097.2344983484068
11,44500,1097.2344983484068
11,44550,1097.2344983484068
11,44600,1097.2344983484068
11,44650,1097.2344983484068
11,44700,1097.2344983484068
11,44750,1097.2344983484068
11,44800,1097.2344983484068
11,44850,1097.2344983484068
11,44900,1097.2344983484068
11,44950,1097.2344983484068
11,45000,1097.2344983484068
11,45050,1097.2344983484068
11,45100,1097.2344983484068
11,45150,1097.2344983484068
11,45200,1097.2344983484068
11,45250,1097.2344983484068
11,45300,1097.2344983484068
11,45350,1097.2344983484068
11,45400,1097.2344983484068
11,45450,1097.2344983484068
11,45500,1097.2344983484068
11,45550,1097.2344983484068
11,45600,1097.2344983484068
11,45650,1097.2344983484068
11,45700,1097.2344983484068
11,45750,1097.2344983484068
11,45800,1097.2344983484068
11,45850,1097.2344983484068
11,45900,1097.2344983484068
11,45950,1097.2344983484068
11,46000,1097.2344983484068
11,46050,1097.2344983484068
11,46100,1097.2344983484068
11,46150,1097.2344983484068
11,46200,1097.2344983484068
11,46250,1097.2344983484068
11,46300,1097.2344983484068
11,46350,1097.2344983484068
11,46400,1097.2344983484068
11,46450,1097.2344983484068
11,46500,1097.2344983484068
11,46550,1097.2344983484068
11,46600,1097.2344983484068
11,46650,1097.2344983484068
11,46700,1097.2344983484068
11,46750,1097.2344983484068
11,46800,1097.2344983484068
11,46850,1097.2344983484068
11,46900,1097.2344983484068
11,46950,1097.2344983484068
11,47000,1097.2344983484068
11,47050,1097.2344983484068
11,47100,1097.2344983484068
11,47150,1097.2344983484068
11,47200,1097.2344983484068
11,47250,1097.2344983484068
11,47300,1097.2344983484068
11,47350,1097.2344983484068
11,47400,1097.2344983484068
11,47450,1097.2344983484068
11,47500,1097.2344983484068
11,47550,1097.2344983484068
11,47600,1097.2344983484068
11,47650,1097.2344983484068
11,47700,1097.2344983484068
11,47750,1097.2344983484068
11,47800,1097.2344983484068
11,47850,1095.1485536489704
11,47900,1095.1485536489704
11,47950,1095.1485536489704
11,48000,1095.1485536489704
11,48050,1095.1485536489704
11,48100,1095.1485536489704
11,48150,1095.1485536489704
11,48200,1095.1485536489704
11,48250,1095.1485536489704
11,48300,1095.1485536489704
11,48350,1095.1485536489704
11,48400,1095.1485536489704
11,48450,1095.1485536489704
11,48500,1095.1485536489704
11,48550,1095.1485536489704
11,48600,1095.1485536489704
11,48650,1095.1485536489704
11,48700,1095.1485536489704
11,48750,1095.1485536489704
11,48800,1095.1485536489704
11,48850,1095.1485536489704
11,48900,1095.1485536489704
11,48950,1095.1485536489704
11,49000,1095.1485536489704
11,49050,1095.1485536489704
11,49100,1095.1485536489704
11,49150,1095.1485536489704
11,49200,1095.1485536489704
11,49250,1095.1485536489704
11,49300,1095.1485536489704
11,49350,1095.1485536489704
11,49400,1095.1485536489704
11,49450,1095.1485536489704
11,49500,1095.1485536489704
11,49550,1095.1485536489704
11,49600,1095.1485536489704
11,49650,1095.1485536489704
11,49700,1095.1485536489704
11,49750,1095.1485536489704
11,49800,1095.1485536489704
11,49850,1095.1485536489704
11,49900,1095.1485536489704
11,49950,1095.1485536489704
11,50000,1095.1485536489704
12,50,1408.5250515881671
12,100,1344.272275530161
12,150,1344.272275530161
12,200,1344.272275530161
12,250,1344.272275530161
12,300,1344.272275530161
12,350,1344.272275530161
12,400,1344.272275530161
12,450,1344.272275530161
12,500,1344.272275530161
12,550,1269.7418805938642
12,600,1269.7418805938642
12,650,1250.9947236659016
12,700,1250.9947236659016
12,750,1250.9947236659016
12,800,1249.2340302119344
12,850,1118.8026164811517
12,900,1118.8026164811517
12,950,1118.8026164811517
12,1000,1118.8026164811517
12,1050,1118.8026164811517
12,1100,1118.8026164811517
12,1150,1118.8026164811517
12,1200,1118.8026164811517
12,1250,1118.8026164811517
12,1300,1118.8026164811517
12,1350,1118.8026164811517
12,1400,1118.8026164811517
12,1450,1118.8026164811517
12,1500,1118.8026164811517
12,1550,1118.8026164811517
12,1600,1118.8026164811517
12,1650,1118.8026164811517
12,1700,1118.8026164811517
12,1750,1118.8026164811517
12,1800,1118.8026164811517
12,1850,1118.8026164811517
12,1900,1118.8026164811517
12,1950,1118.8026164811517
12,2000,1118.8026164811517
12,2050,1118.8026164811517
12,2100,1118.8026164811517
12,2150,1118.8026164811517
12,2200,1118.8026164811517
12,2250,1118.8026164811517
12,2300,1118.8026164811517
12,2350,1118.8026164811517
12,2400,1118.8026164811517
12,2450,1118.8026164811517
12,2500,1118.8026164811517
12,2550,1118.8026164811517
12,2600,1118.8026164811517
12,2650,1118.8026164811517
12,2700,1118.8026164811517
12,2750,1118.8026164811517
12,2800,1118.8026164811517
12,2850,1118.8026164811517
12,2900,1118.8026164811517
12,2950,1118.8026164811517
12,3000,1118.8026164811517
12,3050,1118.8026164811517
12,3100,1118.8026164811517
12,3150,1118.8026164811517
12,3200,1118.8026164811517
12,3250,1118.8026164811517
12,3300,1118.8026164811517
12,3350,1118.8026164811517
12,3400,1118.8026164811517
12,3450,1118.8026164811517
12,3500,1118.8026164811517
12,3550,1118.8026164811517
12,3600,1118.8026164811517
12,3650,1118.8026164811517
12,3700,1118.8026164811517
12,3750,1118.8026164811517
12,3800,1118.8026164811517
12,3850,1118.8026164811517
12,3900,1118.8026164811517
12,3950,1118.8026164811517
12,4000,1118.8026164811517
12,4050,1118.8026164811517
12,4100,1118.8026164811517
12,4150,1118.8026164811517
12,4200,1118.8026164811517
12,4250,1118.8026164811517
12,4300,1118.8026164811517
12,4350,1118.8026164811517
12,4400,1118.8026164811517
12,4450,1118.8026164811517
12,4500,1118.8026164811517
12,4550,1118.8026164811517
12,4600,1118.8026164811517
12,4650,1118.8026164811517
12,4700,1118.8026164811517
12,4750,1118.8026164811517
12,4800,1118.8026164811517
12,4850,1118.8026164811517
12,4900,1118.8026164811517
12,4950,1118.8026164811517
12,5000,1118.8026164811517
12,5050,1118.8026164811517
12,5100,1118.8026164811517
12,5150,1118.8026164811517
12,5200,1118.8026164811517
12,5250,1118.8026164811517
12,5300,1118.8026164811517
12,5350,1118.8026164811517
12,5400,1118.8026164811517
12,5450,1118.8026164811517
12,5500,1118.8026164811517
12,5550,1118.8026164811517
12,5600,1118.8026164811517
12,5650,1118.8026164811517
12,5700,1118.8026164811517
12,5750,1118.8026164811517
12,5800,1118.8026164811517
12,5850,1118.8026164811517
12,5900,1118.8026164811517
12,5950,1118.8026164811517
12,6000,1118.8026164811517
12,6050,1118.8026164811517
12,6100,1118.8026164811517
12,6150,1118.8026164811517
12,6200,1118.8026164811517
12,6250,1118.8026164811517
12,6300,1118.8026164811517
12,6350,1118.8026164811517
12,6400,1118.8026164811517
12,6450,1118.8026164811517
12,6500,1118.8026164811517
12,6550,1118.8026164811517
12,6600,1118.8026164811517
12,6650,1118.8026164811517
12,6700,1118.8026164811517
12,6750,1118.8026164811517
12,6800,1118.8026164811517
12,6850,1118.8026164811517
12,6900,1118.8026164811517
12,6950,1118.8026164811517
12,7000,1118.8026164811517
12,7050,1118.8026164811517
12,7100,1118.8026164811517
12,7150,1118.8026164811517
12,7200,1118.8026164811517
12,7250,1118.8026164811517
12,7300,1118.8026164811517
12,7350,1118.8026164811517
12,7400,1118.8026164811517
12,7450,1118.8026164811517
12,7500,1118.8026164811517
12,7550,1118.8026164811517
12,7600,1118.8026164811517
12,7650,1118.8026164811517
12,7700,1118.8026164811517
12,7750,1118.8026164811517
12,7800,1118.8026164811517
12,7850,1118.8026164811517
12,7900,1118.8026164811517
12,7950,1118.8026164811517
12,8000,1118.8026164811517
12,8050,1118.8026164811517
12,8100,1118.8026164811517
12,8150,1118.8026164811517
12,8200,1118.8026164811517
12,8250,1118.8026164811517
12,8300,1118.8026164811517
12,8350,1118.8026164811517
12,8400,1118.8026164811517
12,8450,1118.8026164811517
12,8500,1118.8026164811517
12,8550,1118.8026164811517
12,8600,1118.8026164811517
12,8650,1118.8026164811517
12,8700,1118.8026164811517
12,8750,1118.8026164811517
12,8800,1118.8026164811517
12,8850,1118.8026164811517
12,8900,1118.8026164811517
12,8950,1118.8026164811517
12,9000,1118.8026164811517
12,9050,1118.8026164811517
12,9100,1118.8026164811517
12,9150,1118.8026164811517
12,9200,1118.8026164811517
12,9250,1118.8026164811517
12,9300,1118.8026164811517
12,9350,1118.8026164811517
12,9400,1118.8026164811517
12,9450,1118.8026164811517
12,9500,1118.8026164811517
12,9550,1118.8026164811517
12,9600,1118.8026164811517
12,9650,1118.8026164811517
12,9700,1118.8026164811517
12,9750,1118.8026164811517
12,9800,1118.8026164811517
12,9850,1118.8026164811517
12,9900,1118.8026164811517
12,9950,1118.8026164811517
12,10000,1118.8026164811517
12,10050,1118.8026164811517
12,10100,1118.8026164811517
12,10150,1118.8026164811517
12,10200,1118.8026164811517
12,10250,1118.8026164811517
12,10300,1118.8026164811517
12,10350,1118.8026164811517
12,10400,1118.8026164811517
12,10450,1118.8026164811517
12,10500,1118.8026164811517
12,10550,1118.8026164811517
12,10600,1118.8026164811517
12,10650,1118.8026164811517
12,10700,1118.8026164811517
12,10750,1118.8026164811517
12,10800,1118.8026164811517
12,10850,1118.8026164811517
12,10900,1118.8026164811517
12,10950,1118.8026164811517
12,11000,1118.8026164811517
12,11050,1118.8026164811517
12,11100,1118.8026164811517
12,11150,1118.8026164811517
12,11200,1118.8026164811517
12,11250,1118.8026164811517
12,11300,1118.8026164811517
12,11350,1118.8026164811517
12,11400,1118.8026164811517
12,11450,1118.8026164811517
12,11500,1118.8026164811517
12,11550,1118.8026164811517
12,11600,1118.8026164811517
12,11650,1118.8026164811517
12,11700,1118.8026164811517
12,11750,1118.8026164811517
12,11800,1118.8026164811517
12,11850,1118.8026164811517
12,11900,1118.8026164811517
12,11950,1118.8026164811517
12,12000,1118.8026164811517
12,12050,1118.8026164811517
12,12100,1096.8330924168283
12,12150,1096.8330924168283
12,12200,1096.8330924168283
12,12250,1096.8330924168283
12,12300,1096.8330924168283
12,12350,1096.8330924168283
12,12400,1096.8330924168283
12,12450,1096.8330924168283
12,12500,1096.8330924168283
12,12550,1096.8330924168283
12,12600,1096.8330924168283
12,12650,1096.8330924168283
12,12700,1096.8330924168283
12,12750,1096.8330924168283
12,12800,1096.8330924168283
12,12850,1096.8330924168283
12,12900,1096.8330924168283
12,12950,1096.8330924168283
12,13000,1096.8330924168283
12,13050,1096.8330924168283
12,13100,1096.8330924168283
12,13150,1096.8330924168283
12,13200,1096.8330924168283
12,13250,1096.8330924168283
12,13300,1096.8330924168283
12,13350,1096.8330924168283
12,13400,1096.8330924168283
12,13450,1096.8330924168283
12,13500,1096.8330924168283
12,13550,1096.8330924168283
12,13600,1096.8330924168283
12,13650,1096.8330924168283
12,13700,1096.8330924168283
12,13750,1096.8330924168283
12,13800,1096.8330924168283
12,13850,1096.8330924168283
12,13900,1096.8330924168283
12,13950,1096.8330924168283
12,14000,1096.8330924168283
12,14050,1096.8330924168283
12,14100,1096.8330924168283
12,14150,1096.8330924168283
12,14200,1096.8330924168283
12,14250,1096.8330924168283
12,14300,1096.8330924168283
12,14350,1096.8330924168283
12,14400,1096.8330924168283
12,14450,1096.8330924168283
12,14500,1096.8330924168283
12,14550,1096.8330924168283
12,14600,1096.8330924168283
12,14650,1096.8330924168283
12,14700,1096.8330924168283
12,14750,1096.8330924168283
12,14800,1096.8330924168283
12,14850,1096.8330924168283
12,14900,1096.8330924168283
12,14950,1096.8330924168283
12,15000,1096.8330924168283
12,15050,1096.8330924168283
12,15100,1096.8330924168283
12,15150,1096.8330924168283
12,15200,1096.8330924168283
12,15250,1096.8330924168283
12,15300,1096.8330924168283
12,15350,1096.8330924168283
12,15400,1096.8330924168283
12,15450,1096.8330924168283
12,15500,1096.8330924168283
12,15550,1096.8330924168283
12,15600,1096.8330924168283
12,15650,1096.8330924168283
12,15700,1096.8330924168283
12,15750,1096.8330924168283
12,15800,1096.8330924168283
12,15850,1096.8330924168283
12,15900,1096.8330924168283
12,15950,1096.8330924168283
12,16000,1096.8330924168283
12,16050,1096.8330924168283
12,16100,1096.8330924168283
12,16150,1096.8330924168283
12,16200,1096.8330924168283
12,16250,1096.8330924168283
12,16300,1096.8330924168283
12,16350,1096.8330924168283
12,16400,1096.8330924168283
12,16450,1096.8330924168283
12,16500,1096.8330924168283
12,16550,1096.8330924168283
12,16600,1096.8330924168283
12,16650,1096.8330924168283
12,16700,1096.8330924168283
12,16750,1096.8330924168283
12,16800,1096.8330924168283
12,16850,1096.8330924168283
12,16900,1096.8330924168283
12,16950,1096.8330924168283
12,17000,1096.8330924168283
12,17050,1096.8330924168283
12,17100,1096.8330924168283
12,17150,1096.8330924168283
12,17200,1096.8330924168283
12,17250,1096.8330924168283
12,17300,1096.8330924168283
12,17350,1096.8330924168283
12,17400,1096.8330924168283
12,17450,1096.8330924168283
12,17500,1096.8330924168283
12,17550,1096.8330924168283
12,17600,1096.8330924168283
12,17650,1096.8330924168283
12,17700,1096.8330924168283
12,17750,1096.8330924168283
12,17800,1096.8330924168283
12,17850,1096.8330924168283
12,17900,1096.8330924168283
12,17950,1096.8330924168283
12,18000,1096.8330924168283
12,18050,1096.8330924168283
12,18100,1096.8330924168283
12,18150,1096.8330924168283
12,18200,1096.8330924168283
12,18250,1096.8330924168283
12,18300,1096.8330924168283
12,18350,1096.8330924168283
12,18400,1096.8330924168283
12,18450,1096.8330924168283
12,18500,1096.8330924168283
12,18550,1096.8330924168283
12,18600,1096.8330924168283
12,18650,1096.8330924168283
12,18700,1096.8330924168283
12,18750,1096.8330924168283
12,18800,1096.8330924168283
12,18850,1096.8330924168283
12,18900,1096.8330924168283
12,18950,1096.8330924168283
12,19000,1096.8330924168283
12,19050,1096.8330924168283
12,19100,1096.8330924168283
12,19150,1096.8330924168283
12,19200,1096.8330924168283
12,19250,1096.8330924168283
12,19300,1096.8330924168283
12,19350,1096.8330924168283
12,19400,1096.8330924168283
12,19450,1096.8330924168283
12,19500,1096.8330924168283
12,19550,1096.8330924168283
12,19600,1096.8330924168283
12,19650,1096.8330924168283
12,19700,1096.8330924168283
12,19750,1096.8330924168283
12,19800,1096.8330924168283
12,19850,1096.8330924168283
12,19900,1096.8330924168283
12,19950,1096.8330924168283
12,20000,1096.8330924168283
12,20050,1096.8330924168283
12,20100,1096.8330924168283
12,20150,1096.8330924168283
12,20200,1096.8330924168283
12,20250,1096.8330924168283
12,20300,1096.8330924168283
12,20350,1096.8330924168283
12,20400,1096.8330924168283
12,20450,1096.8330924168283
12,20500,1096.8330924168283
12,20550,1096.8330924168283
12,20600,1096.8330924168283
12,20650,1096.8330924168283
12,20700,1096.8330924168283
12,20750,1096.8330924168283
12,20800,1096.8330924168283
12,20850,1096.8330924168283
12,20900,1096.8330924168283
12,20950,1096.8330924168283
12,21000,1096.8330924168283
12,21050,1096.8330924168283
12,21100,1096.8330924168283
12,21150,1096.8330924168283
12,21200,1096.8330924168283
12,21250,1096.8330924168283
12,21300,1096.8330924168283
12,21350,1096.8330924168283
12,21400,1096.8330924168283
12,21450,1096.8330924168283
12,21500,1096.8330924168283
12,21550,1096.8330924168283
12,21600,1096.8330924168283
12,21650,1096.8330924168283
12,21700,1096.8330924168283
12,21750,1096.8330924168283
12,21800,1096.8330924168283
12,21850,1096.8330924168283
12,21900,1096.8330924168283
12,21950,1096.8330924168283
12,22000,1096.8330924168283
12,22050,1096.8330924168283
12,22100,1096.8330924168283
12,22150,1096.8330924168283
12,22200,1096.8330924168283
12,22250,1096.8330924168283
12,22300,1096.8330924168283
12,22350,1096.8330924168283
12,22400,1096.8330924168283
12,22450,1096.8330924168283
12,22500,1096.8330924168283
12,22550,1096.8330924168283
12,22600,1096.8330924168283
12,22650,1096.8330924168283
12,22700,1096.8330924168283
12,22750,1096.8330924168283
12,22800,1096.8330924168283
12,22850,1096.8330924168283
12,22900,1096.8330924168283
12,22950,1096.8330924168283
12,23000,1096.8330924168283
12,23050,1096.8330924168283
12,23100,1096.8330924168283
12,23150,1096.8330924168283
12,23200,1096.8330924168283
12,23250,1096.8330924168283
12,23300,1096.8330924168283
12,23350,1096.8330924168283
12,23400,1096.8330924168283
12,23450,1096.8330924168283
12,23500,1096.8330924168283
12,23550,1096.8330924168283
12,23600,1096.8330924168283
12,23650,1096.8330924168283
12,23700,1096.8330924168283
12,23750,1096.8330924168283
12,23800,1096.8330924168283
12,23850,1096.8330924168283
12,23900,1096.8330924168283
12,23950,1096.8330924168283
12,24000,1096.8330924168283
12,24050,1096.8330924168283
12,24100,1096.8330924168283
12,24150,1096.8330924168283
12,24200,1096.8330924168283
12,24250,1096.8330924168283
12,24300,1096.8330924168283
12,24350,1096.8330924168283
12,24400,1096.8330924168283
12,24450,1096.8330924168283
12,24500,1096.8330924168283
12,24550,1096.8330924168283
12,24600,1096.8330924168283
12,24650,1096.8330924168283
12,24700,1096.8330924168283
12,24750,1096.8330924168283
12,24800,1096.8330924168283
12,24850,1096.8330924168283
12,24900,1096.8330924168283
12,24950,1096.8330924168283
12,25000,1096.8330924168283
12,25050,1096.8330924168283
12,25100,1096.8330924168283
12,25150,1096.8330924168283
12,25200,1096.8330924168283
12,25250,1096.8330924168283
12,25300,1096.8330924168283
12,25350,1096.8330924168283
12,25400,1096.8330924168283
12,25450,1096.8330924168283
12,25500,1096.8330924168283
12,25550,1096.8330924168283
12,25600,1096.8330924168283
12,25650,1096.8330924168283
12,25700,1096.8330924168283
12,25750,1096.8330924168283
12,25800,1096.8330924168283
12,25850,1096.8330924168283
12,25900,1096.8330924168283
12,25950,1096.8330924168283
12,26000,1096.8330924168283
12,26050,1096.8330924168283
12,26100,1096.8330924168283
12,26150,1096.8330924168283
12,26200,1096.8330924168283
12,26250,1096.8330924168283
12,26300,1096.8330924168283
12,26350,1096.8330924168283
12,26400,1096.8330924168283
12,26450,1096.8330924168283
12,26500,1096.8330924168283
12,26550,1096.8330924168283
12,26600,1096.8330924168283
12,26650,1096.8330924168283
12,26700,1096.8330924168283
12,26750,1096.8330924168283
12,26800,1096.8330924168283
12,26850,1096.8330924168283
12,26900,1096.8330924168283
12,26950,1096.8330924168283
12,27000,1096.8330924168283
12,27050,1096.8330924168283
12,27100,1096.8330924168283
12,27150,1096.8330924168283
12,27200,1096.8330924168283
12,27250,1096.8330924168283
12,27300,1096.8330924168283
12,27350,1096.8330924168283
12,27400,1096.8330924168283
12,27450,1096.8330924168283
12,27500,1096.8330924168283
12,27550,1096.8330924168283
12,27600,1096.8330924168283
12,27650,1096.8330924168283
12,27700,1096.8330924168283
12,27750,1096.8330924168283
12,27800,1096.8330924168283
12,27850,1096.8330924168283
12,27900,1096.8330924168283
12,27950,1096.8330924168283
12,28000,1096.8330924168283
12,28050,1096.8330924168283
12,28100,1096.8330924168283
12,28150,1096.8330924168283
12,28200,1096.8330924168283
12,28250,1096.8330924168283
12,28300,1096.8330924168283
12,28350,1096.8330924168283
12,28400,1096.8330924168283
12,28450,1096.8330924168283
12,28500,1096.8330924168283
12,28550,1096.8330924168283
12,28600,1096.8330924168283
12,28650,1096.8330924168283
12,28700,1096.8330924168283
12,28750,1096.8330924168283
12,28800,1096.8330924168283
12,28850,1096.8330924168283
12,28900,1096.8330924168283
12,28950,1096.8330924168283
12,29000,1096.8330924168283
12,29050,1096.8330924168283
12,29100,1096.8330924168283
12,29150,1096.8330924168283
12,29200,1096.8330924168283
12,29250,1096.8330924168283
12,29300,1096.8330924168283
12,29350,1096.8330924168283
12,29400,1096.8330924168283
12,29450,1096.8330924168283
12,29500,1096.8330924168283
12,29550,1096.8330924168283
12,29600,1096.8330924168283
12,29650,1096.8330924168283
12,29700,1096.8330924168283
12,29750,1096.8330924168283
12,29800,1096.8330924168283
12,29850,1096.8330924168283
12,29900,1096.8330924168283
12,29950,1096.8330924168283
12,30000,1096.8330924168283
12,30050,1096.8330924168283
12,30100,1096.8330924168283
12,30150,1096.8330924168283
12,30200,1096.8330924168283
12,30250,1096.8330924168283
12,30300,1096.8330924168283
12,30350,1096.8330924168283
12,30400,1096.8330924168283
12,30450,1096.8330924168283
12,30500,1096.8330924168283
12,30550,1096.8330924168283
12,30600,1096.8330924168283
12,30650,1096.8330924168283
12,30700,1096.8330924168283
12,30750,1096.8330924168283
12,30800,1096.8330924168283
12,30850,1096.8330924168283
12,30900,1096.8330924168283
12,30950,1096.8330924168283
12,31000,1096.8330924168283
12,31050,1096.8330924168283
12,31100,1096.8330924168283
12,31150,1096.8330924168283
12,31200,1096.8330924168283
12,31250,1096.8330924168283
12,31300,1096.8330924168283
12,31350,1096.8330924168283
12,31400,1096.8330924168283
12,31450,1096.8330924168283
12,31500,1096.8330924168283
12,31550,1096.8330924168283
12,31600,1096.8330924168283
12,31650,1096.8330924168283
12,31700,1096.8330924168283
12,31750,1096.8330924168283
12,31800,1096.8330924168283
12,31850,1096.8330924168283
12,31900,1096.8330924168283
12,31950,1096.8330924168283
12,32000,1096.8330924168283
12,32050,1096.8330924168283
12,32100,1096.8330924168283
12,32150,1096.8330924168283
12,32200,1096.8330924168283
12,32250,1096.8330924168283
12,32300,1096.8330924168283
12,32350,1096.8330924168283
12,32400,1096.8330924168283
12,32450,1096.8330924168283
12,32500,1096.8330924168283
12,32550,1096.8330924168283
12,32600,1096.8330924168283
12,32650,1096.8330924168283
12,32700,1096.8330924168283
12,32750,1096.8330924168283
12,32800,1096.8330924168283
12,32850,1096.8330924168283
12,32900,1096.8330924168283
12,32950,1096.8330924168283
12,33000,1096.8330924168283
12,33050,1096.8330924168283
12,33100,1096.8330924168283
12,33150,1096.8330924168283
12,33200,1096.8330924168283
12,33250,1096.8330924168283
12,33300,1096.8330924168283
12,33350,1096.8330924168283
12,33400,1096.8330924168283
12,33450,1096.8330924168283
12,33500,1096.8330924168283
12,33550,1096.8330924168283
12,33600,1096.8330924168283
12,33650,1096.8330924168283
12,33700,1096.8330924168283
12,33750,1096.8330924168283
12,33800,1096.8330924168283
12,33850,1096.8330924168283
12,33900,1096.8330924168283
12,33950,1096.8330924168283
12,34000,1096.8330924168283
12,34050,1096.8330924168283
12,34100,1096.8330924168283
12,34150,1096.8330924168283
12,34200,1096.8330924168283
12,34250,1096.8330924168283
12,34300,1096.8330924168283
12,34350,1096.8330924168283
12,34400,1096.8330924168283
12,34450,1096.8330924168283
12,34500,1096.8330924168283
12,34550,1096.8330924168283
12,34600,1096.8330924168283
12,34650,1096.8330924168283
12,34700,1096.8330924168283
12,34750,1096.8330924168283
12,34800,1096.8330924168283
12,34850,1096.8330924168283
12,34900,1096.8330924168283
12,34950,1096.8330924168283
12,35000,1096.8330924168283
12,35050,1096.8330924168283
12,35100,1096.8330924168283
12,35150,1096.8330924168283
12,35200,1096.8330924168283
12,35250,1096.8330924168283
12,35300,1096.8330924168283
12,35350,1096.8330924168283
12,35400,1096.8330924168283
12,35450,1096.8330924168283
12,35500,1096.8330924168283
12,35550,1096.8330924168283
12,35600,1096.8330924168283
12,35650,1096.8330924168283
12,35700,1096.8330924168283
12,35750,1096.8330924168283
12,35800,1096.8330924168283
12,35850,1096.8330924168283
12,35900,1096.8330924168283
12,35950,1096.8330924168283
12,36000,1096.8330924168283
12,36050,1096.8330924168283
12,36100,1096.8330924168283
12,36150,1096.8330924168283
12,36200,1096.8330924168283
12,36250,1096.8330924168283
12,36300,1096.8330924168283
12,36350,1096.8330924168283
12,36400,1096.8330924168283
12,36450,1096.8330924168283
12,36500,1096.8330924168283
12,36550,1096.8330924168283
12,36600,1096.8330924168283
12,36650,1096.8330924168283
12,36700,1096.8330924168283
12,36750,1096.8330924168283
12,36800,1096.8330924168283
12,36850,1096.8330924168283
12,36900,1096.8330924168283
12,36950,1096.8330924168283
12,37000,1096.8330924168283
12,37050,1096.8330924168283
12,37100,1096.8330924168283
12,37150,1096.8330924168283
12,37200,1096.8330924168283
12,37250,1096.8330924168283
12,37300,1096.8330924168283
12,37350,1096.8330924168283
12,37400,1096.8330924168283
12,37450,1096.8330924168283
12,37500,1096.8330924168283
12,37550,1096.8330924168283
12,37600,1096.8330924168283
12,37650,1096.8330924168283
12,37700,1096.8330924168283
12,37750,1096.8330924168283
12,37800,1096.8330924168283
12,37850,1096.8330924168283
12,37900,1096.8330924168283
12,37950,1096.8330924168283
12,38000,1096.8330924168283
12,38050,1096.8330924168283
12,38100,1096.8330924168283
12,38150,1096.8330924168283
12,38200,1096.8330924168283
12,38250,1096.8330924168283
12,38300,1096.8330924168283
12,38350,1096.8330924168283
12,38400,1096.8330924168283
12,38450,1096.8330924168283
12,38500,1096.8330924168283
12,38550,1096.8330924168283
12,38600,1096.8330924168283
12,38650,1096.8330924168283
12,38700,1096.8330924168283
12,38750,1096.8330924168283
12,38800,1096.8330924168283
12,38850,1096.8330924168283
12,38900,1096.8330924168283
12,38950,1096.8330924168283
12,39000,1096.8330924168283
12,39050,1096.8330924168283
12,39100,1096.8330924168283
12,39150,1096.8330924168283
12,39200,1096.8330924168283
12,39250,1096.8330924168283
12,39300,1096.8330924168283
12,39350,1096.8330924168283
12,39400,1096.8330924168283
12,39450,1096.8330924168283
12,39500,1096.8330924168283
12,39550,1096.8330924168283
12,39600,1096.8330924168283
12,39650,1096.8330924168283
12,39700,1096.8330924168283
12,39750,1096.8330924168283
12,39800,1096.8330924168283
12,39850,1096.8330924168283
12,39900,1096.8330924168283
12,39950,1096.8330924168283
12,40000,1096.8330924168283
12,40050,1096.8330924168283
12,40100,1096.8330924168283
12,40150,1096.8330924168283
12,40200,1096.8330924168283
12,40250,1096.8330924168283
12,40300,1096.8330924168283
12,40350,1096.8330924168283
12,40400,1096.8330924168283
12,40450,1096.8330924168283
12,40500,1096.8330924168283
12,40550,1096.8330924168283
12,40600,1096.8330924168283
12,40650,1096.8330924168283
12,40700,1096.8330924168283
12,40750,1096.8330924168283
12,40800,1096.8330924168283
12,40850,1096.8330924168283
12,40900,1096.8330924168283
12,40950,1096.8330924168283
12,41000,1096.8330924168283
12,41050,1096.8330924168283
12,41100,1096.8330924168283
12,41150,1096.8330924168283
12,41200,1096.8330924168283
12,41250,1096.8330924168283
12,41300,1096.8330924168283
12,41350,1096.8330924168283
12,41400,1096.8330924168283
12,41450,1096.8330924168283
12,41500,1096.8330924168283
12,41550,1096.8330924168283
12,41600,1096.8330924168283
12,41650,1096.8330924168283
12,41700,1096.8330924168283
12,41750,1096.8330924168283
12,41800,1096.8330924168283
12,41850,1096.8330924168283
12,41900,1096.8330924168283
12,41950,1096.8330924168283
12,42000,1096.8330924168283
12,42050,1096.8330924168283
12,42100,1096.8330924168283
12,42150,1096.8330924168283
12,42200,1096.8330924168283
12,42250,1096.8330924168283
12,42300,1096.8330924168283
12,42350,1096.8330924168283
12,42400,1096.8330924168283
12,42450,1096.8330924168283
12,42500,1096.8330924168283
12,42550,1096.8330924168283
12,42600,1096.8330924168283
12,42650,1096.8330924168283
12,42700,1096.8330924168283
12,42750,1096.8330924168283
12,42800,1096.8330924168283
12,42850,1096.8330924168283
12,42900,1096.8330924168283
12,42950,1096.8330924168283
12,43000,1096.8330924168283
12,43050,1096.8330924168283
12,43100,1096.8330924168283
12,43150,1096.8330924168283
12,43200,1096.8330924168283
12,43250,1096.8330924168283
12,43300,1096.8330924168283
12,43350,1096.8330924168283
12,43400,1096.8330924168283
12,43450,1096.8330924168283
12,43500,1096.8330924168283
12,43550,1096.8330924168283
12,43600,1096.8330924168283
12,43650,1096.8330924168283
12,43700,1096.8330924168283
12,43750,1096.8330924168283
12,43800,1096.8330924168283
12,43850,1096.8330924168283
12,43900,1096.8330924168283
12,43950,1096.8330924168283
12,44000,1096.8330924168283
12,44050,1096.8330924168283
12,44100,1096.8330924168283
12,44150,1096.8330924168283
12,44200,1096.8330924168283
12,44250,1096.8330924168283
12,44300,1096.8330924168283
12,44350,1096.8330924168283
12,44400,1096.8330924168283
12,44450,1096.8330924168283
12,44500,1096.8330924168283
12,44550,1096.8330924168283
12,44600,1096.8330924168283
12,44650,1096.8330924168283
12,44700,1096.8330924168283
12,44750,1096.8330924168283
12,44800,1096.8330924168283
12,44850,1096.8330924168283
12,44900,1096.8330924168283
12,44950,1096.8330924168283
12,45000,1096.8330924168283
12,45050,1096.8330924168283
12,45100,1096.8330924168283
12,45150,1096.8330924168283
12,45200,1096.8330924168283
12,45250,1096.8330924168283
12,45300,1096.8330924168283
12,45350,1096.8330924168283
12,45400,1096.8330924168283
12,45450,1096.8330924168283
12,45500,1096.8330924168283
12,45550,1096.8330924168283
12,45600,1096.8330924168283
12,45650,1096.8330924168283
12,45700,1096.8330924168283
12,45750,1096.8330924168283
12,45800,1096.8330924168283
12,45850,1096.8330924168283
12,45900,1096.8330924168283
12,45950,1096.8330924168283
12,46000,1096.8330924168283
12,46050,1096.8330924168283
12,46100,1096.8330924168283
12,46150,1096.8330924168283
12,46200,1096.8330924168283
12,46250,1096.8330924168283
12,46300,1096.8330924168283
12,46350,1096.8330924168283
12,46400,1096.8330924168283
12,46450,1096.8330924168283
12,46500,1096.8330924168283
12,46550,1096.8330924168283
12,46600,1096.8330924168283
12,46650,1096.8330924168283
12,46700,1096.8330924168283
12,46750,1096.8330924168283
12,46800,1096.8330924168283
12,46850,1096.8330924168283
12,46900,1096.8330924168283
12,46950,1096.8330924168283
12,47000,1096.8330924168283
12,47050,1096.8330924168283
12,47100,1096.8330924168283
12,47150,1096.8330924168283
12,47200,1096.8330924168283
12,47250,1096.8330924168283
12,47300,1096.8330924168283
12,47350,1096.8330924168283
12,47400,1096.8330924168283
12,47450,1096.8330924168283
12,47500,1096.8330924168283
12,47550,1096.8330924168283
12,47600,1096.8330924168283
12,47650,1096.8330924168283
12,47700,1096.8330924168283
12,47750,1096.8330924168283
12,47800,1096.8330924168283
12,47850,1096.8330924168283
12,47900,1096.8330924168283
12,47950,1096.8330924168283
12,48000,1096.8330924168283
12,48050,1096.8330924168283
12,48100,1096.8330924168283
12,48150,1096.8330924168283
12,48200,1096.8330924168283
12,48250,1096.8330924168283
12,48300,1096.8330924168283
12,48350,1096.8330924168283
12,48400,1096.8330924168283
12,48450,1096.8330924168283
12,48500,1096.8330924168283
12,48550,1096.8330924168283
12,48600,1096.8330924168283
12,48650,1096.8330924168283
12,48700,1096.8330924168283
12,48750,1096.8330924168283
12,48800,1096.8330924168283
12,48850,1096.8330924168283
12,48900,1096.8330924168283
12,48950,1096.8330924168283
12,49000,1096.8330924168283
12,49050,1096.8330924168283
12,49100,1096.8330924168283
12,49150,1096.8330924168283
12,49200,1096.8330924168283
12,49250,1096.8330924168283
12,49300,1096.8330924168283
12,49350,1096.8330924168283
12,49400,1096.8330924168283
12,49450,1096.8330924168283
12,49500,1096.8330924168283
12,49550,1096.8330924168283
12,49600,1096.8330924168283
12,49650,1096.8330924168283
12,49700,1096.8330924168283
12,49750,1096.8330924168283
12,49800,1096.8330924168283
12,49850,1096.8330924168283
12,49900,1096.8330924168283
12,49950,1096.8330924168283
12,50000,1096.8330924168283
13,50,1411.9474775669726
13,100,1395.5708200631439
13,150,1395.5708200631439
13,200,1395.5708200631439
13,250,1395.5708200631439
13,300,1395.5708200631439
13,350,1381.4002112348778
13,400,1381.4002112348778
13,450,1314.237055623018
13,500,1314.237055623018
13,550,1314.237055623018
13,600,1297.0991130325535
13,650,1292.7400605511586
13,700,1277.3950824295925
13,750,1259.5253545093967
13,800,1259.5253545093967
13,850,1259.5253545093967
13,900,1248.1244777585885
13,950,1248.1244777585885
13,1000,1239.5664027990517
13,1050,1216.1947610483608
13,1100,1192.7301492154807
13,1150,1192.7301492154807
13,1200,1185.156069946819
13,1250,1170.1890183528328
13,1300,1170.1890183528328
13,1350,1141.1005571306823
13,1400,1141.1005571306823
13,1450,1141.1005571306823
13,1500,1141.1005571306823
13,1550,1141.1005571306823
13,1600,1141.1005571306823
13,1650,1141.1005571306823
13,1700,1139.75445766059
13,1750,1139.75445766059
13,1800,1139.75445766059
13,1850,1139.75445766059
13,1900,1139.75445766059
13,1950,1139.75445766059
13,2000,1139.75445766059
13,2050,1139.75445766059
13,2100,1131.9098135793267
13,2150,1131.9098135793267
13,2200,1131.9098135793267
13,2250,1131.9098135793267
13,2300,1131.9098135793267
13,2350,1131.9098135793267
13,2400,1131.9098135793267
13,2450,1131.9098135793267
13,2500,1131.9098135793267
13,2550,1131.9098135793267
13,2600,1131.9098135793267
13,2650,1131.9098135793267
13,2700,1131.9098135793267
13,2750,1131.9098135793267
13,2800,1131.9098135793267
13,2850,1131.9098135793267
13,2900,1131.9098135793267
13,2950,1131.9098135793267
13,3000,1131.9098135793267
13,3050,1131.9098135793267
13,3100,1131.9098135793267
13,3150,1131.9098135793267
13,3200,1131.9098135793267
13,3250,1131.9098135793267
13,3300,1131.9098135793267
13,3350,1131.9098135793267
13,3400,1131.9098135793267
13,3450,1131.9098135793267
13,3500,1131.9098135793267
13,3550,1131.9098135793267
13,3600,1131.9098135793267
13,3650,1131.9098135793267
13,3700,1131.9098135793267
13,3750,1131.9098135793267
13,3800,1131.9098135793267
13,3850,1131.9098135793267
13,3900,1131.9098135793267
13,3950,1131.9098135793267
13,4000,1131.9098135793267
13,4050,1131.9098135793267
13,4100,1131.9098135793267
13,4150,1131.9098135793267
13,4200,1131.9098135793267
13,4250,1131.9098135793267
13,4300,1131.9098135793267
13,4350,1131.9098135793267
13,4400,1131.9098135793267
13,4450,1131.9098135793267
13,4500,1131.9098135793267
13,4550,1131.9098135793267
13,4600,1131.9098135793267
13,4650,1131.9098135793267
13,4700,1131.9098135793267
13,4750,1131.9098135793267
13,4800,1131.9098135793267
13,4850,1131.9098135793267
13,4900,1131.9098135793267
13,4950,1131.9098135793267
13,5000,1131.9098135793267
13,5050,1131.9098135793267
13,5100,1131.9098135793267
13,5150,1131.9098135793267
13,5200,1131.9098135793267
13,5250,1131.9098135793267
13,5300,1131.9098135793267
13,5350,1131.9098135793267
13,5400,1131.9098135793267
13,5450,1131.9098135793267
13,5500,1131.9098135793267
13,5550,1131.9098135793267
13,5600,1131.9098135793267
13,5650,1131.9098135793267
13,5700,1131.9098135793267
13,5750,1131.9098135793267
13,5800,1131.9098135793267
13,5850,1131.9098135793267
13,5900,1131.9098135793267
13,5950,1131.9098135793267
13,6000,1131.9098135793267
13,6050,1131.9098135793267
13,6100,1131.9098135793267
13,6150,1131.9098135793267
13,6200,1131.9098135793267
13,6250,1131.9098135793267
13,6300,1131.9098135793267
13,6350,1131.9098135793267
13,6400,1131.9098135793267
13,6450,1131.9098135793267
13,6500,1131.9098135793267
13,6550,1131.9098135793267
13,6600,1131.9098135793267
13,6650,1131.9098135793267
13,6700,1131.9098135793267
13,6750,1131.9098135793267
13,6800,1131.9098135793267
13,6850,1131.9098135793267
13,6900,1131.9098135793267
13,6950,1131.9098135793267
13,7000,1131.9098135793267
13,7050,1131.9098135793267
13,7100,1131.9098135793267
13,7150,1131.9098135793267
13,7200,1131.9098135793267
13,7250,1131.9098135793267
13,7300,1131.9098135793267
13,7350,1131.9098135793267
13,7400,1131.9098135793267
13,7450,1131.9098135793267
13,7500,1131.9098135793267
13,7550,1131.9098135793267
13,7600,1131.9098135793267
13,7650,1131.9098135793267
13,7700,1131.9098135793267
13,7750,1131.9098135793267
13,7800,1131.9098135793267
13,7850,1131.9098135793267
13,7900,1131.9098135793267
13,7950,1131.9098135793267
13,8000,1131.9098135793267
13,8050,1131.9098135793267
13,8100,1131.9098135793267
13,8150,1131.9098135793267
13,8200,1131.9098135793267
13,8250,1131.9098135793267
13,8300,1131.9098135793267
13,8350,1131.9098135793267
13,8400,1131.9098135793267
13,8450,1131.9098135793267
13,8500,1131.9098135793267
13,8550,1131.9098135793267
13,8600,1131.9098135793267
13,8650,1131.9098135793267
13,8700,1131.9098135793267
13,8750,1131.9098135793267
13,8800,1131.9098135793267
13,8850,1131.9098135793267
13,8900,1131.9098135793267
13,8950,1131.9098135793267
13,9000,1131.9098135793267
13,9050,1131.9098135793267
13,9100,1131.9098135793267
13,9150,1131.9098135793267
13,9200,1131.9098135793267
13,9250,1131.9098135793267
13,9300,1131.9098135793267
13,9350,1131.9098135793267
13,9400,1131.9098135793267
13,9450,1131.9098135793267
13,9500,1131.9098135793267
13,9550,1131.9098135793267
13,9600,1131.9098135793267
13,9650,1131.9098135793267
13,9700,1131.9098135793267
13,9750,1131.9098135793267
13,9800,1131.9098135793267
13,9850,1131.9098135793267
13,9900,1131.9098135793267
13,9950,1131.9098135793267
13,10000,1131.9098135793267
13,10050,1131.9098135793267
13,10100,1131.9098135793267
13,10150,1131.9098135793267
13,10200,1131.9098135793267
13,10250,1131.9098135793267
13,10300,1131.9098135793267
13,10350,1131.9098135793267
13,10400,1131.9098135793267
13,10450,1131.9098135793267
13,10500,1131.9098135793267
13,10550,1131.9098135793267
13,10600,1131.9098135793267
13,10650,1131.9098135793267
13,10700,1131.9098135793267
13,10750,1131.9098135793267
13,10800,1131.9098135793267
13,10850,1131.9098135793267
13,10900,1131.9098135793267
13,10950,1131.9098135793267
13,11000,1131.9098135793267
13,11050,1131.9098135793267
13,11100,1131.9098135793267
13,11150,1131.9098135793267
13,11200,1131.9098135793267
13,11250,1131.9098135793267
13,11300,1131.9098135793267
13,11350,1131.9098135793267
13,11400,1131.9098135793267
13,11450,1131.9098135793267
13,11500,1131.9098135793267
13,11550,1131.9098135793267
13,11600,1131.9098135793267
13,11650,1131.9098135793267
13,11700,1131.9098135793267
13,11750,1131.9098135793267
13,11800,1131.9098135793267
13,11850,1131.9098135793267
13,11900,1131.9098135793267
13,11950,1131.9098135793267
13,12000,1131.9098135793267
13,12050,1131.9098135793267
13,12100,1131.9098135793267
13,12150,1131.9098135793267
13,12200,1131.9098135793267
13,12250,1131.9098135793267
13,12300,1131.9098135793267
13,12350,1131.9098135793267
13,12400,1131.9098135793267
13,12450,1131.9098135793267
13,12500,1131.9098135793267
13,12550,1131.9098135793267
13,12600,1131.9098135793267
13,12650,1131.9098135793267
13,12700,1131.9098135793267
13,12750,1131.9098135793267
13,12800,1131.9098135793267
13,12850,1131.9098135793267
13,12900,1131.9098135793267
13,12950,1131.9098135793267
13,13000,1131.9098135793267
13,13050,1131.9098135793267
13,13100,1131.9098135793267
13,13150,1131.9098135793267
13,13200,1131.9098135793267
13,13250,1131.9098135793267
13,13300,1131.9098135793267
13,13350,1131.9098135793267
13,13400,1131.9098135793267
13,13450,1131.9098135793267
13,13500,1131.9098135793267
13,13550,1131.9098135793267
13,13600,1131.9098135793267
13,13650,1131.9098135793267
13,13700,1131.9098135793267
13,13750,1131.9098135793267
13,13800,1131.9098135793267
13,13850,1131.9098135793267
13,13900,1131.9098135793267
13,13950,1131.9098135793267
13,14000,1131.9098135793267
13,14050,1131.9098135793267
13,14100,1131.9098135793267
13,14150,1131.9098135793267
13,14200,1131.9098135793267
13,14250,1131.9098135793267
13,14300,1131.9098135793267
13,14350,1131.9098135793267
13,14400,1131.9098135793267
13,14450,1131.9098135793267
13,14500,1131.9098135793267
13,14550,1131.9098135793267
13,14600,1131.9098135793267
13,14650,1131.9098135793267
13,14700,1131.9098135793267
13,14750,1131.9098135793267
13,14800,1131.9098135793267
13,14850,1131.9098135793267
13,14900,1131.9098135793267
13,14950,1131.9098135793267
13,15000,1131.9098135793267
13,15050,1131.9098135793267
13,15100,1131.9098135793267
13,15150,1131.9098135793267
13,15200,1131.9098135793267
13,15250,1131.9098135793267
13,15300,1131.9098135793267
13,15350,1131.9098135793267
13,15400,1131.9098135793267
13,15450,1131.9098135793267
13,15500,1131.9098135793267
13,15550,1131.9098135793267
13,15600,1131.9098135793267
13,15650,1131.9098135793267
13,15700,1131.9098135793267
13,15750,1131.9098135793267
13,15800,1131.9098135793267
13,15850,1131.9098135793267
13,15900,1131.9098135793267
13,15950,1131.9098135793267
13,16000,1131.9098135793267
13,16050,1131.9098135793267
13,16100,1131.9098135793267
13,16150,1131.9098135793267
13,16200,1131.9098135793267
13,16250,1131.9098135793267
13,16300,1131.9098135793267
13,16350,1131.9098135793267
13,16400,1131.9098135793267
13,16450,1131.9098135793267
13,16500,1131.9098135793267
13,16550,1131.9098135793267
13,16600,1131.9098135793267
13,16650,1131.9098135793267
13,16700,1131.9098135793267
13,16750,1131.9098135793267
13,16800,1131.9098135793267
13,16850,1131.9098135793267
13,16900,1131.9098135793267
13,16950,1131.9098135793267
13,17000,1131.9098135793267
13,17050,1131.9098135793267
13,17100,1131.9098135793267
13,17150,1131.9098135793267
13,17200,1131.9098135793267
13,17250,1131.9098135793267
13,17300,1131.9098135793267
13,17350,1131.9098135793267
13,17400,1131.9098135793267
13,17450,1131.9098135793267
13,17500,1131.9098135793267
13,17550,1131.9098135793267
13,17600,1131.9098135793267
13,17650,1131.9098135793267
13,17700,1131.9098135793267
13,17750,1131.9098135793267
13,17800,1131.9098135793267
13,17850,1131.9098135793267
13,17900,1131.9098135793267
13,17950,1131.9098135793267
13,18000,1131.9098135793267
13,18050,1131.9098135793267
13,18100,1131.9098135793267
13,18150,1131.9098135793267
13,18200,1131.9098135793267
13,18250,1131.9098135793267
13,18300,1131.9098135793267
13,18350,1131.9098135793267
13,18400,1131.9098135793267
13,18450,1131.9098135793267
13,18500,1131.9098135793267
13,18550,1131.9098135793267
13,18600,1131.9098135793267
13,18650,1131.9098135793267
13,18700,1131.9098135793267
13,18750,1131.9098135793267
13,18800,1131.9098135793267
13,18850,1131.9098135793267
13,18900,1131.9098135793267
13,18950,1131.9098135793267
13,19000,1131.9098135793267
13,19050,1131.9098135793267
13,19100,1131.9098135793267
13,19150,1131.9098135793267
13,19200,1131.9098135793267
13,19250,1131.9098135793267
13,19300,1131.9098135793267
13,19350,1131.9098135793267
13,19400,1131.9098135793267
13,19450,1131.9098135793267
13,19500,1131.9098135793267
13,19550,1131.9098135793267
13,19600,1131.9098135793267
13,19650,1131.9098135793267
13,19700,1131.9098135793267
13,19750,1131.9098135793267
13,19800,1131.9098135793267
13,19850,1131.9098135793267
13,19900,1131.9098135793267
13,19950,1131.9098135793267
13,20000,1131.9098135793267
13,20050,1131.9098135793267
13,20100,1131.9098135793267
13,20150,1131.9098135793267
13,20200,1131.9098135793267
13,20250,1131.9098135793267
13,20300,1131.9098135793267
13,20350,1131.9098135793267
13,20400,1131.9098135793267
13,20450,1131.9098135793267
13,20500,1131.9098135793267
13,20550,1131.9098135793267
13,20600,1131.9098135793267
13,20650,1131.9098135793267
13,20700,1131.9098135793267
13,20750,1131.9098135793267
13,20800,1131.9098135793267
13,20850,1131.9098135793267
13,20900,1131.9098135793267
13,20950,1131.9098135793267
13,21000,1121.7232226840788
13,21050,1121.7232226840788
13,21100,1121.7232226840788
13,21150,1121.7232226840788
13,21200,1121.7232226840788
13,21250,1121.7232226840788
13,21300,1121.7232226840788
13,21350,1121.7232226840788
13,21400,1121.7232226840788
13,21450,1121.7232226840788
13,21500,1121.7232226840788
13,21550,1121.7232226840788
13,21600,1121.7232226840788
13,21650,1121.7232226840788
13,21700,1121.7232226840788
13,21750,1121.7232226840788
13,21800,1121.7232226840788
13,21850,1121.7232226840788
13,21900,1121.7232226840788
13,21950,1121.7232226840788
13,22000,1121.7232226840788
13,22050,1121.7232226840788
13,22100,1121.7232226840788
13,22150,1121.7232226840788
13,22200,1121.7232226840788
13,22250,1121.7232226840788
13,22300,1121.7232226840788
13,22350,1121.7232226840788
13,22400,1121.7232226840788
13,22450,1121.7232226840788
13,22500,1121.7232226840788
13,22550,1121.7232226840788
13,22600,1121.7232226840788
13,22650,1121.7232226840788
13,22700,1121.7232226840788
13,22750,1121.7232226840788
13,22800,1121.7232226840788
13,22850,1121.7232226840788
13,22900,1121.7232226840788
13,22950,1121.7232226840788
13,23000,1121.7232226840788
13,23050,1121.7232226840788
13,23100,1121.7232226840788
13,23150,1121.7232226840788
13,23200,1121.7232226840788
13,23250,1121.7232226840788
13,23300,1121.7232226840788
13,23350,1121.7232226840788
13,23400,1121.7232226840788
13,23450,1121.7232226840788
13,23500,1121.7232226840788
13,23550,1121.7232226840788
13,23600,1121.7232226840788
13,23650,1121.7232226840788
13,23700,1121.7232226840788
13,23750,1121.7232226840788
13,23800,1121.7232226840788
13,23850,1121.7232226840788
13,23900,1121.7232226840788
13,23950,1121.7232226840788
13,24000,1121.7232226840788
13,24050,1121.7232226840788
13,24100,1121.7232226840788
13,24150,1121.7232226840788
13,24200,1121.7232226840788
13,24250,1121.7232226840788
13,24300,1121.7232226840788
13,24350,1121.7232226840788
13,24400,1121.7232226840788
13,24450,1121.7232226840788
13,24500,1121.7232226840788
13,24550,1121.7232226840788
13,24600,1121.7232226840788
13,24650,1121.7232226840788
13,24700,1121.7232226840788
13,24750,1121.7232226840788
13,24800,1121.7232226840788
13,24850,1121.7232226840788
13,24900,1121.7232226840788
13,24950,1121.7232226840788
13,25000,1121.7232226840788
13,25050,1121.7232226840788
13,25100,1121.7232226840788
13,25150,1121.7232226840788
13,25200,1121.7232226840788
13,25250,1121.7232226840788
13,25300,1121.7232226840788
13,25350,1121.7232226840788
13,25400,1121.7232226840788
13,25450,1121.7232226840788
13,25500,1121.7232226840788
13,25550,1121.7232226840788
13,25600,1121.7232226840788
13,25650,1121.7232226840788
13,25700,1121.7232226840788
13,25750,1121.7232226840788
13,25800,1121.7232226840788
13,25850,1121.7232226840788
13,25900,1064.9914287308031
13,25950,1064.9914287308031
13,26000,1064.9914287308031
13,26050,1064.9914287308031
13,26100,1064.9914287308031
13,26150,1064.9914287308031
13,26200,1064.9914287308031
13,26250,1064.9914287308031
13,26300,1064.9914287308031
13,26350,1064.9914287308031
13,26400,1064.9914287308031
13,26450,1064.9914287308031
13,26500,1064.9914287308031
13,26550,1064.9914287308031
13,26600,1064.9914287308031
13,26650,1064.9914287308031
13,26700,1064.9914287308031
13,26750,1064.9914287308031
13,26800,1064.9914287308031
13,26850,1064.9914287308031
13,26900,1064.9914287308031
13,26950,1064.9914287308031
13,27000,1064.9914287308031
13,27050,1064.9914287308031
13,27100,1064.9914287308031
13,27150,1064.9914287308031
13,27200,1064.9914287308031
13,27250,1064.9914287308031
13,27300,1064.9914287308031
13,27350,1064.9914287308031
13,27400,1064.9914287308031
13,27450,1064.9914287308031
13,27500,1064.9914287308031
13,27550,1064.9914287308031
13,27600,1064.9914287308031
13,27650,1064.9914287308031
13,27700,1064.9914287308031
13,27750,1064.9914287308031
13,27800,1064.9914287308031
13,27850,1064.9914287308031
13,27900,1064.9914287308031
13,27950,1064.9914287308031
13,28000,1064.9914287308031
13,28050,1064.9914287308031
13,28100,1064.9914287308031
13,28150,1064.9914287308031
13,28200,1064.9914287308031
13,28250,1064.9914287308031
13,28300,1064.9914287308031
13,28350,1064.9914287308031
13,28400,1064.9914287308031
13,28450,1064.9914287308031
13,28500,1064.9914287308031
13,28550,1064.9914287308031
13,28600,1064.9914287308031
13,28650,1064.9914287308031
13,28700,1064.9914287308031
13,28750,1064.9914287308031
13,28800,1064.9914287308031
13,28850,1064.9914287308031
13,28900,1064.9914287308031
13,28950,1064.9914287308031
13,29000,1064.9914287308031
13,29050,1064.9914287308031
13,29100,1064.9914287308031
13,29150,1064.9914287308031
13,29200,1064.9914287308031
13,29250,1064.9914287308031
13,29300,1064.9914287308031
13,29350,1064.9914287308031
13,29400,1064.9914287308031
13,29450,1064.9914287308031
13,29500,1064.9914287308031
13,29550,1064.9914287308031
13,29600,1064.9914287308031
13,29650,1064.9914287308031
13,29700,1064.9914287308031
13,29750,1064.9914287308031
13,29800,1064.9914287308031
13,29850,1064.9914287308031
13,29900,1064.9914287308031
13,29950,1064.9914287308031
13,30000,1064.9914287308031
13,30050,1064.9914287308031
13,30100,1064.9914287308031
13,30150,1064.9914287308031
13,30200,1064.9914287308031
13,30250,1064.9914287308031
13,30300,1064.9914287308031
13,30350,1064.9914287308031
13,30400,1064.9914287308031
13,30450,1064.9914287308031
13,30500,1064.9914287308031
13,30550,1064.9914287308031
13,30600,1064.9914287308031
13,30650,1064.9914287308031
13,30700,1064.9914287308031
13,30750,1064.9914287308031
13,30800,1064.9914287308031
13,30850,1064.9914287308031
13,30900,1064.9914287308031
13,30950,1064.9914287308031
13,31000,1064.9914287308031
13,31050,1064.9914287308031
13,31100,1064.9914287308031
13,31150,1064.9914287308031
13,31200,1064.9914287308031
13,31250,1064.9914287308031
13,31300,1064.9914287308031
13,31350,1064.9914287308031
13,31400,1064.9914287308031
13,31450,1064.9914287308031
13,31500,1064.9914287308031
13,31550,1064.9914287308031
13,31600,1064.9914287308031
13,31650,1064.9914287308031
13,31700,1064.9914287308031
13,31750,1064.9914287308031
13,31800,1064.9914287308031
13,31850,1064.9914287308031
13,31900,1064.9914287308031
13,31950,1064.9914287308031
13,32000,1064.9914287308031
13,32050,1064.9914287308031
13,32100,1064.9914287308031
13,32150,1064.9914287308031
13,32200,1064.9914287308031
13,32250,1064.9914287308031
13,32300,1064.9914287308031
13,32350,1064.9914287308031
13,32400,1064.9914287308031
13,32450,1064.9914287308031
13,32500,1064.9914287308031
13,32550,1064.9914287308031
13,32600,1064.9914287308031
13,32650,1064.9914287308031
13,32700,1064.9914287308031
13,32750,1064.9914287308031
13,32800,1064.9914287308031
13,32850,1064.9914287308031
13,32900,1064.9914287308031
13,32950,1064.9914287308031
13,33000,1064.9914287308031
13,33050,1064.9914287308031
13,33100,1064.9914287308031
13,33150,1064.9914287308031
13,33200,1064.9914287308031
13,33250,1064.9914287308031
13,33300,1064.9914287308031
13,33350,1064.9914287308031
13,33400,1064.9914287308031
13,33450,1064.9914287308031
13,33500,1064.9914287308031
13,33550,1064.9914287308031
13,33600,1064.9914287308031
13,33650,1064.9914287308031
13,33700,1064.9914287308031
13,33750,1064.9914287308031
13,33800,1064.9914287308031
13,33850,1064.9914287308031
13,33900,1064.9914287308031
13,33950,1064.9914287308031
13,34000,1064.9914287308031
13,34050,1064.9914287308031
13,34100,1064.9914287308031
13,34150,1064.9914287308031
13,34200,1064.9914287308031
13,34250,1064.9914287308031
13,34300,1064.9914287308031
13,34350,1064.9914287308031
13,34400,1064.9914287308031
13,34450,1064.9914287308031
13,34500,1064.9914287308031
13,34550,1064.9914287308031
13,34600,1064.9914287308031
13,34650,1064.9914287308031
13,34700,1064.9914287308031
13,34750,1064.9914287308031
13,34800,1064.9914287308031
13,34850,1064.9914287308031
13,34900,1064.9914287308031
13,34950,1064.9914287308031
13,35000,1064.9914287308031
13,35050,1064.9914287308031
13,35100,1064.9914287308031
13,35150,1064.9914287308031
13,35200,1064.9914287308031
13,35250,1064.9914287308031
13,35300,1064.9914287308031
13,35350,1064.9914287308031
13,35400,1064.9914287308031
13,35450,1064.9914287308031
13,35500,1064.9914287308031
13,35550,1064.9914287308031
13,35600,1064.9914287308031
13,35650,1064.9914287308031
13,35700,1064.9914287308031
13,35750,1064.9914287308031
13,35800,1064.9914287308031
13,35850,1064.9914287308031
13,35900,1064.9914287308031
13,35950,1064.9914287308031
13,36000,1064.9914287308031
13,36050,1064.9914287308031
13,36100,1064.9914287308031
13,36150,1064.9914287308031
13,36200,1064.9914287308031
13,36250,1064.9914287308031
13,36300,1064.9914287308031
13,36350,1064.9914287308031
13,36400,1064.9914287308031
13,36450,1064.9914287308031
13,36500,1064.9914287308031
13,36550,1064.9914287308031
13,36600,1064.9914287308031
13,36650,1064.9914287308031
13,36700,1064.9914287308031
13,36750,1064.9914287308031
13,36800,1064.9914287308031
13,36850,1064.9914287308031
13,36900,1064.9914287308031
13,36950,1064.9914287308031
13,37000,1064.9914287308031
13,37050,1064.9914287308031
13,37100,1064.9914287308031
13,37150,1064.9914287308031
13,37200,1064.9914287308031
13,37250,1064.9914287308031
13,37300,1064.9914287308031
13,37350,1064.9914287308031
13,37400,1064.9914287308031
13,37450,1064.9914287308031
13,37500,1064.9914287308031
13,37550,1064.9914287308031
13,37600,1064.9914287308031
13,37650,1064.9914287308031
13,37700,1064.9914287308031
13,37750,1064.9914287308031
13,37800,1064.9914287308031
13,37850,1064.9914287308031
13,37900,1064.9914287308031
13,37950,1064.9914287308031
13,38000,1064.9914287308031
13,38050,1064.9914287308031
13,38100,1064.9914287308031
13,38150,1064.9914287308031
13,38200,1064.9914287308031
13,38250,1064.9914287308031
13,38300,1064.9914287308031
13,38350,1064.9914287308031
13,38400,1064.9914287308031
13,38450,1064.9914287308031
13,38500,1064.9914287308031
13,38550,1064.9914287308031
13,38600,1064.9914287308031
13,38650,1064.9914287308031
13,38700,1064.9914287308031
13,38750,1064.9914287308031
13,38800,1064.9914287308031
13,38850,1064.9914287308031
13,38900,1064.9914287308031
13,38950,1064.9914287308031
13,39000,1064.9914287308031
13,39050,1064.9914287308031
13,39100,1064.9914287308031
13,39150,1064.9914287308031
13,39200,1064.9914287308031
13,39250,1064.9914287308031
13,39300,1064.9914287308031
13,39350,1064.9914287308031
13,39400,1064.9914287308031
13,39450,1064.9914287308031
13,39500,1064.9914287308031
13,39550,1064.9914287308031
13,39600,1064.9914287308031
13,39650,1064.9914287308031
13,39700,1064.9914287308031
13,39750,1064.9914287308031
13,39800,1064.9914287308031
13,39850,1064.9914287308031
13,39900,1064.9914287308031
13,39950,1064.9914287308031
13,40000,1064.9914287308031
13,40050,1064.9914287308031
13,40100,1064.9914287308031
13,40150,1064.9914287308031
13,40200,1064.9914287308031
13,40250,1064.9914287308031
13,40300,1064.9914287308031
13,40350,1064.9914287308031
13,40400,1064.9914287308031
13,40450,1064.9914287308031
13,40500,1064.9914287308031
13,40550,1064.9914287308031
13,40600,1064.9914287308031
13,40650,1064.9914287308031
13,40700,1064.9914287308031
13,40750,1064.9914287308031
13,40800,1064.9914287308031
13,40850,1064.9914287308031
13,40900,1064.9914287308031
13,40950,1064.9914287308031
13,41000,1064.9914287308031
13,41050,1064.9914287308031
13,41100,1064.9914287308031
13,41150,1064.9914287308031
13,41200,1064.9914287308031
13,41250,1064.9914287308031
13,41300,1064.9914287308031
13,41350,1064.9914287308031
13,41400,1064.9914287308031
13,41450,1064.9914287308031
13,41500,1064.9914287308031
13,41550,1064.9914287308031
13,41600,1064.9914287308031
13,41650,1064.9914287308031
13,41700,1064.9914287308031
13,41750,1064.9914287308031
13,41800,1064.9914287308031
13,41850,1064.9914287308031
13,41900,1064.9914287308031
13,41950,1064.9914287308031
13,42000,1064.9914287308031
13,42050,1064.9914287308031
13,42100,1064.9914287308031
13,42150,1064.9914287308031
13,42200,1064.9914287308031
13,42250,1064.9914287308031
13,42300,1064.9914287308031
13,42350,1064.9914287308031
13,42400,1064.9914287308031
13,42450,1064.9914287308031
13,42500,1064.9914287308031
13,42550,1064.9914287308031
13,42600,1064.9914287308031
13,42650,1064.9914287308031
13,42700,1064.9914287308031
13,42750,1064.9914287308031
13,42800,1064.9914287308031
13,42850,1064.9914287308031
13,42900,1064.9914287308031
13,42950,1064.9914287308031
13,43000,1064.9914287308031
13,43050,1064.9914287308031
13,43100,1064.9914287308031
13,43150,1064.9914287308031
13,43200,1064.9914287308031
13,43250,1064.9914287308031
13,43300,1064.9914287308031
13,43350,1064.9914287308031
13,43400,1064.9914287308031
13,43450,1064.9914287308031
13,43500,1064.9914287308031
13,43550,1064.9914287308031
13,43600,1064.9914287308031
13,43650,1064.9914287308031
13,43700,1064.9914287308031
13,43750,1064.9914287308031
13,43800,1064.9914287308031
13,43850,1064.9914287308031
13,43900,1064.9914287308031
13,43950,1064.9914287308031
13,44000,1064.9914287308031
13,44050,1064.9914287308031
13,44100,1064.9914287308031
13,44150,1064.9914287308031
13,44200,1064.9914287308031
13,44250,1064.9914287308031
13,44300,1064.9914287308031
13,44350,1064.9914287308031
13,44400,1064.9914287308031
13,44450,1064.9914287308031
13,44500,1064.9914287308031
13,44550,1064.9914287308031
13,44600,1064.9914287308031
13,44650,1064.9914287308031
13,44700,1064.9914287308031
13,44750,1064.9914287308031
13,44800,1064.9914287308031
13,44850,1064.9914287308031
13,44900,1064.9914287308031
13,44950,1064.9914287308031
13,45000,1064.9914287308031
13,45050,1064.9914287308031
13,45100,1064.9914287308031
13,45150,1064.9914287308031
13,45200,1064.9914287308031
13,45250,1064.9914287308031
13,45300,1064.9914287308031
13,45350,1064.9914287308031
13,45400,1064.9914287308031
13,45450,1064.9914287308031
13,45500,1064.9914287308031
13,45550,1064.9914287308031
13,45600,1064.9914287308031
13,45650,1064.9914287308031
13,45700,1064.9914287308031
13,45750,1064.9914287308031
13,45800,1064.9914287308031
13,45850,1064.9914287308031
13,45900,1064.9914287308031
13,45950,1064.9914287308031
13,46000,1064.9914287308031
13,46050,1064.9914287308031
13,46100,1064.9914287308031
13,46150,1064.9914287308031
13,46200,1064.9914287308031
13,46250,1064.9914287308031
13,46300,1064.9914287308031
13,46350,1064.9914287308031
13,46400,1064.9914287308031
13,46450,1064.9914287308031
13,46500,1064.9914287308031
13,46550,1064.9914287308031
13,46600,1064.9914287308031
13,46650,1064.9914287308031
13,46700,1064.9914287308031
13,46750,1064.9914287308031
13,46800,1064.9914287308031
13,46850,1064.9914287308031
13,46900,1064.9914287308031
13,46950,1064.9914287308031
13,47000,1064.9914287308031
13,47050,1064.9914287308031
13,47100,1064.9914287308031
13,47150,1064.9914287308031
13,47200,1064.9914287308031
13,47250,1064.9914287308031
13,47300,1064.9914287308031
13,47350,1064.9914287308031
13,47400,1064.9914287308031
13,47450,1064.9914287308031
13,47500,1064.9914287308031
13,47550,1064.9914287308031
13,47600,1064.9914287308031
13,47650,1064.9914287308031
13,47700,1064.9914287308031
13,47750,1064.9914287308031
13,47800,1064.9914287308031
13,47850,1064.9914287308031
13,47900,1064.9914287308031
13,47950,1064.9914287308031
13,48000,1064.9914287308031
13,48050,1064.9914287308031
13,48100,1064.9914287308031
13,48150,1064.9914287308031
13,48200,1064.9914287308031
13,48250,1064.9914287308031
13,48300,1064.9914287308031
13,48350,1064.9914287308031
13,48400,1064.9914287308031
13,48450,1064.9914287308031
13,48500,1064.9914287308031
13,48550,1064.9914287308031
13,48600,1064.9914287308031
13,48650,1064.9914287308031
13,48700,1064.9914287308031
13,48750,1064.9914287308031
13,48800,1064.9914287308031
13,48850,1064.9914287308031
13,48900,1064.9914287308031
13,48950,1064.9914287308031
13,49000,1064.9914287308031
13,49050,1064.9914287308031
13,49100,1064.9914287308031
13,49150,1064.9914287308031
13,49200,1064.9914287308031
13,49250,1064.9914287308031
13,49300,1064.9914287308031
13,49350,1064.9914287308031
13,49400,1064.9914287308031
13,49450,1064.9914287308031
13,49500,1064.9914287308031
13,49550,1064.9914287308031
13,49600,1064.9914287308031
13,49650,1064.9914287308031
13,49700,1064.9914287308031
13,49750,1064.9914287308031
13,49800,1064.9914287308031
13,49850,1064.9914287308031
13,49900,1064.9914287308031
13,49950,1064.9914287308031
13,50000,1064.9914287308031
14,50,1435.8858171856482
14,100,1435.8858171856482
14,150,1390.3950414376147
14,200,1384.5568559979547
14,250,1372.1386739087422
14,300,1372.1386739087422
14,350,1372.1386739087422
14,400,1372.1386739087422
14,450,1314.7284162034023
14,500,1314.7284162034023
14,550,1314.7284162034023
14,600,1314.7284162034023
14,650,1283.7181534039844
14,700,1283.7181534039844
14,750,1283.7181534039844
14,800,1283.7181534039844
14,850,1279.2608021572264
14,900,1224.0743478715533
14,950,1186.9179351007515
14,1000,1186.9179351007515
14,1050,1186.9179351007515
14,1100,1186.9179351007515
14,1150,1175.100478808431
14,1200,1175.100478808431
14,1250,1175.100478808431
14,1300,1174.8942777402413
14,1350,1174.8942777402413
14,1400,1170.4987656554345
14,1450,1170.4987656554345
14,1500,1168.5742925250383
14,1550,1168.5742925250383
14,1600,1168.5742925250383
14,1650,1168.5742925250383
14,1700,1168.5742925250383
14,1750,1163.1100829918093
14,1800,1163.1100829918093
14,1850,1163.1100829918093
14,1900,1163.1100829918093
14,1950,1163.1100829918093
14,2000,1162.9915414105972
14,2050,1162.9915414105972
14,2100,1162.9915414105972
14,2150,1162.9915414105972
14,2200,1162.9915414105972
14,2250,1162.9915414105972
14,2300,1162.9915414105972
14,2350,1162.9915414105972
14,2400,1162.9915414105972
14,2450,1162.9915414105972
14,2500,1162.9915414105972
14,2550,1162.9915414105972
14,2600,1160.918638276486
14,2650,1142.7039706213664
14,2700,1142.7039706213664
14,2750,1142.7039706213664
14,2800,1142.7039706213664
14,2850,1142.7039706213664
14,2900,1142.7039706213664
14,2950,1142.7039706213664
14,3000,1142.7039706213664
14,3050,1141.745628715156
14,3100,1141.745628715156
14,3150,1141.745628715156
14,3200,1141.745628715156
14,3250,1141.745628715156
14,3300,1141.745628715156
14,3350,1141.745628715156
14,3400,1141.745628715156
14,3450,1141.745628715156
14,3500,1141.745628715156
14,3550,1141.745628715156
14,3600,1141.745628715156
14,3650,1141.745628715156
14,3700,1141.745628715156
14,3750,1141.745628715156
14,3800,1141.745628715156
14,3850,1141.745628715156
14,3900,1141.745628715156
14,3950,1141.745628715156
14,4000,1141.745628715156
14,4050,1141.745628715156
14,4100,1141.745628715156
14,4150,1141.745628715156
14,4200,1141.745628715156
14,4250,1141.745628715156
14,4300,1141.745628715156
14,4350,1141.745628715156
14,4400,1141.745628715156
14,4450,1141.745628715156
14,4500,1141.745628715156
14,4550,1141.745628715156
14,4600,1141.745628715156
14,4650,1141.745628715156
14,4700,1141.745628715156
14,4750,1141.745628715156
14,4800,1141.745628715156
14,4850,1141.745628715156
14,4900,1141.745628715156
14,4950,1141.745628715156
14,5000,1141.745628715156
14,5050,1141.745628715156
14,5100,1141.745628715156
14,5150,1141.745628715156
14,5200,1141.745628715156
14,5250,1141.745628715156
14,5300,1141.745628715156
14,5350,1141.745628715156
14,5400,1141.745628715156
14,5450,1129.7772315963398
14,5500,1129.7772315963398
14,5550,1129.7772315963398
14,5600,1129.7772315963398
14,5650,1129.7772315963398
14,5700,1129.7772315963398
14,5750,1129.7772315963398
14,5800,1129.7772315963398
14,5850,1129.7772315963398
14,5900,1129.7772315963398
14,5950,1129.7772315963398
14,6000,1129.7772315963398
14,6050,1129.7772315963398
14,6100,1129.7772315963398
14,6150,1129.7772315963398
14,6200,1129.7772315963398
14,6250,1129.7772315963398
14,6300,1129.7772315963398
14,6350,1129.7772315963398
14,6400,1129.7772315963398
14,6450,1129.7772315963398
14,6500,1129.7772315963398
14,6550,1129.7772315963398
14,6600,1129.7772315963398
14,6650,1129.7772315963398
14,6700,1129.7772315963398
14,6750,1129.7772315963398
14,6800,1129.7772315963398
14,6850,1129.7772315963398
14,6900,1129.7772315963398
14,6950,1129.7772315963398
14,7000,1129.7772315963398
14,7050,1129.7772315963398
14,7100,1129.7772315963398
14,7150,1129.7772315963398
14,7200,1129.7772315963398
14,7250,1129.7772315963398
14,7300,1129.7772315963398
14,7350,1129.7772315963398
14,7400,1129.7772315963398
14,7450,1129.7772315963398
14,7500,1129.7772315963398
14,7550,1129.7772315963398
14,7600,1129.7772315963398
14,7650,1129.7772315963398
14,7700,1129.7772315963398
14,7750,1129.7772315963398
14,7800,1129.7772315963398
14,7850,1129.7772315963398
14,7900,1129.7772315963398
14,7950,1129.7772315963398
14,8000,1129.7772315963398
14,8050,1129.7772315963398
14,8100,1129.7772315963398
14,8150,1129.7772315963398
14,8200,1129.7772315963398
14,8250,1129.7772315963398
14,8300,1129.7772315963398
14,8350,1129.7772315963398
14,8400,1129.7772315963398
14,8450,1129.7772315963398
14,8500,1129.7772315963398
14,8550,1129.7772315963398
14,8600,1129.7772315963398
14,8650,1129.7772315963398
14,8700,1129.7772315963398
14,8750,1129.7772315963398
14,8800,1129.7772315963398
14,8850,1129.7772315963398
14,8900,1129.7772315963398
14,8950,1129.7772315963398
14,9000,1129.7772315963398
14,9050,1129.7772315963398
14,9100,1129.7772315963398
14,9150,1129.7772315963398
14,9200,1129.7772315963398
14,9250,1129.7772315963398
14,9300,1129.7772315963398
14,9350,1129.7772315963398
14,9400,1129.7772315963398
14,9450,1129.7772315963398
14,9500,1129.7772315963398
14,9550,1129.7772315963398
14,9600,1126.8966220712696
14,9650,1126.8966220712696
14,9700,1126.8966220712696
14,9750,1126.8966220712696
14,9800,1126.8966220712696
14,9850,1126.8966220712696
14,9900,1126.8966220712696
14,9950,1126.8966220712696
14,10000,1126.8966220712696
14,10050,1126.8966220712696
14,10100,1126.8966220712696
14,10150,1126.8966220712696
14,10200,1126.8966220712696
14,10250,1126.8966220712696
14,10300,1126.8966220712696
14,10350,1126.8966220712696
14,10400,1126.8966220712696
14,10450,1126.8966220712696
14,10500,1126.8966220712696
14,10550,1126.8966220712696
14,10600,1126.8966220712696
14,10650,1126.8966220712696
14,10700,1126.8966220712696
14,10750,1126.8966220712696
14,10800,1126.8966220712696
14,10850,1126.8966220712696
14,10900,1126.8966220712696
14,10950,1126.8966220712696
14,11000,1126.8966220712696
14,11050,1126.8966220712696
14,11100,1126.8966220712696
14,11150,1126.8966220712696
14,11200,1126.8966220712696
14,11250,1126.8966220712696
14,11300,1126.8966220712696
14,11350,1126.8966220712696
14,11400,1126.8966220712696
14,11450,1126.8966220712696
14,11500,1126.8966220712696
14,11550,1126.8966220712696
14,11600,1126.8966220712696
14,11650,1126.8966220712696
14,11700,1126.8966220712696
14,11750,1126.8966220712696
14,11800,1126.8966220712696
14,11850,1126.8966220712696
14,11900,1126.8966220712696
14,11950,1126.8966220712696
14,12000,1126.8966220712696
14,12050,1126.8966220712696
14,12100,1126.8966220712696
14,12150,1126.8966220712696
14,12200,1126.8966220712696
14,12250,1126.8966220712696
14,12300,1126.8966220712696
14,12350,1126.8966220712696
14,12400,1126.8966220712696
14,12450,1126.8966220712696
14,12500,1126.8966220712696
14,12550,1126.8966220712696
14,12600,1126.8966220712696
14,12650,1126.8966220712696
14,12700,1126.8966220712696
14,12750,1126.8966220712696
14,12800,1126.8966220712696
14,12850,1126.8966220712696
14,12900,1126.8966220712696
14,12950,1126.8966220712696
14,13000,1126.8966220712696
14,13050,1126.8966220712696
14,13100,1126.8966220712696
14,13150,1126.8966220712696
14,13200,1126.8966220712696
14,13250,1126.8966220712696
14,13300,1126.8966220712696
14,13350,1126.8966220712696
14,13400,1126.8966220712696
14,13450,1126.8966220712696
14,13500,1126.8966220712696
14,13550,1126.8966220712696
14,13600,1126.8966220712696
14,13650,1126.8966220712696
14,13700,1126.8966220712696
14,13750,1126.8966220712696
14,13800,1126.8966220712696
14,13850,1126.8966220712696
14,13900,1126.8966220712696
14,13950,1126.8966220712696
14,14000,1126.8966220712696
14,14050,1126.8966220712696
14,14100,1126.8966220712696
14,14150,1126.8966220712696
14,14200,1126.8966220712696
14,14250,1126.8966220712696
14,14300,1126.8966220712696
14,14350,1126.8966220712696
14,14400,1126.8966220712696
14,14450,1126.8966220712696
14,14500,1126.8966220712696
14,14550,1126.8966220712696
14,14600,1126.8966220712696
14,14650,1126.8966220712696
14,14700,1126.8966220712696
14,14750,1126.8966220712696
14,14800,1126.8966220712696
14,14850,1126.8966220712696
14,14900,1126.8966220712696
14,14950,1126.8966220712696
14,15000,1126.8966220712696
14,15050,1126.8966220712696
14,15100,1126.8966220712696
14,15150,1126.8966220712696
14,15200,1126.8966220712696
14,15250,1126.8966220712696
14,15300,1126.8966220712696
14,15350,1126.8966220712696
14,15400,1126.8966220712696
14,15450,1126.8966220712696
14,15500,1126.8966220712696
14,15550,1126.8966220712696
14,15600,1126.8966220712696
14,15650,1126.8966220712696
14,15700,1118.236750915112
14,15750,1118.236750915112
14,15800,1118.236750915112
14,15850,1118.236750915112
14,15900,1118.236750915112
14,15950,1118.236750915112
14,16000,1118.236750915112
14,16050,1118.236750915112
14,16100,1118.236750915112
14,16150,1118.236750915112
14,16200,1118.236750915112
14,16250,1118.236750915112
14,16300,1118.236750915112
14,16350,1118.236750915112
14,16400,1118.236750915112
14,16450,1118.236750915112
14,16500,1118.236750915112
14,16550,1118.236750915112
14,16600,1118.236750915112
14,16650,1118.236750915112
14,16700,1118.236750915112
14,16750,1118.236750915112
14,16800,1118.236750915112
14,16850,1118.236750915112
14,16900,1118.236750915112
14,16950,1118.236750915112
14,17000,1118.236750915112
14,17050,1118.236750915112
14,17100,1118.236750915112
14,17150,1118.236750915112
14,17200,1118.236750915112
14,17250,1118.236750915112
14,17300,1118.236750915112
14,17350,1118.236750915112
14,17400,1118.236750915112
14,17450,1118.236750915112
14,17500,1118.236750915112
14,17550,1118.236750915112
14,17600,1118.236750915112
14,17650,1118.236750915112
14,17700,1118.236750915112
14,17750,1118.236750915112
14,17800,1118.236750915112
14,17850,1118.236750915112
14,17900,1118.236750915112
14,17950,1118.236750915112
14,18000,1118.236750915112
14,18050,1118.236750915112
14,18100,1118.236750915112
14,18150,1118.236750915112
14,18200,1118.236750915112
14,18250,1118.236750915112
14,18300,1116.432087672919
14,18350,1116.432087672919
14,18400,1116.432087672919
14,18450,1116.432087672919
14,18500,1116.432087672919
14,18550,1116.432087672919
14,18600,1116.432087672919
14,18650,1116.432087672919
14,18700,1116.432087672919
14,18750,1116.432087672919
14,18800,1116.432087672919
14,18850,1116.432087672919
14,18900,1116.432087672919
14,18950,1116.432087672919
14,19000,1116.432087672919
14,19050,1116.432087672919
14,19100,1116.432087672919
14,19150,1116.432087672919
14,19200,1116.432087672919
14,19250,1116.432087672919
14,19300,1116.432087672919
14,19350,1116.432087672919
14,19400,1116.432087672919
14,19450,1116.432087672919
14,19500,1116.432087672919
14,19550,1116.432087672919
14,19600,1116.432087672919
14,19650,1116.432087672919
14,19700,1116.432087672919
14,19750,1116.432087672919
14,19800,1116.432087672919
14,19850,1116.432087672919
14,19900,1116.432087672919
14,19950,1116.432087672919
14,20000,1116.432087672919
14,20050,1116.432087672919
14,20100,1116.432087672919
14,20150,1116.432087672919
14,20200,1116.432087672919
14,20250,1116.432087672919
14,20300,1116.432087672919
14,20350,1116.432087672919
14,20400,1116.432087672919
14,20450,1116.432087672919
14,20500,1116.432087672919
14,20550,1116.432087672919
14,20600,1116.432087672919
14,20650,1116.432087672919
14,20700,1116.432087672919
14,20750,1116.432087672919
14,20800,1116.432087672919
14,20850,1116.432087672919
14,20900,1116.432087672919
14,20950,1116.432087672919
14,21000,1116.432087672919
14,21050,1116.432087672919
14,21100,1116.432087672919
14,21150,1116.432087672919
14,21200,1116.432087672919
14,21250,1116.432087672919
14,21300,1116.432087672919
14,21350,1116.432087672919
14,21400,1116.432087672919
14,21450,1116.432087672919
14,21500,1116.432087672919
14,21550,1116.432087672919
14,21600,1116.432087672919
14,21650,1116.432087672919
14,21700,1116.432087672919
14,21750,1116.432087672919
14,21800,1116.432087672919
14,21850,1116.432087672919
14,21900,1116.432087672919
14,21950,1116.432087672919
14,22000,1116.432087672919
14,22050,1116.432087672919
14,22100,1116.432087672919
14,22150,1116.432087672919
14,22200,1116.432087672919
14,22250,1116.432087672919
14,22300,1116.432087672919
14,22350,1116.432087672919
14,22400,1116.432087672919
14,22450,1116.432087672919
14,22500,1116.432087672919
14,22550,1116.432087672919
14,22600,1116.432087672919
14,22650,1116.432087672919
14,22700,1116.432087672919
14,22750,1116.432087672919
14,22800,1116.432087672919
14,22850,1116.432087672919
14,22900,1116.432087672919
14,22950,1116.432087672919
14,23000,1116.432087672919
14,23050,1116.432087672919
14,23100,1116.432087672919
14,23150,1116.432087672919
14,23200,1116.432087672919
14,23250,1116.432087672919
14,23300,1116.432087672919
14,23350,1116.432087672919
14,23400,1116.432087672919
14,23450,1116.432087672919
14,23500,1116.432087672919
14,23550,1116.432087672919
14,23600,1116.432087672919
14,23650,1116.432087672919
14,23700,1116.432087672919
14,23750,1116.432087672919
14,23800,1116.432087672919
14,23850,1116.432087672919
14,23900,1116.432087672919
14,23950,1116.432087672919
14,24000,1116.432087672919
14,24050,1116.432087672919
14,24100,1116.432087672919
14,24150,1116.432087672919
14,24200,1116.432087672919
14,24250,1116.432087672919
14,24300,1116.432087672919
14,24350,1116.432087672919
14,24400,1116.432087672919
14,24450,1116.432087672919
14,24500,1116.432087672919
14,24550,1116.432087672919
14,24600,1116.432087672919
14,24650,1116.432087672919
14,24700,1116.432087672919
14,24750,1116.432087672919
14,24800,1116.432087672919
14,24850,1116.432087672919
14,24900,1116.432087672919
14,24950,1116.432087672919
14,25000,1116.432087672919
14,25050,1116.432087672919
14,25100,1116.432087672919
14,25150,1116.432087672919
14,25200,1116.432087672919
14,25250,1116.432087672919
14,25300,1116.432087672919
14,25350,1116.432087672919
14,25400,1116.432087672919
14,25450,1116.432087672919
14,25500,1116.432087672919
14,25550,1116.432087672919
14,25600,1116.432087672919
14,25650,1116.432087672919
14,25700,1116.432087672919
14,25750,1116.432087672919
14,25800,1116.432087672919
14,25850,1116.432087672919
14,25900,1116.432087672919
14,25950,1116.432087672919
14,26000,1116.432087672919
14,26050,1116.432087672919
14,26100,1116.432087672919
14,26150,1116.432087672919
14,26200,1116.432087672919
14,26250,1116.432087672919
14,26300,1116.432087672919
14,26350,1116.432087672919
14,26400,1116.432087672919
14,26450,1116.432087672919
14,26500,1116.432087672919
14,26550,1116.432087672919
14,26600,1116.432087672919
14,26650,1116.432087672919
14,26700,1116.432087672919
14,26750,1116.432087672919
14,26800,1116.432087672919
14,26850,1116.432087672919
14,26900,1116.432087672919
14,26950,1116.432087672919
14,27000,1116.432087672919
14,27050,1116.432087672919
14,27100,1116.432087672919
14,27150,1116.432087672919
14,27200,1116.432087672919
14,27250,1116.432087672919
14,27300,1116.432087672919
14,27350,1116.432087672919
14,27400,1116.432087672919
14,27450,1116.432087672919
14,27500,1116.432087672919
14,27550,1116.432087672919
14,27600,1116.432087672919
14,27650,1116.432087672919
14,27700,1116.432087672919
14,27750,1116.432087672919
14,27800,1116.432087672919
14,27850,1116.432087672919
14,27900,1116.432087672919
14,27950,1116.432087672919
14,28000,1116.432087672919
14,28050,1116.432087672919
14,28100,1116.432087672919
14,28150,1116.432087672919
14,28200,1116.432087672919
14,28250,1116.432087672919
14,28300,1116.432087672919
14,28350,1116.432087672919
14,28400,1116.432087672919
14,28450,1116.432087672919
14,28500,1116.432087672919
14,28550,1116.432087672919
14,28600,1116.432087672919
14,28650,1116.432087672919
14,28700,1116.432087672919
14,28750,1116.432087672919
14,28800,1116.432087672919
14,28850,1116.432087672919
14,28900,1116.432087672919
14,28950,1116.432087672919
14,29000,1116.432087672919
14,29050,1116.432087672919
14,29100,1116.432087672919
14,29150,1116.432087672919
14,29200,1116.432087672919
14,29250,1116.432087672919
14,29300,1116.432087672919
14,29350,1116.432087672919
14,29400,1116.432087672919
14,29450,1116.432087672919
14,29500,1116.432087672919
14,29550,1116.432087672919
14,29600,1116.432087672919
14,29650,1116.432087672919
14,29700,1116.432087672919
14,29750,1116.432087672919
14,29800,1116.432087672919
14,29850,1116.432087672919
14,29900,1116.432087672919
14,29950,1116.432087672919
14,30000,1116.432087672919
14,30050,1116.432087672919
14,30100,1116.432087672919
14,30150,1116.432087672919
14,30200,1116.432087672919
14,30250,1116.432087672919
14,30300,1116.432087672919
14,30350,1116.432087672919
14,30400,1116.432087672919
14,30450,1116.432087672919
14,30500,1116.432087672919
14,30550,1116.432087672919
14,30600,1116.432087672919
14,30650,1116.432087672919
14,30700,1116.432087672919
14,30750,1116.432087672919
14,30800,1116.432087672919
14,30850,1116.432087672919
14,30900,1116.432087672919
14,30950,1116.432087672919
14,31000,1116.432087672919
14,31050,1116.432087672919
14,31100,1116.432087672919
14,31150,1116.432087672919
14,31200,1116.432087672919
14,31250,1116.432087672919
14,31300,1116.432087672919
14,31350,1116.432087672919
14,31400,1116.432087672919
14,31450,1116.432087672919
14,31500,1116.432087672919
14,31550,1116.432087672919
14,31600,1116.432087672919
14,31650,1116.432087672919
14,31700,1116.432087672919
14,31750,1116.432087672919
14,31800,1116.432087672919
14,31850,1116.432087672919
14,31900,1116.432087672919
14,31950,1116.432087672919
14,32000,1116.432087672919
14,32050,1116.432087672919
14,32100,1116.432087672919
14,32150,1116.432087672919
14,32200,1116.432087672919
14,32250,1116.432087672919
14,32300,1116.432087672919
14,32350,1116.432087672919
14,32400,1116.432087672919
14,32450,1116.432087672919
14,32500,1116.432087672919
14,32550,1116.432087672919
14,32600,1116.432087672919
14,32650,1116.432087672919
14,32700,1116.432087672919
14,32750,1116.432087672919
14,32800,1116.432087672919
14,32850,1116.432087672919
14,32900,1116.432087672919
14,32950,1116.432087672919
14,33000,1116.432087672919
14,33050,1116.432087672919
14,33100,1116.432087672919
14,33150,1116.432087672919
14,33200,1116.432087672919
14,33250,1116.432087672919
14,33300,1116.432087672919
14,33350,1116.432087672919
14,33400,1116.432087672919
14,33450,1116.432087672919
14,33500,1116.432087672919
14,33550,1116.432087672919
14,33600,1116.432087672919
14,33650,1116.432087672919
14,33700,1116.432087672919
14,33750,1116.432087672919
14,33800,1116.432087672919
14,33850,1116.432087672919
14,33900,1116.432087672919
14,33950,1116.432087672919
14,34000,1116.432087672919
14,34050,1116.432087672919
14,34100,1116.432087672919
14,34150,1116.432087672919
14,34200,1116.432087672919
14,34250,1116.432087672919
14,34300,1116.432087672919
14,34350,1116.432087672919
14,34400,1116.432087672919
14,34450,1116.432087672919
14,34500,1116.432087672919
14,34550,1116.432087672919
14,34600,1116.432087672919
14,34650,1116.432087672919
14,34700,1116.432087672919
14,34750,1116.432087672919
14,34800,1116.432087672919
14,34850,1116.432087672919
14,34900,1116.432087672919
14,34950,1116.432087672919
14,35000,1116.432087672919
14,35050,1116.432087672919
14,35100,1116.432087672919
14,35150,1116.432087672919
14,35200,1116.432087672919
14,35250,1116.432087672919
14,35300,1116.432087672919
14,35350,1116.432087672919
14,35400,1116.432087672919
14,35450,1116.432087672919
14,35500,1116.432087672919
14,35550,1116.432087672919
14,35600,1116.432087672919
14,35650,1116.432087672919
14,35700,1116.432087672919
14,35750,1116.432087672919
14,35800,1116.432087672919
14,35850,1116.432087672919
14,35900,1116.432087672919
14,35950,1116.432087672919
14,36000,1116.432087672919
14,36050,1116.432087672919
14,36100,1116.432087672919
14,36150,1116.432087672919
14,36200,1116.432087672919
14,36250,1116.432087672919
14,36300,1116.432087672919
14,36350,1116.432087672919
14,36400,1116.432087672919
14,36450,1116.432087672919
14,36500,1116.432087672919
14,36550,1116.432087672919
14,36600,1116.432087672919
14,36650,1116.432087672919
14,36700,1116.432087672919
14,36750,1116.432087672919
14,36800,1116.432087672919
14,36850,1116.432087672919
14,36900,1116.432087672919
14,36950,1116.432087672919
14,37000,1116.432087672919
14,37050,1116.432087672919
14,37100,1116.432087672919
14,37150,1116.432087672919
14,37200,1116.432087672919
14,37250,1116.432087672919
14,37300,1116.432087672919
14,37350,1116.432087672919
14,37400,1116.432087672919
14,37450,1116.432087672919
14,37500,1116.432087672919
14,37550,1116.432087672919
14,37600,1116.432087672919
14,37650,1116.432087672919
14,37700,1116.432087672919
14,37750,1116.432087672919
14,37800,1116.432087672919
14,37850,1116.432087672919
14,37900,1116.432087672919
14,37950,1116.432087672919
14,38000,1116.432087672919
14,38050,1116.432087672919
14,38100,1116.432087672919
14,38150,1116.432087672919
14,38200,1116.432087672919
14,38250,1115.254803931784
14,38300,1115.254803931784
14,38350,1115.254803931784
14,38400,1115.254803931784
14,38450,1115.254803931784
14,38500,1115.254803931784
14,38550,1115.254803931784
14,38600,1115.254803931784
14,38650,1115.254803931784
14,38700,1115.254803931784
14,38750,1115.254803931784
14,38800,1115.254803931784
14,38850,1115.254803931784
14,38900,1115.254803931784
14,38950,1115.254803931784
14,39000,1115.254803931784
14,39050,1115.254803931784
14,39100,1115.254803931784
14,39150,1115.254803931784
14,39200,1115.254803931784
14,39250,1115.254803931784
14,39300,1115.254803931784
14,39350,1115.254803931784
14,39400,1115.254803931784
14,39450,1115.254803931784
14,39500,1115.254803931784
14,39550,1115.254803931784
14,39600,1115.254803931784
14,39650,1115.254803931784
14,39700,1115.254803931784
14,39750,1115.254803931784
14,39800,1115.254803931784
14,39850,1115.254803931784
14,39900,1115.254803931784
14,39950,1115.254803931784
14,40000,1115.254803931784
14,40050,1115.254803931784
14,40100,1115.254803931784
14,40150,1115.254803931784
14,40200,1115.254803931784
14,40250,1115.254803931784
14,40300,1115.254803931784
14,40350,1115.254803931784
14,40400,1115.254803931784
14,40450,1115.254803931784
14,40500,1115.254803931784
14,40550,1115.254803931784
14,40600,1115.254803931784
14,40650,1115.254803931784
14,40700,1115.254803931784
14,40750,1115.254803931784
14,40800,1115.254803931784
14,40850,1115.254803931784
14,40900,1115.254803931784
14,40950,1115.254803931784
14,41000,1115.254803931784
14,41050,1115.254803931784
14,41100,1115.254803931784
14,41150,1115.254803931784
14,41200,1115.254803931784
14,41250,1115.254803931784
14,41300,1115.254803931784
14,41350,1115.254803931784
14,41400,1115.254803931784
14,41450,1115.254803931784
14,41500,1115.254803931784
14,41550,1115.254803931784
14,41600,1115.254803931784
14,41650,1115.254803931784
14,41700,1107.3664072893152
14,41750,1107.3664072893152
14,41800,1107.3664072893152
14,41850,1107.3664072893152
14,41900,1107.3664072893152
14,41950,1107.3664072893152
14,42000,1107.3664072893152
14,42050,1107.3664072893152
14,42100,1107.3664072893152
14,42150,1107.3664072893152
14,42200,1107.3664072893152
14,42250,1107.3664072893152
14,42300,1107.3664072893152
14,42350,1107.3664072893152
14,42400,1107.3664072893152
14,42450,1107.3664072893152
14,42500,1107.3664072893152
14,42550,1107.3664072893152
14,42600,1107.3664072893152
14,42650,1107.3664072893152
14,42700,1107.3664072893152
14,42750,1107.3664072893152
14,42800,1107.3664072893152
14,42850,1107.3664072893152
14,42900,1107.3664072893152
14,42950,1107.3664072893152
14,43000,1107.3664072893152
14,43050,1107.3664072893152
14,43100,1107.3664072893152
14,43150,1107.3664072893152
14,43200,1107.3664072893152
14,43250,1107.3664072893152
14,43300,1107.3664072893152
14,43350,1107.3664072893152
14,43400,1107.3664072893152
14,43450,1107.3664072893152
14,43500,1107.3664072893152
14,43550,1107.3664072893152
14,43600,1107.3664072893152
14,43650,1107.3664072893152
14,43700,1107.3664072893152
14,43750,1107.3664072893152
14,43800,1107.3664072893152
14,43850,1107.3664072893152
14,43900,1107.3664072893152
14,43950,1107.3664072893152
14,44000,1107.3664072893152
14,44050,1107.3664072893152
14,44100,1107.3664072893152
14,44150,1107.3664072893152
14,44200,1107.3664072893152
14,44250,1107.3664072893152
14,44300,1107.3664072893152
14,44350,1107.3664072893152
14,44400,1107.3664072893152
14,44450,1107.3664072893152
14,44500,1107.3664072893152
14,44550,1107.3664072893152
14,44600,1107.3664072893152
14,44650,1107.3664072893152
14,44700,1107.3664072893152
14,44750,1107.3664072893152
14,44800,1107.3664072893152
14,44850,1107.3664072893152
14,44900,1107.3664072893152
14,44950,1107.3664072893152
14,45000,1107.3664072893152
14,45050,1107.3664072893152
14,45100,1107.3664072893152
14,45150,1107.3664072893152
14,45200,1107.3664072893152
14,45250,1107.3664072893152
14,45300,1107.3664072893152
14,45350,1107.3664072893152
14,45400,1107.3664072893152
14,45450,1107.3664072893152
14,45500,1107.3664072893152
14,45550,1107.3664072893152
14,45600,1107.3664072893152
14,45650,1107.3664072893152
14,45700,1107.3664072893152
14,45750,1107.3664072893152
14,45800,1107.3664072893152
14,45850,1107.3664072893152
14,45900,1107.3664072893152
14,45950,1107.3664072893152
14,46000,1107.3664072893152
14,46050,1107.3664072893152
14,46100,1107.3664072893152
14,46150,1107.3664072893152
14,46200,1107.3664072893152
14,46250,1107.3664072893152
14,46300,1107.3664072893152
14,46350,1107.3664072893152
14,46400,1107.3664072893152
14,46450,1107.3664072893152
14,46500,1107.3664072893152
14,46550,1107.3664072893152
14,46600,1107.3664072893152
14,46650,1107.3664072893152
14,46700,1107.3664072893152
14,46750,1107.3664072893152
14,46800,1107.3664072893152
14,46850,1107.3664072893152
14,46900,1107.3664072893152
14,46950,1107.3664072893152
14,47000,1107.3664072893152
14,47050,1107.3664072893152
14,47100,1107.3664072893152
14,47150,1107.3664072893152
14,47200,1107.3664072893152
14,47250,1107.3664072893152
14,47300,1107.3664072893152
14,47350,1107.3664072893152
14,47400,1107.3664072893152
14,47450,1107.3664072893152
14,47500,1107.3664072893152
14,47550,1101.75467785289
14,47600,1101.75467785289
14,47650,1101.75467785289
14,47700,1101.75467785289
14,47750,1101.75467785289
14,47800,1101.75467785289
14,47850,1101.75467785289
14,47900,1101.75467785289
14,47950,1101.75467785289
14,48000,1101.75467785289
14,48050,1101.75467785289
14,48100,1101.75467785289
14,48150,1101.75467785289
14,48200,1101.75467785289
14,48250,1101.75467785289
14,48300,1101.75467785289
14,48350,1101.75467785289
14,48400,1101.75467785289
14,48450,1101.75467785289
14,48500,1101.75467785289
14,48550,1101.75467785289
14,48600,1101.75467785289
14,48650,1101.75467785289
14,48700,1101.75467785289
14,48750,1101.75467785289
14,48800,1101.75467785289
14,48850,1101.75467785289
14,48900,1101.75467785289
14,48950,1101.75467785289
14,49000,1101.75467785289
14,49050,1101.75467785289
14,49100,1101.75467785289
14,49150,1101.75467785289
14,49200,1101.75467785289
14,49250,1101.75467785289
14,49300,1101.75467785289
14,49350,1101.75467785289
14,49400,1101.75467785289
14,49450,1101.75467785289
14,49500,1101.75467785289
14,49550,1101.75467785289
14,49600,1101.75467785289
14,49650,1101.75467785289
14,49700,1101.75467785289
14,49750,1101.75467785289
14,49800,1101.75467785289
14,49850,1101.75467785289
14,49900,1101.75467785289
14,49950,1101.75467785289
14,50000,1101.75467785289
15,50,1404.6032439385833
15,100,1404.6032439385833
15,150,1343.8943602762347
15,200,1343.8943602762347
15,250,1343.8943602762347
15,300,1343.8943602762347
15,350,1343.8943602762347
15,400,1330.725796449586
15,450,1330.725796449586
15,500,1330.725796449586
15,550,1310.3377401709304
15,600,1310.3377401709304
15,650,1310.3377401709304
15,700,1269.4217307195313
15,750,1269.4217307195313
15,800,1268.6590338571445
15,850,1268.6590338571445
15,900,1268.6590338571445
15,950,1213.2050672939947
15,1000,1213.2050672939947
15,1050,1203.8745590661424
15,1100,1203.8745590661424
15,1150,1203.8745590661424
15,1200,1203.8745590661424
15,1250,1203.8745590661424
15,1300,1182.3872185169726
15,1350,1182.3872185169726
15,1400,1182.0794988889418
15,1450,1145.6782231797306
15,1500,1145.6782231797306
15,1550,1145.6782231797306
15,1600,1145.6782231797306
15,1650,1131.4853546491283
15,1700,1131.4853546491283
15,1750,1131.4853546491283
15,1800,1131.4853546491283
15,1850,1131.4853546491283
15,1900,1131.4853546491283
15,1950,1131.4853546491283
15,2000,1131.4853546491283
15,2050,1131.4853546491283
15,2100,1131.4853546491283
15,2150,1131.4853546491283
15,2200,1131.4853546491283
15,2250,1131.4853546491283
15,2300,1131.4853546491283
15,2350,1131.4853546491283
15,2400,1131.4853546491283
15,2450,1131.4853546491283
15,2500,1131.4853546491283
15,2550,1131.4853546491283
15,2600,1131.4853546491283
15,2650,1131.4853546491283
15,2700,1131.4853546491283
15,2750,1131.4853546491283
15,2800,1131.4853546491283
15,2850,1131.4853546491283
15,2900,1131.4853546491283
15,2950,1131.4853546491283
15,3000,1131.4853546491283
15,3050,1131.4853546491283
15,3100,1131.4853546491283
15,3150,1131.4853546491283
15,3200,1131.4853546491283
15,3250,1131.4853546491283
15,3300,1131.4853546491283
15,3350,1131.4853546491283
15,3400,1131.4853546491283
15,3450,1131.4853546491283
15,3500,1131.4853546491283
15,3550,1131.4853546491283
15,3600,1131.4853546491283
15,3650,1131.4853546491283
15,3700,1131.4853546491283
15,3750,1131.4853546491283
15,3800,1131.4853546491283
15,3850,1131.4853546491283
15,3900,1131.4853546491283
15,3950,1131.4853546491283
15,4000,1131.4853546491283
15,4050,1131.4853546491283
15,4100,1131.4853546491283
15,4150,1131.4853546491283
15,4200,1131.4853546491283
15,4250,1131.4853546491283
15,4300,1131.4853546491283
15,4350,1131.4853546491283
15,4400,1131.4853546491283
15,4450,1131.4853546491283
15,4500,1131.4853546491283
15,4550,1131.4853546491283
15,4600,1131.4853546491283
15,4650,1131.4853546491283
15,4700,1131.4853546491283
15,4750,1131.4853546491283
15,4800,1129.2156151703289
15,4850,1129.2156151703289
15,4900,1129.2156151703289
15,4950,1129.2156151703289
15,5000,1129.2156151703289
15,5050,1129.2156151703289
15,5100,1129.2156151703289
15,5150,1129.2156151703289
15,5200,1129.2156151703289
15,5250,1129.2156151703289
15,5300,1129.2156151703289
15,5350,1129.2156151703289
15,5400,1129.2156151703289
15,5450,1129.2156151703289
15,5500,1129.2156151703289
15,5550,1129.2156151703289
15,5600,1129.2156151703289
15,5650,1129.2156151703289
15,5700,1129.2156151703289
15,5750,1129.2156151703289
15,5800,1129.2156151703289
15,5850,1129.2156151703289
15,5900,1129.2156151703289
15,5950,1129.2156151703289
15,6000,1129.2156151703289
15,6050,1129.2156151703289
15,6100,1129.2156151703289
15,6150,1129.2156151703289
15,6200,1129.2156151703289
15,6250,1129.2156151703289
15,6300,1129.2156151703289
15,6350,1129.2156151703289
15,6400,1129.2156151703289
15,6450,1129.2156151703289
15,6500,1129.2156151703289
15,6550,1129.2156151703289
15,6600,1129.2156151703289
15,6650,1129.2156151703289
15,6700,1129.2156151703289
15,6750,1129.2156151703289
15,6800,1129.2156151703289
15,6850,1129.2156151703289
15,6900,1129.2156151703289
15,6950,1129.2156151703289
15,7000,1129.2156151703289
15,7050,1129.2156151703289
15,7100,1129.2156151703289
15,7150,1129.2156151703289
15,7200,1129.2156151703289
15,7250,1129.2156151703289
15,7300,1129.2156151703289
15,7350,1129.2156151703289
15,7400,1129.2156151703289
15,7450,1129.2156151703289
15,7500,1129.2156151703289
15,7550,1129.2156151703289
15,7600,1129.2156151703289
15,7650,1129.2156151703289
15,7700,1129.2156151703289
15,7750,1129.2156151703289
15,7800,1129.2156151703289
15,7850,1129.2156151703289
15,7900,1129.2156151703289
15,7950,1129.2156151703289
15,8000,1129.2156151703289
15,8050,1129.2156151703289
15,8100,1129.2156151703289
15,8150,1129.2156151703289
15,8200,1129.2156151703289
15,8250,1129.2156151703289
15,8300,1129.2156151703289
15,8350,1129.2156151703289
15,8400,1129.2156151703289
15,8450,1129.2156151703289
15,8500,1129.2156151703289
15,8550,1129.2156151703289
15,8600,1129.2156151703289
15,8650,1129.2156151703289
15,8700,1129.2156151703289
15,8750,1129.2156151703289
15,8800,1115.6530857124612
15,8850,1115.6530857124612
15,8900,1115.6530857124612
15,8950,1115.6530857124612
15,9000,1115.6530857124612
15,9050,1115.6530857124612
15,9100,1115.6530857124612
15,9150,1115.6530857124612
15,9200,1115.6530857124612
15,9250,1115.6530857124612
15,9300,1115.6530857124612
15,9350,1115.6530857124612
15,9400,1115.6530857124612
15,9450,1115.6530857124612
15,9500,1115.6530857124612
15,9550,1115.6530857124612
15,9600,1115.6530857124612
15,9650,1115.6530857124612
15,9700,1115.6530857124612
15,9750,1115.6530857124612
15,9800,1115.6530857124612
15,9850,1115.6530857124612
15,9900,1115.6530857124612
15,9950,1115.6530857124612
15,10000,1115.6530857124612
15,10050,1115.6530857124612
15,10100,1115.6530857124612
15,10150,1115.6530857124612
15,10200,1115.6530857124612
15,10250,1115.6530857124612
15,10300,1115.6530857124612
15,10350,1115.6530857124612
15,10400,1115.6530857124612
15,10450,1115.6530857124612
15,10500,1115.6530857124612
15,10550,1115.6530857124612
15,10600,1115.6530857124612
15,10650,1115.6530857124612
15,10700,1115.6530857124612
15,10750,1115.6530857124612
15,10800,1115.6530857124612
15,10850,1115.6530857124612
15,10900,1115.6530857124612
15,10950,1115.6530857124612
15,11000,1115.6530857124612
15,11050,1115.6530857124612
15,11100,1115.6530857124612
15,11150,1115.6530857124612
15,11200,1115.6530857124612
15,11250,1115.6530857124612
15,11300,1115.6530857124612
15,11350,1115.6530857124612
15,11400,1115.6530857124612
15,11450,1115.6530857124612
15,11500,1115.6530857124612
15,11550,1115.6530857124612
15,11600,1115.6530857124612
15,11650,1115.6530857124612
15,11700,1115.6530857124612
15,11750,1115.6530857124612
15,11800,1115.6530857124612
15,11850,1115.6530857124612
15,11900,1115.6530857124612
15,11950,1115.6530857124612
15,12000,1115.6530857124612
15,12050,1115.6530857124612
15,12100,1115.6530857124612
15,12150,1115.6530857124612
15,12200,1115.6530857124612
15,12250,1115.6530857124612
15,12300,1115.6530857124612
15,12350,1115.6530857124612
15,12400,1115.6530857124612
15,12450,1115.6530857124612
15,12500,1115.6530857124612
15,12550,1115.6530857124612
15,12600,1115.6530857124612
15,12650,1115.6530857124612
15,12700,1115.6530857124612
15,12750,1115.6530857124612
15,12800,1115.6530857124612
15,12850,1115.6530857124612
15,12900,1115.6530857124612
15,12950,1115.6530857124612
15,13000,1115.6530857124612
15,13050,1115.6530857124612
15,13100,1115.6530857124612
15,13150,1115.6530857124612
15,13200,1115.6530857124612
15,13250,1115.6530857124612
15,13300,1115.6530857124612
15,13350,1115.6530857124612
15,13400,1115.6530857124612
15,13450,1115.6530857124612
15,13500,1115.6530857124612
15,13550,1115.6530857124612
15,13600,1115.6530857124612
15,13650,1115.6530857124612
15,13700,1115.6530857124612
15,13750,1115.6530857124612
15,13800,1115.6530857124612
15,13850,1115.6530857124612
15,13900,1115.6530857124612
15,13950,1115.6530857124612
15,14000,1115.6530857124612
15,14050,1115.6530857124612
15,14100,1115.6530857124612
15,14150,1115.6530857124612
15,14200,1115.6530857124612
15,14250,1115.6530857124612
15,14300,1115.6530857124612
15,14350,1115.6530857124612
15,14400,1115.6530857124612
15,14450,1115.6530857124612
15,14500,1115.6530857124612
15,14550,1115.6530857124612
15,14600,1115.6530857124612
15,14650,1115.6530857124612
15,14700,1115.6530857124612
15,14750,1115.6530857124612
15,14800,1115.6530857124612
15,14850,1115.6530857124612
15,14900,1115.6530857124612
15,14950,1115.6530857124612
15,15000,1115.6530857124612
15,15050,1115.6530857124612
15,15100,1115.6530857124612
15,15150,1115.6530857124612
15,15200,1115.6530857124612
15,15250,1115.6530857124612
15,15300,1115.6530857124612
15,15350,1115.6530857124612
15,15400,1115.6530857124612
15,15450,1115.6530857124612
15,15500,1115.6530857124612
15,15550,1115.6530857124612
15,15600,1115.6530857124612
15,15650,1115.6530857124612
15,15700,1115.6530857124612
15,15750,1115.6530857124612
15,15800,1115.6530857124612
15,15850,1115.6530857124612
15,15900,1115.6530857124612
15,15950,1115.6530857124612
15,16000,1115.6530857124612
15,16050,1115.6530857124612
15,16100,1115.6530857124612
15,16150,1115.6530857124612
15,16200,1115.6530857124612
15,16250,1115.6530857124612
15,16300,1115.6530857124612
15,16350,1115.6530857124612
15,16400,1115.6530857124612
15,16450,1115.6530857124612
15,16500,1115.6530857124612
15,16550,1115.6530857124612
15,16600,1115.6530857124612
15,16650,1115.6530857124612
15,16700,1115.6530857124612
15,16750,1115.6530857124612
15,16800,1115.6530857124612
15,16850,1115.6530857124612
15,16900,1115.6530857124612
15,16950,1115.6530857124612
15,17000,1115.6530857124612
15,17050,1115.6530857124612
15,17100,1115.6530857124612
15,17150,1115.6530857124612
15,17200,1115.6530857124612
15,17250,1115.6530857124612
15,17300,1115.6530857124612
15,17350,1115.6530857124612
15,17400,1115.6530857124612
15,17450,1115.6530857124612
15,17500,1115.6530857124612
15,17550,1115.6530857124612
15,17600,1115.6530857124612
15,17650,1115.6530857124612
15,17700,1115.6530857124612
15,17750,1115.6530857124612
15,17800,1115.6530857124612
15,17850,1115.6530857124612
15,17900,1115.6530857124612
15,17950,1115.6530857124612
15,18000,1115.6530857124612
15,18050,1115.6530857124612
15,18100,1115.6530857124612
15,18150,1115.6530857124612
15,18200,1115.6530857124612
15,18250,1115.6530857124612
15,18300,1115.6530857124612
15,18350,1115.6530857124612
15,18400,1115.6530857124612
15,18450,1115.6530857124612
15,18500,1115.6530857124612
15,18550,1115.6530857124612
15,18600,1115.6530857124612
15,18650,1115.6530857124612
15,18700,1115.6530857124612
15,18750,1115.6530857124612
15,18800,1115.6530857124612
15,18850,1115.6530857124612
15,18900,1115.6530857124612
15,18950,1115.6530857124612
15,19000,1115.6530857124612
15,19050,1115.6530857124612
15,19100,1115.6530857124612
15,19150,1115.6530857124612
15,19200,1115.6530857124612
15,19250,1115.6530857124612
15,19300,1115.6530857124612
15,19350,1115.6530857124612
15,19400,1115.6530857124612
15,19450,1115.6530857124612
15,19500,1115.6530857124612
15,19550,1115.6530857124612
15,19600,1115.6530857124612
15,19650,1115.6530857124612
15,19700,1115.6530857124612
15,19750,1115.6530857124612
15,19800,1115.6530857124612
15,19850,1115.6530857124612
15,19900,1115.6530857124612
15,19950,1115.6530857124612
15,20000,1115.6530857124612
15,20050,1115.6530857124612
15,20100,1115.6530857124612
15,20150,1115.6530857124612
15,20200,1115.6530857124612
15,20250,1115.6530857124612
15,20300,1115.6530857124612
15,20350,1115.6530857124612
15,20400,1115.6530857124612
15,20450,1115.6530857124612
15,20500,1115.6530857124612
15,20550,1115.6530857124612
15,20600,1115.6530857124612
15,20650,1115.6530857124612
15,20700,1115.6530857124612
15,20750,1115.6530857124612
15,20800,1115.6530857124612
15,20850,1115.6530857124612
15,20900,1115.6530857124612
15,20950,1115.6530857124612
15,21000,1115.6530857124612
15,21050,1115.6530857124612
15,21100,1115.6530857124612
15,21150,1115.6530857124612
15,21200,1115.6530857124612
15,21250,1115.6530857124612
15,21300,1115.6530857124612
15,21350,1115.6530857124612
15,21400,1115.6530857124612
15,21450,1115.6530857124612
15,21500,1115.6530857124612
15,21550,1115.6530857124612
15,21600,1115.6530857124612
15,21650,1115.6530857124612
15,21700,1115.6530857124612
15,21750,1115.6530857124612
15,21800,1115.6530857124612
15,21850,1115.6530857124612
15,21900,1115.6530857124612
15,21950,1115.6530857124612
15,22000,1115.6530857124612
15,22050,1115.6530857124612
15,22100,1115.6530857124612
15,22150,1115.6530857124612
15,22200,1115.6530857124612
15,22250,1115.6530857124612
15,22300,1115.6530857124612
15,22350,1115.6530857124612
15,22400,1115.6530857124612
15,22450,1115.6530857124612
15,22500,1115.6530857124612
15,22550,1115.6530857124612
15,22600,1115.6530857124612
15,22650,1115.6530857124612
15,22700,1115.6530857124612
15,22750,1115.6530857124612
15,22800,1115.6530857124612
15,22850,1115.6530857124612
15,22900,1115.6530857124612
15,22950,1115.6530857124612
15,23000,1115.6530857124612
15,23050,1115.6530857124612
15,23100,1115.6530857124612
15,23150,1115.6530857124612
15,23200,1115.6530857124612
15,23250,1115.6530857124612
15,23300,1115.6530857124612
15,23350,1115.6530857124612
15,23400,1115.6530857124612
15,23450,1115.6530857124612
15,23500,1115.6530857124612
15,23550,1115.6530857124612
15,23600,1115.6530857124612
15,23650,1115.6530857124612
15,23700,1115.6530857124612
15,23750,1115.6530857124612
15,23800,1115.6530857124612
15,23850,1115.6530857124612
15,23900,1115.6530857124612
15,23950,1115.6530857124612
15,24000,1115.6530857124612
15,24050,1115.6530857124612
15,24100,1115.6530857124612
15,24150,1115.6530857124612
15,24200,1115.6530857124612
15,24250,1115.6530857124612
15,24300,1115.6530857124612
15,24350,1115.6530857124612
15,24400,1115.6530857124612
15,24450,1115.6530857124612
15,24500,1115.6530857124612
15,24550,1115.6530857124612
15,24600,1115.6530857124612
15,24650,1115.6530857124612
15,24700,1115.6530857124612
15,24750,1115.6530857124612
15,24800,1115.6530857124612
15,24850,1115.6530857124612
15,24900,1115.6530857124612
15,24950,1115.6530857124612
15,25000,1115.6530857124612
15,25050,1115.6530857124612
15,25100,1115.6530857124612
15,25150,1115.6530857124612
15,25200,1115.6530857124612
15,25250,1115.6530857124612
15,25300,1115.6530857124612
15,25350,1115.6530857124612
15,25400,1115.6530857124612
15,25450,1115.6530857124612
15,25500,1115.6530857124612
15,25550,1115.6530857124612
15,25600,1115.6530857124612
15,25650,1115.6530857124612
15,25700,1115.6530857124612
15,25750,1115.6530857124612
15,25800,1115.6530857124612
15,25850,1115.6530857124612
15,25900,1115.6530857124612
15,25950,1115.6530857124612
15,26000,1115.6530857124612
15,26050,1115.6530857124612
15,26100,1115.6530857124612
15,26150,1115.6530857124612
15,26200,1115.6530857124612
15,26250,1115.6530857124612
15,26300,1115.6530857124612
15,26350,1115.6530857124612
15,26400,1115.6530857124612
15,26450,1115.6530857124612
15,26500,1115.6530857124612
15,26550,1115.6530857124612
15,26600,1115.6530857124612
15,26650,1115.6530857124612
15,26700,1115.6530857124612
15,26750,1115.6530857124612
15,26800,1115.6530857124612
15,26850,1115.6530857124612
15,26900,1115.6530857124612
15,26950,1115.6530857124612
15,27000,1115.6530857124612
15,27050,1115.6530857124612
15,27100,1115.6530857124612
15,27150,1115.6530857124612
15,27200,1115.6530857124612
15,27250,1115.6530857124612
15,27300,1115.6530857124612
15,27350,1115.6530857124612
15,27400,1115.6530857124612
15,27450,1115.6530857124612
15,27500,1115.6530857124612
15,27550,1115.6530857124612
15,27600,1115.6530857124612
15,27650,1115.6530857124612
15,27700,1115.6530857124612
15,27750,1115.6530857124612
15,27800,1115.6530857124612
15,27850,1115.6530857124612
15,27900,1115.6530857124612
15,27950,1115.6530857124612
15,28000,1115.6530857124612
15,28050,1115.6530857124612
15,28100,1115.6530857124612
15,28150,1115.6530857124612
15,28200,1115.6530857124612
15,28250,1115.6530857124612
15,28300,1115.6530857124612
15,28350,1115.6530857124612
15,28400,1115.6530857124612
15,28450,1115.6530857124612
15,28500,1115.6530857124612
15,28550,1115.6530857124612
15,28600,1115.6530857124612
15,28650,1115.6530857124612
15,28700,1115.6530857124612
15,28750,1115.6530857124612
15,28800,1115.6530857124612
15,28850,1115.6530857124612
15,28900,1115.6530857124612
15,28950,1115.6530857124612
15,29000,1115.6530857124612
15,29050,1115.6530857124612
15,29100,1115.6530857124612
15,29150,1115.6530857124612
15,29200,1115.6530857124612
15,29250,1115.6530857124612
15,29300,1115.6530857124612
15,29350,1115.6530857124612
15,29400,1115.6530857124612
15,29450,1115.6530857124612
15,29500,1115.6530857124612
15,29550,1115.6530857124612
15,29600,1115.6530857124612
15,29650,1115.6530857124612
15,29700,1115.6530857124612
15,29750,1115.6530857124612
15,29800,1115.6530857124612
15,29850,1115.6530857124612
15,29900,1115.6530857124612
15,29950,1115.6530857124612
15,30000,1115.6530857124612
15,30050,1115.6530857124612
15,30100,1115.6530857124612
15,30150,1115.6530857124612
15,30200,1115.6530857124612
15,30250,1115.6530857124612
15,30300,1115.6530857124612
15,30350,1115.6530857124612
15,30400,1115.6530857124612
15,30450,1115.6530857124612
15,30500,1115.6530857124612
15,30550,1115.6530857124612
15,30600,1115.6530857124612
15,30650,1115.6530857124612
15,30700,1115.6530857124612
15,30750,1115.6530857124612
15,30800,1115.6530857124612
15,30850,1115.6530857124612
15,30900,1115.6530857124612
15,30950,1115.6530857124612
15,31000,1115.6530857124612
15,31050,1115.6530857124612
15,31100,1115.6530857124612
15,31150,1115.6530857124612
15,31200,1115.6530857124612
15,31250,1115.6530857124612
15,31300,1115.6530857124612
15,31350,1115.6530857124612
15,31400,1115.6530857124612
15,31450,1115.6530857124612
15,31500,1115.6530857124612
15,31550,1115.6530857124612
15,31600,1115.6530857124612
15,31650,1115.6530857124612
15,31700,1115.6530857124612
15,31750,1115.6530857124612
15,31800,1115.6530857124612
15,31850,1115.6530857124612
15,31900,1115.6530857124612
15,31950,1115.6530857124612
15,32000,1115.6530857124612
15,32050,1115.6530857124612
15,32100,1115.6530857124612
15,32150,1115.6530857124612
15,32200,1115.6530857124612
15,32250,1115.6530857124612
15,32300,1115.6530857124612
15,32350,1115.6530857124612
15,32400,1115.6530857124612
15,32450,1115.6530857124612
15,32500,1115.6530857124612
15,32550,1115.6530857124612
15,32600,1115.6530857124612
15,32650,1115.6530857124612
15,32700,1115.6530857124612
15,32750,1115.6530857124612
15,32800,1115.6530857124612
15,32850,1115.6530857124612
15,32900,1115.6530857124612
15,32950,1115.6530857124612
15,33000,1115.6530857124612
15,33050,1115.6530857124612
15,33100,1115.6530857124612
15,33150,1115.6530857124612
15,33200,1115.6530857124612
15,33250,1115.6530857124612
15,33300,1115.6530857124612
15,33350,1065.8781648604297
15,33400,1065.8781648604297
15,33450,1065.8781648604297
15,33500,1065.8781648604297
15,33550,1065.8781648604297
15,33600,1065.8781648604297
15,33650,1065.8781648604297
15,33700,1065.8781648604297
15,33750,1065.8781648604297
15,33800,1065.8781648604297
15,33850,1065.8781648604297
15,33900,1065.8781648604297
15,33950,1065.8781648604297
15,34000,1065.8781648604297
15,34050,1065.8781648604297
15,34100,1065.8781648604297
15,34150,1065.8781648604297
15,34200,1065.8781648604297
15,34250,1065.8781648604297
15,34300,1065.8781648604297
15,34350,1065.8781648604297
15,34400,1065.8781648604297
15,34450,1065.8781648604297
15,34500,1065.8781648604297
15,34550,1065.8781648604297
15,34600,1065.8781648604297
15,34650,1065.8781648604297
15,34700,1065.8781648604297
15,34750,1065.8781648604297
15,34800,1065.8781648604297
15,34850,1065.8781648604297
15,34900,1065.8781648604297
15,34950,1065.8781648604297
15,35000,1065.8781648604297
15,35050,1065.8781648604297
15,35100,1065.8781648604297
15,35150,1065.8781648604297
15,35200,1065.8781648604297
15,35250,1065.8781648604297
15,35300,1065.8781648604297
15,35350,1065.8781648604297
15,35400,1065.8781648604297
15,35450,1065.8781648604297
15,35500,1065.8781648604297
15,35550,1065.8781648604297
15,35600,1065.8781648604297
15,35650,1065.8781648604297
15,35700,1065.8781648604297
15,35750,1065.8781648604297
15,35800,1065.8781648604297
15,35850,1065.8781648604297
15,35900,1065.8781648604297
15,35950,1065.8781648604297
15,36000,1065.8781648604297
15,36050,1065.8781648604297
15,36100,1065.8781648604297
15,36150,1065.8781648604297
15,36200,1065.8781648604297
15,36250,1065.8781648604297
15,36300,1065.8781648604297
15,36350,1065.8781648604297
15,36400,1065.8781648604297
15,36450,1065.8781648604297
15,36500,1065.8781648604297
15,36550,1065.8781648604297
15,36600,1065.8781648604297
15,36650,1065.8781648604297
15,36700,1065.8781648604297
15,36750,1065.8781648604297
15,36800,1065.8781648604297
15,36850,1065.8781648604297
15,36900,1065.8781648604297
15,36950,1065.8781648604297
15,37000,1065.8781648604297
15,37050,1065.8781648604297
15,37100,1065.8781648604297
15,37150,1065.8781648604297
15,37200,1065.8781648604297
15,37250,1065.8781648604297
15,37300,1065.8781648604297
15,37350,1065.8781648604297
15,37400,1065.8781648604297
15,37450,1065.8781648604297
15,37500,1065.8781648604297
15,37550,1065.8781648604297
15,37600,1065.8781648604297
15,37650,1065.8781648604297
15,37700,1065.8781648604297
15,37750,1065.8781648604297
15,37800,1065.8781648604297
15,37850,1065.8781648604297
15,37900,1065.8781648604297
15,37950,1065.8781648604297
15,38000,1065.8781648604297
15,38050,1065.8781648604297
15,38100,1065.8781648604297
15,38150,1065.8781648604297
15,38200,1065.8781648604297
15,38250,1065.8781648604297
15,38300,1065.8781648604297
15,38350,1065.8781648604297
15,38400,1065.8781648604297
15,38450,1065.8781648604297
15,38500,1065.8781648604297
15,38550,1065.8781648604297
15,38600,1065.8781648604297
15,38650,1065.8781648604297
15,38700,1065.8781648604297
15,38750,1065.8781648604297
15,38800,1065.8781648604297
15,38850,1065.8781648604297
15,38900,1065.8781648604297
15,38950,1065.8781648604297
15,39000,1065.8781648604297
15,39050,1065.8781648604297
15,39100,1065.8781648604297
15,39150,1065.8781648604297
15,39200,1065.8781648604297
15,39250,1065.8781648604297
15,39300,1065.8781648604297
15,39350,1065.8781648604297
15,39400,1065.8781648604297
15,39450,1065.8781648604297
15,39500,1065.8781648604297
15,39550,1065.8781648604297
15,39600,1065.8781648604297
15,39650,1065.8781648604297
15,39700,1065.8781648604297
15,39750,1065.8781648604297
15,39800,1065.8781648604297
15,39850,1065.8781648604297
15,39900,1065.8781648604297
15,39950,1065.8781648604297
15,40000,1065.8781648604297
15,40050,1065.8781648604297
15,40100,1065.8781648604297
15,40150,1065.8781648604297
15,40200,1065.8781648604297
15,40250,1065.8781648604297
15,40300,1065.8781648604297
15,40350,1065.8781648604297
15,40400,1065.8781648604297
15,40450,1065.8781648604297
15,40500,1065.8781648604297
15,40550,1065.8781648604297
15,40600,1065.8781648604297
15,40650,1065.8781648604297
15,40700,1065.8781648604297
15,40750,1065.8781648604297
15,40800,1065.8781648604297
15,40850,1065.8781648604297
15,40900,1065.8781648604297
15,40950,1065.8781648604297
15,41000,1065.8781648604297
15,41050,1065.8781648604297
15,41100,1065.8781648604297
15,41150,1065.8781648604297
15,41200,1065.8781648604297
15,41250,1065.8781648604297
15,41300,1065.8781648604297
15,41350,1065.8781648604297
15,41400,1065.8781648604297
15,41450,1065.8781648604297
15,41500,1065.8781648604297
15,41550,1065.8781648604297
15,41600,1065.8781648604297
15,41650,1065.8781648604297
15,41700,1065.8781648604297
15,41750,1065.8781648604297
15,41800,1065.8781648604297
15,41850,1065.8781648604297
15,41900,1065.8781648604297
15,41950,1065.8781648604297
15,42000,1065.8781648604297
15,42050,1065.8781648604297
15,42100,1065.8781648604297
15,42150,1065.8781648604297
15,42200,1065.8781648604297
15,42250,1065.8781648604297
15,42300,1065.8781648604297
15,42350,1065.8781648604297
15,42400,1065.8781648604297
15,42450,1065.8781648604297
15,42500,1065.8781648604297
15,42550,1065.8781648604297
15,42600,1065.8781648604297
15,42650,1065.8781648604297
15,42700,1065.8781648604297
15,42750,1065.8781648604297
15,42800,1065.8781648604297
15,42850,1065.8781648604297
15,42900,1065.8781648604297
15,42950,1065.8781648604297
15,43000,1065.8781648604297
15,43050,1065.8781648604297
15,43100,1065.8781648604297
15,43150,1065.8781648604297
15,43200,1065.8781648604297
15,43250,1065.8781648604297
15,43300,1065.8781648604297
15,43350,1065.8781648604297
15,43400,1065.8781648604297
15,43450,1065.8781648604297
15,43500,1065.8781648604297
15,43550,1065.8781648604297
15,43600,1065.8781648604297
15,43650,1065.8781648604297
15,43700,1065.8781648604297
15,43750,1065.8781648604297
15,43800,1065.8781648604297
15,43850,1065.8781648604297
15,43900,1065.8781648604297
15,43950,1065.8781648604297
15,44000,1065.8781648604297
15,44050,1065.8781648604297
15,44100,1065.8781648604297
15,44150,1065.8781648604297
15,44200,1065.8781648604297
15,44250,1065.8781648604297
15,44300,1065.8781648604297
15,44350,1065.8781648604297
15,44400,1065.8781648604297
15,44450,1065.8781648604297
15,44500,1065.8781648604297
15,44550,1065.8781648604297
15,44600,1065.8781648604297
15,44650,1065.8781648604297
15,44700,1065.8781648604297
15,44750,1065.8781648604297
15,44800,1065.8781648604297
15,44850,1065.8781648604297
15,44900,1065.8781648604297
15,44950,1065.8781648604297
15,45000,1065.8781648604297
15,45050,1065.8781648604297
15,45100,1065.8781648604297
15,45150,1065.8781648604297
15,45200,1065.8781648604297
15,45250,1065.8781648604297
15,45300,1065.8781648604297
15,45350,1065.8781648604297
15,45400,1065.8781648604297
15,45450,1065.8781648604297
15,45500,1065.8781648604297
15,45550,1065.8781648604297
15,45600,1065.8781648604297
15,45650,1065.8781648604297
15,45700,1065.8781648604297
15,45750,1065.8781648604297
15,45800,1065.8781648604297
15,45850,1065.8781648604297
15,45900,1065.8781648604297
15,45950,1065.8781648604297
15,46000,1065.8781648604297
15,46050,1065.8781648604297
15,46100,1065.8781648604297
15,46150,1065.8781648604297
15,46200,1065.8781648604297
15,46250,1065.8781648604297
15,46300,1065.8781648604297
15,46350,1065.8781648604297
15,46400,1065.8781648604297
15,46450,1065.8781648604297
15,46500,1065.8781648604297
15,46550,1065.8781648604297
15,46600,1065.8781648604297
15,46650,1065.8781648604297
15,46700,1065.8781648604297
15,46750,1065.8781648604297
15,46800,1065.8781648604297
15,46850,1065.8781648604297
15,46900,1065.8781648604297
15,46950,1065.8781648604297
15,47000,1065.8781648604297
15,47050,1065.8781648604297
15,47100,1065.8781648604297
15,47150,1065.8781648604297
15,47200,1065.8781648604297
15,47250,1065.8781648604297
15,47300,1065.8781648604297
15,47350,1065.8781648604297
15,47400,1065.8781648604297
15,47450,1065.8781648604297
15,47500,1065.8781648604297
15,47550,1065.8781648604297
15,47600,1065.8781648604297
15,47650,1065.8781648604297
15,47700,1065.8781648604297
15,47750,1065.8781648604297
15,47800,1065.8781648604297
15,47850,1065.8781648604297
15,47900,1065.8781648604297
15,47950,1065.8781648604297
15,48000,1065.8781648604297
15,48050,1065.8781648604297
15,48100,1065.8781648604297
15,48150,1065.8781648604297
15,48200,1065.8781648604297
15,48250,1065.8781648604297
15,48300,1065.8781648604297
15,48350,1065.8781648604297
15,48400,1065.8781648604297
15,48450,1065.8781648604297
15,48500,1065.8781648604297
15,48550,1065.8781648604297
15,48600,1065.8781648604297
15,48650,1065.8781648604297
15,48700,1065.8781648604297
15,48750,1065.8781648604297
15,48800,1065.8781648604297
15,48850,1065.8781648604297
15,48900,1065.8781648604297
15,48950,1065.8781648604297
15,49000,1065.8781648604297
15,49050,1065.8781648604297
15,49100,1065.8781648604297
15,49150,1065.8781648604297
15,49200,1065.8781648604297
15,49250,1065.8781648604297
15,49300,1065.8781648604297
15,49350,1065.8781648604297
15,49400,1065.8781648604297
15,49450,1065.8781648604297
15,49500,1065.8781648604297
15,49550,1065.8781648604297
15,49600,1065.8781648604297
15,49650,1065.8781648604297
15,49700,1065.8781648604297
15,49750,1065.8781648604297
15,49800,1065.8781648604297
15,49850,1065.8781648604297
15,49900,1065.8781648604297
15,49950,1065.8781648604297
15,50000,1065.8781648604297
16,50,1419.952079862319
16,100,1336.5868304213343
16,150,1336.5868304213343
16,200,1336.5868304213343
16,250,1336.5868304213343
16,300,1336.5868304213343
16,350,1336.5868304213343
16,400,1336.5868304213343
16,450,1336.5868304213343
16,500,1336.5868304213343
16,550,1255.6996674297009
16,600,1255.6996674297009
16,650,1255.6996674297009
16,700,1255.6996674297009
16,750,1255.6996674297009
16,800,1251.7851621560956
16,850,1214.5070607022235
16,900,1214.5070607022235
16,950,1214.5070607022235
16,1000,1214.5070607022235
16,1050,1203.6032002079014
16,1100,1203.6032002079014
16,1150,1203.6032002079014
16,1200,1189.752629509136
16,1250,1189.752629509136
16,1300,1189.752629509136
16,1350,1189.752629509136
16,1400,1189.752629509136
16,1450,1189.752629509136
16,1500,1171.7709810709316
16,1550,1171.7709810709316
16,1600,1171.7709810709316
16,1650,1171.7709810709316
16,1700,1171.7709810709316
16,1750,1171.7709810709316
16,1800,1108.3712098736055
16,1850,1108.3712098736055
16,1900,1108.3712098736055
16,1950,1108.3712098736055
16,2000,1108.3712098736055
16,2050,1108.3712098736055
16,2100,1108.3712098736055
16,2150,1108.3712098736055
16,2200,1108.3712098736055
16,2250,1108.3712098736055
16,2300,1108.3712098736055
16,2350,1108.3712098736055
16,2400,1108.3712098736055
16,2450,1108.3712098736055
16,2500,1108.3712098736055
16,2550,1108.3712098736055
16,2600,1108.3712098736055
16,2650,1108.3712098736055
16,2700,1108.3712098736055
16,2750,1108.3712098736055
16,2800,1108.3712098736055
16,2850,1108.3712098736055
16,2900,1108.3712098736055
16,2950,1108.3712098736055
16,3000,1108.3712098736055
16,3050,1108.3712098736055
16,3100,1108.3712098736055
16,3150,1108.3712098736055
16,3200,1108.3712098736055
16,3250,1108.3712098736055
16,3300,1108.3712098736055
16,3350,1108.3712098736055
16,3400,1108.3712098736055
16,3450,1108.3712098736055
16,3500,1108.3712098736055
16,3550,1108.3712098736055
16,3600,1108.3712098736055
16,3650,1108.3712098736055
16,3700,1108.3712098736055
16,3750,1108.3712098736055
16,3800,1108.3712098736055
16,3850,1108.3712098736055
16,3900,1108.3712098736055
16,3950,1108.3712098736055
16,4000,1108.3712098736055
16,4050,1108.3712098736055
16,4100,1108.3712098736055
16,4150,1108.3712098736055
16,4200,1108.3712098736055
16,4250,1108.3712098736055
16,4300,1108.3712098736055
16,4350,1108.3712098736055
16,4400,1108.3712098736055
16,4450,1108.3712098736055
16,4500,1108.3712098736055
16,4550,1108.3712098736055
16,4600,1108.3712098736055
16,4650,1108.3712098736055
16,4700,1108.3712098736055
16,4750,1108.3712098736055
16,4800,1108.3712098736055
16,4850,1108.3712098736055
16,4900,1108.3712098736055
16,4950,1108.3712098736055
16,5000,1108.3712098736055
16,5050,1108.3712098736055
16,5100,1108.3712098736055
16,5150,1108.3712098736055
16,5200,1108.3712098736055
16,5250,1108.3712098736055
16,5300,1108.3712098736055
16,5350,1108.3712098736055
16,5400,1108.3712098736055
16,5450,1108.3712098736055
16,5500,1108.3712098736055
16,5550,1108.3712098736055
16,5600,1108.3712098736055
16,5650,1108.3712098736055
16,5700,1108.3712098736055
16,5750,1108.3712098736055
16,5800,1108.3712098736055
16,5850,1108.3712098736055
16,5900,1108.3712098736055
16,5950,1108.3712098736055
16,6000,1108.3712098736055
16,6050,1108.3712098736055
16,6100,1108.3712098736055
16,6150,1108.3712098736055
16,6200,1108.3712098736055
16,6250,1108.3712098736055
16,6300,1108.3712098736055
16,6350,1108.3712098736055
16,6400,1108.3712098736055
16,6450,1108.3712098736055
16,6500,1108.3712098736055
16,6550,1108.3712098736055
16,6600,1108.3712098736055
16,6650,1108.3712098736055
16,6700,1108.3712098736055
16,6750,1108.3712098736055
16,6800,1108.3712098736055
16,6850,1108.3712098736055
16,6900,1108.3712098736055
16,6950,1108.3712098736055
16,7000,1108.3712098736055
16,7050,1108.3712098736055
16,7100,1108.3712098736055
16,7150,1108.3712098736055
16,7200,1108.3712098736055
16,7250,1108.3712098736055
16,7300,1108.3712098736055
16,7350,1108.3712098736055
16,7400,1108.3712098736055
16,7450,1108.3712098736055
16,7500,1108.3712098736055
16,7550,1108.3712098736055
16,7600,1108.3712098736055
16,7650,1108.3712098736055
16,7700,1108.3712098736055
16,7750,1108.3712098736055
16,7800,1108.3712098736055
16,7850,1108.3712098736055
16,7900,1108.3712098736055
16,7950,1108.3712098736055
16,8000,1108.3712098736055
16,8050,1108.3712098736055
16,8100,1108.3712098736055
16,8150,1108.3712098736055
16,8200,1108.3712098736055
16,8250,1108.3712098736055
16,8300,1108.3712098736055
16,8350,1108.3712098736055
16,8400,1108.3712098736055
16,8450,1108.3712098736055
16,8500,1108.3712098736055
16,8550,1108.3712098736055
16,8600,1108.3712098736055
16,8650,1108.3712098736055
16,8700,1108.3712098736055
16,8750,1108.3712098736055
16,8800,1108.3712098736055
16,8850,1108.3712098736055
16,8900,1108.3712098736055
16,8950,1108.3712098736055
16,9000,1108.3712098736055
16,9050,1108.3712098736055
16,9100,1108.3712098736055
16,9150,1108.3712098736055
16,9200,1108.3712098736055
16,9250,1108.3712098736055
16,9300,1108.3712098736055
16,9350,1108.3712098736055
16,9400,1108.3712098736055
16,9450,1108.3712098736055
16,9500,1108.3712098736055
16,9550,1108.3712098736055
16,9600,1108.3712098736055
16,9650,1108.3712098736055
16,9700,1108.3712098736055
16,9750,1108.3712098736055
16,9800,1108.3712098736055
16,9850,1108.3712098736055
16,9900,1108.3712098736055
16,9950,1108.3712098736055
16,10000,1108.3712098736055
16,10050,1108.3712098736055
16,10100,1108.3712098736055
16,10150,1108.3712098736055
16,10200,1108.3712098736055
16,10250,1108.3712098736055
16,10300,1108.3712098736055
16,10350,1108.3712098736055
16,10400,1108.3712098736055
16,10450,1108.3712098736055
16,10500,1108.3712098736055
16,10550,1108.3712098736055
16,10600,1108.3712098736055
16,10650,1108.3712098736055
16,10700,1108.3712098736055
16,10750,1108.3712098736055
16,10800,1108.3712098736055
16,10850,1108.3712098736055
16,10900,1108.3712098736055
16,10950,1108.3712098736055
16,11000,1108.3712098736055
16,11050,1108.3712098736055
16,11100,1108.3712098736055
16,11150,1108.3712098736055
16,11200,1108.3712098736055
16,11250,1108.3712098736055
16,11300,1108.3712098736055
16,11350,1108.3712098736055
16,11400,1108.3712098736055
16,11450,1108.3712098736055
16,11500,1108.3712098736055
16,11550,1108.3712098736055
16,11600,1108.3712098736055
16,11650,1108.3712098736055
16,11700,1108.3712098736055
16,11750,1108.3712098736055
16,11800,1108.3712098736055
16,11850,1108.3712098736055
16,11900,1108.3712098736055
16,11950,1108.3712098736055
16,12000,1108.3712098736055
16,12050,1108.3712098736055
16,12100,1108.3712098736055
16,12150,1108.3712098736055
16,12200,1108.3712098736055
16,12250,1108.3712098736055
16,12300,1108.3712098736055
16,12350,1108.3712098736055
16,12400,1108.3712098736055
16,12450,1108.3712098736055
16,12500,1108.3712098736055
16,12550,1108.3712098736055
16,12600,1108.3712098736055
16,12650,1108.3712098736055
16,12700,1108.3712098736055
16,12750,1108.3712098736055
16,12800,1108.3712098736055
16,12850,1108.3712098736055
16,12900,1108.3712098736055
16,12950,1108.3712098736055
16,13000,1108.3712098736055
16,13050,1108.3712098736055
16,13100,1108.3712098736055
16,13150,1108.3712098736055
16,13200,1108.3712098736055
16,13250,1108.3712098736055
16,13300,1108.3712098736055
16,13350,1108.3712098736055
16,13400,1108.3712098736055
16,13450,1108.3712098736055
16,13500,1108.3712098736055
16,13550,1108.3712098736055
16,13600,1108.3712098736055
16,13650,1108.3712098736055
16,13700,1108.3712098736055
16,13750,1108.3712098736055
16,13800,1108.3712098736055
16,13850,1108.3712098736055
16,13900,1108.3712098736055
16,13950,1108.3712098736055
16,14000,1108.3712098736055
16,14050,1108.3712098736055
16,14100,1108.3712098736055
16,14150,1108.3712098736055
16,14200,1108.3712098736055
16,14250,1108.3712098736055
16,14300,1108.3712098736055
16,14350,1108.3712098736055
16,14400,1108.3712098736055
16,14450,1108.3712098736055
16,14500,1108.3712098736055
16,14550,1108.3712098736055
16,14600,1108.3712098736055
16,14650,1108.3712098736055
16,14700,1108.3712098736055
16,14750,1108.3712098736055
16,14800,1108.3712098736055
16,14850,1108.3712098736055
16,14900,1108.3712098736055
16,14950,1108.3712098736055
16,15000,1108.3712098736055
16,15050,1108.3712098736055
16,15100,1108.3712098736055
16,15150,1108.3712098736055
16,15200,1108.3712098736055
16,15250,1108.3712098736055
16,15300,1108.3712098736055
16,15350,1108.3712098736055
16,15400,1108.3712098736055
16,15450,1108.3712098736055
16,15500,1108.3712098736055
16,15550,1108.3712098736055
16,15600,1108.3712098736055
16,15650,1108.3712098736055
16,15700,1108.3712098736055
16,15750,1108.3712098736055
16,15800,1108.3712098736055
16,15850,1108.3712098736055
16,15900,1108.3712098736055
16,15950,1108.3712098736055
16,16000,1108.3712098736055
16,16050,1108.3712098736055
16,16100,1108.3712098736055
16,16150,1108.3712098736055
16,16200,1108.3712098736055
16,16250,1108.3712098736055
16,16300,1108.3712098736055
16,16350,1108.3712098736055
16,16400,1108.3712098736055
16,16450,1108.3712098736055
16,16500,1108.3712098736055
16,16550,1108.3712098736055
16,16600,1108.3712098736055
16,16650,1108.3712098736055
16,16700,1108.3712098736055
16,16750,1108.3712098736055
16,16800,1108.3712098736055
16,16850,1108.3712098736055
16,16900,1108.3712098736055
16,16950,1108.3712098736055
16,17000,1108.3712098736055
16,17050,1108.3712098736055
16,17100,1108.3712098736055
16,17150,1108.3712098736055
16,17200,1108.3712098736055
16,17250,1108.3712098736055
16,17300,1108.3712098736055
16,17350,1108.3712098736055
16,17400,1108.3712098736055
16,17450,1108.3712098736055
16,17500,1108.3712098736055
16,17550,1108.3712098736055
16,17600,1108.3712098736055
16,17650,1108.3712098736055
16,17700,1108.3712098736055
16,17750,1108.3712098736055
16,17800,1108.3712098736055
16,17850,1108.3712098736055
16,17900,1108.3712098736055
16,17950,1108.3712098736055
16,18000,1108.3712098736055
16,18050,1108.3712098736055
16,18100,1108.3712098736055
16,18150,1108.3712098736055
16,18200,1108.3712098736055
16,18250,1108.3712098736055
16,18300,1108.3712098736055
16,18350,1108.3712098736055
16,18400,1108.3712098736055
16,18450,1108.3712098736055
16,18500,1108.3712098736055
16,18550,1108.3712098736055
16,18600,1108.3712098736055
16,18650,1108.3712098736055
16,18700,1108.3712098736055
16,18750,1108.3712098736055
16,18800,1108.3712098736055
16,18850,1108.3712098736055
16,18900,1108.3712098736055
16,18950,1108.3712098736055
16,19000,1108.3712098736055
16,19050,1108.3712098736055
16,19100,1108.3712098736055
16,19150,1108.3712098736055
16,19200,1108.3712098736055
16,19250,1108.3712098736055
16,19300,1108.3712098736055
16,19350,1108.3712098736055
16,19400,1108.3712098736055
16,19450,1108.3712098736055
16,19500,1108.3712098736055
16,19550,1108.3712098736055
16,19600,1108.3712098736055
16,19650,1108.3712098736055
16,19700,1108.3712098736055
16,19750,1108.3712098736055
16,19800,1108.3712098736055
16,19850,1108.3712098736055
16,19900,1108.3712098736055
16,19950,1108.3712098736055
16,20000,1108.3712098736055
16,20050,1108.3712098736055
16,20100,1108.3712098736055
16,20150,1108.3712098736055
16,20200,1108.3712098736055
16,20250,1108.3712098736055
16,20300,1108.3712098736055
16,20350,1108.3712098736055
16,20400,1108.3712098736055
16,20450,1108.3712098736055
16,20500,1108.3712098736055
16,20550,1108.3712098736055
16,20600,1108.3712098736055
16,20650,1108.3712098736055
16,20700,1108.3712098736055
16,20750,1108.3712098736055
16,20800,1108.3712098736055
16,20850,1108.3712098736055
16,20900,1108.3712098736055
16,20950,1108.3712098736055
16,21000,1108.3712098736055
16,21050,1108.3712098736055
16,21100,1108.3712098736055
16,21150,1108.3712098736055
16,21200,1108.3712098736055
16,21250,1108.3712098736055
16,21300,1108.3712098736055
16,21350,1108.3712098736055
16,21400,1108.3712098736055
16,21450,1108.3712098736055
16,21500,1108.3712098736055
16,21550,1108.3712098736055
16,21600,1108.3712098736055
16,21650,1108.3712098736055
16,21700,1108.3712098736055
16,21750,1108.3712098736055
16,21800,1108.3712098736055
16,21850,1108.3712098736055
16,21900,1108.3712098736055
16,21950,1108.3712098736055
16,22000,1108.3712098736055
16,22050,1108.3712098736055
16,22100,1108.3712098736055
16,22150,1108.3712098736055
16,22200,1108.3712098736055
16,22250,1108.3712098736055
16,22300,1108.3712098736055
16,22350,1108.3712098736055
16,22400,1108.3712098736055
16,22450,1108.3712098736055
16,22500,1108.3712098736055
16,22550,1108.3712098736055
16,22600,1108.3712098736055
16,22650,1108.3712098736055
16,22700,1108.3712098736055
16,22750,1108.3712098736055
16,22800,1108.3712098736055
16,22850,1108.3712098736055
16,22900,1108.3712098736055
16,22950,1108.3712098736055
16,23000,1108.3712098736055
16,23050,1108.3712098736055
16,23100,1108.3712098736055
16,23150,1108.3712098736055
16,23200,1108.3712098736055
16,23250,1108.3712098736055
16,23300,1108.3712098736055
16,23350,1108.3712098736055
16,23400,1108.3712098736055
16,23450,1108.3712098736055
16,23500,1108.3712098736055
16,23550,1108.3712098736055
16,23600,1108.3712098736055
16,23650,1108.3712098736055
16,23700,1108.3712098736055
16,23750,1108.3712098736055
16,23800,1108.3712098736055
16,23850,1108.3712098736055
16,23900,1108.3712098736055
16,23950,1108.3712098736055
16,24000,1108.3712098736055
16,24050,1108.3712098736055
16,24100,1108.3712098736055
16,24150,1108.3712098736055
16,24200,1108.3712098736055
16,24250,1108.3712098736055
16,24300,1108.3712098736055
16,24350,1108.3712098736055
16,24400,1108.3712098736055
16,24450,1108.3712098736055
16,24500,1108.3712098736055
16,24550,1108.3712098736055
16,24600,1108.3712098736055
16,24650,1108.3712098736055
16,24700,1108.3712098736055
16,24750,1108.3712098736055
16,24800,1108.3712098736055
16,24850,1108.3712098736055
16,24900,1108.3712098736055
16,24950,1108.3712098736055
16,25000,1108.3712098736055
16,25050,1108.3712098736055
16,25100,1108.3712098736055
16,25150,1108.3712098736055
16,25200,1108.3712098736055
16,25250,1108.3712098736055
16,25300,1108.3712098736055
16,25350,1108.3712098736055
16,25400,1108.3712098736055
16,25450,1108.3712098736055
16,25500,1108.3712098736055
16,25550,1108.3712098736055
16,25600,1108.3712098736055
16,25650,1108.3712098736055
16,25700,1108.3712098736055
16,25750,1108.3712098736055
16,25800,1108.3712098736055
16,25850,1108.3712098736055
16,25900,1108.3712098736055
16,25950,1108.3712098736055
16,26000,1108.3712098736055
16,26050,1108.3712098736055
16,26100,1108.3712098736055
16,26150,1108.3712098736055
16,26200,1108.3712098736055
16,26250,1108.3712098736055
16,26300,1108.3712098736055
16,26350,1108.3712098736055
16,26400,1108.3712098736055
16,26450,1108.3712098736055
16,26500,1108.3712098736055
16,26550,1108.3712098736055
16,26600,1108.3712098736055
16,26650,1108.3712098736055
16,26700,1108.3712098736055
16,26750,1108.3712098736055
16,26800,1108.3712098736055
16,26850,1108.3712098736055
16,26900,1108.3712098736055
16,26950,1108.3712098736055
16,27000,1108.3712098736055
16,27050,1108.3712098736055
16,27100,1108.3712098736055
16,27150,1108.3712098736055
16,27200,1108.3712098736055
16,27250,1108.3712098736055
16,27300,1108.3712098736055
16,27350,1108.3712098736055
16,27400,1108.3712098736055
16,27450,1108.3712098736055
16,27500,1108.3712098736055
16,27550,1108.3712098736055
16,27600,1108.3712098736055
16,27650,1108.3712098736055
16,27700,1108.3712098736055
16,27750,1108.3712098736055
16,27800,1108.3712098736055
16,27850,1108.3712098736055
16,27900,1108.3712098736055
16,27950,1108.3712098736055
16,28000,1108.3712098736055
16,28050,1108.3712098736055
16,28100,1108.3712098736055
16,28150,1108.3712098736055
16,28200,1108.3712098736055
16,28250,1108.3712098736055
16,28300,1108.3712098736055
16,28350,1108.3712098736055
16,28400,1108.3712098736055
16,28450,1108.3712098736055
16,28500,1108.3712098736055
16,28550,1108.3712098736055
16,28600,1108.3712098736055
16,28650,1108.3712098736055
16,28700,1108.3712098736055
16,28750,1108.3712098736055
16,28800,1108.3712098736055
16,28850,1108.3712098736055
16,28900,1108.3712098736055
16,28950,1108.3712098736055
16,29000,1108.3712098736055
16,29050,1108.3712098736055
16,29100,1108.3712098736055
16,29150,1108.3712098736055
16,29200,1108.3712098736055
16,29250,1108.3712098736055
16,29300,1108.3712098736055
16,29350,1108.3712098736055
16,29400,1108.3712098736055
16,29450,1108.3712098736055
16,29500,1108.3712098736055
16,29550,1108.3712098736055
16,29600,1108.3712098736055
16,29650,1108.3712098736055
16,29700,1108.3712098736055
16,29750,1108.3712098736055
16,29800,1108.3712098736055
16,29850,1108.3712098736055
16,29900,1108.3712098736055
16,29950,1108.3712098736055
16,30000,1108.3712098736055
16,30050,1108.3712098736055
16,30100,1108.3712098736055
16,30150,1108.3712098736055
16,30200,1108.3712098736055
16,30250,1108.3712098736055
16,30300,1108.3712098736055
16,30350,1108.3712098736055
16,30400,1108.3712098736055
16,30450,1108.3712098736055
16,30500,1108.3712098736055
16,30550,1108.3712098736055
16,30600,1108.3712098736055
16,30650,1108.3712098736055
16,30700,1108.3712098736055
16,30750,1108.3712098736055
16,30800,1108.3712098736055
16,30850,1108.3712098736055
16,30900,1108.3712098736055
16,30950,1108.3712098736055
16,31000,1108.3712098736055
16,31050,1108.3712098736055
16,31100,1108.3712098736055
16,31150,1108.3712098736055
16,31200,1108.3712098736055
16,31250,1108.3712098736055
16,31300,1108.3712098736055
16,31350,1108.3712098736055
16,31400,1108.3712098736055
16,31450,1108.3712098736055
16,31500,1108.3712098736055
16,31550,1108.3712098736055
16,31600,1108.3712098736055
16,31650,1108.3712098736055
16,31700,1108.3712098736055
16,31750,1108.3712098736055
16,31800,1108.3712098736055
16,31850,1108.3712098736055
16,31900,1108.3712098736055
16,31950,1108.3712098736055
16,32000,1108.3712098736055
16,32050,1108.3712098736055
16,32100,1108.3712098736055
16,32150,1108.3712098736055
16,32200,1108.3712098736055
16,32250,1108.3712098736055
16,32300,1093.6972314958998
16,32350,1093.6972314958998
16,32400,1093.6972314958998
16,32450,1093.6972314958998
16,32500,1093.6972314958998
16,32550,1093.6972314958998
16,32600,1093.6972314958998
16,32650,1093.6972314958998
16,32700,1093.6972314958998
16,32750,1093.6972314958998
16,32800,1093.6972314958998
16,32850,1093.6972314958998
16,32900,1093.6972314958998
16,32950,1093.6972314958998
16,33000,1093.6972314958998
16,33050,1093.6972314958998
16,33100,1093.6972314958998
16,33150,1093.6972314958998
16,33200,1093.6972314958998
16,33250,1093.6972314958998
16,33300,1093.6972314958998
16,33350,1093.6972314958998
16,33400,1093.6972314958998
16,33450,1093.6972314958998
16,33500,1093.6972314958998
16,33550,1093.6972314958998
16,33600,1093.6972314958998
16,33650,1093.6972314958998
16,33700,1093.6972314958998
16,33750,1093.6972314958998
16,33800,1093.6972314958998
16,33850,1093.6972314958998
16,33900,1093.6972314958998
16,33950,1093.6972314958998
16,34000,1093.6972314958998
16,34050,1093.6972314958998
16,34100,1093.6972314958998
16,34150,1093.6972314958998
16,34200,1093.6972314958998
16,34250,1093.6972314958998
16,34300,1093.6972314958998
16,34350,1093.6972314958998
16,34400,1093.6972314958998
16,34450,1093.6972314958998
16,34500,1093.6972314958998
16,34550,1093.6972314958998
16,34600,1093.6972314958998
16,34650,1093.6972314958998
16,34700,1093.6972314958998
16,34750,1093.6972314958998
16,34800,1093.6972314958998
16,34850,1093.6972314958998
16,34900,1093.6972314958998
16,34950,1093.6972314958998
16,35000,1093.6972314958998
16,35050,1093.6972314958998
16,35100,1093.6972314958998
16,35150,1093.6972314958998
16,35200,1093.6972314958998
16,35250,1093.6972314958998
16,35300,1093.6972314958998
16,35350,1093.6972314958998
16,35400,1093.6972314958998
16,35450,1093.6972314958998
16,35500,1093.6972314958998
16,35550,1093.6972314958998
16,35600,1093.6972314958998
16,35650,1093.6972314958998
16,35700,1093.6972314958998
16,35750,1093.6972314958998
16,35800,1093.6972314958998
16,35850,1093.6972314958998
16,35900,1093.6972314958998
16,35950,1093.6972314958998
16,36000,1093.6972314958998
16,36050,1093.6972314958998
16,36100,1093.6972314958998
16,36150,1093.6972314958998
16,36200,1093.6972314958998
16,36250,1093.6972314958998
16,36300,1093.6972314958998
16,36350,1093.6972314958998
16,36400,1093.6972314958998
16,36450,1093.6972314958998
16,36500,1093.6972314958998
16,36550,1093.6972314958998
16,36600,1093.6972314958998
16,36650,1093.6972314958998
16,36700,1093.6972314958998
16,36750,1093.6972314958998
16,36800,1093.6972314958998
16,36850,1093.6972314958998
16,36900,1093.6972314958998
16,36950,1093.6972314958998
16,37000,1093.6972314958998
16,37050,1093.6972314958998
16,37100,1093.6972314958998
16,37150,1093.6972314958998
16,37200,1093.6972314958998
16,37250,1093.6972314958998
16,37300,1093.6972314958998
16,37350,1093.6972314958998
16,37400,1093.6972314958998
16,37450,1093.6972314958998
16,37500,1093.6972314958998
16,37550,1093.6972314958998
16,37600,1093.6972314958998
16,37650,1093.6972314958998
16,37700,1093.6972314958998
16,37750,1093.6972314958998
16,37800,1093.6972314958998
16,37850,1093.6972314958998
16,37900,1093.6972314958998
16,37950,1093.6972314958998
16,38000,1093.6972314958998
16,38050,1093.6972314958998
16,38100,1093.6972314958998
16,38150,1093.6972314958998
16,38200,1093.6972314958998
16,38250,1093.6972314958998
16,38300,1093.6972314958998
16,38350,1093.6972314958998
16,38400,1093.6972314958998
16,38450,1093.6972314958998
16,38500,1093.6972314958998
16,38550,1093.6972314958998
16,38600,1093.6972314958998
16,38650,1093.6972314958998
16,38700,1093.6972314958998
16,38750,1093.6972314958998
16,38800,1093.6972314958998
16,38850,1093.6972314958998
16,38900,1093.6972314958998
16,38950,1093.6972314958998
16,39000,1093.6972314958998
16,39050,1093.6972314958998
16,39100,1093.6972314958998
16,39150,1093.6972314958998
16,39200,1093.6972314958998
16,39250,1093.6972314958998
16,39300,1093.6972314958998
16,39350,1093.6972314958998
16,39400,1093.6972314958998
16,39450,1093.6972314958998
16,39500,1093.6972314958998
16,39550,1093.6972314958998
16,39600,1093.6972314958998
16,39650,1093.6972314958998
16,39700,1093.6972314958998
16,39750,1093.6972314958998
16,39800,1093.6972314958998
16,39850,1093.6972314958998
16,39900,1093.6972314958998
16,39950,1093.6972314958998
16,40000,1093.6972314958998
16,40050,1093.6972314958998
16,40100,1093.6972314958998
16,40150,1093.6972314958998
16,40200,1093.6972314958998
16,40250,1093.6972314958998
16,40300,1093.6972314958998
16,40350,1093.6972314958998
16,40400,1093.6972314958998
16,40450,1093.6972314958998
16,40500,1093.6972314958998
16,40550,1093.6972314958998
16,40600,1093.6972314958998
16,40650,1093.6972314958998
16,40700,1093.6972314958998
16,40750,1093.6972314958998
16,40800,1093.6972314958998
16,40850,1093.6972314958998
16,40900,1093.6972314958998
16,40950,1093.6972314958998
16,41000,1093.6972314958998
16,41050,1093.6972314958998
16,41100,1093.6972314958998
16,41150,1093.6972314958998
16,41200,1093.6972314958998
16,41250,1093.6972314958998
16,41300,1093.6972314958998
16,41350,1093.6972314958998
16,41400,1093.6972314958998
16,41450,1093.6972314958998
16,41500,1093.6972314958998
16,41550,1093.6972314958998
16,41600,1093.6972314958998
16,41650,1093.6972314958998
16,41700,1093.6972314958998
16,41750,1093.6972314958998
16,41800,1093.6972314958998
16,41850,1093.6972314958998
16,41900,1093.6972314958998
16,41950,1093.6972314958998
16,42000,1093.6972314958998
16,42050,1093.6972314958998
16,42100,1093.6972314958998
16,42150,1093.6972314958998
16,42200,1093.6972314958998
16,42250,1093.6972314958998
16,42300,1093.6972314958998
16,42350,1093.6972314958998
16,42400,1093.6972314958998
16,42450,1093.6972314958998
16,42500,1093.6972314958998
16,42550,1093.6972314958998
16,42600,1093.6972314958998
16,42650,1093.6972314958998
16,42700,1093.6972314958998
16,42750,1093.6972314958998
16,42800,1093.6972314958998
16,42850,1093.6972314958998
16,42900,1093.6972314958998
16,42950,1093.6972314958998
16,43000,1093.6972314958998
16,43050,1093.6972314958998
16,43100,1093.6972314958998
16,43150,1093.6972314958998
16,43200,1093.6972314958998
16,43250,1093.6972314958998
16,43300,1093.6972314958998
16,43350,1093.6972314958998
16,43400,1093.6972314958998
16,43450,1093.6972314958998
16,43500,1093.6972314958998
16,43550,1093.6972314958998
16,43600,1093.6972314958998
16,43650,1093.6972314958998
16,43700,1093.6972314958998
16,43750,1093.6972314958998
16,43800,1093.6972314958998
16,43850,1093.6972314958998
16,43900,1093.6972314958998
16,43950,1093.6972314958998
16,44000,1093.6972314958998
16,44050,1093.6972314958998
16,44100,1093.6972314958998
16,44150,1093.6972314958998
16,44200,1093.6972314958998
16,44250,1093.6972314958998
16,44300,1093.6972314958998
16,44350,1093.6972314958998
16,44400,1093.6972314958998
16,44450,1093.6972314958998
16,44500,1093.6972314958998
16,44550,1093.6972314958998
16,44600,1093.6972314958998
16,44650,1093.6972314958998
16,44700,1093.6972314958998
16,44750,1093.6972314958998
16,44800,1093.6972314958998
16,44850,1093.6972314958998
16,44900,1093.6972314958998
16,44950,1093.6972314958998
16,45000,1093.6972314958998
16,45050,1093.6972314958998
16,45100,1093.6972314958998
16,45150,1093.6972314958998
16,45200,1093.6972314958998
16,45250,1093.6972314958998
16,45300,1093.6972314958998
16,45350,1093.6972314958998
16,45400,1093.6972314958998
16,45450,1093.6972314958998
16,45500,1093.6972314958998
16,45550,1093.6972314958998
16,45600,1093.6972314958998
16,45650,1093.6972314958998
16,45700,1093.6972314958998
16,45750,1093.6972314958998
16,45800,1093.6972314958998
16,45850,1093.6972314958998
16,45900,1093.6972314958998
16,45950,1093.6972314958998
16,46000,1093.6972314958998
16,46050,1093.6972314958998
16,46100,1093.6972314958998
16,46150,1093.6972314958998
16,46200,1093.6972314958998
16,46250,1093.6972314958998
16,46300,1093.6972314958998
16,46350,1093.6972314958998
16,46400,1093.6972314958998
16,46450,1093.6972314958998
16,46500,1093.6972314958998
16,46550,1093.6972314958998
16,46600,1093.6972314958998
16,46650,1093.6972314958998
16,46700,1093.6972314958998
16,46750,1093.6972314958998
16,46800,1093.6972314958998
16,46850,1093.6972314958998
16,46900,1093.6972314958998
16,46950,1093.6972314958998
16,47000,1093.6972314958998
16,47050,1093.6972314958998
16,47100,1093.6972314958998
16,47150,1093.6972314958998
16,47200,1093.6972314958998
16,47250,1093.6972314958998
16,47300,1093.6972314958998
16,47350,1093.6972314958998
16,47400,1093.6972314958998
16,47450,1093.6972314958998
16,47500,1093.6972314958998
16,47550,1093.6972314958998
16,47600,1093.6972314958998
16,47650,1093.6972314958998
16,47700,1093.6972314958998
16,47750,1093.6972314958998
16,47800,1093.6972314958998
16,47850,1093.6972314958998
16,47900,1093.6972314958998
16,47950,1093.6972314958998
16,48000,1093.6972314958998
16,48050,1093.6972314958998
16,48100,1093.6972314958998
16,48150,1093.6972314958998
16,48200,1093.6972314958998
16,48250,1093.6972314958998
16,48300,1093.6972314958998
16,48350,1093.6972314958998
16,48400,1093.6972314958998
16,48450,1093.6972314958998
16,48500,1093.6972314958998
16,48550,1093.6972314958998
16,48600,1093.6972314958998
16,48650,1093.6972314958998
16,48700,1093.6972314958998
16,48750,1093.6972314958998
16,48800,1093.6972314958998
16,48850,1093.6972314958998
16,48900,1093.6972314958998
16,48950,1093.6972314958998
16,49000,1093.6972314958998
16,49050,1093.6972314958998
16,49100,1093.6972314958998
16,49150,1093.6972314958998
16,49200,1093.6972314958998
16,49250,1093.6972314958998
16,49300,1093.6972314958998
16,49350,1093.6972314958998
16,49400,1093.6972314958998
16,49450,1093.6972314958998
16,49500,1093.6972314958998
16,49550,1093.6972314958998
16,49600,1093.6972314958998
16,49650,1093.6972314958998
16,49700,1093.6972314958998
16,49750,1093.6972314958998
16,49800,1093.6972314958998
16,49850,1093.6972314958998
16,49900,1093.6972314958998
16,49950,1093.6972314958998
16,50000,1093.6972314958998
17,50,1475.563714474413
17,100,1411.2768983863177
17,150,1394.8159823444914
17,200,1376.7593734302404
17,250,1342.7762334570884
17,300,1337.6727667710904
17,350,1337.6727667710904
17,400,1337.6727667710904
17,450,1337.6727667710904
17,500,1285.2546749496578
17,550,1285.2546749496578
17,600,1285.2546749496578
17,650,1285.2546749496578
17,700,1285.2546749496578
17,750,1266.6909355892972
17,800,1171.6371127343814
17,850,1171.6371127343814
17,900,1171.6371127343814
17,950,1171.6371127343814
17,1000,1171.6371127343814
17,1050,1171.6371127343814
17,1100,1171.6371127343814
17,1150,1171.6371127343814
17,1200,1171.6371127343814
17,1250,1171.6371127343814
17,1300,1144.6376265344202
17,1350,1144.6376265344202
17,1400,1141.6677887918927
17,1450,1141.6677887918927
17,1500,1141.6677887918927
17,1550,1141.6677887918927
17,1600,1141.6677887918927
17,1650,1141.6677887918927
17,1700,1141.6677887918927
17,1750,1141.6677887918927
17,1800,1141.6677887918927
17,1850,1141.6677887918927
17,1900,1141.6677887918927
17,1950,1141.6677887918927
17,2000,1141.6677887918927
17,2050,1141.6677887918927
17,2100,1141.6677887918927
17,2150,1141.6677887918927
17,2200,1118.9711260028096
17,2250,1118.9711260028096
17,2300,1118.9711260028096
17,2350,1118.9711260028096
17,2400,1118.9711260028096
17,2450,1118.9711260028096
17,2500,1118.9711260028096
17,2550,1118.9711260028096
17,2600,1118.9711260028096
17,2650,1118.9711260028096
17,2700,1118.9711260028096
17,2750,1118.9711260028096
17,2800,1118.9711260028096
17,2850,1118.9711260028096
17,2900,1118.9711260028096
17,2950,1118.9711260028096
17,3000,1110.8236450955694
17,3050,1110.8236450955694
17,3100,1110.8236450955694
17,3150,1110.8236450955694
17,3200,1110.8236450955694
17,3250,1110.8236450955694
17,3300,1110.8236450955694
17,3350,1110.8236450955694
17,3400,1110.8236450955694
17,3450,1110.8236450955694
17,3500,1110.8236450955694
17,3550,1110.8236450955694
17,3600,1110.8236450955694
17,3650,1110.8236450955694
17,3700,1110.8236450955694
17,3750,1110.8236450955694
17,3800,1110.8236450955694
17,3850,1110.8236450955694
17,3900,1110.8236450955694
17,3950,1110.8236450955694
17,4000,1110.8236450955694
17,4050,1110.8236450955694
17,4100,1110.8236450955694
17,4150,1110.8236450955694
17,4200,1110.8236450955694
17,4250,1110.8236450955694
17,4300,1110.8236450955694
17,4350,1110.8236450955694
17,4400,1110.8236450955694
17,4450,1110.8236450955694
17,4500,1110.8236450955694
17,4550,1110.8236450955694
17,4600,1110.8236450955694
17,4650,1110.8236450955694
17,4700,1110.8236450955694
17,4750,1110.8236450955694
17,4800,1110.8236450955694
17,4850,1110.8236450955694
17,4900,1110.8236450955694
17,4950,1110.8236450955694
17,5000,1110.8236450955694
17,5050,1110.8236450955694
17,5100,1110.8236450955694
17,5150,1110.8236450955694
17,5200,1110.8236450955694
17,5250,1110.8236450955694
17,5300,1110.8236450955694
17,5350,1110.8236450955694
17,5400,1110.8236450955694
17,5450,1110.8236450955694
17,5500,1110.8236450955694
17,5550,1096.8118364436295
17,5600,1096.8118364436295
17,5650,1096.8118364436295
17,5700,1096.8118364436295
17,5750,1096.8118364436295
17,5800,1096.8118364436295
17,5850,1096.8118364436295
17,5900,1096.8118364436295
17,5950,1096.8118364436295
17,6000,1096.8118364436295
17,6050,1096.8118364436295
17,6100,1096.8118364436295
17,6150,1096.8118364436295
17,6200,1096.8118364436295
17,6250,1096.8118364436295
17,6300,1096.8118364436295
17,6350,1096.8118364436295
17,6400,1096.8118364436295
17,6450,1096.8118364436295
17,6500,1096.8118364436295
17,6550,1096.8118364436295
17,6600,1096.8118364436295
17,6650,1096.8118364436295
17,6700,1096.8118364436295
17,6750,1096.8118364436295
17,6800,1096.8118364436295
17,6850,1096.8118364436295
17,6900,1096.8118364436295
17,6950,1096.8118364436295
17,7000,1096.8118364436295
17,7050,1096.8118364436295
17,7100,1096.8118364436295
17,7150,1096.8118364436295
17,7200,1096.8118364436295
17,7250,1096.8118364436295
17,7300,1096.8118364436295
17,7350,1096.8118364436295
17,7400,1096.8118364436295
17,7450,1096.8118364436295
17,7500,1096.8118364436295
17,7550,1096.8118364436295
17,7600,1096.8118364436295
17,7650,1096.8118364436295
17,7700,1096.8118364436295
17,7750,1096.8118364436295
17,7800,1096.8118364436295
17,7850,1096.8118364436295
17,7900,1096.8118364436295
17,7950,1096.8118364436295
17,8000,1096.8118364436295
17,8050,1096.8118364436295
17,8100,1096.8118364436295
17,8150,1096.8118364436295
17,8200,1096.8118364436295
17,8250,1096.8118364436295
17,8300,1096.8118364436295
17,8350,1096.8118364436295
17,8400,1096.8118364436295
17,8450,1096.8118364436295
17,8500,1096.8118364436295
17,8550,1096.8118364436295
17,8600,1096.8118364436295
17,8650,1096.8118364436295
17,8700,1096.8118364436295
17,8750,1096.8118364436295
17,8800,1096.8118364436295
17,8850,1096.8118364436295
17,8900,1096.8118364436295
17,8950,1096.8118364436295
17,9000,1096.8118364436295
17,9050,1096.8118364436295
17,9100,1096.8118364436295
17,9150,1096.8118364436295
17,9200,1096.8118364436295
17,9250,1096.8118364436295
17,9300,1096.8118364436295
17,9350,1096.8118364436295
17,9400,1096.8118364436295
17,9450,1096.8118364436295
17,9500,1096.8118364436295
17,9550,1096.8118364436295
17,9600,1096.8118364436295
17,9650,1096.8118364436295
17,9700,1096.8118364436295
17,9750,1096.8118364436295
17,9800,1096.8118364436295
17,9850,1096.8118364436295
17,9900,1096.8118364436295
17,9950,1096.8118364436295
17,10000,1096.8118364436295
17,10050,1096.8118364436295
17,10100,1096.8118364436295
17,10150,1096.8118364436295
17,10200,1096.8118364436295
17,10250,1096.8118364436295
17,10300,1096.8118364436295
17,10350,1096.8118364436295
17,10400,1096.8118364436295
17,10450,1096.8118364436295
17,10500,1096.8118364436295
17,10550,1096.8118364436295
17,10600,1096.8118364436295
17,10650,1096.8118364436295
17,10700,1096.8118364436295
17,10750,1096.8118364436295
17,10800,1096.8118364436295
17,10850,1096.8118364436295
17,10900,1096.8118364436295
17,10950,1096.8118364436295
17,11000,1096.8118364436295
17,11050,1096.8118364436295
17,11100,1096.8118364436295
17,11150,1096.8118364436295
17,11200,1096.8118364436295
17,11250,1096.8118364436295
17,11300,1096.8118364436295
17,11350,1096.8118364436295
17,11400,1096.8118364436295
17,11450,1096.8118364436295
17,11500,1096.8118364436295
17,11550,1096.8118364436295
17,11600,1096.8118364436295
17,11650,1096.8118364436295
17,11700,1096.8118364436295
17,11750,1096.8118364436295
17,11800,1096.8118364436295
17,11850,1096.8118364436295
17,11900,1096.8118364436295
17,11950,1096.8118364436295
17,12000,1096.8118364436295
17,12050,1096.8118364436295
17,12100,1096.8118364436295
17,12150,1096.8118364436295
17,12200,1096.8118364436295
17,12250,1096.8118364436295
17,12300,1096.8118364436295
17,12350,1096.8118364436295
17,12400,1096.8118364436295
17,12450,1096.8118364436295
17,12500,1096.8118364436295
17,12550,1096.8118364436295
17,12600,1096.8118364436295
17,12650,1096.8118364436295
17,12700,1096.8118364436295
17,12750,1096.8118364436295
17,12800,1096.8118364436295
17,12850,1096.8118364436295
17,12900,1096.8118364436295
17,12950,1096.8118364436295
17,13000,1096.8118364436295
17,13050,1096.8118364436295
17,13100,1096.8118364436295
17,13150,1096.8118364436295
17,13200,1096.8118364436295
17,13250,1096.8118364436295
17,13300,1096.8118364436295
17,13350,1096.8118364436295
17,13400,1096.8118364436295
17,13450,1096.8118364436295
17,13500,1096.8118364436295
17,13550,1096.8118364436295
17,13600,1096.8118364436295
17,13650,1096.8118364436295
17,13700,1096.8118364436295
17,13750,1096.8118364436295
17,13800,1096.8118364436295
17,13850,1096.8118364436295
17,13900,1096.8118364436295
17,13950,1096.8118364436295
17,14000,1096.8118364436295
17,14050,1096.8118364436295
17,14100,1096.8118364436295
17,14150,1096.8118364436295
17,14200,1096.8118364436295
17,14250,1096.8118364436295
17,14300,1096.8118364436295
17,14350,1096.8118364436295
17,14400,1096.8118364436295
17,14450,1096.8118364436295
17,14500,1096.8118364436295
17,14550,1096.8118364436295
17,14600,1096.8118364436295
17,14650,1096.8118364436295
17,14700,1096.8118364436295
17,14750,1096.8118364436295
17,14800,1096.8118364436295
17,14850,1096.8118364436295
17,14900,1096.8118364436295
17,14950,1096.8118364436295
17,15000,1096.8118364436295
17,15050,1096.8118364436295
17,15100,1094.682881594418
17,15150,1094.682881594418
17,15200,1094.682881594418
17,15250,1094.682881594418
17,15300,1094.682881594418
17,15350,1094.682881594418
17,15400,1094.682881594418
17,15450,1094.682881594418
17,15500,1094.682881594418
17,15550,1094.682881594418
17,15600,1094.682881594418
17,15650,1094.682881594418
17,15700,1094.682881594418
17,15750,1094.682881594418
17,15800,1094.682881594418
17,15850,1094.682881594418
17,15900,1094.682881594418
17,15950,1094.682881594418
17,16000,1094.682881594418
17,16050,1094.682881594418
17,16100,1094.682881594418
17,16150,1094.682881594418
17,16200,1094.682881594418
17,16250,1094.682881594418
17,16300,1094.682881594418
17,16350,1094.682881594418
17,16400,1094.682881594418
17,16450,1094.682881594418
17,16500,1094.682881594418
17,16550,1094.682881594418
17,16600,1094.682881594418
17,16650,1094.682881594418
17,16700,1094.682881594418
17,16750,1094.682881594418
17,16800,1094.682881594418
17,16850,1094.682881594418
17,16900,1094.682881594418
17,16950,1094.682881594418
17,17000,1094.682881594418
17,17050,1094.682881594418
17,17100,1094.682881594418
17,17150,1094.682881594418
17,17200,1094.682881594418
17,17250,1094.682881594418
17,17300,1094.682881594418
17,17350,1094.682881594418
17,17400,1094.682881594418
17,17450,1094.682881594418
17,17500,1094.682881594418
17,17550,1094.682881594418
17,17600,1094.682881594418
17,17650,1094.682881594418
17,17700,1094.682881594418
17,17750,1094.682881594418
17,17800,1094.682881594418
17,17850,1094.682881594418
17,17900,1094.682881594418
17,17950,1094.682881594418
17,18000,1094.682881594418
17,18050,1094.682881594418
17,18100,1094.682881594418
17,18150,1094.682881594418
17,18200,1094.682881594418
17,18250,1094.682881594418
17,18300,1094.682881594418
17,18350,1094.682881594418
17,18400,1094.682881594418
17,18450,1094.682881594418
17,18500,1094.682881594418
17,18550,1094.682881594418
17,18600,1094.682881594418
17,18650,1094.682881594418
17,18700,1094.682881594418
17,18750,1094.682881594418
17,18800,1094.682881594418
17,18850,1094.682881594418
17,18900,1094.682881594418
17,18950,1094.682881594418
17,19000,1094.682881594418
17,19050,1094.682881594418
17,19100,1094.682881594418
17,19150,1094.682881594418
17,19200,1084.8776569722293
17,19250,1084.8776569722293
17,19300,1084.8776569722293
17,19350,1084.8776569722293
17,19400,1084.8776569722293
17,19450,1084.8776569722293
17,19500,1084.8776569722293
17,19550,1084.8776569722293
17,19600,1084.8776569722293
17,19650,1084.8776569722293
17,19700,1084.8776569722293
17,19750,1084.8776569722293
17,19800,1084.8776569722293
17,19850,1084.8776569722293
17,19900,1084.8776569722293
17,19950,1084.8776569722293
17,20000,1084.8776569722293
17,20050,1084.8776569722293
17,20100,1084.8776569722293
17,20150,1084.8776569722293
17,20200,1084.8776569722293
17,20250,1084.8776569722293
17,20300,1084.8776569722293
17,20350,1084.8776569722293
17,20400,1084.8776569722293
17,20450,1084.8776569722293
17,20500,1084.8776569722293
17,20550,1084.8776569722293
17,20600,1084.8776569722293
17,20650,1084.8776569722293
17,20700,1084.8776569722293
17,20750,1084.8776569722293
17,20800,1084.8776569722293
17,20850,1084.8776569722293
17,20900,1084.8776569722293
17,20950,1084.8776569722293
17,21000,1084.8776569722293
17,21050,1084.8776569722293
17,21100,1080.9986817457618
17,21150,1080.9986817457618
17,21200,1080.9986817457618
17,21250,1080.9986817457618
17,21300,1080.9986817457618
17,21350,1080.9986817457618
17,21400,1080.9986817457618
17,21450,1080.9986817457618
17,21500,1080.9986817457618
17,21550,1080.9986817457618
17,21600,1080.9986817457618
17,21650,1080.9986817457618
17,21700,1080.9986817457618
17,21750,1080.9986817457618
17,21800,1080.9986817457618
17,21850,1080.9986817457618
17,21900,1080.9986817457618
17,21950,1080.9986817457618
17,22000,1080.9986817457618
17,22050,1080.9986817457618
17,22100,1080.9986817457618
17,22150,1080.9986817457618
17,22200,1080.9986817457618
17,22250,1080.9986817457618
17,22300,1080.9986817457618
17,22350,1080.9986817457618
17,22400,1080.9986817457618
17,22450,1080.9986817457618
17,22500,1080.9986817457618
17,22550,1080.9986817457618
17,22600,1080.9986817457618
17,22650,1080.9986817457618
17,22700,1080.9986817457618
17,22750,1080.9986817457618
17,22800,1080.9986817457618
17,22850,1080.9986817457618
17,22900,1080.9986817457618
17,22950,1080.9986817457618
17,23000,1080.9986817457618
17,23050,1080.9986817457618
17,23100,1080.9986817457618
17,23150,1080.9986817457618
17,23200,1080.9986817457618
17,23250,1080.9986817457618
17,23300,1080.9986817457618
17,23350,1080.9986817457618
17,23400,1080.9986817457618
17,23450,1080.9986817457618
17,23500,1080.9986817457618
17,23550,1080.9986817457618
17,23600,1080.9986817457618
17,23650,1080.9986817457618
17,23700,1080.9986817457618
17,23750,1080.9986817457618
17,23800,1080.9986817457618
17,23850,1080.9986817457618
17,23900,1080.9986817457618
17,23950,1080.9986817457618
17,24000,1080.9986817457618
17,24050,1080.9986817457618
17,24100,1080.9986817457618
17,24150,1080.9986817457618
17,24200,1080.9986817457618
17,24250,1080.9986817457618
17,24300,1080.9986817457618
17,24350,1080.9986817457618
17,24400,1080.9986817457618
17,24450,1080.9986817457618
17,24500,1080.9986817457618
17,24550,1080.9986817457618
17,24600,1080.9986817457618
17,24650,1080.9986817457618
17,24700,1080.9986817457618
17,24750,1080.9986817457618
17,24800,1080.9986817457618
17,24850,1080.9986817457618
17,24900,1080.9986817457618
17,24950,1080.9986817457618
17,25000,1080.9986817457618
17,25050,1080.9986817457618
17,25100,1080.9986817457618
17,25150,1080.9986817457618
17,25200,1080.9986817457618
17,25250,1080.9986817457618
17,25300,1080.9986817457618
17,25350,1080.9986817457618
17,25400,1080.9986817457618
17,25450,1080.9986817457618
17,25500,1080.9986817457618
17,25550,1080.9986817457618
17,25600,1080.9986817457618
17,25650,1080.9986817457618
17,25700,1080.9986817457618
17,25750,1080.9986817457618
17,25800,1080.9986817457618
17,25850,1080.9986817457618
17,25900,1080.9986817457618
17,25950,1080.9986817457618
17,26000,1080.9986817457618
17,26050,1080.9986817457618
17,26100,1080.9986817457618
17,26150,1080.9986817457618
17,26200,1080.9986817457618
17,26250,1080.9986817457618
17,26300,1080.9986817457618
17,26350,1080.9986817457618
17,26400,1080.9986817457618
17,26450,1080.9986817457618
17,26500,1080.9986817457618
17,26550,1080.9986817457618
17,26600,1080.9986817457618
17,26650,1080.9986817457618
17,26700,1080.9986817457618
17,26750,1080.9986817457618
17,26800,1080.9986817457618
17,26850,1080.9986817457618
17,26900,1080.9986817457618
17,26950,1080.9986817457618
17,27000,1080.9986817457618
17,27050,1080.9986817457618
17,27100,1080.9986817457618
17,27150,1080.9986817457618
17,27200,1080.9986817457618
17,27250,1080.9986817457618
17,27300,1080.9986817457618
17,27350,1080.9986817457618
17,27400,1080.9986817457618
17,27450,1080.9986817457618
17,27500,1080.9986817457618
17,27550,1080.9986817457618
17,27600,1080.9986817457618
17,27650,1080.9986817457618
17,27700,1080.9986817457618
17,27750,1080.9986817457618
17,27800,1080.9986817457618
17,27850,1080.9986817457618
17,27900,1080.9986817457618
17,27950,1080.9986817457618
17,28000,1080.9986817457618
17,28050,1080.9986817457618
17,28100,1080.9986817457618
17,28150,1080.9986817457618
17,28200,1080.9986817457618
17,28250,1080.9986817457618
17,28300,1080.9986817457618
17,28350,1080.9986817457618
17,28400,1080.9986817457618
17,28450,1080.9986817457618
17,28500,1080.9986817457618
17,28550,1080.9986817457618
17,28600,1080.9986817457618
17,28650,1080.9986817457618
17,28700,1080.9986817457618
17,28750,1080.9986817457618
17,28800,1080.9986817457618
17,28850,1080.9986817457618
17,28900,1080.9986817457618
17,28950,1080.9986817457618
17,29000,1080.9986817457618
17,29050,1080.9986817457618
17,29100,1080.9986817457618
17,29150,1080.9986817457618
17,29200,1080.9986817457618
17,29250,1080.9986817457618
17,29300,1080.9986817457618
17,29350,1080.9986817457618
17,29400,1080.9986817457618
17,29450,1080.9986817457618
17,29500,1080.9986817457618
17,29550,1080.9986817457618
17,29600,1080.9986817457618
17,29650,1080.9986817457618
17,29700,1080.9986817457618
17,29750,1080.9986817457618
17,29800,1080.9986817457618
17,29850,1080.9986817457618
17,29900,1080.9986817457618
17,29950,1080.9986817457618
17,30000,1080.9986817457618
17,30050,1080.9986817457618
17,30100,1080.9986817457618
17,30150,1080.9986817457618
17,30200,1080.9986817457618
17,30250,1080.9986817457618
17,30300,1080.9986817457618
17,30350,1080.9986817457618
17,30400,1080.9986817457618
17,30450,1080.9986817457618
17,30500,1080.9986817457618
17,30550,1080.9986817457618
17,30600,1080.9986817457618
17,30650,1080.9986817457618
17,30700,1080.9986817457618
17,30750,1080.9986817457618
17,30800,1080.9986817457618
17,30850,1080.9986817457618
17,30900,1080.9986817457618
17,30950,1080.9986817457618
17,31000,1080.9986817457618
17,31050,1080.9986817457618
17,31100,1080.9986817457618
17,31150,1080.9986817457618
17,31200,1080.9986817457618
17,31250,1080.9986817457618
17,31300,1080.9986817457618
17,31350,1080.9986817457618
17,31400,1080.9986817457618
17,31450,1080.9986817457618
17,31500,1080.9986817457618
17,31550,1080.9986817457618
17,31600,1080.9986817457618
17,31650,1080.9986817457618
17,31700,1080.9986817457618
17,31750,1080.9986817457618
17,31800,1080.9986817457618
17,31850,1080.9986817457618
17,31900,1080.9986817457618
17,31950,1080.9986817457618
17,32000,1080.9986817457618
17,32050,1080.9986817457618
17,32100,1080.9986817457618
17,32150,1080.9986817457618
17,32200,1080.9986817457618
17,32250,1080.9986817457618
17,32300,1080.9986817457618
17,32350,1080.9986817457618
17,32400,1080.9986817457618
17,32450,1080.9986817457618
17,32500,1080.9986817457618
17,32550,1080.9986817457618
17,32600,1080.9986817457618
17,32650,1080.9986817457618
17,32700,1080.9986817457618
17,32750,1080.9986817457618
17,32800,1080.9986817457618
17,32850,1080.9986817457618
17,32900,1080.9986817457618
17,32950,1080.9986817457618
17,33000,1080.9986817457618
17,33050,1080.9986817457618
17,33100,1080.9986817457618
17,33150,1080.9986817457618
17,33200,1080.9986817457618
17,33250,1080.9986817457618
17,33300,1080.9986817457618
17,33350,1080.9986817457618
17,33400,1080.9986817457618
17,33450,1080.9986817457618
17,33500,1080.9986817457618
17,33550,1080.9986817457618
17,33600,1080.9986817457618
17,33650,1080.9986817457618
17,33700,1080.9986817457618
17,33750,1080.9986817457618
17,33800,1080.9986817457618
17,33850,1080.9986817457618
17,33900,1080.9986817457618
17,33950,1080.9986817457618
17,34000,1080.9986817457618
17,34050,1080.9986817457618
17,34100,1080.9986817457618
17,34150,1080.9986817457618
17,34200,1080.9986817457618
17,34250,1080.9986817457618
17,34300,1080.9986817457618
17,34350,1080.9986817457618
17,34400,1080.9986817457618
17,34450,1080.9986817457618
17,34500,1080.9986817457618
17,34550,1080.9986817457618
17,34600,1080.9986817457618
17,34650,1080.9986817457618
17,34700,1080.9986817457618
17,34750,1080.9986817457618
17,34800,1080.9986817457618
17,34850,1080.9986817457618
17,34900,1080.9986817457618
17,34950,1080.9986817457618
17,35000,1080.9986817457618
17,35050,1080.9986817457618
17,35100,1080.9986817457618
17,35150,1080.9986817457618
17,35200,1080.9986817457618
17,35250,1080.9986817457618
17,35300,1080.9986817457618
17,35350,1080.9986817457618
17,35400,1080.9986817457618
17,35450,1080.9986817457618
17,35500,1080.9986817457618
17,35550,1080.9986817457618
17,35600,1080.9986817457618
17,35650,1080.9986817457618
17,35700,1080.9986817457618
17,35750,1080.9986817457618
17,35800,1080.9986817457618
17,35850,1080.9986817457618
17,35900,1080.9986817457618
17,35950,1080.9986817457618
17,36000,1080.9986817457618
17,36050,1080.9986817457618
17,36100,1080.9986817457618
17,36150,1080.9986817457618
17,36200,1080.9986817457618
17,36250,1080.9986817457618
17,36300,1080.9986817457618
17,36350,1080.9986817457618
17,36400,1080.9986817457618
17,36450,1080.9986817457618
17,36500,1080.9986817457618
17,36550,1080.9986817457618
17,36600,1080.9986817457618
17,36650,1080.9986817457618
17,36700,1080.9986817457618
17,36750,1080.9986817457618
17,36800,1080.9986817457618
17,36850,1080.9986817457618
17,36900,1080.9986817457618
17,36950,1080.9986817457618
17,37000,1080.9986817457618
17,37050,1080.9986817457618
17,37100,1080.9986817457618
17,37150,1080.9986817457618
17,37200,1080.9986817457618
17,37250,1080.9986817457618
17,37300,1080.9986817457618
17,37350,1080.9986817457618
17,37400,1080.9986817457618
17,37450,1080.9986817457618
17,37500,1080.9986817457618
17,37550,1080.9986817457618
17,37600,1080.9986817457618
17,37650,1080.9986817457618
17,37700,1080.9986817457618
17,37750,1080.9986817457618
17,37800,1080.9986817457618
17,37850,1080.9986817457618
17,37900,1080.9986817457618
17,37950,1080.9986817457618
17,38000,1080.9986817457618
17,38050,1080.9986817457618
17,38100,1080.9986817457618
17,38150,1080.9986817457618
17,38200,1080.9986817457618
17,38250,1080.9986817457618
17,38300,1080.9986817457618
17,38350,1080.9986817457618
17,38400,1080.9986817457618
17,38450,1080.9986817457618
17,38500,1080.9986817457618
17,38550,1080.9986817457618
17,38600,1080.9986817457618
17,38650,1080.9986817457618
17,38700,1080.9986817457618
17,38750,1080.9986817457618
17,38800,1080.9986817457618
17,38850,1080.9986817457618
17,38900,1080.9986817457618
17,38950,1080.9986817457618
17,39000,1080.9986817457618
17,39050,1080.9986817457618
17,39100,1080.9986817457618
17,39150,1080.9986817457618
17,39200,1080.9986817457618
17,39250,1080.9986817457618
17,39300,1080.9986817457618
17,39350,1080.9986817457618
17,39400,1080.9986817457618
17,39450,1080.9986817457618
17,39500,1080.9986817457618
17,39550,1080.9986817457618
17,39600,1080.9986817457618
17,39650,1080.9986817457618
17,39700,1080.9986817457618
17,39750,1080.9986817457618
17,39800,1080.9986817457618
17,39850,1080.9986817457618
17,39900,1080.9986817457618
17,39950,1080.9986817457618
17,40000,1080.9986817457618
17,40050,1080.9986817457618
17,40100,1080.9986817457618
17,40150,1080.9986817457618
17,40200,1080.9986817457618
17,40250,1080.9986817457618
17,40300,1080.9986817457618
17,40350,1080.9986817457618
17,40400,1080.9986817457618
17,40450,1080.9986817457618
17,40500,1080.9986817457618
17,40550,1080.9986817457618
17,40600,1080.9986817457618
17,40650,1080.9986817457618
17,40700,1080.9986817457618
17,40750,1080.9986817457618
17,40800,1080.9986817457618
17,40850,1080.9986817457618
17,40900,1080.9986817457618
17,40950,1080.9986817457618
17,41000,1080.9986817457618
17,41050,1080.9986817457618
17,41100,1080.9986817457618
17,41150,1080.9986817457618
17,41200,1080.9986817457618
17,41250,1080.9986817457618
17,41300,1080.9986817457618
17,41350,1080.9986817457618
17,41400,1080.9986817457618
17,41450,1080.9986817457618
17,41500,1080.9986817457618
17,41550,1080.9986817457618
17,41600,1080.9986817457618
17,41650,1080.9986817457618
17,41700,1080.9986817457618
17,41750,1080.9986817457618
17,41800,1080.9986817457618
17,41850,1080.9986817457618
17,41900,1080.9986817457618
17,41950,1080.9986817457618
17,42000,1080.9986817457618
17,42050,1080.9986817457618
17,42100,1080.9986817457618
17,42150,1080.9986817457618
17,42200,1080.9986817457618
17,42250,1080.9986817457618
17,42300,1080.9986817457618
17,42350,1080.9986817457618
17,42400,1080.9986817457618
17,42450,1080.9986817457618
17,42500,1080.9986817457618
17,42550,1080.9986817457618
17,42600,1080.9986817457618
17,42650,1080.9986817457618
17,42700,1080.9986817457618
17,42750,1080.9986817457618
17,42800,1080.9986817457618
17,42850,1080.9986817457618
17,42900,1080.9986817457618
17,42950,1080.9986817457618
17,43000,1080.9986817457618
17,43050,1080.9986817457618
17,43100,1080.9986817457618
17,43150,1080.9986817457618
17,43200,1080.9986817457618
17,43250,1080.9986817457618
17,43300,1080.9986817457618
17,43350,1080.9986817457618
17,43400,1080.9986817457618
17,43450,1080.9986817457618
17,43500,1080.9986817457618
17,43550,1080.9986817457618
17,43600,1080.9986817457618
17,43650,1080.9986817457618
17,43700,1080.9986817457618
17,43750,1080.9986817457618
17,43800,1080.9986817457618
17,43850,1080.9986817457618
17,43900,1080.9986817457618
17,43950,1080.9986817457618
17,44000,1080.9986817457618
17,44050,1080.9986817457618
17,44100,1080.9986817457618
17,44150,1080.9986817457618
17,44200,1080.9986817457618
17,44250,1080.9986817457618
17,44300,1080.9986817457618
17,44350,1080.9986817457618
17,44400,1080.9986817457618
17,44450,1080.9986817457618
17,44500,1080.9986817457618
17,44550,1080.9986817457618
17,44600,1080.9986817457618
17,44650,1080.9986817457618
17,44700,1080.9986817457618
17,44750,1080.9986817457618
17,44800,1080.9986817457618
17,44850,1080.9986817457618
17,44900,1080.9986817457618
17,44950,1080.9986817457618
17,45000,1080.9986817457618
17,45050,1080.9986817457618
17,45100,1080.9986817457618
17,45150,1080.9986817457618
17,45200,1080.9986817457618
17,45250,1080.9986817457618
17,45300,1080.9986817457618
17,45350,1080.9986817457618
17,45400,1080.9986817457618
17,45450,1080.9986817457618
17,45500,1080.9986817457618
17,45550,1080.9986817457618
17,45600,1080.9986817457618
17,45650,1080.9986817457618
17,45700,1080.9986817457618
17,45750,1080.9986817457618
17,45800,1080.9986817457618
17,45850,1080.9986817457618
17,45900,1080.9986817457618
17,45950,1080.9986817457618
17,46000,1080.9986817457618
17,46050,1080.9986817457618
17,46100,1080.9986817457618
17,46150,1080.9986817457618
17,46200,1080.9986817457618
17,46250,1080.9986817457618
17,46300,1080.9986817457618
17,46350,1080.9986817457618
17,46400,1080.9986817457618
17,46450,1080.9986817457618
17,46500,1080.9986817457618
17,46550,1080.9986817457618
17,46600,1080.9986817457618
17,46650,1080.9986817457618
17,46700,1080.9986817457618
17,46750,1080.9986817457618
17,46800,1080.9986817457618
17,46850,1080.9986817457618
17,46900,1080.9986817457618
17,46950,1080.9986817457618
17,47000,1080.9986817457618
17,47050,1080.9986817457618
17,47100,1080.9986817457618
17,47150,1080.9986817457618
17,47200,1080.9986817457618
17,47250,1080.9986817457618
17,47300,1080.9986817457618
17,47350,1080.9986817457618
17,47400,1080.9986817457618
17,47450,1080.9986817457618
17,47500,1080.9986817457618
17,47550,1080.9986817457618
17,47600,1080.9986817457618
17,47650,1080.9986817457618
17,47700,1080.9986817457618
17,47750,1080.9986817457618
17,47800,1080.9986817457618
17,47850,1080.9986817457618
17,47900,1080.9986817457618
17,47950,1080.9986817457618
17,48000,1080.9986817457618
17,48050,1080.9986817457618
17,48100,1080.9986817457618
17,48150,1080.9986817457618
17,48200,1080.9986817457618
17,48250,1080.9986817457618
17,48300,1080.9986817457618
17,48350,1080.9986817457618
17,48400,1080.9986817457618
17,48450,1080.9986817457618
17,48500,1080.9986817457618
17,48550,1080.9986817457618
17,48600,1080.9986817457618
17,48650,1080.9986817457618
17,48700,1080.9986817457618
17,48750,1080.9986817457618
17,48800,1080.9986817457618
17,48850,1080.9986817457618
17,48900,1080.9986817457618
17,48950,1080.9986817457618
17,49000,1080.9986817457618
17,49050,1080.9986817457618
17,49100,1080.9986817457618
17,49150,1080.9986817457618
17,49200,1080.9986817457618
17,49250,1080.9986817457618
17,49300,1080.9986817457618
17,49350,1080.9986817457618
17,49400,1080.9986817457618
17,49450,1080.9986817457618
17,49500,1080.9986817457618
17,49550,1080.9986817457618
17,49600,1080.9986817457618
17,49650,1080.9986817457618
17,49700,1080.9986817457618
17,49750,1080.9986817457618
17,49800,1080.9986817457618
17,49850,1080.9986817457618
17,49900,1080.9986817457618
17,49950,1080.9986817457618
17,50000,1080.9986817457618
18,50,1442.1261733119923
18,100,1386.4018286780167
18,150,1386.4018286780167
18,200,1386.4018286780167
18,250,1346.393267171303
18,300,1340.6162130838748
18,350,1340.6162130838748
18,400,1340.6162130838748
18,450,1340.6162130838748
18,500,1340.6162130838748
18,550,1340.6162130838748
18,600,1340.6162130838748
18,650,1188.5296722533633
18,700,1188.5296722533633
18,750,1188.5296722533633
18,800,1188.5296722533633
18,850,1188.5296722533633
18,900,1188.5296722533633
18,950,1188.5296722533633
18,1000,1188.5296722533633
18,1050,1188.5296722533633
18,1100,1188.5296722533633
18,1150,1188.5296722533633
18,1200,1188.5296722533633
18,1250,1186.9486323375206
18,1300,1186.9486323375206
18,1350,1170.4298925562202
18,1400,1170.4298925562202
18,1450,1170.4298925562202
18,1500,1170.4298925562202
18,1550,1170.4298925562202
18,1600,1170.4298925562202
18,1650,1170.4298925562202
18,1700,1170.4298925562202
18,1750,1165.7523952249185
18,1800,1165.7523952249185
18,1850,1138.1219019152757
18,1900,1138.1219019152757
18,1950,1138.1219019152757
18,2000,1138.1219019152757
18,2050,1138.1219019152757
18,2100,1138.1219019152757
18,2150,1138.1219019152757
18,2200,1138.1219019152757
18,2250,1138.1219019152757
18,2300,1138.1219019152757
18,2350,1138.1219019152757
18,2400,1138.1219019152757
18,2450,1138.1219019152757
18,2500,1138.1219019152757
18,2550,1138.1219019152757
18,2600,1138.1219019152757
18,2650,1138.1219019152757
18,2700,1138.1219019152757
18,2750,1138.1219019152757
18,2800,1138.1219019152757
18,2850,1138.1219019152757
18,2900,1138.1219019152757
18,2950,1138.1219019152757
18,3000,1138.1219019152757
18,3050,1138.1219019152757
18,3100,1138.1219019152757
18,3150,1138.1219019152757
18,3200,1138.1219019152757
18,3250,1138.1219019152757
18,3300,1138.1219019152757
18,3350,1138.1219019152757
18,3400,1138.1219019152757
18,3450,1138.1219019152757
18,3500,1138.1219019152757
18,3550,1138.1219019152757
18,3600,1138.1219019152757
18,3650,1138.1219019152757
18,3700,1138.1219019152757
18,3750,1138.1219019152757
18,3800,1138.1219019152757
18,3850,1138.1219019152757
18,3900,1138.1219019152757
18,3950,1138.1219019152757
18,4000,1138.1219019152757
18,4050,1138.1219019152757
18,4100,1138.1219019152757
18,4150,1138.1219019152757
18,4200,1138.1219019152757
18,4250,1138.1219019152757
18,4300,1138.1219019152757
18,4350,1138.1219019152757
18,4400,1138.1219019152757
18,4450,1138.1219019152757
18,4500,1138.1219019152757
18,4550,1138.1219019152757
18,4600,1138.1219019152757
18,4650,1138.1219019152757
18,4700,1138.1219019152757
18,4750,1138.1219019152757
18,4800,1138.1219019152757
18,4850,1138.1219019152757
18,4900,1138.1219019152757
18,4950,1129.0766959747689
18,5000,1129.0766959747689
18,5050,1129.0766959747689
18,5100,1129.0766959747689
18,5150,1129.0766959747689
18,5200,1129.0766959747689
18,5250,1129.0766959747689
18,5300,1129.0766959747689
18,5350,1129.0766959747689
18,5400,1129.0766959747689
18,5450,1129.0766959747689
18,5500,1129.0766959747689
18,5550,1129.0766959747689
18,5600,1129.0766959747689
18,5650,1129.0766959747689
18,5700,1129.0766959747689
18,5750,1129.0766959747689
18,5800,1129.0766959747689
18,5850,1129.0766959747689
18,5900,1129.0766959747689
18,5950,1129.0766959747689
18,6000,1129.0766959747689
18,6050,1129.0766959747689
18,6100,1129.0766959747689
18,6150,1129.0766959747689
18,6200,1129.0766959747689
18,6250,1129.0766959747689
18,6300,1129.0766959747689
18,6350,1129.0766959747689
18,6400,1129.0766959747689
18,6450,1129.0766959747689
18,6500,1129.0766959747689
18,6550,1129.0766959747689
18,6600,1129.0766959747689
18,6650,1129.0766959747689
18,6700,1129.0766959747689
18,6750,1129.0766959747689
18,6800,1129.0766959747689
18,6850,1129.0766959747689
18,6900,1117.281631901911
18,6950,1117.281631901911
18,7000,1117.281631901911
18,7050,1117.281631901911
18,7100,1117.281631901911
18,7150,1117.281631901911
18,7200,1117.281631901911
18,7250,1117.281631901911
18,7300,1117.281631901911
18,7350,1117.281631901911
18,7400,1117.281631901911
18,7450,1117.281631901911
18,7500,1117.281631901911
18,7550,1117.281631901911
18,7600,1117.281631901911
18,7650,1117.281631901911
18,7700,1117.281631901911
18,7750,1117.281631901911
18,7800,1117.281631901911
18,7850,1117.281631901911
18,7900,1117.281631901911
18,7950,1117.281631901911
18,8000,1117.281631901911
18,8050,1117.281631901911
18,8100,1117.281631901911
18,8150,1117.281631901911
18,8200,1117.281631901911
18,8250,1117.281631901911
18,8300,1117.281631901911
18,8350,1117.281631901911
18,8400,1117.281631901911
18,8450,1117.281631901911
18,8500,1117.281631901911
18,8550,1117.281631901911
18,8600,1117.281631901911
18,8650,1117.281631901911
18,8700,1117.281631901911
18,8750,1117.281631901911
18,8800,1117.281631901911
18,8850,1117.281631901911
18,8900,1117.281631901911
18,8950,1117.281631901911
18,9000,1117.281631901911
18,9050,1117.281631901911
18,9100,1117.281631901911
18,9150,1117.281631901911
18,9200,1117.281631901911
18,9250,1117.281631901911
18,9300,1117.281631901911
18,9350,1117.281631901911
18,9400,1117.281631901911
18,9450,1117.281631901911
18,9500,1117.281631901911
18,9550,1117.281631901911
18,9600,1117.281631901911
18,9650,1117.281631901911
18,9700,1117.281631901911
18,9750,1117.281631901911
18,9800,1117.281631901911
18,9850,1117.281631901911
18,9900,1117.281631901911
18,9950,1117.281631901911
18,10000,1117.281631901911
18,10050,1117.281631901911
18,10100,1117.281631901911
18,10150,1117.281631901911
18,10200,1116.6836021674949
18,10250,1116.6836021674949
18,10300,1116.6836021674949
18,10350,1116.6836021674949
18,10400,1116.6836021674949
18,10450,1116.6836021674949
18,10500,1116.6836021674949
18,10550,1116.6836021674949
18,10600,1116.6836021674949
18,10650,1116.6836021674949
18,10700,1116.6836021674949
18,10750,1116.6836021674949
18,10800,1116.6836021674949
18,10850,1116.6836021674949
18,10900,1116.6836021674949
18,10950,1116.6836021674949
18,11000,1116.6836021674949
18,11050,1116.6836021674949
18,11100,1116.6836021674949
18,11150,1116.6836021674949
18,11200,1116.6836021674949
18,11250,1116.6836021674949
18,11300,1116.6836021674949
18,11350,1116.6836021674949
18,11400,1116.6836021674949
18,11450,1116.6836021674949
18,11500,1116.6836021674949
18,11550,1116.6836021674949
18,11600,1116.6836021674949
18,11650,1116.6836021674949
18,11700,1116.6836021674949
18,11750,1116.6836021674949
18,11800,1116.6836021674949
18,11850,1116.6836021674949
18,11900,1116.6836021674949
18,11950,1116.6836021674949
18,12000,1116.6836021674949
18,12050,1116.6836021674949
18,12100,1116.6836021674949
18,12150,1116.6836021674949
18,12200,1116.6836021674949
18,12250,1116.6836021674949
18,12300,1116.6836021674949
18,12350,1116.6836021674949
18,12400,1116.6836021674949
18,12450,1116.6836021674949
18,12500,1116.6836021674949
18,12550,1116.6836021674949
18,12600,1116.6836021674949
18,12650,1116.6836021674949
18,12700,1116.6836021674949
18,12750,1116.6836021674949
18,12800,1116.6836021674949
18,12850,1116.6836021674949
18,12900,1116.6836021674949
18,12950,1116.6836021674949
18,13000,1116.6836021674949
18,13050,1116.6836021674949
18,13100,1116.6836021674949
18,13150,1116.6836021674949
18,13200,1116.6836021674949
18,13250,1116.6836021674949
18,13300,1116.6836021674949
18,13350,1116.6836021674949
18,13400,1116.6836021674949
18,13450,1116.6836021674949
18,13500,1116.6836021674949
18,13550,1116.6836021674949
18,13600,1116.6836021674949
18,13650,1116.6836021674949
18,13700,1116.6836021674949
18,13750,1116.6836021674949
18,13800,1116.6836021674949
18,13850,1116.6836021674949
18,13900,1116.6836021674949
18,13950,1116.6836021674949
18,14000,1116.6836021674949
18,14050,1116.6836021674949
18,14100,1116.6836021674949
18,14150,1116.6836021674949
18,14200,1116.6836021674949
18,14250,1116.6836021674949
18,14300,1116.6836021674949
18,14350,1116.6836021674949
18,14400,1116.6836021674949
18,14450,1116.6836021674949
18,14500,1116.6836021674949
18,14550,1116.6836021674949
18,14600,1116.6836021674949
18,14650,1116.6836021674949
18,14700,1116.6836021674949
18,14750,1116.6836021674949
18,14800,1116.6836021674949
18,14850,1116.6836021674949
18,14900,1116.6836021674949
18,14950,1116.6836021674949
18,15000,1116.6836021674949
18,15050,1116.6836021674949
18,15100,1116.6836021674949
18,15150,1116.6836021674949
18,15200,1116.6836021674949
18,15250,1116.6836021674949
18,15300,1116.6836021674949
18,15350,1116.6836021674949
18,15400,1116.6836021674949
18,15450,1116.6836021674949
18,15500,1116.6836021674949
18,15550,1116.6836021674949
18,15600,1116.6836021674949
18,15650,1116.6836021674949
18,15700,1116.6836021674949
18,15750,1116.6836021674949
18,15800,1116.6836021674949
18,15850,1116.6836021674949
18,15900,1116.6836021674949
18,15950,1116.6836021674949
18,16000,1116.6836021674949
18,16050,1116.6836021674949
18,16100,1116.6836021674949
18,16150,1116.6836021674949
18,16200,1116.6836021674949
18,16250,1116.6836021674949
18,16300,1116.6836021674949
18,16350,1116.6836021674949
18,16400,1116.6836021674949
18,16450,1116.6836021674949
18,16500,1116.6836021674949
18,16550,1116.6836021674949
18,16600,1116.6836021674949
18,16650,1116.6836021674949
18,16700,1116.6836021674949
18,16750,1116.6836021674949
18,16800,1116.6836021674949
18,16850,1116.6836021674949
18,16900,1116.6836021674949
18,16950,1116.6836021674949
18,17000,1116.6836021674949
18,17050,1116.6836021674949
18,17100,1116.6836021674949
18,17150,1116.6836021674949
18,17200,1116.6836021674949
18,17250,1116.6836021674949
18,17300,1116.6836021674949
18,17350,1116.6836021674949
18,17400,1116.6836021674949
18,17450,1116.6836021674949
18,17500,1116.6836021674949
18,17550,1116.6836021674949
18,17600,1116.6836021674949
18,17650,1116.6836021674949
18,17700,1116.6836021674949
18,17750,1116.6836021674949
18,17800,1116.6836021674949
18,17850,1116.6836021674949
18,17900,1116.6836021674949
18,17950,1116.6836021674949
18,18000,1116.6836021674949
18,18050,1116.6836021674949
18,18100,1116.6836021674949
18,18150,1116.6836021674949
18,18200,1116.6836021674949
18,18250,1116.6836021674949
18,18300,1116.6836021674949
18,18350,1116.6836021674949
18,18400,1116.6836021674949
18,18450,1116.6836021674949
18,18500,1116.6836021674949
18,18550,1116.6836021674949
18,18600,1116.6836021674949
18,18650,1116.6836021674949
18,18700,1116.6836021674949
18,18750,1116.6836021674949
18,18800,1116.6836021674949
18,18850,1116.6836021674949
18,18900,1116.6836021674949
18,18950,1116.6836021674949
18,19000,1116.6836021674949
18,19050,1116.6836021674949
18,19100,1116.6836021674949
18,19150,1116.6836021674949
18,19200,1116.6836021674949
18,19250,1116.6836021674949
18,19300,1116.6836021674949
18,19350,1116.6836021674949
18,19400,1116.6836021674949
18,19450,1116.6836021674949
18,19500,1116.6836021674949
18,19550,1116.6836021674949
18,19600,1116.6836021674949
18,19650,1116.6836021674949
18,19700,1116.6836021674949
18,19750,1116.6836021674949
18,19800,1116.6836021674949
18,19850,1116.6836021674949
18,19900,1116.6836021674949
18,19950,1116.6836021674949
18,20000,1116.6836021674949
18,20050,1116.6836021674949
18,20100,1116.6836021674949
18,20150,1116.6836021674949
18,20200,1116.6836021674949
18,20250,1116.6836021674949
18,20300,1116.6836021674949
18,20350,1116.6836021674949
18,20400,1116.6836021674949
18,20450,1116.6836021674949
18,20500,1116.6836021674949
18,20550,1116.6836021674949
18,20600,1116.6836021674949
18,20650,1116.6836021674949
18,20700,1116.6836021674949
18,20750,1116.6836021674949
18,20800,1116.6836021674949
18,20850,1116.6836021674949
18,20900,1116.6836021674949
18,20950,1116.6836021674949
18,21000,1116.6836021674949
18,21050,1116.6836021674949
18,21100,1116.6836021674949
18,21150,1116.6836021674949
18,21200,1116.6836021674949
18,21250,1116.6836021674949
18,21300,1116.6836021674949
18,21350,1116.6836021674949
18,21400,1116.6836021674949
18,21450,1116.6836021674949
18,21500,1116.6836021674949
18,21550,1116.6836021674949
18,21600,1116.6836021674949
18,21650,1116.6836021674949
18,21700,1116.6836021674949
18,21750,1116.6836021674949
18,21800,1116.6836021674949
18,21850,1116.6836021674949
18,21900,1116.6836021674949
18,21950,1116.6836021674949
18,22000,1116.6836021674949
18,22050,1116.6836021674949
18,22100,1116.6836021674949
18,22150,1116.6836021674949
18,22200,1116.6836021674949
18,22250,1116.6836021674949
18,22300,1116.6836021674949
18,22350,1116.6836021674949
18,22400,1116.6836021674949
18,22450,1116.6836021674949
18,22500,1116.6836021674949
18,22550,1116.6836021674949
18,22600,1116.6836021674949
18,22650,1116.6836021674949
18,22700,1116.6836021674949
18,22750,1116.6836021674949
18,22800,1116.6836021674949
18,22850,1116.6836021674949
18,22900,1116.6836021674949
18,22950,1116.6836021674949
18,23000,1116.6836021674949
18,23050,1116.6836021674949
18,23100,1116.6836021674949
18,23150,1113.9478700655109
18,23200,1113.9478700655109
18,23250,1113.9478700655109
18,23300,1113.9478700655109
18,23350,1113.9478700655109
18,23400,1113.9478700655109
18,23450,1113.9478700655109
18,23500,1113.9478700655109
18,23550,1113.9478700655109
18,23600,1113.9478700655109
18,23650,1113.9478700655109
18,23700,1113.9478700655109
18,23750,1113.9478700655109
18,23800,1113.9478700655109
18,23850,1113.9478700655109
18,23900,1113.9478700655109
18,23950,1113.9478700655109
18,24000,1113.9478700655109
18,24050,1113.9478700655109
18,24100,1113.9478700655109
18,24150,1113.9478700655109
18,24200,1113.9478700655109
18,24250,1113.9478700655109
18,24300,1113.9478700655109
18,24350,1113.9478700655109
18,24400,1113.9478700655109
18,24450,1113.9478700655109
18,24500,1113.9478700655109
18,24550,1113.9478700655109
18,24600,1113.9478700655109
18,24650,1113.9478700655109
18,24700,1113.9478700655109
18,24750,1113.9478700655109
18,24800,1113.9478700655109
18,24850,1113.9478700655109
18,24900,1113.9478700655109
18,24950,1113.9478700655109
18,25000,1113.9478700655109
18,25050,1113.9478700655109
18,25100,1113.9478700655109
18,25150,1113.9478700655109
18,25200,1113.9478700655109
18,25250,1113.9478700655109
18,25300,1113.9478700655109
18,25350,1113.9478700655109
18,25400,1113.9478700655109
18,25450,1113.9478700655109
18,25500,1113.9478700655109
18,25550,1113.9478700655109
18,25600,1113.9478700655109
18,25650,1113.9478700655109
18,25700,1113.9478700655109
18,25750,1113.9478700655109
18,25800,1113.9478700655109
18,25850,1113.9478700655109
18,25900,1104.7726317972563
18,25950,1104.7726317972563
18,26000,1104.7726317972563
18,26050,1104.7726317972563
18,26100,1104.7726317972563
18,26150,1104.7726317972563
18,26200,1104.7726317972563
18,26250,1104.7726317972563
18,26300,1104.7726317972563
18,26350,1104.7726317972563
18,26400,1104.7726317972563
18,26450,1104.7726317972563
18,26500,1104.7726317972563
18,26550,1104.7726317972563
18,26600,1104.7726317972563
18,26650,1104.7726317972563
18,26700,1104.7726317972563
18,26750,1104.7726317972563
18,26800,1104.7726317972563
18,26850,1104.7726317972563
18,26900,1104.7726317972563
18,26950,1104.7726317972563
18,27000,1104.7726317972563
18,27050,1104.7726317972563
18,27100,1104.7726317972563
18,27150,1104.7726317972563
18,27200,1104.7726317972563
18,27250,1104.7726317972563
18,27300,1104.7726317972563
18,27350,1104.7726317972563
18,27400,1104.7726317972563
18,27450,1104.7726317972563
18,27500,1104.7726317972563
18,27550,1104.7726317972563
18,27600,1104.7726317972563
18,27650,1104.7726317972563
18,27700,1104.7726317972563
18,27750,1104.7726317972563
18,27800,1104.7726317972563
18,27850,1104.7726317972563
18,27900,1104.7726317972563
18,27950,1104.7726317972563
18,28000,1104.7726317972563
18,28050,1104.7726317972563
18,28100,1104.7726317972563
18,28150,1104.7726317972563
18,28200,1104.7726317972563
18,28250,1104.7726317972563
18,28300,1104.7726317972563
18,28350,1104.7726317972563
18,28400,1104.7726317972563
18,28450,1104.7726317972563
18,28500,1104.7726317972563
18,28550,1104.7726317972563
18,28600,1104.7726317972563
18,28650,1104.7726317972563
18,28700,1104.7726317972563
18,28750,1104.7726317972563
18,28800,1104.7726317972563
18,28850,1104.7726317972563
18,28900,1104.7726317972563
18,28950,1104.7726317972563
18,29000,1104.7726317972563
18,29050,1104.7726317972563
18,29100,1104.7726317972563
18,29150,1104.7726317972563
18,29200,1104.7726317972563
18,29250,1104.7726317972563
18,29300,1104.7726317972563
18,29350,1104.7726317972563
18,29400,1104.7726317972563
18,29450,1104.7726317972563
18,29500,1104.7726317972563
18,29550,1104.7726317972563
18,29600,1104.7726317972563
18,29650,1104.7726317972563
18,29700,1104.7726317972563
18,29750,1104.7726317972563
18,29800,1104.7726317972563
18,29850,1104.7726317972563
18,29900,1104.7726317972563
18,29950,1104.7726317972563
18,30000,1104.7726317972563
18,30050,1104.7726317972563
18,30100,1104.7726317972563
18,30150,1104.7726317972563
18,30200,1104.7726317972563
18,30250,1104.7726317972563
18,30300,1104.7726317972563
18,30350,1104.7726317972563
18,30400,1104.7726317972563
18,30450,1104.7726317972563
18,30500,1104.7726317972563
18,30550,1104.7726317972563
18,30600,1104.7726317972563
18,30650,1104.7726317972563
18,30700,1104.7726317972563
18,30750,1104.7726317972563
18,30800,1104.7726317972563
18,30850,1104.7726317972563
18,30900,1104.7726317972563
18,30950,1104.7726317972563
18,31000,1104.7726317972563
18,31050,1104.7726317972563
18,31100,1104.7726317972563
18,31150,1104.7726317972563
18,31200,1104.7726317972563
18,31250,1104.7726317972563
18,31300,1104.7726317972563
18,31350,1104.7726317972563
18,31400,1104.7726317972563
18,31450,1104.7726317972563
18,31500,1104.7726317972563
18,31550,1104.7726317972563
18,31600,1104.7726317972563
18,31650,1104.7726317972563
18,31700,1104.7726317972563
18,31750,1104.7726317972563
18,31800,1104.7726317972563
18,31850,1104.7726317972563
18,31900,1104.7726317972563
18,31950,1104.7726317972563
18,32000,1104.7726317972563
18,32050,1104.7726317972563
18,32100,1104.7726317972563
18,32150,1104.7726317972563
18,32200,1104.7726317972563
18,32250,1104.7726317972563
18,32300,1104.7726317972563
18,32350,1104.7726317972563
18,32400,1104.7726317972563
18,32450,1104.7726317972563
18,32500,1104.7726317972563
18,32550,1104.7726317972563
18,32600,1104.7726317972563
18,32650,1104.7726317972563
18,32700,1104.7726317972563
18,32750,1104.7726317972563
18,32800,1104.7726317972563
18,32850,1104.7726317972563
18,32900,1104.7726317972563
18,32950,1104.7726317972563
18,33000,1104.7726317972563
18,33050,1104.7726317972563
18,33100,1104.7726317972563
18,33150,1104.7726317972563
18,33200,1104.7726317972563
18,33250,1104.7726317972563
18,33300,1104.7726317972563
18,33350,1104.7726317972563
18,33400,1104.7726317972563
18,33450,1104.7726317972563
18,33500,1090.1812323623683
18,33550,1090.1812323623683
18,33600,1090.1812323623683
18,33650,1090.1812323623683
18,33700,1090.1812323623683
18,33750,1090.1812323623683
18,33800,1090.1812323623683
18,33850,1090.1812323623683
18,33900,1090.1812323623683
18,33950,1090.1812323623683
18,34000,1090.1812323623683
18,34050,1090.1812323623683
18,34100,1090.1812323623683
18,34150,1090.1812323623683
18,34200,1090.1812323623683
18,34250,1090.1812323623683
18,34300,1090.1812323623683
18,34350,1090.1812323623683
18,34400,1090.1812323623683
18,34450,1090.1812323623683
18,34500,1090.1812323623683
18,34550,1090.1812323623683
18,34600,1090.1812323623683
18,34650,1090.1812323623683
18,34700,1090.1812323623683
18,34750,1090.1812323623683
18,34800,1090.1812323623683
18,34850,1090.1812323623683
18,34900,1090.1812323623683
18,34950,1090.1812323623683
18,35000,1090.1812323623683
18,35050,1090.1812323623683
18,35100,1090.1812323623683
18,35150,1090.1812323623683
18,35200,1090.1812323623683
18,35250,1090.1812323623683
18,35300,1090.1812323623683
18,35350,1090.1812323623683
18,35400,1090.1812323623683
18,35450,1090.1812323623683
18,35500,1090.1812323623683
18,35550,1090.1812323623683
18,35600,1090.1812323623683
18,35650,1090.1812323623683
18,35700,1090.1812323623683
18,35750,1090.1812323623683
18,35800,1090.1812323623683
18,35850,1090.1812323623683
18,35900,1090.1812323623683
18,35950,1090.1812323623683
18,36000,1090.1812323623683
18,36050,1090.1812323623683
18,36100,1090.1812323623683
18,36150,1090.1812323623683
18,36200,1090.1812323623683
18,36250,1090.1812323623683
18,36300,1090.1812323623683
18,36350,1090.1812323623683
18,36400,1090.1812323623683
18,36450,1090.1812323623683
18,36500,1090.1812323623683
18,36550,1090.1812323623683
18,36600,1090.1812323623683
18,36650,1090.1812323623683
18,36700,1090.1812323623683
18,36750,1090.1812323623683
18,36800,1090.1812323623683
18,36850,1090.1812323623683
18,36900,1090.1812323623683
18,36950,1090.1812323623683
18,37000,1090.1812323623683
18,37050,1090.1812323623683
18,37100,1090.1812323623683
18,37150,1090.1812323623683
18,37200,1090.1812323623683
18,37250,1090.1812323623683
18,37300,1090.1812323623683
18,37350,1090.1812323623683
18,37400,1090.1812323623683
18,37450,1090.1812323623683
18,37500,1090.1812323623683
18,37550,1090.1812323623683
18,37600,1090.1812323623683
18,37650,1090.1812323623683
18,37700,1090.1812323623683
18,37750,1090.1812323623683
18,37800,1090.1812323623683
18,37850,1090.1812323623683
18,37900,1090.1812323623683
18,37950,1090.1812323623683
18,38000,1090.1812323623683
18,38050,1090.1812323623683
18,38100,1090.1812323623683
18,38150,1090.1812323623683
18,38200,1090.1812323623683
18,38250,1090.1812323623683
18,38300,1090.1812323623683
18,38350,1090.1812323623683
18,38400,1090.1812323623683
18,38450,1090.1812323623683
18,38500,1090.1812323623683
18,38550,1090.1812323623683
18,38600,1090.1812323623683
18,38650,1090.1812323623683
18,38700,1090.1812323623683
18,38750,1090.1812323623683
18,38800,1090.1812323623683
18,38850,1090.1812323623683
18,38900,1090.1812323623683
18,38950,1090.1812323623683
18,39000,1090.1812323623683
18,39050,1090.1812323623683
18,39100,1090.1812323623683
18,39150,1090.1812323623683
18,39200,1090.1812323623683
18,39250,1090.1812323623683
18,39300,1090.1812323623683
18,39350,1090.1812323623683
18,39400,1090.1812323623683
18,39450,1090.1812323623683
18,39500,1090.1812323623683
18,39550,1090.1812323623683
18,39600,1090.1812323623683
18,39650,1090.1812323623683
18,39700,1090.1812323623683
18,39750,1090.1812323623683
18,39800,1090.1812323623683
18,39850,1090.1812323623683
18,39900,1090.1812323623683
18,39950,1090.1812323623683
18,40000,1090.1812323623683
18,40050,1090.1812323623683
18,40100,1090.1812323623683
18,40150,1090.1812323623683
18,40200,1090.1812323623683
18,40250,1090.1812323623683
18,40300,1090.1812323623683
18,40350,1090.1812323623683
18,40400,1090.1812323623683
18,40450,1090.1812323623683
18,40500,1090.1812323623683
18,40550,1090.1812323623683
18,40600,1090.1812323623683
18,40650,1090.1812323623683
18,40700,1090.1812323623683
18,40750,1090.1812323623683
18,40800,1090.1812323623683
18,40850,1090.1812323623683
18,40900,1090.1812323623683
18,40950,1090.1812323623683
18,41000,1090.1812323623683
18,41050,1090.1812323623683
18,41100,1090.1812323623683
18,41150,1090.1812323623683
18,41200,1090.1812323623683
18,41250,1090.1812323623683
18,41300,1090.1812323623683
18,41350,1090.1812323623683
18,41400,1090.1812323623683
18,41450,1090.1812323623683
18,41500,1090.1812323623683
18,41550,1090.1812323623683
18,41600,1090.1812323623683
18,41650,1090.1812323623683
18,41700,1090.1812323623683
18,41750,1090.1812323623683
18,41800,1090.1812323623683
18,41850,1090.1812323623683
18,41900,1090.1812323623683
18,41950,1090.1812323623683
18,42000,1090.1812323623683
18,42050,1090.1812323623683
18,42100,1090.1812323623683
18,42150,1090.1812323623683
18,42200,1090.1812323623683
18,42250,1090.1812323623683
18,42300,1090.1812323623683
18,42350,1090.1812323623683
18,42400,1090.1812323623683
18,42450,1090.1812323623683
18,42500,1090.1812323623683
18,42550,1090.1812323623683
18,42600,1090.1812323623683
18,42650,1090.1812323623683
18,42700,1090.1812323623683
18,42750,1090.1812323623683
18,42800,1090.1812323623683
18,42850,1090.1812323623683
18,42900,1090.1812323623683
18,42950,1090.1812323623683
18,43000,1090.1812323623683
18,43050,1090.1812323623683
18,43100,1090.1812323623683
18,43150,1090.1812323623683
18,43200,1090.1812323623683
18,43250,1090.1812323623683
18,43300,1090.1812323623683
18,43350,1090.1812323623683
18,43400,1090.1812323623683
18,43450,1090.1812323623683
18,43500,1090.1812323623683
18,43550,1090.1812323623683
18,43600,1090.1812323623683
18,43650,1090.1812323623683
18,43700,1090.1812323623683
18,43750,1090.1812323623683
18,43800,1090.1812323623683
18,43850,1090.1812323623683
18,43900,1090.1812323623683
18,43950,1090.1812323623683
18,44000,1090.1812323623683
18,44050,1090.1812323623683
18,44100,1090.1812323623683
18,44150,1090.1812323623683
18,44200,1090.1812323623683
18,44250,1090.1812323623683
18,44300,1090.1812323623683
18,44350,1090.1812323623683
18,44400,1090.1812323623683
18,44450,1090.1812323623683
18,44500,1090.1812323623683
18,44550,1090.1812323623683
18,44600,1090.1812323623683
18,44650,1090.1812323623683
18,44700,1090.1812323623683
18,44750,1090.1812323623683
18,44800,1090.1812323623683
18,44850,1090.1812323623683
18,44900,1090.1812323623683
18,44950,1090.1812323623683
18,45000,1090.1812323623683
18,45050,1090.1812323623683
18,45100,1090.1812323623683
18,45150,1090.1812323623683
18,45200,1090.1812323623683
18,45250,1090.1812323623683
18,45300,1090.1812323623683
18,45350,1090.1812323623683
18,45400,1090.1812323623683
18,45450,1090.1812323623683
18,45500,1090.1812323623683
18,45550,1090.1812323623683
18,45600,1090.1812323623683
18,45650,1090.1812323623683
18,45700,1090.1812323623683
18,45750,1090.1812323623683
18,45800,1090.1812323623683
18,45850,1090.1812323623683
18,45900,1090.1812323623683
18,45950,1090.1812323623683
18,46000,1090.1812323623683
18,46050,1090.1812323623683
18,46100,1090.1812323623683
18,46150,1090.1812323623683
18,46200,1090.1812323623683
18,46250,1090.1812323623683
18,46300,1090.1812323623683
18,46350,1090.1812323623683
18,46400,1090.1812323623683
18,46450,1090.1812323623683
18,46500,1090.1812323623683
18,46550,1090.1812323623683
18,46600,1090.1812323623683
18,46650,1090.1812323623683
18,46700,1090.1812323623683
18,46750,1090.1812323623683
18,46800,1090.1812323623683
18,46850,1090.1812323623683
18,46900,1090.1812323623683
18,46950,1090.1812323623683
18,47000,1090.1812323623683
18,47050,1090.1812323623683
18,47100,1090.1812323623683
18,47150,1090.1812323623683
18,47200,1090.1812323623683
18,47250,1090.1812323623683
18,47300,1090.1812323623683
18,47350,1090.1812323623683
18,47400,1090.1812323623683
18,47450,1090.1812323623683
18,47500,1090.1812323623683
18,47550,1090.1812323623683
18,47600,1090.1812323623683
18,47650,1090.1812323623683
18,47700,1090.1812323623683
18,47750,1090.1812323623683
18,47800,1090.1812323623683
18,47850,1090.1812323623683
18,47900,1090.1812323623683
18,47950,1090.1812323623683
18,48000,1090.1812323623683
18,48050,1090.1812323623683
18,48100,1090.1812323623683
18,48150,1090.1812323623683
18,48200,1090.1812323623683
18,48250,1090.1812323623683
18,48300,1090.1812323623683
18,48350,1090.1812323623683
18,48400,1090.1812323623683
18,48450,1090.1812323623683
18,48500,1090.1812323623683
18,48550,1090.1812323623683
18,48600,1090.1812323623683
18,48650,1090.1812323623683
18,48700,1090.1812323623683
18,48750,1090.1812323623683
18,48800,1090.1812323623683
18,48850,1090.1812323623683
18,48900,1090.1812323623683
18,48950,1090.1812323623683
18,49000,1090.1812323623683
18,49050,1090.1812323623683
18,49100,1090.1812323623683
18,49150,1090.1812323623683
18,49200,1090.1812323623683
18,49250,1090.1812323623683
18,49300,1090.1812323623683
18,49350,1090.1812323623683
18,49400,1090.1812323623683
18,49450,1090.1812323623683
18,49500,1090.1812323623683
18,49550,1090.1812323623683
18,49600,1090.1812323623683
18,49650,1090.1812323623683
18,49700,1090.1812323623683
18,49750,1090.1812323623683
18,49800,1090.1812323623683
18,49850,1090.1812323623683
18,49900,1090.1812323623683
18,49950,1090.1812323623683
18,50000,1090.1812323623683
19,50,1463.1342533509467
19,100,1357.685457555811
19,150,1340.399044181541
19,200,1340.399044181541
19,250,1340.399044181541
19,300,1340.399044181541
19,350,1340.399044181541
19,400,1340.399044181541
19,450,1340.399044181541
19,500,1324.4817648817418
19,550,1324.4817648817418
19,600,1305.1594993759938
19,650,1305.1594993759938
19,700,1289.573133085163
19,750,1247.3777383340473
19,800,1232.608721129944
19,850,1196.3663014127237
19,900,1196.3663014127237
19,950,1196.3663014127237
19,1000,1170.9024269743259
19,1050,1170.9024269743259
19,1100,1170.9024269743259
19,1150,1170.9024269743259
19,1200,1170.9024269743259
19,1250,1170.9024269743259
19,1300,1170.9024269743259
19,1350,1170.9024269743259
19,1400,1170.9024269743259
19,1450,1170.9024269743259
19,1500,1170.9024269743259
19,1550,1170.9024269743259
19,1600,1141.7578314527284
19,1650,1141.7578314527284
19,1700,1141.7578314527284
19,1750,1141.7578314527284
19,1800,1141.7578314527284
19,1850,1141.7578314527284
19,1900,1132.9425918688885
19,1950,1132.9425918688885
19,2000,1132.9425918688885
19,2050,1132.9425918688885
19,2100,1132.9425918688885
19,2150,1132.9425918688885
19,2200,1132.9425918688885
19,2250,1132.9425918688885
19,2300,1132.9425918688885
19,2350,1132.9425918688885
19,2400,1132.9425918688885
19,2450,1132.9425918688885
19,2500,1132.9425918688885
19,2550,1132.9425918688885
19,2600,1097.25122147037
19,2650,1097.25122147037
19,2700,1097.25122147037
19,2750,1097.25122147037
19,2800,1097.25122147037
19,2850,1097.25122147037
19,2900,1097.25122147037
19,2950,1097.25122147037
19,3000,1097.25122147037
19,3050,1097.25122147037
19,3100,1097.25122147037
19,3150,1097.25122147037
19,3200,1097.25122147037
19,3250,1097.25122147037
19,3300,1097.25122147037
19,3350,1097.25122147037
19,3400,1097.25122147037
19,3450,1097.25122147037
19,3500,1097.25122147037
19,3550,1097.25122147037
19,3600,1097.25122147037
19,3650,1097.25122147037
19,3700,1097.25122147037
19,3750,1097.25122147037
19,3800,1097.25122147037
19,3850,1097.25122147037
19,3900,1097.25122147037
19,3950,1097.25122147037
19,4000,1097.25122147037
19,4050,1097.25122147037
19,4100,1097.25122147037
19,4150,1097.25122147037
19,4200,1097.25122147037
19,4250,1097.25122147037
19,4300,1097.25122147037
19,4350,1097.25122147037
19,4400,1097.25122147037
19,4450,1097.25122147037
19,4500,1097.25122147037
19,4550,1097.25122147037
19,4600,1097.25122147037
19,4650,1097.25122147037
19,4700,1097.25122147037
19,4750,1097.25122147037
19,4800,1097.25122147037
19,4850,1097.25122147037
19,4900,1097.25122147037
19,4950,1097.25122147037
19,5000,1097.25122147037
19,5050,1097.25122147037
19,5100,1097.25122147037
19,5150,1097.25122147037
19,5200,1097.25122147037
19,5250,1097.25122147037
19,5300,1097.25122147037
19,5350,1097.25122147037
19,5400,1097.25122147037
19,5450,1097.25122147037
19,5500,1097.25122147037
19,5550,1097.25122147037
19,5600,1097.25122147037
19,5650,1097.25122147037
19,5700,1097.25122147037
19,5750,1097.25122147037
19,5800,1097.25122147037
19,5850,1097.25122147037
19,5900,1097.25122147037
19,5950,1097.25122147037
19,6000,1097.25122147037
19,6050,1097.25122147037
19,6100,1097.25122147037
19,6150,1097.25122147037
19,6200,1097.25122147037
19,6250,1097.25122147037
19,6300,1097.25122147037
19,6350,1097.25122147037
19,6400,1097.25122147037
19,6450,1097.25122147037
19,6500,1097.25122147037
19,6550,1097.25122147037
19,6600,1097.25122147037
19,6650,1097.25122147037
19,6700,1097.25122147037
19,6750,1097.25122147037
19,6800,1097.25122147037
19,6850,1097.25122147037
19,6900,1097.25122147037
19,6950,1097.25122147037
19,7000,1097.25122147037
19,7050,1097.25122147037
19,7100,1097.25122147037
19,7150,1097.25122147037
19,7200,1097.25122147037
19,7250,1097.25122147037
19,7300,1097.25122147037
19,7350,1097.25122147037
19,7400,1097.25122147037
19,7450,1097.25122147037
19,7500,1097.25122147037
19,7550,1097.25122147037
19,7600,1097.25122147037
19,7650,1097.25122147037
19,7700,1097.25122147037
19,7750,1097.25122147037
19,7800,1097.25122147037
19,7850,1097.25122147037
19,7900,1097.25122147037
19,7950,1097.25122147037
19,8000,1097.25122147037
19,8050,1097.25122147037
19,8100,1097.25122147037
19,8150,1097.25122147037
19,8200,1097.25122147037
19,8250,1097.25122147037
19,8300,1097.25122147037
19,8350,1097.25122147037
19,8400,1097.25122147037
19,8450,1097.25122147037
19,8500,1097.25122147037
19,8550,1097.25122147037
19,8600,1097.25122147037
19,8650,1097.25122147037
19,8700,1097.25122147037
19,8750,1097.25122147037
19,8800,1097.25122147037
19,8850,1097.25122147037
19,8900,1097.25122147037
19,8950,1097.25122147037
19,9000,1097.25122147037
19,9050,1097.25122147037
19,9100,1097.25122147037
19,9150,1097.25122147037
19,9200,1097.25122147037
19,9250,1097.25122147037
19,9300,1097.25122147037
19,9350,1097.25122147037
19,9400,1097.25122147037
19,9450,1097.25122147037
19,9500,1097.25122147037
19,9550,1097.25122147037
19,9600,1097.25122147037
19,9650,1097.25122147037
19,9700,1097.25122147037
19,9750,1097.25122147037
19,9800,1097.25122147037
19,9850,1097.25122147037
19,9900,1097.25122147037
19,9950,1097.25122147037
19,10000,1097.25122147037
19,10050,1097.25122147037
19,10100,1097.25122147037
19,10150,1097.25122147037
19,10200,1097.25122147037
19,10250,1097.25122147037
19,10300,1097.25122147037
19,10350,1097.25122147037
19,10400,1097.25122147037
19,10450,1097.25122147037
19,10500,1097.25122147037
19,10550,1097.25122147037
19,10600,1097.25122147037
19,10650,1097.25122147037
19,10700,1097.25122147037
19,10750,1097.25122147037
19,10800,1097.25122147037
19,10850,1097.25122147037
19,10900,1097.25122147037
19,10950,1097.25122147037
19,11000,1097.25122147037
19,11050,1097.25122147037
19,11100,1097.25122147037
19,11150,1097.25122147037
19,11200,1097.25122147037
19,11250,1097.25122147037
19,11300,1097.25122147037
19,11350,1097.25122147037
19,11400,1097.25122147037
19,11450,1097.25122147037
19,11500,1097.25122147037
19,11550,1097.25122147037
19,11600,1097.25122147037
19,11650,1097.25122147037
19,11700,1097.25122147037
19,11750,1097.25122147037
19,11800,1097.25122147037
19,11850,1097.25122147037
19,11900,1097.25122147037
19,11950,1097.25122147037
19,12000,1097.25122147037
19,12050,1097.25122147037
19,12100,1097.25122147037
19,12150,1097.25122147037
19,12200,1097.25122147037
19,12250,1097.25122147037
19,12300,1097.25122147037
19,12350,1097.25122147037
19,12400,1097.25122147037
19,12450,1097.25122147037
19,12500,1097.25122147037
19,12550,1097.25122147037
19,12600,1097.25122147037
19,12650,1097.25122147037
19,12700,1097.25122147037
19,12750,1097.25122147037
19,12800,1097.25122147037
19,12850,1097.25122147037
19,12900,1097.25122147037
19,12950,1097.25122147037
19,13000,1097.25122147037
19,13050,1097.25122147037
19,13100,1097.25122147037
19,13150,1097.25122147037
19,13200,1097.25122147037
19,13250,1097.25122147037
19,13300,1097.25122147037
19,13350,1097.25122147037
19,13400,1097.25122147037
19,13450,1097.25122147037
19,13500,1097.25122147037
19,13550,1097.25122147037
19,13600,1097.25122147037
19,13650,1097.25122147037
19,13700,1097.25122147037
19,13750,1097.25122147037
19,13800,1097.25122147037
19,13850,1097.25122147037
19,13900,1097.25122147037
19,13950,1097.25122147037
19,14000,1097.25122147037
19,14050,1097.25122147037
19,14100,1097.25122147037
19,14150,1097.25122147037
19,14200,1097.25122147037
19,14250,1097.25122147037
19,14300,1097.25122147037
19,14350,1097.25122147037
19,14400,1097.25122147037
19,14450,1097.25122147037
19,14500,1097.25122147037
19,14550,1097.25122147037
19,14600,1097.25122147037
19,14650,1097.25122147037
19,14700,1097.25122147037
19,14750,1097.25122147037
19,14800,1097.25122147037
19,14850,1097.25122147037
19,14900,1097.25122147037
19,14950,1097.25122147037
19,15000,1097.25122147037
19,15050,1097.25122147037
19,15100,1097.25122147037
19,15150,1097.25122147037
19,15200,1097.25122147037
19,15250,1097.25122147037
19,15300,1097.25122147037
19,15350,1097.25122147037
19,15400,1097.25122147037
19,15450,1097.25122147037
19,15500,1097.25122147037
19,15550,1097.25122147037
19,15600,1097.25122147037
19,15650,1097.25122147037
19,15700,1097.25122147037
19,15750,1097.25122147037
19,15800,1097.25122147037
19,15850,1097.25122147037
19,15900,1097.25122147037
19,15950,1097.25122147037
19,16000,1097.25122147037
19,16050,1097.25122147037
19,16100,1097.25122147037
19,16150,1097.25122147037
19,16200,1097.25122147037
19,16250,1097.25122147037
19,16300,1097.25122147037
19,16350,1097.25122147037
19,16400,1097.25122147037
19,16450,1097.25122147037
19,16500,1097.25122147037
19,16550,1097.25122147037
19,16600,1097.25122147037
19,16650,1097.25122147037
19,16700,1097.25122147037
19,16750,1097.25122147037
19,16800,1097.25122147037
19,16850,1097.25122147037
19,16900,1097.25122147037
19,16950,1097.25122147037
19,17000,1097.25122147037
19,17050,1097.25122147037
19,17100,1097.25122147037
19,17150,1097.25122147037
19,17200,1097.25122147037
19,17250,1097.25122147037
19,17300,1097.25122147037
19,17350,1097.25122147037
19,17400,1097.25122147037
19,17450,1097.25122147037
19,17500,1097.25122147037
19,17550,1097.25122147037
19,17600,1097.25122147037
19,17650,1097.25122147037
19,17700,1097.25122147037
19,17750,1097.25122147037
19,17800,1097.25122147037
19,17850,1097.25122147037
19,17900,1097.25122147037
19,17950,1097.25122147037
19,18000,1097.25122147037
19,18050,1097.25122147037
19,18100,1097.25122147037
19,18150,1097.25122147037
19,18200,1097.25122147037
19,18250,1097.25122147037
19,18300,1097.25122147037
19,18350,1097.25122147037
19,18400,1097.25122147037
19,18450,1097.25122147037
19,18500,1097.25122147037
19,18550,1097.25122147037
19,18600,1097.25122147037
19,18650,1097.25122147037
19,18700,1097.25122147037
19,18750,1097.25122147037
19,18800,1097.25122147037
19,18850,1097.25122147037
19,18900,1097.25122147037
19,18950,1097.25122147037
19,19000,1097.25122147037
19,19050,1097.25122147037
19,19100,1097.25122147037
19,19150,1097.25122147037
19,19200,1097.25122147037
19,19250,1097.25122147037
19,19300,1097.25122147037
19,19350,1097.25122147037
19,19400,1097.25122147037
19,19450,1097.25122147037
19,19500,1097.25122147037
19,19550,1097.25122147037
19,19600,1097.25122147037
19,19650,1097.25122147037
19,19700,1097.25122147037
19,19750,1097.25122147037
19,19800,1097.25122147037
19,19850,1097.25122147037
19,19900,1097.25122147037
19,19950,1097.25122147037
19,20000,1097.25122147037
19,20050,1097.25122147037
19,20100,1097.25122147037
19,20150,1097.25122147037
19,20200,1097.25122147037
19,20250,1097.25122147037
19,20300,1097.25122147037
19,20350,1097.25122147037
19,20400,1097.25122147037
19,20450,1097.25122147037
19,20500,1097.25122147037
19,20550,1097.25122147037
19,20600,1097.25122147037
19,20650,1097.25122147037
19,20700,1097.25122147037
19,20750,1097.25122147037
19,20800,1097.25122147037
19,20850,1097.25122147037
19,20900,1097.25122147037
19,20950,1097.25122147037
19,21000,1097.25122147037
19,21050,1097.25122147037
19,21100,1097.25122147037
19,21150,1097.25122147037
19,21200,1097.25122147037
19,21250,1097.25122147037
19,21300,1097.25122147037
19,21350,1097.25122147037
19,21400,1097.25122147037
19,21450,1097.25122147037
19,21500,1097.25122147037
19,21550,1097.25122147037
19,21600,1097.25122147037
19,21650,1097.25122147037
19,21700,1097.25122147037
19,21750,1097.25122147037
19,21800,1097.25122147037
19,21850,1097.25122147037
19,21900,1097.25122147037
19,21950,1097.25122147037
19,22000,1097.25122147037
19,22050,1097.25122147037
19,22100,1097.25122147037
19,22150,1097.25122147037
19,22200,1097.25122147037
19,22250,1097.25122147037
19,22300,1097.25122147037
19,22350,1097.25122147037
19,22400,1097.25122147037
19,22450,1097.25122147037
19,22500,1097.25122147037
19,22550,1097.25122147037
19,22600,1097.25122147037
19,22650,1097.25122147037
19,22700,1097.25122147037
19,22750,1097.25122147037
19,22800,1097.25122147037
19,22850,1097.25122147037
19,22900,1097.25122147037
19,22950,1097.25122147037
19,23000,1097.25122147037
19,23050,1097.25122147037
19,23100,1097.25122147037
19,23150,1097.25122147037
19,23200,1097.25122147037
19,23250,1097.25122147037
19,23300,1097.25122147037
19,23350,1097.25122147037
19,23400,1097.25122147037
19,23450,1097.25122147037
19,23500,1097.25122147037
19,23550,1097.25122147037
19,23600,1097.25122147037
19,23650,1097.25122147037
19,23700,1097.25122147037
19,23750,1097.25122147037
19,23800,1097.25122147037
19,23850,1097.25122147037
19,23900,1097.25122147037
19,23950,1097.25122147037
19,24000,1097.25122147037
19,24050,1097.25122147037
19,24100,1097.25122147037
19,24150,1097.25122147037
19,24200,1097.25122147037
19,24250,1097.25122147037
19,24300,1097.25122147037
19,24350,1097.25122147037
19,24400,1097.25122147037
19,24450,1097.25122147037
19,24500,1097.25122147037
19,24550,1097.25122147037
19,24600,1097.25122147037
19,24650,1097.25122147037
19,24700,1097.25122147037
19,24750,1097.25122147037
19,24800,1097.25122147037
19,24850,1097.25122147037
19,24900,1097.25122147037
19,24950,1097.25122147037
19,25000,1097.25122147037
19,25050,1097.25122147037
19,25100,1097.25122147037
19,25150,1097.25122147037
19,25200,1097.25122147037
19,25250,1097.25122147037
19,25300,1097.25122147037
19,25350,1097.25122147037
19,25400,1097.25122147037
19,25450,1097.25122147037
19,25500,1097.25122147037
19,25550,1097.25122147037
19,25600,1097.25122147037
19,25650,1097.25122147037
19,25700,1097.25122147037
19,25750,1097.25122147037
19,25800,1097.25122147037
19,25850,1097.25122147037
19,25900,1097.25122147037
19,25950,1097.25122147037
19,26000,1097.25122147037
19,26050,1097.25122147037
19,26100,1097.25122147037
19,26150,1097.25122147037
19,26200,1097.25122147037
19,26250,1097.25122147037
19,26300,1097.25122147037
19,26350,1097.25122147037
19,26400,1097.25122147037
19,26450,1097.25122147037
19,26500,1097.25122147037
19,26550,1097.25122147037
19,26600,1097.25122147037
19,26650,1097.25122147037
19,26700,1097.25122147037
19,26750,1097.25122147037
19,26800,1097.25122147037
19,26850,1097.25122147037
19,26900,1097.25122147037
19,26950,1097.25122147037
19,27000,1097.25122147037
19,27050,1097.25122147037
19,27100,1097.25122147037
19,27150,1097.25122147037
19,27200,1097.25122147037
19,27250,1097.25122147037
19,27300,1097.25122147037
19,27350,1097.25122147037
19,27400,1097.25122147037
19,27450,1097.25122147037
19,27500,1097.25122147037
19,27550,1097.25122147037
19,27600,1097.25122147037
19,27650,1097.25122147037
19,27700,1097.25122147037
19,27750,1097.25122147037
19,27800,1097.25122147037
19,27850,1097.25122147037
19,27900,1097.25122147037
19,27950,1097.25122147037
19,28000,1097.25122147037
19,28050,1097.25122147037
19,28100,1097.25122147037
19,28150,1097.25122147037
19,28200,1097.25122147037
19,28250,1097.25122147037
19,28300,1097.25122147037
19,28350,1097.25122147037
19,28400,1097.25122147037
19,28450,1097.25122147037
19,28500,1097.25122147037
19,28550,1097.25122147037
19,28600,1097.25122147037
19,28650,1097.25122147037
19,28700,1097.25122147037
19,28750,1097.25122147037
19,28800,1097.25122147037
19,28850,1097.25122147037
19,28900,1097.25122147037
19,28950,1097.25122147037
19,29000,1097.25122147037
19,29050,1097.25122147037
19,29100,1097.25122147037
19,29150,1097.25122147037
19,29200,1097.25122147037
19,29250,1097.25122147037
19,29300,1097.25122147037
19,29350,1097.25122147037
19,29400,1097.25122147037
19,29450,1097.25122147037
19,29500,1097.25122147037
19,29550,1097.25122147037
19,29600,1097.25122147037
19,29650,1097.25122147037
19,29700,1097.25122147037
19,29750,1097.25122147037
19,29800,1097.25122147037
19,29850,1097.25122147037
19,29900,1097.25122147037
19,29950,1097.25122147037
19,30000,1097.25122147037
19,30050,1097.25122147037
19,30100,1097.25122147037
19,30150,1097.25122147037
19,30200,1097.25122147037
19,30250,1097.25122147037
19,30300,1097.25122147037
19,30350,1097.25122147037
19,30400,1097.25122147037
19,30450,1097.25122147037
19,30500,1097.25122147037
19,30550,1097.25122147037
19,30600,1097.25122147037
19,30650,1097.25122147037
19,30700,1097.25122147037
19,30750,1097.25122147037
19,30800,1097.25122147037
19,30850,1097.25122147037
19,30900,1097.25122147037
19,30950,1097.25122147037
19,31000,1097.25122147037
19,31050,1097.25122147037
19,31100,1097.25122147037
19,31150,1097.25122147037
19,31200,1097.25122147037
19,31250,1097.25122147037
19,31300,1097.25122147037
19,31350,1097.25122147037
19,31400,1097.25122147037
19,31450,1097.25122147037
19,31500,1097.25122147037
19,31550,1097.25122147037
19,31600,1097.25122147037
19,31650,1097.25122147037
19,31700,1097.25122147037
19,31750,1097.25122147037
19,31800,1097.25122147037
19,31850,1097.25122147037
19,31900,1097.25122147037
19,31950,1097.25122147037
19,32000,1097.25122147037
19,32050,1097.25122147037
19,32100,1097.25122147037
19,32150,1097.25122147037
19,32200,1097.25122147037
19,32250,1097.25122147037
19,32300,1097.25122147037
19,32350,1097.25122147037
19,32400,1097.25122147037
19,32450,1097.25122147037
19,32500,1097.25122147037
19,32550,1097.25122147037
19,32600,1097.25122147037
19,32650,1097.25122147037
19,32700,1097.25122147037
19,32750,1097.25122147037
19,32800,1097.25122147037
19,32850,1097.25122147037
19,32900,1097.25122147037
19,32950,1097.25122147037
19,33000,1097.25122147037
19,33050,1097.25122147037
19,33100,1097.25122147037
19,33150,1097.25122147037
19,33200,1097.25122147037
19,33250,1097.25122147037
19,33300,1097.25122147037
19,33350,1097.25122147037
19,33400,1097.25122147037
19,33450,1097.25122147037
19,33500,1097.25122147037
19,33550,1097.25122147037
19,33600,1097.25122147037
19,33650,1097.25122147037
19,33700,1097.25122147037
19,33750,1097.25122147037
19,33800,1097.25122147037
19,33850,1097.25122147037
19,33900,1097.25122147037
19,33950,1097.25122147037
19,34000,1097.25122147037
19,34050,1097.25122147037
19,34100,1097.25122147037
19,34150,1097.25122147037
19,34200,1097.25122147037
19,34250,1097.25122147037
19,34300,1097.25122147037
19,34350,1097.25122147037
19,34400,1097.25122147037
19,34450,1097.25122147037
19,34500,1097.25122147037
19,34550,1097.25122147037
19,34600,1097.25122147037
19,34650,1097.25122147037
19,34700,1097.25122147037
19,34750,1097.25122147037
19,34800,1097.25122147037
19,34850,1097.25122147037
19,34900,1097.25122147037
19,34950,1097.25122147037
19,35000,1097.25122147037
19,35050,1097.25122147037
19,35100,1097.25122147037
19,35150,1097.25122147037
19,35200,1097.25122147037
19,35250,1097.25122147037
19,35300,1097.25122147037
19,35350,1097.25122147037
19,35400,1097.25122147037
19,35450,1097.25122147037
19,35500,1097.25122147037
19,35550,1097.25122147037
19,35600,1097.25122147037
19,35650,1097.25122147037
19,35700,1097.25122147037
19,35750,1097.25122147037
19,35800,1097.25122147037
19,35850,1097.25122147037
19,35900,1097.25122147037
19,35950,1097.25122147037
19,36000,1097.25122147037
19,36050,1097.25122147037
19,36100,1097.25122147037
19,36150,1097.25122147037
19,36200,1097.25122147037
19,36250,1097.25122147037
19,36300,1097.25122147037
19,36350,1097.25122147037
19,36400,1097.25122147037
19,36450,1097.25122147037
19,36500,1097.25122147037
19,36550,1097.25122147037
19,36600,1097.25122147037
19,36650,1097.25122147037
19,36700,1097.25122147037
19,36750,1097.25122147037
19,36800,1097.25122147037
19,36850,1097.25122147037
19,36900,1097.25122147037
19,36950,1097.25122147037
19,37000,1097.25122147037
19,37050,1097.25122147037
19,37100,1097.25122147037
19,37150,1097.25122147037
19,37200,1097.25122147037
19,37250,1097.25122147037
19,37300,1097.25122147037
19,37350,1097.25122147037
19,37400,1097.25122147037
19,37450,1097.25122147037
19,37500,1097.25122147037
19,37550,1097.25122147037
19,37600,1097.25122147037
19,37650,1097.25122147037
19,37700,1097.25122147037
19,37750,1097.25122147037
19,37800,1097.25122147037
19,37850,1097.25122147037
19,37900,1097.25122147037
19,37950,1097.25122147037
19,38000,1097.25122147037
19,38050,1097.25122147037
19,38100,1097.25122147037
19,38150,1097.25122147037
19,38200,1097.25122147037
19,38250,1097.25122147037
19,38300,1097.25122147037
19,38350,1097.25122147037
19,38400,1097.25122147037
19,38450,1097.25122147037
19,38500,1097.25122147037
19,38550,1097.25122147037
19,38600,1097.25122147037
19,38650,1097.25122147037
19,38700,1097.25122147037
19,38750,1097.25122147037
19,38800,1097.25122147037
19,38850,1097.25122147037
19,38900,1097.25122147037
19,38950,1097.25122147037
19,39000,1097.25122147037
19,39050,1097.25122147037
19,39100,1097.25122147037
19,39150,1097.25122147037
19,39200,1097.25122147037
19,39250,1097.25122147037
19,39300,1097.25122147037
19,39350,1097.25122147037
19,39400,1097.25122147037
19,39450,1097.25122147037
19,39500,1097.25122147037
19,39550,1097.25122147037
19,39600,1097.25122147037
19,39650,1097.25122147037
19,39700,1097.25122147037
19,39750,1097.25122147037
19,39800,1097.25122147037
19,39850,1097.25122147037
19,39900,1097.25122147037
19,39950,1097.25122147037
19,40000,1097.25122147037
19,40050,1097.25122147037
19,40100,1097.25122147037
19,40150,1097.25122147037
19,40200,1097.25122147037
19,40250,1097.25122147037
19,40300,1097.25122147037
19,40350,1097.25122147037
19,40400,1097.25122147037
19,40450,1097.25122147037
19,40500,1097.25122147037
19,40550,1097.25122147037
19,40600,1097.25122147037
19,40650,1097.25122147037
19,40700,1097.25122147037
19,40750,1097.25122147037
19,40800,1097.25122147037
19,40850,1097.25122147037
19,40900,1097.25122147037
19,40950,1097.25122147037
19,41000,1097.25122147037
19,41050,1097.25122147037
19,41100,1097.25122147037
19,41150,1097.25122147037
19,41200,1097.25122147037
19,41250,1097.25122147037
19,41300,1097.25122147037
19,41350,1097.25122147037
19,41400,1097.25122147037
19,41450,1097.25122147037
19,41500,1097.25122147037
19,41550,1097.25122147037
19,41600,1097.25122147037
19,41650,1097.25122147037
19,41700,1097.25122147037
19,41750,1097.25122147037
19,41800,1097.25122147037
19,41850,1097.25122147037
19,41900,1097.25122147037
19,41950,1097.25122147037
19,42000,1097.25122147037
19,42050,1097.25122147037
19,42100,1097.25122147037
19,42150,1097.25122147037
19,42200,1097.25122147037
19,42250,1097.25122147037
19,42300,1097.25122147037
19,42350,1097.25122147037
19,42400,1097.25122147037
19,42450,1097.25122147037
19,42500,1097.25122147037
19,42550,1097.25122147037
19,42600,1097.25122147037
19,42650,1097.25122147037
19,42700,1097.25122147037
19,42750,1097.25122147037
19,42800,1097.25122147037
19,42850,1097.25122147037
19,42900,1097.25122147037
19,42950,1097.25122147037
19,43000,1097.25122147037
19,43050,1097.25122147037
19,43100,1097.25122147037
19,43150,1097.25122147037
19,43200,1097.25122147037
19,43250,1097.25122147037
19,43300,1097.25122147037
19,43350,1097.25122147037
19,43400,1097.25122147037
19,43450,1097.25122147037
19,43500,1097.25122147037
19,43550,1097.25122147037
19,43600,1097.25122147037
19,43650,1097.25122147037
19,43700,1097.25122147037
19,43750,1097.25122147037
19,43800,1097.25122147037
19,43850,1097.25122147037
19,43900,1097.25122147037
19,43950,1097.25122147037
19,44000,1097.25122147037
19,44050,1097.25122147037
19,44100,1097.25122147037
19,44150,1097.25122147037
19,44200,1097.25122147037
19,44250,1097.25122147037
19,44300,1097.25122147037
19,44350,1097.25122147037
19,44400,1097.25122147037
19,44450,1097.25122147037
19,44500,1097.25122147037
19,44550,1097.25122147037
19,44600,1097.25122147037
19,44650,1097.25122147037
19,44700,1097.25122147037
19,44750,1097.25122147037
19,44800,1097.25122147037
19,44850,1097.25122147037
19,44900,1097.25122147037
19,44950,1097.25122147037
19,45000,1097.25122147037
19,45050,1097.25122147037
19,45100,1097.25122147037
19,45150,1097.25122147037
19,45200,1097.25122147037
19,45250,1097.25122147037
19,45300,1097.25122147037
19,45350,1097.25122147037
19,45400,1097.25122147037
19,45450,1097.25122147037
19,45500,1097.25122147037
19,45550,1097.25122147037
19,45600,1097.25122147037
19,45650,1097.25122147037
19,45700,1059.3027785763238
19,45750,1059.3027785763238
19,45800,1059.3027785763238
19,45850,1059.3027785763238
19,45900,1059.3027785763238
19,45950,1059.3027785763238
19,46000,1059.3027785763238
19,46050,1059.3027785763238
19,46100,1059.3027785763238
19,46150,1059.3027785763238
19,46200,1059.3027785763238
19,46250,1059.3027785763238
19,46300,1059.3027785763238
19,46350,1059.3027785763238
19,46400,1059.3027785763238
19,46450,1059.3027785763238
19,46500,1059.3027785763238
19,46550,1059.3027785763238
19,46600,1059.3027785763238
19,46650,1059.3027785763238
19,46700,1059.3027785763238
19,46750,1059.3027785763238
19,46800,1059.3027785763238
19,46850,1059.3027785763238
19,46900,1059.3027785763238
19,46950,1059.3027785763238
19,47000,1059.3027785763238
19,47050,1059.3027785763238
19,47100,1059.3027785763238
19,47150,1059.3027785763238
19,47200,1059.3027785763238
19,47250,1059.3027785763238
19,47300,1059.3027785763238
19,47350,1059.3027785763238
19,47400,1059.3027785763238
19,47450,1059.3027785763238
19,47500,1059.3027785763238
19,47550,1059.3027785763238
19,47600,1059.3027785763238
19,47650,1059.3027785763238
19,47700,1059.3027785763238
19,47750,1059.3027785763238
19,47800,1059.3027785763238
19,47850,1059.3027785763238
19,47900,1059.3027785763238
19,47950,1059.3027785763238
19,48000,1059.3027785763238
19,48050,1059.3027785763238
19,48100,1059.3027785763238
19,48150,1059.3027785763238
19,48200,1059.3027785763238
19,48250,1059.3027785763238
19,48300,1059.3027785763238
19,48350,1059.3027785763238
19,48400,1059.3027785763238
19,48450,1059.3027785763238
19,48500,1059.3027785763238
19,48550,1059.3027785763238
19,48600,1059.3027785763238
19,48650,1059.3027785763238
19,48700,1059.3027785763238
19,48750,1059.3027785763238
19,48800,1059.3027785763238
19,48850,1059.3027785763238
19,48900,1059.3027785763238
19,48950,1059.3027785763238
19,49000,1059.3027785763238
19,49050,1059.3027785763238
19,49100,1059.3027785763238
19,49150,1059.3027785763238
19,49200,1059.3027785763238
19,49250,1059.3027785763238
19,49300,1059.3027785763238
19,49350,1059.3027785763238
19,49400,1059.3027785763238
19,49450,1059.3027785763238
19,49500,1059.3027785763238
19,49550,1059.3027785763238
19,49600,1059.3027785763238
19,49650,1059.3027785763238
19,49700,1059.3027785763238
19,49750,1059.3027785763238
19,49800,1059.3027785763238
19,49850,1059.3027785763238
19,49900,1059.3027785763238
19,49950,1059.3027785763238
19,50000,1059.3027785763238
20,50,1394.6356991794892
20,100,1382.4543766024897
20,150,1382.4543766024897
20,200,1382.4543766024897
20,250,1382.4543766024897
20,300,1382.4543766024897
20,350,1279.403188692824
20,400,1279.403188692824
20,450,1279.403188692824
20,500,1279.403188692824
20,550,1279.403188692824
20,600,1279.403188692824
20,650,1227.8694644574607
20,700,1176.91199871537
20,750,1176.91199871537
20,800,1176.91199871537
20,850,1176.91199871537
20,900,1176.91199871537
20,950,1176.91199871537
20,1000,1176.91199871537
20,1050,1176.91199871537
20,1100,1176.91199871537
20,1150,1176.91199871537
20,1200,1176.91199871537
20,1250,1176.91199871537
20,1300,1155.8626549231672
20,1350,1155.8626549231672
20,1400,1155.8626549231672
20,1450,1155.8626549231672
20,1500,1155.8626549231672
20,1550,1155.8626549231672
20,1600,1155.8626549231672
20,1650,1155.8626549231672
20,1700,1155.8626549231672
20,1750,1155.8626549231672
20,1800,1155.8626549231672
20,1850,1155.8626549231672
20,1900,1155.8626549231672
20,1950,1155.8626549231672
20,2000,1155.8626549231672
20,2050,1143.3092502098696
20,2100,1143.3092502098696
20,2150,1143.3092502098696
20,2200,1143.3092502098696
20,2250,1143.3092502098696
20,2300,1143.3092502098696
20,2350,1143.3092502098696
20,2400,1143.3092502098696
20,2450,1143.3092502098696
20,2500,1143.3092502098696
20,2550,1143.3092502098696
20,2600,1143.3092502098696
20,2650,1143.3092502098696
20,2700,1143.3092502098696
20,2750,1143.3092502098696
20,2800,1143.3092502098696
20,2850,1143.3092502098696
20,2900,1143.3092502098696
20,2950,1143.3092502098696
20,3000,1143.3092502098696
20,3050,1143.3092502098696
20,3100,1143.3092502098696
20,3150,1143.3092502098696
20,3200,1143.3092502098696
20,3250,1143.3092502098696
20,3300,1143.3092502098696
20,3350,1143.3092502098696
20,3400,1143.3092502098696
20,3450,1143.3092502098696
20,3500,1143.3092502098696
20,3550,1143.3092502098696
20,3600,1143.3092502098696
20,3650,1143.3092502098696
20,3700,1143.3092502098696
20,3750,1143.3092502098696
20,3800,1143.3092502098696
20,3850,1143.3092502098696
20,3900,1143.3092502098696
20,3950,1143.3092502098696
20,4000,1143.3092502098696
20,4050,1143.3092502098696
20,4100,1143.3092502098696
20,4150,1143.3092502098696
20,4200,1143.3092502098696
20,4250,1143.3092502098696
20,4300,1143.3092502098696
20,4350,1143.3092502098696
20,4400,1143.3092502098696
20,4450,1143.3092502098696
20,4500,1143.3092502098696
20,4550,1143.3092502098696
20,4600,1143.3092502098696
20,4650,1143.3092502098696
20,4700,1143.3092502098696
20,4750,1143.3092502098696
20,4800,1143.3092502098696
20,4850,1143.3092502098696
20,4900,1143.3092502098696
20,4950,1143.3092502098696
20,5000,1143.3092502098696
20,5050,1143.3092502098696
20,5100,1143.3092502098696
20,5150,1143.3092502098696
20,5200,1143.3092502098696
20,5250,1143.3092502098696
20,5300,1143.3092502098696
20,5350,1143.3092502098696
20,5400,1143.3092502098696
20,5450,1143.3092502098696
20,5500,1143.3092502098696
20,5550,1143.3092502098696
20,5600,1143.3092502098696
20,5650,1143.3092502098696
20,5700,1143.3092502098696
20,5750,1143.3092502098696
20,5800,1143.3092502098696
20,5850,1143.3092502098696
20,5900,1143.3092502098696
20,5950,1143.3092502098696
20,6000,1143.3092502098696
20,6050,1143.3092502098696
20,6100,1143.3092502098696
20,6150,1143.3092502098696
20,6200,1143.3092502098696
20,6250,1143.3092502098696
20,6300,1125.416557967822
20,6350,1125.416557967822
20,6400,1125.416557967822
20,6450,1125.416557967822
20,6500,1125.416557967822
20,6550,1125.416557967822
20,6600,1125.416557967822
20,6650,1125.416557967822
20,6700,1125.416557967822
20,6750,1125.416557967822
20,6800,1125.416557967822
20,6850,1125.416557967822
20,6900,1125.416557967822
20,6950,1125.416557967822
20,7000,1125.416557967822
20,7050,1125.416557967822
20,7100,1125.416557967822
20,7150,1125.416557967822
20,7200,1095.280604387023
20,7250,1095.280604387023
20,7300,1095.280604387023
20,7350,1095.280604387023
20,7400,1095.280604387023
20,7450,1095.280604387023
20,7500,1095.280604387023
20,7550,1095.280604387023
20,7600,1095.280604387023
20,7650,1095.280604387023
20,7700,1095.280604387023
20,7750,1095.280604387023
20,7800,1095.280604387023
20,7850,1095.280604387023
20,7900,1095.280604387023
20,7950,1095.280604387023
20,8000,1095.280604387023
20,8050,1095.280604387023
20,8100,1095.280604387023
20,8150,1095.280604387023
20,8200,1095.280604387023
20,8250,1095.280604387023
20,8300,1095.280604387023
20,8350,1095.280604387023
20,8400,1095.280604387023
20,8450,1095.280604387023
20,8500,1095.280604387023
20,8550,1095.280604387023
20,8600,1095.280604387023
20,8650,1095.280604387023
20,8700,1095.280604387023
20,8750,1095.280604387023
20,8800,1095.280604387023
20,8850,1095.280604387023
20,8900,1095.280604387023
20,8950,1095.280604387023
20,9000,1095.280604387023
20,9050,1095.280604387023
20,9100,1095.280604387023
20,9150,1095.280604387023
20,9200,1095.280604387023
20,9250,1095.280604387023
20,9300,1095.280604387023
20,9350,1095.280604387023
20,9400,1095.280604387023
20,9450,1095.280604387023
20,9500,1095.280604387023
20,9550,1095.280604387023
20,9600,1095.280604387023
20,9650,1095.280604387023
20,9700,1095.280604387023
20,9750,1095.280604387023
20,9800,1095.280604387023
20,9850,1095.280604387023
20,9900,1095.280604387023
20,9950,1095.280604387023
20,10000,1095.280604387023
20,10050,1095.280604387023
20,10100,1095.280604387023
20,10150,1095.280604387023
20,10200,1095.280604387023
20,10250,1095.280604387023
20,10300,1095.280604387023
20,10350,1095.280604387023
20,10400,1095.280604387023
20,10450,1095.280604387023
20,10500,1095.280604387023
20,10550,1095.280604387023
20,10600,1095.280604387023
20,10650,1095.280604387023
20,10700,1095.280604387023
20,10750,1095.280604387023
20,10800,1095.280604387023
20,10850,1095.280604387023
20,10900,1095.280604387023
20,10950,1095.280604387023
20,11000,1095.280604387023
20,11050,1095.280604387023
20,11100,1095.280604387023
20,11150,1095.280604387023
20,11200,1095.280604387023
20,11250,1095.280604387023
20,11300,1095.280604387023
20,11350,1095.280604387023
20,11400,1095.280604387023
20,11450,1095.280604387023
20,11500,1095.280604387023
20,11550,1095.280604387023
20,11600,1095.280604387023
20,11650,1095.280604387023
20,11700,1095.280604387023
20,11750,1095.280604387023
20,11800,1095.280604387023
20,11850,1095.280604387023
20,11900,1095.280604387023
20,11950,1095.280604387023
20,12000,1095.280604387023
20,12050,1095.280604387023
20,12100,1095.280604387023
20,12150,1095.280604387023
20,12200,1095.280604387023
20,12250,1095.280604387023
20,12300,1095.280604387023
20,12350,1095.280604387023
20,12400,1095.280604387023
20,12450,1095.280604387023
20,12500,1095.280604387023
20,12550,1095.280604387023
20,12600,1095.280604387023
20,12650,1095.280604387023
20,12700,1095.280604387023
20,12750,1095.280604387023
20,12800,1095.280604387023
20,12850,1095.280604387023
20,12900,1095.280604387023
20,12950,1095.280604387023
20,13000,1095.280604387023
20,13050,1095.280604387023
20,13100,1095.280604387023
20,13150,1095.280604387023
20,13200,1095.280604387023
20,13250,1095.280604387023
20,13300,1095.280604387023
20,13350,1095.280604387023
20,13400,1095.280604387023
20,13450,1095.280604387023
20,13500,1095.280604387023
20,13550,1095.280604387023
20,13600,1095.280604387023
20,13650,1095.280604387023
20,13700,1095.280604387023
20,13750,1095.280604387023
20,13800,1095.280604387023
20,13850,1095.280604387023
20,13900,1095.280604387023
20,13950,1095.280604387023
20,14000,1095.280604387023
20,14050,1095.280604387023
20,14100,1095.280604387023
20,14150,1095.280604387023
20,14200,1095.280604387023
20,14250,1095.280604387023
20,14300,1095.280604387023
20,14350,1095.280604387023
20,14400,1095.280604387023
20,14450,1095.280604387023
20,14500,1095.280604387023
20,14550,1095.280604387023
20,14600,1095.280604387023
20,14650,1095.280604387023
20,14700,1095.280604387023
20,14750,1095.280604387023
20,14800,1095.280604387023
20,14850,1095.280604387023
20,14900,1095.280604387023
20,14950,1095.280604387023
20,15000,1095.280604387023
20,15050,1095.280604387023
20,15100,1095.280604387023
20,15150,1095.280604387023
20,15200,1095.280604387023
20,15250,1095.280604387023
20,15300,1095.280604387023
20,15350,1095.280604387023
20,15400,1095.280604387023
20,15450,1095.280604387023
20,15500,1095.280604387023
20,15550,1095.280604387023
20,15600,1095.280604387023
20,15650,1095.280604387023
20,15700,1095.280604387023
20,15750,1095.280604387023
20,15800,1095.280604387023
20,15850,1095.280604387023
20,15900,1095.280604387023
20,15950,1095.280604387023
20,16000,1095.280604387023
20,16050,1095.280604387023
20,16100,1095.280604387023
20,16150,1095.280604387023
20,16200,1095.280604387023
20,16250,1095.280604387023
20,16300,1095.280604387023
20,16350,1095.280604387023
20,16400,1095.280604387023
20,16450,1095.280604387023
20,16500,1095.280604387023
20,16550,1095.280604387023
20,16600,1095.280604387023
20,16650,1095.280604387023
20,16700,1095.280604387023
20,16750,1095.280604387023
20,16800,1095.280604387023
20,16850,1095.280604387023
20,16900,1095.280604387023
20,16950,1095.280604387023
20,17000,1095.280604387023
20,17050,1095.280604387023
20,17100,1095.280604387023
20,17150,1095.280604387023
20,17200,1095.280604387023
20,17250,1095.280604387023
20,17300,1095.280604387023
20,17350,1095.280604387023
20,17400,1095.280604387023
20,17450,1095.280604387023
20,17500,1095.280604387023
20,17550,1095.280604387023
20,17600,1095.280604387023
20,17650,1095.280604387023
20,17700,1095.280604387023
20,17750,1095.280604387023
20,17800,1095.280604387023
20,17850,1095.280604387023
20,17900,1095.280604387023
20,17950,1095.280604387023
20,18000,1095.280604387023
20,18050,1095.280604387023
20,18100,1095.280604387023
20,18150,1095.280604387023
20,18200,1095.280604387023
20,18250,1095.280604387023
20,18300,1095.280604387023
20,18350,1095.280604387023
20,18400,1095.280604387023
20,18450,1095.280604387023
20,18500,1095.280604387023
20,18550,1095.280604387023
20,18600,1095.280604387023
20,18650,1095.280604387023
20,18700,1095.280604387023
20,18750,1095.280604387023
20,18800,1095.280604387023
20,18850,1095.280604387023
20,18900,1095.280604387023
20,18950,1095.280604387023
20,19000,1095.280604387023
20,19050,1095.280604387023
20,19100,1095.280604387023
20,19150,1095.280604387023
20,19200,1095.280604387023
20,19250,1095.280604387023
20,19300,1095.280604387023
20,19350,1095.280604387023
20,19400,1095.280604387023
20,19450,1095.280604387023
20,19500,1095.280604387023
20,19550,1095.280604387023
20,19600,1095.280604387023
20,19650,1095.280604387023
20,19700,1095.280604387023
20,19750,1095.280604387023
20,19800,1095.280604387023
20,19850,1095.280604387023
20,19900,1095.280604387023
20,19950,1095.280604387023
20,20000,1095.280604387023
20,20050,1095.280604387023
20,20100,1095.280604387023
20,20150,1095.280604387023
20,20200,1095.280604387023
20,20250,1095.280604387023
20,20300,1095.280604387023
20,20350,1095.280604387023
20,20400,1095.280604387023
20,20450,1095.280604387023
20,20500,1095.280604387023
20,20550,1095.280604387023
20,20600,1095.280604387023
20,20650,1095.280604387023
20,20700,1095.280604387023
20,20750,1095.280604387023
20,20800,1095.280604387023
20,20850,1095.280604387023
20,20900,1095.280604387023
20,20950,1095.280604387023
20,21000,1095.280604387023
20,21050,1095.280604387023
20,21100,1095.280604387023
20,21150,1095.280604387023
20,21200,1095.280604387023
20,21250,1095.280604387023
20,21300,1095.280604387023
20,21350,1095.280604387023
20,21400,1095.280604387023
20,21450,1095.280604387023
20,21500,1095.280604387023
20,21550,1095.280604387023
20,21600,1095.280604387023
20,21650,1095.280604387023
20,21700,1095.280604387023
20,21750,1095.280604387023
20,21800,1095.280604387023
20,21850,1095.280604387023
20,21900,1095.280604387023
20,21950,1095.280604387023
20,22000,1095.280604387023
20,22050,1095.280604387023
20,22100,1095.280604387023
20,22150,1095.280604387023
20,22200,1095.280604387023
20,22250,1095.280604387023
20,22300,1095.280604387023
20,22350,1095.280604387023
20,22400,1095.280604387023
20,22450,1095.280604387023
20,22500,1095.280604387023
20,22550,1095.280604387023
20,22600,1095.280604387023
20,22650,1095.280604387023
20,22700,1095.280604387023
20,22750,1095.280604387023
20,22800,1095.280604387023
20,22850,1095.280604387023
20,22900,1095.280604387023
20,22950,1095.280604387023
20,23000,1095.280604387023
20,23050,1095.280604387023
20,23100,1095.280604387023
20,23150,1095.280604387023
20,23200,1095.280604387023
20,23250,1095.280604387023
20,23300,1095.280604387023
20,23350,1095.280604387023
20,23400,1095.280604387023
20,23450,1095.280604387023
20,23500,1095.280604387023
20,23550,1095.280604387023
20,23600,1095.280604387023
20,23650,1095.280604387023
20,23700,1095.280604387023
20,23750,1095.280604387023
20,23800,1095.280604387023
20,23850,1095.280604387023
20,23900,1095.280604387023
20,23950,1095.280604387023
20,24000,1095.280604387023
20,24050,1095.280604387023
20,24100,1095.280604387023
20,24150,1095.280604387023
20,24200,1095.280604387023
20,24250,1095.280604387023
20,24300,1095.280604387023
20,24350,1095.280604387023
20,24400,1095.280604387023
20,24450,1095.280604387023
20,24500,1095.280604387023
20,24550,1095.280604387023
20,24600,1095.280604387023
20,24650,1095.280604387023
20,24700,1095.280604387023
20,24750,1095.280604387023
20,24800,1095.280604387023
20,24850,1095.280604387023
20,24900,1095.280604387023
20,24950,1095.280604387023
20,25000,1095.280604387023
20,25050,1095.280604387023
20,25100,1095.280604387023
20,25150,1095.280604387023
20,25200,1095.280604387023
20,25250,1095.280604387023
20,25300,1095.280604387023
20,25350,1095.280604387023
20,25400,1095.280604387023
20,25450,1095.280604387023
20,25500,1095.280604387023
20,25550,1095.280604387023
20,25600,1095.280604387023
20,25650,1095.280604387023
20,25700,1095.280604387023
20,25750,1095.280604387023
20,25800,1095.280604387023
20,25850,1095.280604387023
20,25900,1095.280604387023
20,25950,1095.280604387023
20,26000,1095.280604387023
20,26050,1095.280604387023
20,26100,1095.280604387023
20,26150,1095.280604387023
20,26200,1095.280604387023
20,26250,1095.280604387023
20,26300,1095.280604387023
20,26350,1095.280604387023
20,26400,1095.280604387023
20,26450,1095.280604387023
20,26500,1095.280604387023
20,26550,1095.280604387023
20,26600,1095.280604387023
20,26650,1095.280604387023
20,26700,1095.280604387023
20,26750,1095.280604387023
20,26800,1095.280604387023
20,26850,1095.280604387023
20,26900,1095.280604387023
20,26950,1095.280604387023
20,27000,1095.280604387023
20,27050,1095.280604387023
20,27100,1095.280604387023
20,27150,1095.280604387023
20,27200,1095.280604387023
20,27250,1095.280604387023
20,27300,1095.280604387023
20,27350,1095.280604387023
20,27400,1095.280604387023
20,27450,1095.280604387023
20,27500,1095.280604387023
20,27550,1095.280604387023
20,27600,1095.280604387023
20,27650,1095.280604387023
20,27700,1095.280604387023
20,27750,1095.280604387023
20,27800,1095.280604387023
20,27850,1095.280604387023
20,27900,1095.280604387023
20,27950,1095.280604387023
20,28000,1095.280604387023
20,28050,1095.280604387023
20,28100,1095.280604387023
20,28150,1095.280604387023
20,28200,1095.280604387023
20,28250,1095.280604387023
20,28300,1095.280604387023
20,28350,1095.280604387023
20,28400,1095.280604387023
20,28450,1095.280604387023
20,28500,1095.280604387023
20,28550,1095.280604387023
20,28600,1095.280604387023
20,28650,1095.280604387023
20,28700,1095.280604387023
20,28750,1095.280604387023
20,28800,1095.280604387023
20,28850,1095.280604387023
20,28900,1095.280604387023
20,28950,1095.280604387023
20,29000,1095.280604387023
20,29050,1095.280604387023
20,29100,1095.280604387023
20,29150,1095.280604387023
20,29200,1095.280604387023
20,29250,1095.280604387023
20,29300,1095.280604387023
20,29350,1095.280604387023
20,29400,1095.280604387023
20,29450,1095.280604387023
20,29500,1095.280604387023
20,29550,1095.280604387023
20,29600,1095.280604387023
20,29650,1095.280604387023
20,29700,1095.280604387023
20,29750,1095.280604387023
20,29800,1095.280604387023
20,29850,1095.280604387023
20,29900,1095.280604387023
20,29950,1095.280604387023
20,30000,1095.280604387023
20,30050,1095.280604387023
20,30100,1095.280604387023
20,30150,1095.280604387023
20,30200,1095.280604387023
20,30250,1095.280604387023
20,30300,1095.280604387023
20,30350,1095.280604387023
20,30400,1095.280604387023
20,30450,1095.280604387023
20,30500,1095.280604387023
20,30550,1095.280604387023
20,30600,1095.280604387023
20,30650,1095.280604387023
20,30700,1095.280604387023
20,30750,1095.280604387023
20,30800,1095.280604387023
20,30850,1095.280604387023
20,30900,1095.280604387023
20,30950,1095.280604387023
20,31000,1095.280604387023
20,31050,1095.280604387023
20,31100,1095.280604387023
20,31150,1095.280604387023
20,31200,1095.280604387023
20,31250,1095.280604387023
20,31300,1095.280604387023
20,31350,1095.280604387023
20,31400,1095.280604387023
20,31450,1095.280604387023
20,31500,1095.280604387023
20,31550,1095.280604387023
20,31600,1095.280604387023
20,31650,1095.280604387023
20,31700,1095.280604387023
20,31750,1095.280604387023
20,31800,1095.280604387023
20,31850,1095.280604387023
20,31900,1095.280604387023
20,31950,1095.280604387023
20,32000,1095.280604387023
20,32050,1095.280604387023
20,32100,1095.280604387023
20,32150,1095.280604387023
20,32200,1095.280604387023
20,32250,1095.280604387023
20,32300,1095.280604387023
20,32350,1095.280604387023
20,32400,1095.280604387023
20,32450,1095.280604387023
20,32500,1095.280604387023
20,32550,1095.280604387023
20,32600,1095.280604387023
20,32650,1095.280604387023
20,32700,1095.280604387023
20,32750,1095.280604387023
20,32800,1095.280604387023
20,32850,1095.280604387023
20,32900,1095.280604387023
20,32950,1095.280604387023
20,33000,1095.280604387023
20,33050,1095.280604387023
20,33100,1095.280604387023
20,33150,1095.280604387023
20,33200,1095.280604387023
20,33250,1095.280604387023
20,33300,1095.280604387023
20,33350,1095.280604387023
20,33400,1095.280604387023
20,33450,1095.280604387023
20,33500,1095.280604387023
20,33550,1095.280604387023
20,33600,1095.280604387023
20,33650,1095.280604387023
20,33700,1095.280604387023
20,33750,1095.280604387023
20,33800,1095.280604387023
20,33850,1095.280604387023
20,33900,1095.280604387023
20,33950,1095.280604387023
20,34000,1095.280604387023
20,34050,1095.280604387023
20,34100,1095.280604387023
20,34150,1095.280604387023
20,34200,1095.280604387023
20,34250,1095.280604387023
20,34300,1095.280604387023
20,34350,1095.280604387023
20,34400,1095.280604387023
20,34450,1095.280604387023
20,34500,1095.280604387023
20,34550,1095.280604387023
20,34600,1095.280604387023
20,34650,1095.280604387023
20,34700,1095.280604387023
20,34750,1095.280604387023
20,34800,1095.280604387023
20,34850,1095.280604387023
20,34900,1095.280604387023
20,34950,1095.280604387023
20,35000,1095.280604387023
20,35050,1095.280604387023
20,35100,1095.280604387023
20,35150,1095.280604387023
20,35200,1095.280604387023
20,35250,1095.280604387023
20,35300,1095.280604387023
20,35350,1095.280604387023
20,35400,1095.280604387023
20,35450,1095.280604387023
20,35500,1095.280604387023
20,35550,1095.280604387023
20,35600,1095.280604387023
20,35650,1095.280604387023
20,35700,1095.280604387023
20,35750,1095.280604387023
20,35800,1095.280604387023
20,35850,1095.280604387023
20,35900,1095.280604387023
20,35950,1095.280604387023
20,36000,1095.280604387023
20,36050,1095.280604387023
20,36100,1095.280604387023
20,36150,1095.280604387023
20,36200,1095.280604387023
20,36250,1095.280604387023
20,36300,1095.280604387023
20,36350,1095.280604387023
20,36400,1095.280604387023
20,36450,1095.280604387023
20,36500,1095.280604387023
20,36550,1095.280604387023
20,36600,1095.280604387023
20,36650,1095.280604387023
20,36700,1095.280604387023
20,36750,1095.280604387023
20,36800,1095.280604387023
20,36850,1095.280604387023
20,36900,1095.280604387023
20,36950,1095.280604387023
20,37000,1095.280604387023
20,37050,1095.280604387023
20,37100,1095.280604387023
20,37150,1095.280604387023
20,37200,1095.280604387023
20,37250,1095.280604387023
20,37300,1095.280604387023
20,37350,1095.280604387023
20,37400,1095.280604387023
20,37450,1095.280604387023
20,37500,1095.280604387023
20,37550,1095.280604387023
20,37600,1095.280604387023
20,37650,1095.280604387023
20,37700,1095.280604387023
20,37750,1095.280604387023
20,37800,1095.280604387023
20,37850,1095.280604387023
20,37900,1095.280604387023
20,37950,1095.280604387023
20,38000,1095.280604387023
20,38050,1095.280604387023
20,38100,1095.280604387023
20,38150,1095.280604387023
20,38200,1095.280604387023
20,38250,1095.280604387023
20,38300,1095.280604387023
20,38350,1095.280604387023
20,38400,1095.280604387023
20,38450,1095.280604387023
20,38500,1095.280604387023
20,38550,1095.280604387023
20,38600,1095.280604387023
20,38650,1095.280604387023
20,38700,1095.280604387023
20,38750,1095.280604387023
20,38800,1095.280604387023
20,38850,1095.280604387023
20,38900,1095.280604387023
20,38950,1095.280604387023
20,39000,1095.280604387023
20,39050,1095.280604387023
20,39100,1095.280604387023
20,39150,1095.280604387023
20,39200,1095.280604387023
20,39250,1095.280604387023
20,39300,1095.280604387023
20,39350,1095.280604387023
20,39400,1095.280604387023
20,39450,1095.280604387023
20,39500,1095.280604387023
20,39550,1095.280604387023
20,39600,1095.280604387023
20,39650,1095.280604387023
20,39700,1095.280604387023
20,39750,1095.280604387023
20,39800,1095.280604387023
20,39850,1095.280604387023
20,39900,1095.280604387023
20,39950,1095.280604387023
20,40000,1095.280604387023
20,40050,1095.280604387023
20,40100,1095.280604387023
20,40150,1095.280604387023
20,40200,1095.280604387023
20,40250,1095.280604387023
20,40300,1095.280604387023
20,40350,1095.280604387023
20,40400,1095.280604387023
20,40450,1095.280604387023
20,40500,1095.280604387023
20,40550,1095.280604387023
20,40600,1095.280604387023
20,40650,1095.280604387023
20,40700,1095.280604387023
20,40750,1095.280604387023
20,40800,1095.280604387023
20,40850,1095.280604387023
20,40900,1095.280604387023
20,40950,1095.280604387023
20,41000,1095.280604387023
20,41050,1095.280604387023
20,41100,1095.280604387023
20,41150,1095.280604387023
20,41200,1095.280604387023
20,41250,1095.280604387023
20,41300,1095.280604387023
20,41350,1095.280604387023
20,41400,1095.280604387023
20,41450,1095.280604387023
20,41500,1095.280604387023
20,41550,1095.280604387023
20,41600,1095.280604387023
20,41650,1095.280604387023
20,41700,1095.280604387023
20,41750,1095.280604387023
20,41800,1095.280604387023
20,41850,1095.280604387023
20,41900,1095.280604387023
20,41950,1095.280604387023
20,42000,1095.280604387023
20,42050,1095.280604387023
20,42100,1095.280604387023
20,42150,1095.280604387023
20,42200,1095.280604387023
20,42250,1095.280604387023
20,42300,1095.280604387023
20,42350,1095.280604387023
20,42400,1095.280604387023
20,42450,1095.280604387023
20,42500,1095.280604387023
20,42550,1095.280604387023
20,42600,1095.280604387023
20,42650,1095.280604387023
20,42700,1095.280604387023
20,42750,1095.280604387023
20,42800,1095.280604387023
20,42850,1095.280604387023
20,42900,1095.280604387023
20,42950,1095.280604387023
20,43000,1095.280604387023
20,43050,1095.280604387023
20,43100,1095.280604387023
20,43150,1095.280604387023
20,43200,1095.280604387023
20,43250,1095.280604387023
20,43300,1095.280604387023
20,43350,1095.280604387023
20,43400,1095.280604387023
20,43450,1095.280604387023
20,43500,1095.280604387023
20,43550,1095.280604387023
20,43600,1095.280604387023
20,43650,1095.280604387023
20,43700,1095.280604387023
20,43750,1095.280604387023
20,43800,1095.280604387023
20,43850,1095.280604387023
20,43900,1095.280604387023
20,43950,1095.280604387023
20,44000,1095.280604387023
20,44050,1095.280604387023
20,44100,1095.280604387023
20,44150,1095.280604387023
20,44200,1095.280604387023
20,44250,1095.280604387023
20,44300,1095.280604387023
20,44350,1095.280604387023
20,44400,1095.280604387023
20,44450,1095.280604387023
20,44500,1095.280604387023
20,44550,1095.280604387023
20,44600,1095.280604387023
20,44650,1095.280604387023
20,44700,1095.280604387023
20,44750,1095.280604387023
20,44800,1095.280604387023
20,44850,1095.280604387023
20,44900,1095.280604387023
20,44950,1095.280604387023
20,45000,1095.280604387023
20,45050,1095.280604387023
20,45100,1095.280604387023
20,45150,1095.280604387023
20,45200,1095.280604387023
20,45250,1095.280604387023
20,45300,1095.280604387023
20,45350,1095.280604387023
20,45400,1095.280604387023
20,45450,1095.280604387023
20,45500,1095.280604387023
20,45550,1095.280604387023
20,45600,1095.280604387023
20,45650,1095.280604387023
20,45700,1095.280604387023
20,45750,1095.280604387023
20,45800,1095.280604387023
20,45850,1095.280604387023
20,45900,1095.280604387023
20,45950,1095.280604387023
20,46000,1095.280604387023
20,46050,1095.280604387023
20,46100,1095.280604387023
20,46150,1095.280604387023
20,46200,1095.280604387023
20,46250,1095.280604387023
20,46300,1095.280604387023
20,46350,1095.280604387023
20,46400,1095.280604387023
20,46450,1095.280604387023
20,46500,1095.280604387023
20,46550,1095.280604387023
20,46600,1095.280604387023
20,46650,1095.280604387023
20,46700,1095.280604387023
20,46750,1095.280604387023
20,46800,1095.280604387023
20,46850,1095.280604387023
20,46900,1095.280604387023
20,46950,1095.280604387023
20,47000,1095.280604387023
20,47050,1095.280604387023
20,47100,1095.280604387023
20,47150,1095.280604387023
20,47200,1095.280604387023
20,47250,1095.280604387023
20,47300,1095.280604387023
20,47350,1095.280604387023
20,47400,1095.280604387023
20,47450,1095.280604387023
20,47500,1095.280604387023
20,47550,1095.280604387023
20,47600,1095.280604387023
20,47650,1095.280604387023
20,47700,1095.280604387023
20,47750,1095.280604387023
20,47800,1095.280604387023
20,47850,1095.280604387023
20,47900,1095.280604387023
20,47950,1095.280604387023
20,48000,1095.280604387023
20,48050,1095.280604387023
20,48100,1095.280604387023
20,48150,1095.280604387023
20,48200,1095.280604387023
20,48250,1095.280604387023
20,48300,1095.280604387023
20,48350,1095.280604387023
20,48400,1095.280604387023
20,48450,1095.280604387023
20,48500,1095.280604387023
20,48550,1095.280604387023
20,48600,1095.280604387023
20,48650,1095.280604387023
20,48700,1095.280604387023
20,48750,1095.280604387023
20,48800,1095.280604387023
20,48850,1095.280604387023
20,48900,1095.280604387023
20,48950,1095.280604387023
20,49000,1095.280604387023
20,49050,1095.280604387023
20,49100,1095.280604387023
20,49150,1095.280604387023
20,49200,1095.280604387023
20,49250,1095.280604387023
20,49300,1095.280604387023
20,49350,1095.280604387023
20,49400,1095.280604387023
20,49450,1095.280604387023
20,49500,1095.280604387023
20,49550,1095.280604387023
20,49600,1095.280604387023
20,49650,1095.280604387023
20,49700,1095.280604387023
20,49750,1095.280604387023
20,49800,1095.280604387023
20,49850,1095.280604387023
20,49900,1095.280604387023
20,49950,1095.280604387023
20,50000,1095.280604387023
21,50,1372.7306097046385
21,100,1372.7306097046385
21,150,1361.0758268872896
21,200,1361.0758268872896
21,250,1334.6080329855224
21,300,1305.5744551337277
21,350,1305.5744551337277
21,400,1305.5744551337277
21,450,1305.5744551337277
21,500,1305.5744551337277
21,550,1305.5744551337277
21,600,1305.5744551337277
21,650,1280.0878115153869
21,700,1280.0878115153869
21,750,1244.6157671915366
21,800,1236.2488095001504
21,850,1223.1152196342214
21,900,1223.1152196342214
21,950,1223.1152196342214
21,1000,1223.1152196342214
21,1050,1165.263758943444
21,1100,1165.263758943444
21,1150,1165.263758943444
21,1200,1139.3108062577976
21,1250,1139.3108062577976
21,1300,1139.3108062577976
21,1350,1139.3108062577976
21,1400,1139.3108062577976
21,1450,1139.3108062577976
21,1500,1139.3108062577976
21,1550,1139.3108062577976
21,1600,1139.3108062577976
21,1650,1139.3108062577976
21,1700,1139.3108062577976
21,1750,1139.3108062577976
21,1800,1139.3108062577976
21,1850,1139.3108062577976
21,1900,1139.3108062577976
21,1950,1139.3108062577976
21,2000,1139.3108062577976
21,2050,1139.3108062577976
21,2100,1139.3108062577976
21,2150,1134.1473719116698
21,2200,1134.1473719116698
21,2250,1134.1473719116698
21,2300,1134.1473719116698
21,2350,1134.1473719116698
21,2400,1134.1473719116698
21,2450,1134.1473719116698
21,2500,1134.1473719116698
21,2550,1134.1473719116698
21,2600,1134.1473719116698
21,2650,1134.1473719116698
21,2700,1134.1473719116698
21,2750,1134.1473719116698
21,2800,1134.1473719116698
21,2850,1134.1473719116698
21,2900,1118.0011088895694
21,2950,1118.0011088895694
21,3000,1118.0011088895694
21,3050,1118.0011088895694
21,3100,1118.0011088895694
21,3150,1118.0011088895694
21,3200,1118.0011088895694
21,3250,1118.0011088895694
21,3300,1118.0011088895694
21,3350,1118.0011088895694
21,3400,1118.0011088895694
21,3450,1118.0011088895694
21,3500,1118.0011088895694
21,3550,1118.0011088895694
21,3600,1118.0011088895694
21,3650,1118.0011088895694
21,3700,1118.0011088895694
21,3750,1118.0011088895694
21,3800,1118.0011088895694
21,3850,1118.0011088895694
21,3900,1118.0011088895694
21,3950,1118.0011088895694
21,4000,1118.0011088895694
21,4050,1118.0011088895694
21,4100,1118.0011088895694
21,4150,1118.0011088895694
21,4200,1118.0011088895694
21,4250,1118.0011088895694
21,4300,1118.0011088895694
21,4350,1118.0011088895694
21,4400,1118.0011088895694
21,4450,1118.0011088895694
21,4500,1118.0011088895694
21,4550,1118.0011088895694
21,4600,1118.0011088895694
21,4650,1118.0011088895694
21,4700,1118.0011088895694
21,4750,1118.0011088895694
21,4800,1118.0011088895694
21,4850,1118.0011088895694
21,4900,1118.0011088895694
21,4950,1118.0011088895694
21,5000,1118.0011088895694
21,5050,1118.0011088895694
21,5100,1118.0011088895694
21,5150,1118.0011088895694
21,5200,1118.0011088895694
21,5250,1118.0011088895694
21,5300,1118.0011088895694
21,5350,1118.0011088895694
21,5400,1118.0011088895694
21,5450,1118.0011088895694
21,5500,1118.0011088895694
21,5550,1118.0011088895694
21,5600,1118.0011088895694
21,5650,1118.0011088895694
21,5700,1118.0011088895694
21,5750,1118.0011088895694
21,5800,1118.0011088895694
21,5850,1118.0011088895694
21,5900,1118.0011088895694
21,5950,1118.0011088895694
21,6000,1118.0011088895694
21,6050,1118.0011088895694
21,6100,1118.0011088895694
21,6150,1118.0011088895694
21,6200,1118.0011088895694
21,6250,1118.0011088895694
21,6300,1118.0011088895694
21,6350,1118.0011088895694
21,6400,1118.0011088895694
21,6450,1118.0011088895694
21,6500,1118.0011088895694
21,6550,1118.0011088895694
21,6600,1118.0011088895694
21,6650,1118.0011088895694
21,6700,1118.0011088895694
21,6750,1118.0011088895694
21,6800,1118.0011088895694
21,6850,1118.0011088895694
21,6900,1118.0011088895694
21,6950,1118.0011088895694
21,7000,1118.0011088895694
21,7050,1118.0011088895694
21,7100,1118.0011088895694
21,7150,1118.0011088895694
21,7200,1118.0011088895694
21,7250,1118.0011088895694
21,7300,1118.0011088895694
21,7350,1118.0011088895694
21,7400,1118.0011088895694
21,7450,1118.0011088895694
21,7500,1118.0011088895694
21,7550,1118.0011088895694
21,7600,1118.0011088895694
21,7650,1118.0011088895694
21,7700,1118.0011088895694
21,7750,1118.0011088895694
21,7800,1118.0011088895694
21,7850,1118.0011088895694
21,7900,1118.0011088895694
21,7950,1118.0011088895694
21,8000,1118.0011088895694
21,8050,1118.0011088895694
21,8100,1118.0011088895694
21,8150,1118.0011088895694
21,8200,1118.0011088895694
21,8250,1118.0011088895694
21,8300,1118.0011088895694
21,8350,1118.0011088895694
21,8400,1118.0011088895694
21,8450,1118.0011088895694
21,8500,1118.0011088895694
21,8550,1118.0011088895694
21,8600,1118.0011088895694
21,8650,1118.0011088895694
21,8700,1118.0011088895694
21,8750,1118.0011088895694
21,8800,1118.0011088895694
21,8850,1118.0011088895694
21,8900,1118.0011088895694
21,8950,1118.0011088895694
21,9000,1118.0011088895694
21,9050,1118.0011088895694
21,9100,1118.0011088895694
21,9150,1118.0011088895694
21,9200,1118.0011088895694
21,9250,1118.0011088895694
21,9300,1118.0011088895694
21,9350,1118.0011088895694
21,9400,1118.0011088895694
21,9450,1118.0011088895694
21,9500,1118.0011088895694
21,9550,1118.0011088895694
21,9600,1118.0011088895694
21,9650,1118.0011088895694
21,9700,1118.0011088895694
21,9750,1118.0011088895694
21,9800,1118.0011088895694
21,9850,1118.0011088895694
21,9900,1118.0011088895694
21,9950,1118.0011088895694
21,10000,1118.0011088895694
21,10050,1118.0011088895694
21,10100,1118.0011088895694
21,10150,1118.0011088895694
21,10200,1118.0011088895694
21,10250,1118.0011088895694
21,10300,1118.0011088895694
21,10350,1118.0011088895694
21,10400,1118.0011088895694
21,10450,1118.0011088895694
21,10500,1118.0011088895694
21,10550,1118.0011088895694
21,10600,1118.0011088895694
21,10650,1118.0011088895694
21,10700,1118.0011088895694
21,10750,1118.0011088895694
21,10800,1118.0011088895694
21,10850,1118.0011088895694
21,10900,1118.0011088895694
21,10950,1118.0011088895694
21,11000,1118.0011088895694
21,11050,1118.0011088895694
21,11100,1118.0011088895694
21,11150,1118.0011088895694
21,11200,1118.0011088895694
21,11250,1118.0011088895694
21,11300,1118.0011088895694
21,11350,1118.0011088895694
21,11400,1118.0011088895694
21,11450,1118.0011088895694
21,11500,1118.0011088895694
21,11550,1118.0011088895694
21,11600,1118.0011088895694
21,11650,1118.0011088895694
21,11700,1118.0011088895694
21,11750,1118.0011088895694
21,11800,1118.0011088895694
21,11850,1118.0011088895694
21,11900,1118.0011088895694
21,11950,1118.0011088895694
21,12000,1118.0011088895694
21,12050,1118.0011088895694
21,12100,1118.0011088895694
21,12150,1118.0011088895694
21,12200,1118.0011088895694
21,12250,1118.0011088895694
21,12300,1118.0011088895694
21,12350,1118.0011088895694
21,12400,1118.0011088895694
21,12450,1118.0011088895694
21,12500,1118.0011088895694
21,12550,1118.0011088895694
21,12600,1118.0011088895694
21,12650,1118.0011088895694
21,12700,1118.0011088895694
21,12750,1118.0011088895694
21,12800,1118.0011088895694
21,12850,1118.0011088895694
21,12900,1118.0011088895694
21,12950,1118.0011088895694
21,13000,1118.0011088895694
21,13050,1118.0011088895694
21,13100,1118.0011088895694
21,13150,1118.0011088895694
21,13200,1118.0011088895694
21,13250,1118.0011088895694
21,13300,1118.0011088895694
21,13350,1118.0011088895694
21,13400,1118.0011088895694
21,13450,1118.0011088895694
21,13500,1118.0011088895694
21,13550,1118.0011088895694
21,13600,1118.0011088895694
21,13650,1118.0011088895694
21,13700,1118.0011088895694
21,13750,1118.0011088895694
21,13800,1118.0011088895694
21,13850,1118.0011088895694
21,13900,1118.0011088895694
21,13950,1118.0011088895694
21,14000,1118.0011088895694
21,14050,1118.0011088895694
21,14100,1118.0011088895694
21,14150,1118.0011088895694
21,14200,1118.0011088895694
21,14250,1118.0011088895694
21,14300,1118.0011088895694
21,14350,1118.0011088895694
21,14400,1118.0011088895694
21,14450,1118.0011088895694
21,14500,1118.0011088895694
21,14550,1118.0011088895694
21,14600,1118.0011088895694
21,14650,1118.0011088895694
21,14700,1118.0011088895694
21,14750,1118.0011088895694
21,14800,1118.0011088895694
21,14850,1118.0011088895694
21,14900,1118.0011088895694
21,14950,1118.0011088895694
21,15000,1118.0011088895694
21,15050,1118.0011088895694
21,15100,1118.0011088895694
21,15150,1118.0011088895694
21,15200,1118.0011088895694
21,15250,1118.0011088895694
21,15300,1118.0011088895694
21,15350,1118.0011088895694
21,15400,1118.0011088895694
21,15450,1118.0011088895694
21,15500,1118.0011088895694
21,15550,1118.0011088895694
21,15600,1118.0011088895694
21,15650,1118.0011088895694
21,15700,1118.0011088895694
21,15750,1118.0011088895694
21,15800,1118.0011088895694
21,15850,1118.0011088895694
21,15900,1118.0011088895694
21,15950,1118.0011088895694
21,16000,1118.0011088895694
21,16050,1118.0011088895694
21,16100,1118.0011088895694
21,16150,1118.0011088895694
21,16200,1118.0011088895694
21,16250,1118.0011088895694
21,16300,1118.0011088895694
21,16350,1118.0011088895694
21,16400,1118.0011088895694
21,16450,1118.0011088895694
21,16500,1118.0011088895694
21,16550,1118.0011088895694
21,16600,1118.0011088895694
21,16650,1118.0011088895694
21,16700,1118.0011088895694
21,16750,1118.0011088895694
21,16800,1118.0011088895694
21,16850,1118.0011088895694
21,16900,1118.0011088895694
21,16950,1118.0011088895694
21,17000,1118.0011088895694
21,17050,1118.0011088895694
21,17100,1118.0011088895694
21,17150,1118.0011088895694
21,17200,1118.0011088895694
21,17250,1118.0011088895694
21,17300,1118.0011088895694
21,17350,1118.0011088895694
21,17400,1118.0011088895694
21,17450,1118.0011088895694
21,17500,1118.0011088895694
21,17550,1118.0011088895694
21,17600,1118.0011088895694
21,17650,1118.0011088895694
21,17700,1118.0011088895694
21,17750,1118.0011088895694
21,17800,1118.0011088895694
21,17850,1118.0011088895694
21,17900,1118.0011088895694
21,17950,1118.0011088895694
21,18000,1118.0011088895694
21,18050,1118.0011088895694
21,18100,1118.0011088895694
21,18150,1118.0011088895694
21,18200,1118.0011088895694
21,18250,1118.0011088895694
21,18300,1118.0011088895694
21,18350,1118.0011088895694
21,18400,1118.0011088895694
21,18450,1118.0011088895694
21,18500,1118.0011088895694
21,18550,1118.0011088895694
21,18600,1118.0011088895694
21,18650,1118.0011088895694
21,18700,1118.0011088895694
21,18750,1118.0011088895694
21,18800,1118.0011088895694
21,18850,1118.0011088895694
21,18900,1118.0011088895694
21,18950,1118.0011088895694
21,19000,1118.0011088895694
21,19050,1118.0011088895694
21,19100,1118.0011088895694
21,19150,1118.0011088895694
21,19200,1118.0011088895694
21,19250,1118.0011088895694
21,19300,1118.0011088895694
21,19350,1118.0011088895694
21,19400,1118.0011088895694
21,19450,1118.0011088895694
21,19500,1118.0011088895694
21,19550,1118.0011088895694
21,19600,1118.0011088895694
21,19650,1118.0011088895694
21,19700,1118.0011088895694
21,19750,1118.0011088895694
21,19800,1118.0011088895694
21,19850,1118.0011088895694
21,19900,1118.0011088895694
21,19950,1118.0011088895694
21,20000,1118.0011088895694
21,20050,1118.0011088895694
21,20100,1118.0011088895694
21,20150,1118.0011088895694
21,20200,1118.0011088895694
21,20250,1118.0011088895694
21,20300,1118.0011088895694
21,20350,1118.0011088895694
21,20400,1118.0011088895694
21,20450,1118.0011088895694
21,20500,1118.0011088895694
21,20550,1118.0011088895694
21,20600,1118.0011088895694
21,20650,1118.0011088895694
21,20700,1118.0011088895694
21,20750,1118.0011088895694
21,20800,1118.0011088895694
21,20850,1118.0011088895694
21,20900,1118.0011088895694
21,20950,1118.0011088895694
21,21000,1118.0011088895694
21,21050,1118.0011088895694
21,21100,1118.0011088895694
21,21150,1118.0011088895694
21,21200,1118.0011088895694
21,21250,1118.0011088895694
21,21300,1118.0011088895694
21,21350,1118.0011088895694
21,21400,1118.0011088895694
21,21450,1118.0011088895694
21,21500,1118.0011088895694
21,21550,1118.0011088895694
21,21600,1118.0011088895694
21,21650,1118.0011088895694
21,21700,1118.0011088895694
21,21750,1118.0011088895694
21,21800,1118.0011088895694
21,21850,1118.0011088895694
21,21900,1118.0011088895694
21,21950,1118.0011088895694
21,22000,1118.0011088895694
21,22050,1118.0011088895694
21,22100,1118.0011088895694
21,22150,1118.0011088895694
21,22200,1118.0011088895694
21,22250,1118.0011088895694
21,22300,1118.0011088895694
21,22350,1118.0011088895694
21,22400,1118.0011088895694
21,22450,1118.0011088895694
21,22500,1118.0011088895694
21,22550,1118.0011088895694
21,22600,1118.0011088895694
21,22650,1118.0011088895694
21,22700,1118.0011088895694
21,22750,1118.0011088895694
21,22800,1118.0011088895694
21,22850,1118.0011088895694
21,22900,1118.0011088895694
21,22950,1118.0011088895694
21,23000,1118.0011088895694
21,23050,1118.0011088895694
21,23100,1118.0011088895694
21,23150,1118.0011088895694
21,23200,1118.0011088895694
21,23250,1118.0011088895694
21,23300,1118.0011088895694
21,23350,1118.0011088895694
21,23400,1118.0011088895694
21,23450,1118.0011088895694
21,23500,1118.0011088895694
21,23550,1118.0011088895694
21,23600,1118.0011088895694
21,23650,1118.0011088895694
21,23700,1118.0011088895694
21,23750,1118.0011088895694
21,23800,1118.0011088895694
21,23850,1118.0011088895694
21,23900,1118.0011088895694
21,23950,1118.0011088895694
21,24000,1118.0011088895694
21,24050,1118.0011088895694
21,24100,1118.0011088895694
21,24150,1118.0011088895694
21,24200,1118.0011088895694
21,24250,1118.0011088895694
21,24300,1118.0011088895694
21,24350,1118.0011088895694
21,24400,1118.0011088895694
21,24450,1118.0011088895694
21,24500,1118.0011088895694
21,24550,1118.0011088895694
21,24600,1118.0011088895694
21,24650,1118.0011088895694
21,24700,1118.0011088895694
21,24750,1118.0011088895694
21,24800,1118.0011088895694
21,24850,1118.0011088895694
21,24900,1118.0011088895694
21,24950,1118.0011088895694
21,25000,1118.0011088895694
21,25050,1118.0011088895694
21,25100,1118.0011088895694
21,25150,1118.0011088895694
21,25200,1118.0011088895694
21,25250,1118.0011088895694
21,25300,1118.0011088895694
21,25350,1118.0011088895694
21,25400,1118.0011088895694
21,25450,1118.0011088895694
21,25500,1118.0011088895694
21,25550,1118.0011088895694
21,25600,1118.0011088895694
21,25650,1118.0011088895694
21,25700,1118.0011088895694
21,25750,1118.0011088895694
21,25800,1118.0011088895694
21,25850,1118.0011088895694
21,25900,1118.0011088895694
21,25950,1118.0011088895694
21,26000,1118.0011088895694
21,26050,1118.0011088895694
21,26100,1118.0011088895694
21,26150,1118.0011088895694
21,26200,1118.0011088895694
21,26250,1118.0011088895694
21,26300,1118.0011088895694
21,26350,1118.0011088895694
21,26400,1118.0011088895694
21,26450,1118.0011088895694
21,26500,1118.0011088895694
21,26550,1118.0011088895694
21,26600,1118.0011088895694
21,26650,1118.0011088895694
21,26700,1118.0011088895694
21,26750,1118.0011088895694
21,26800,1118.0011088895694
21,26850,1118.0011088895694
21,26900,1118.0011088895694
21,26950,1118.0011088895694
21,27000,1118.0011088895694
21,27050,1118.0011088895694
21,27100,1110.8402649860814
21,27150,1110.8402649860814
21,27200,1110.8402649860814
21,27250,1110.8402649860814
21,27300,1110.8402649860814
21,27350,1110.8402649860814
21,27400,1110.8402649860814
21,27450,1110.8402649860814
21,27500,1110.8402649860814
21,27550,1110.8402649860814
21,27600,1110.8402649860814
21,27650,1110.8402649860814
21,27700,1110.8402649860814
21,27750,1101.3485216287743
21,27800,1101.3485216287743
21,27850,1101.3485216287743
21,27900,1101.3485216287743
21,27950,1101.3485216287743
21,28000,1101.3485216287743
21,28050,1101.3485216287743
21,28100,1101.3485216287743
21,28150,1101.3485216287743
21,28200,1101.3485216287743
21,28250,1101.3485216287743
21,28300,1101.3485216287743
21,28350,1101.3485216287743
21,28400,1101.3485216287743
21,28450,1101.3485216287743
21,28500,1101.3485216287743
21,28550,1101.3485216287743
21,28600,1101.3485216287743
21,28650,1101.3485216287743
21,28700,1101.3485216287743
21,28750,1101.3485216287743
21,28800,1101.3485216287743
21,28850,1101.3485216287743
21,28900,1101.3485216287743
21,28950,1101.3485216287743
21,29000,1101.3485216287743
21,29050,1101.3485216287743
21,29100,1101.3485216287743
21,29150,1101.3485216287743
21,29200,1101.3485216287743
21,29250,1101.3485216287743
21,29300,1101.3485216287743
21,29350,1101.3485216287743
21,29400,1101.3485216287743
21,29450,1101.3485216287743
21,29500,1101.3485216287743
21,29550,1101.3485216287743
21,29600,1101.3485216287743
21,29650,1101.3485216287743
21,29700,1101.3485216287743
21,29750,1101.3485216287743
21,29800,1101.3485216287743
21,29850,1101.3485216287743
21,29900,1101.3485216287743
21,29950,1101.3485216287743
21,30000,1101.3485216287743
21,30050,1101.3485216287743
21,30100,1101.3485216287743
21,30150,1101.3485216287743
21,30200,1101.3485216287743
21,30250,1101.3485216287743
21,30300,1101.3485216287743
21,30350,1101.3485216287743
21,30400,1101.3485216287743
21,30450,1101.3485216287743
21,30500,1101.3485216287743
21,30550,1101.3485216287743
21,30600,1101.3485216287743
21,30650,1101.3485216287743
21,30700,1101.3485216287743
21,30750,1101.3485216287743
21,30800,1101.3485216287743
21,30850,1101.3485216287743
21,30900,1101.3485216287743
21,30950,1101.3485216287743
21,31000,1101.3485216287743
21,31050,1101.3485216287743
21,31100,1101.3485216287743
21,31150,1101.3485216287743
21,31200,1101.3485216287743
21,31250,1101.3485216287743
21,31300,1101.3485216287743
21,31350,1101.3485216287743
21,31400,1101.3485216287743
21,31450,1101.3485216287743
21,31500,1101.3485216287743
21,31550,1101.3485216287743
21,31600,1101.3485216287743
21,31650,1101.3485216287743
21,31700,1101.3485216287743
21,31750,1101.3485216287743
21,31800,1101.3485216287743
21,31850,1101.3485216287743
21,31900,1101.3485216287743
21,31950,1101.3485216287743
21,32000,1101.3485216287743
21,32050,1101.3485216287743
21,32100,1101.3485216287743
21,32150,1101.3485216287743
21,32200,1101.3485216287743
21,32250,1101.3485216287743
21,32300,1101.3485216287743
21,32350,1101.3485216287743
21,32400,1101.3485216287743
21,32450,1101.3485216287743
21,32500,1101.3485216287743
21,32550,1101.3485216287743
21,32600,1101.3485216287743
21,32650,1101.3485216287743
21,32700,1101.3485216287743
21,32750,1101.3485216287743
21,32800,1101.3485216287743
21,32850,1101.3485216287743
21,32900,1101.3485216287743
21,32950,1101.3485216287743
21,33000,1101.3485216287743
21,33050,1101.3485216287743
21,33100,1101.3485216287743
21,33150,1101.3485216287743
21,33200,1101.3485216287743
21,33250,1101.3485216287743
21,33300,1101.3485216287743
21,33350,1101.3485216287743
21,33400,1101.3485216287743
21,33450,1101.3485216287743
21,33500,1101.3485216287743
21,33550,1101.3485216287743
21,33600,1101.3485216287743
21,33650,1101.3485216287743
21,33700,1101.3485216287743
21,33750,1101.3485216287743
21,33800,1101.3485216287743
21,33850,1101.3485216287743
21,33900,1101.3485216287743
21,33950,1101.3485216287743
21,34000,1101.3485216287743
21,34050,1101.3485216287743
21,34100,1101.3485216287743
21,34150,1101.3485216287743
21,34200,1101.3485216287743
21,34250,1101.3485216287743
21,34300,1101.3485216287743
21,34350,1101.3485216287743
21,34400,1101.3485216287743
21,34450,1101.3485216287743
21,34500,1101.3485216287743
21,34550,1101.3485216287743
21,34600,1101.3485216287743
21,34650,1101.3485216287743
21,34700,1101.3485216287743
21,34750,1101.3485216287743
21,34800,1101.3485216287743
21,34850,1101.3485216287743
21,34900,1101.3485216287743
21,34950,1101.3485216287743
21,35000,1101.3485216287743
21,35050,1101.3485216287743
21,35100,1101.3485216287743
21,35150,1101.3485216287743
21,35200,1101.3485216287743
21,35250,1101.3485216287743
21,35300,1101.3485216287743
21,35350,1101.3485216287743
21,35400,1101.3485216287743
21,35450,1101.3485216287743
21,35500,1101.3485216287743
21,35550,1101.3485216287743
21,35600,1101.3485216287743
21,35650,1101.3485216287743
21,35700,1101.3485216287743
21,35750,1101.3485216287743
21,35800,1101.3485216287743
21,35850,1101.3485216287743
21,35900,1101.3485216287743
21,35950,1101.3485216287743
21,36000,1101.3485216287743
21,36050,1101.3485216287743
21,36100,1101.3485216287743
21,36150,1101.3485216287743
21,36200,1101.3485216287743
21,36250,1101.3485216287743
21,36300,1101.3485216287743
21,36350,1101.3485216287743
21,36400,1101.3485216287743
21,36450,1101.3485216287743
21,36500,1101.3485216287743
21,36550,1101.3485216287743
21,36600,1101.3485216287743
21,36650,1101.3485216287743
21,36700,1101.3485216287743
21,36750,1101.3485216287743
21,36800,1101.3485216287743
21,36850,1101.3485216287743
21,36900,1101.3485216287743
21,36950,1101.3485216287743
21,37000,1101.3485216287743
21,37050,1101.3485216287743
21,37100,1101.3485216287743
21,37150,1101.3485216287743
21,37200,1101.3485216287743
21,37250,1101.3485216287743
21,37300,1101.3485216287743
21,37350,1101.3485216287743
21,37400,1101.3485216287743
21,37450,1101.3485216287743
21,37500,1101.3485216287743
21,37550,1101.3485216287743
21,37600,1101.3485216287743
21,37650,1101.3485216287743
21,37700,1101.3485216287743
21,37750,1101.3485216287743
21,37800,1101.3485216287743
21,37850,1101.3485216287743
21,37900,1101.3485216287743
21,37950,1101.3485216287743
21,38000,1101.3485216287743
21,38050,1101.3485216287743
21,38100,1101.3485216287743
21,38150,1101.3485216287743
21,38200,1101.3485216287743
21,38250,1101.3485216287743
21,38300,1101.3485216287743
21,38350,1101.3485216287743
21,38400,1101.3485216287743
21,38450,1101.3485216287743
21,38500,1101.3485216287743
21,38550,1101.3485216287743
21,38600,1101.3485216287743
21,38650,1101.3485216287743
21,38700,1101.3485216287743
21,38750,1101.3485216287743
21,38800,1101.3485216287743
21,38850,1101.3485216287743
21,38900,1101.3485216287743
21,38950,1101.3485216287743
21,39000,1101.3485216287743
21,39050,1101.3485216287743
21,39100,1101.3485216287743
21,39150,1101.3485216287743
21,39200,1101.3485216287743
21,39250,1101.3485216287743
21,39300,1101.3485216287743
21,39350,1101.3485216287743
21,39400,1101.3485216287743
21,39450,1101.3485216287743
21,39500,1101.3485216287743
21,39550,1101.3485216287743
21,39600,1101.3485216287743
21,39650,1101.3485216287743
21,39700,1101.3485216287743
21,39750,1101.3485216287743
21,39800,1101.3485216287743
21,39850,1101.3485216287743
21,39900,1101.3485216287743
21,39950,1101.3485216287743
21,40000,1101.3485216287743
21,40050,1101.3485216287743
21,40100,1101.3485216287743
21,40150,1101.3485216287743
21,40200,1101.3485216287743
21,40250,1101.3485216287743
21,40300,1101.3485216287743
21,40350,1101.3485216287743
21,40400,1101.3485216287743
21,40450,1101.3485216287743
21,40500,1101.3485216287743
21,40550,1101.3485216287743
21,40600,1101.3485216287743
21,40650,1101.3485216287743
21,40700,1101.3485216287743
21,40750,1101.3485216287743
21,40800,1101.3485216287743
21,40850,1101.3485216287743
21,40900,1101.3485216287743
21,40950,1101.3485216287743
21,41000,1101.3485216287743
21,41050,1101.3485216287743
21,41100,1101.3485216287743
21,41150,1101.3485216287743
21,41200,1101.3485216287743
21,41250,1101.3485216287743
21,41300,1101.3485216287743
21,41350,1101.3485216287743
21,41400,1101.3485216287743
21,41450,1101.3485216287743
21,41500,1101.3485216287743
21,41550,1101.3485216287743
21,41600,1101.3485216287743
21,41650,1101.3485216287743
21,41700,1101.3485216287743
21,41750,1101.3485216287743
21,41800,1101.3485216287743
21,41850,1101.3485216287743
21,41900,1101.3485216287743
21,41950,1101.3485216287743
21,42000,1101.3485216287743
21,42050,1101.3485216287743
21,42100,1101.3485216287743
21,42150,1101.3485216287743
21,42200,1101.3485216287743
21,42250,1101.3485216287743
21,42300,1101.3485216287743
21,42350,1101.3485216287743
21,42400,1101.3485216287743
21,42450,1101.3485216287743
21,42500,1101.3485216287743
21,42550,1101.3485216287743
21,42600,1101.3485216287743
21,42650,1101.3485216287743
21,42700,1101.3485216287743
21,42750,1101.3485216287743
21,42800,1101.3485216287743
21,42850,1101.3485216287743
21,42900,1101.3485216287743
21,42950,1101.3485216287743
21,43000,1101.3485216287743
21,43050,1101.3485216287743
21,43100,1101.3485216287743
21,43150,1101.3485216287743
21,43200,1101.3485216287743
21,43250,1101.3485216287743
21,43300,1101.3485216287743
21,43350,1101.3485216287743
21,43400,1101.3485216287743
21,43450,1101.3485216287743
21,43500,1101.3485216287743
21,43550,1101.3485216287743
21,43600,1101.3485216287743
21,43650,1101.3485216287743
21,43700,1101.3485216287743
21,43750,1101.3485216287743
21,43800,1101.3485216287743
21,43850,1101.3485216287743
21,43900,1101.3485216287743
21,43950,1101.3485216287743
21,44000,1101.3485216287743
21,44050,1101.3485216287743
21,44100,1101.3485216287743
21,44150,1101.3485216287743
21,44200,1101.3485216287743
21,44250,1101.3485216287743
21,44300,1101.3485216287743
21,44350,1101.3485216287743
21,44400,1101.3485216287743
21,44450,1101.3485216287743
21,44500,1101.3485216287743
21,44550,1101.3485216287743
21,44600,1101.3485216287743
21,44650,1101.3485216287743
21,44700,1101.3485216287743
21,44750,1101.3485216287743
21,44800,1101.3485216287743
21,44850,1101.3485216287743
21,44900,1101.3485216287743
21,44950,1101.3485216287743
21,45000,1101.3485216287743
21,45050,1101.3485216287743
21,45100,1101.3485216287743
21,45150,1101.3485216287743
21,45200,1101.3485216287743
21,45250,1101.3485216287743
21,45300,1101.3485216287743
21,45350,1101.3485216287743
21,45400,1101.3485216287743
21,45450,1101.3485216287743
21,45500,1101.3485216287743
21,45550,1101.3485216287743
21,45600,1101.3485216287743
21,45650,1101.3485216287743
21,45700,1101.3485216287743
21,45750,1101.3485216287743
21,45800,1101.3485216287743
21,45850,1101.3485216287743
21,45900,1101.3485216287743
21,45950,1101.3485216287743
21,46000,1101.3485216287743
21,46050,1101.3485216287743
21,46100,1101.3485216287743
21,46150,1101.3485216287743
21,46200,1101.3485216287743
21,46250,1101.3485216287743
21,46300,1101.3485216287743
21,46350,1101.3485216287743
21,46400,1101.3485216287743
21,46450,1101.3485216287743
21,46500,1101.3485216287743
21,46550,1101.3485216287743
21,46600,1101.3485216287743
21,46650,1101.3485216287743
21,46700,1101.3485216287743
21,46750,1101.3485216287743
21,46800,1101.3485216287743
21,46850,1101.3485216287743
21,46900,1101.3485216287743
21,46950,1101.3485216287743
21,47000,1101.3485216287743
21,47050,1101.3485216287743
21,47100,1101.3485216287743
21,47150,1101.3485216287743
21,47200,1101.3485216287743
21,47250,1101.3485216287743
21,47300,1101.3485216287743
21,47350,1101.3485216287743
21,47400,1101.3485216287743
21,47450,1101.3485216287743
21,47500,1101.3485216287743
21,47550,1101.3485216287743
21,47600,1101.3485216287743
21,47650,1101.3485216287743
21,47700,1101.3485216287743
21,47750,1101.3485216287743
21,47800,1101.3485216287743
21,47850,1101.3485216287743
21,47900,1101.3485216287743
21,47950,1101.3485216287743
21,48000,1101.3485216287743
21,48050,1101.3485216287743
21,48100,1101.3485216287743
21,48150,1101.3485216287743
21,48200,1101.3485216287743
21,48250,1101.3485216287743
21,48300,1101.3485216287743
21,48350,1101.3485216287743
21,48400,1101.3485216287743
21,48450,1101.3485216287743
21,48500,1101.3485216287743
21,48550,1101.3485216287743
21,48600,1101.3485216287743
21,48650,1101.3485216287743
21,48700,1101.3485216287743
21,48750,1101.3485216287743
21,48800,1101.3485216287743
21,48850,1101.3485216287743
21,48900,1101.3485216287743
21,48950,1101.3485216287743
21,49000,1101.3485216287743
21,49050,1101.3485216287743
21,49100,1101.3485216287743
21,49150,1101.3485216287743
21,49200,1101.3485216287743
21,49250,1101.3485216287743
21,49300,1101.3485216287743
21,49350,1101.3485216287743
21,49400,1101.3485216287743
21,49450,1101.3485216287743
21,49500,1101.3485216287743
21,49550,1101.3485216287743
21,49600,1101.3485216287743
21,49650,1101.3485216287743
21,49700,1101.3485216287743
21,49750,1101.3485216287743
21,49800,1101.3485216287743
21,49850,1101.3485216287743
21,49900,1101.3485216287743
21,49950,1101.3485216287743
21,50000,1101.3485216287743
22,50,1408.20773215055
22,100,1408.20773215055
22,150,1376.7811236307914
22,200,1376.7811236307914
22,250,1376.7811236307914
22,300,1353.4534750189962
22,350,1353.4534750189962
22,400,1353.4534750189962
22,450,1351.5766537843963
22,500,1238.7679362131798
22,550,1238.7679362131798
22,600,1238.7679362131798
22,650,1238.7679362131798
22,700,1238.7679362131798
22,750,1238.7679362131798
22,800,1197.200259987494
22,850,1197.200259987494
22,900,1197.200259987494
22,950,1197.200259987494
22,1000,1197.200259987494
22,1050,1196.2049930184173
22,1100,1196.2049930184173
22,1150,1196.2049930184173
22,1200,1196.2049930184173
22,1250,1159.6169789050455
22,1300,1159.6169789050455
22,1350,1159.6169789050455
22,1400,1159.6169789050455
22,1450,1159.6169789050455
22,1500,1159.6169789050455
22,1550,1159.6169789050455
22,1600,1159.6169789050455
22,1650,1159.6169789050455
22,1700,1159.6169789050455
22,1750,1159.6169789050455
22,1800,1103.1112177912698
22,1850,1103.1112177912698
22,1900,1103.1112177912698
22,1950,1103.1112177912698
22,2000,1103.1112177912698
22,2050,1103.1112177912698
22,2100,1103.1112177912698
22,2150,1103.1112177912698
22,2200,1103.1112177912698
22,2250,1103.1112177912698
22,2300,1103.1112177912698
22,2350,1103.1112177912698
22,2400,1103.1112177912698
22,2450,1103.1112177912698
22,2500,1103.1112177912698
22,2550,1103.1112177912698
22,2600,1103.1112177912698
22,2650,1103.1112177912698
22,2700,1103.1112177912698
22,2750,1103.1112177912698
22,2800,1103.1112177912698
22,2850,1103.1112177912698
22,2900,1103.1112177912698
22,2950,1103.1112177912698
22,3000,1103.1112177912698
22,3050,1103.1112177912698
22,3100,1103.1112177912698
22,3150,1103.1112177912698
22,3200,1103.1112177912698
22,3250,1103.1112177912698
22,3300,1103.1112177912698
22,3350,1103.1112177912698
22,3400,1103.1112177912698
22,3450,1103.1112177912698
22,3500,1103.1112177912698
22,3550,1103.1112177912698
22,3600,1103.1112177912698
22,3650,1103.1112177912698
22,3700,1103.1112177912698
22,3750,1103.1112177912698
22,3800,1103.1112177912698
22,3850,1103.1112177912698
22,3900,1103.1112177912698
22,3950,1103.1112177912698
22,4000,1103.1112177912698
22,4050,1103.1112177912698
22,4100,1103.1112177912698
22,4150,1103.1112177912698
22,4200,1103.1112177912698
22,4250,1103.1112177912698
22,4300,1103.1112177912698
22,4350,1103.1112177912698
22,4400,1103.1112177912698
22,4450,1103.1112177912698
22,4500,1103.1112177912698
22,4550,1103.1112177912698
22,4600,1103.1112177912698
22,4650,1103.1112177912698
22,4700,1103.1112177912698
22,4750,1103.1112177912698
22,4800,1103.1112177912698
22,4850,1103.1112177912698
22,4900,1103.1112177912698
22,4950,1103.1112177912698
22,5000,1103.1112177912698
22,5050,1103.1112177912698
22,5100,1103.1112177912698
22,5150,1103.1112177912698
22,5200,1103.1112177912698
22,5250,1103.1112177912698
22,5300,1103.1112177912698
22,5350,1103.1112177912698
22,5400,1103.1112177912698
22,5450,1103.1112177912698
22,5500,1103.1112177912698
22,5550,1103.1112177912698
22,5600,1103.1112177912698
22,5650,1103.1112177912698
22,5700,1103.1112177912698
22,5750,1103.1112177912698
22,5800,1103.1112177912698
22,5850,1103.1112177912698
22,5900,1103.1112177912698
22,5950,1103.1112177912698
22,6000,1103.1112177912698
22,6050,1103.1112177912698
22,6100,1103.1112177912698
22,6150,1103.1112177912698
22,6200,1103.1112177912698
22,6250,1103.1112177912698
22,6300,1103.1112177912698
22,6350,1103.1112177912698
22,6400,1103.1112177912698
22,6450,1103.1112177912698
22,6500,1103.1112177912698
22,6550,1103.1112177912698
22,6600,1103.1112177912698
22,6650,1103.1112177912698
22,6700,1103.1112177912698
22,6750,1103.1112177912698
22,6800,1103.1112177912698
22,6850,1103.1112177912698
22,6900,1103.1112177912698
22,6950,1103.1112177912698
22,7000,1103.1112177912698
22,7050,1103.1112177912698
22,7100,1103.1112177912698
22,7150,1103.1112177912698
22,7200,1103.1112177912698
22,7250,1103.1112177912698
22,7300,1103.1112177912698
22,7350,1103.1112177912698
22,7400,1103.1112177912698
22,7450,1103.1112177912698
22,7500,1103.1112177912698
22,7550,1103.1112177912698
22,7600,1103.1112177912698
22,7650,1103.1112177912698
22,7700,1103.1112177912698
22,7750,1103.1112177912698
22,7800,1103.1112177912698
22,7850,1103.1112177912698
22,7900,1103.1112177912698
22,7950,1103.1112177912698
22,8000,1103.1112177912698
22,8050,1103.1112177912698
22,8100,1103.1112177912698
22,8150,1103.1112177912698
22,8200,1103.1112177912698
22,8250,1103.1112177912698
22,8300,1103.1112177912698
22,8350,1103.1112177912698
22,8400,1103.1112177912698
22,8450,1103.1112177912698
22,8500,1103.1112177912698
22,8550,1103.1112177912698
22,8600,1103.1112177912698
22,8650,1103.1112177912698
22,8700,1103.1112177912698
22,8750,1103.1112177912698
22,8800,1103.1112177912698
22,8850,1103.1112177912698
22,8900,1103.1112177912698
22,8950,1103.1112177912698
22,9000,1103.1112177912698
22,9050,1103.1112177912698
22,9100,1103.1112177912698
22,9150,1103.1112177912698
22,9200,1103.1112177912698
22,9250,1103.1112177912698
22,9300,1103.1112177912698
22,9350,1103.1112177912698
22,9400,1103.1112177912698
22,9450,1103.1112177912698
22,9500,1103.1112177912698
22,9550,1103.1112177912698
22,9600,1103.1112177912698
22,9650,1103.1112177912698
22,9700,1103.1112177912698
22,9750,1103.1112177912698
22,9800,1103.1112177912698
22,9850,1103.1112177912698
22,9900,1103.1112177912698
22,9950,1103.1112177912698
22,10000,1103.1112177912698
22,10050,1103.1112177912698
22,10100,1103.1112177912698
22,10150,1103.1112177912698
22,10200,1103.1112177912698
22,10250,1103.1112177912698
22,10300,1103.1112177912698
22,10350,1103.1112177912698
22,10400,1103.1112177912698
22,10450,1103.1112177912698
22,10500,1103.1112177912698
22,10550,1103.1112177912698
22,10600,1103.1112177912698
22,10650,1103.1112177912698
22,10700,1103.1112177912698
22,10750,1103.1112177912698
22,10800,1103.1112177912698
22,10850,1103.1112177912698
22,10900,1103.1112177912698
22,10950,1103.1112177912698
22,11000,1103.1112177912698
22,11050,1103.1112177912698
22,11100,1103.1112177912698
22,11150,1103.1112177912698
22,11200,1103.1112177912698
22,11250,1103.1112177912698
22,11300,1103.1112177912698
22,11350,1103.1112177912698
22,11400,1103.1112177912698
22,11450,1103.1112177912698
22,11500,1103.1112177912698
22,11550,1103.1112177912698
22,11600,1103.1112177912698
22,11650,1103.1112177912698
22,11700,1103.1112177912698
22,11750,1103.1112177912698
22,11800,1103.1112177912698
22,11850,1103.1112177912698
22,11900,1103.1112177912698
22,11950,1103.1112177912698
22,12000,1103.1112177912698
22,12050,1103.1112177912698
22,12100,1103.1112177912698
22,12150,1103.1112177912698
22,12200,1103.1112177912698
22,12250,1103.1112177912698
22,12300,1103.1112177912698
22,12350,1103.1112177912698
22,12400,1103.1112177912698
22,12450,1103.1112177912698
22,12500,1103.1112177912698
22,12550,1103.1112177912698
22,12600,1103.1112177912698
22,12650,1103.1112177912698
22,12700,1103.1112177912698
22,12750,1103.1112177912698
22,12800,1103.1112177912698
22,12850,1103.1112177912698
22,12900,1103.1112177912698
22,12950,1103.1112177912698
22,13000,1103.1112177912698
22,13050,1103.1112177912698
22,13100,1103.1112177912698
22,13150,1103.1112177912698
22,13200,1103.1112177912698
22,13250,1103.1112177912698
22,13300,1103.1112177912698
22,13350,1103.1112177912698
22,13400,1103.1112177912698
22,13450,1103.1112177912698
22,13500,1103.1112177912698
22,13550,1103.1112177912698
22,13600,1103.1112177912698
22,13650,1103.1112177912698
22,13700,1103.1112177912698
22,13750,1103.1112177912698
22,13800,1103.1112177912698
22,13850,1103.1112177912698
22,13900,1103.1112177912698
22,13950,1103.1112177912698
22,14000,1103.1112177912698
22,14050,1103.1112177912698
22,14100,1103.1112177912698
22,14150,1103.1112177912698
22,14200,1103.1112177912698
22,14250,1103.1112177912698
22,14300,1103.1112177912698
22,14350,1103.1112177912698
22,14400,1103.1112177912698
22,14450,1103.1112177912698
22,14500,1103.1112177912698
22,14550,1086.5904910390298
22,14600,1086.5904910390298
22,14650,1086.5904910390298
22,14700,1086.5904910390298
22,14750,1086.5904910390298
22,14800,1086.5904910390298
22,14850,1086.5904910390298
22,14900,1086.5904910390298
22,14950,1086.5904910390298
22,15000,1086.5904910390298
22,15050,1086.5904910390298
22,15100,1086.5904910390298
22,15150,1086.5904910390298
22,15200,1086.5904910390298
22,15250,1086.5904910390298
22,15300,1086.5904910390298
22,15350,1086.5904910390298
22,15400,1086.5904910390298
22,15450,1086.5904910390298
22,15500,1086.5904910390298
22,15550,1086.5904910390298
22,15600,1086.5904910390298
22,15650,1086.5904910390298
22,15700,1086.5904910390298
22,15750,1086.5904910390298
22,15800,1070.4609517528727
22,15850,1070.4609517528727
22,15900,1070.4609517528727
22,15950,1070.4609517528727
22,16000,1070.4609517528727
22,16050,1070.4609517528727
22,16100,1070.4609517528727
22,16150,1070.4609517528727
22,16200,1070.4609517528727
22,16250,1070.4609517528727
22,16300,1070.4609517528727
22,16350,1070.4609517528727
22,16400,1070.4609517528727
22,16450,1070.4609517528727
22,16500,1070.4609517528727
22,16550,1070.4609517528727
22,16600,1070.4609517528727
22,16650,1070.4609517528727
22,16700,1070.4609517528727
22,16750,1070.4609517528727
22,16800,1070.4609517528727
22,16850,1070.4609517528727
22,16900,1070.4609517528727
22,16950,1070.4609517528727
22,17000,1070.4609517528727
22,17050,1070.4609517528727
22,17100,1070.4609517528727
22,17150,1070.4609517528727
22,17200,1070.4609517528727
22,17250,1070.4609517528727
22,17300,1070.4609517528727
22,17350,1070.4609517528727
22,17400,1070.4609517528727
22,17450,1070.4609517528727
22,17500,1070.4609517528727
22,17550,1070.4609517528727
22,17600,1070.4609517528727
22,17650,1070.4609517528727
22,17700,1070.4609517528727
22,17750,1070.4609517528727
22,17800,1070.4609517528727
22,17850,1070.4609517528727
22,17900,1070.4609517528727
22,17950,1070.4609517528727
22,18000,1070.4609517528727
22,18050,1070.4609517528727
22,18100,1070.4609517528727
22,18150,1070.4609517528727
22,18200,1070.4609517528727
22,18250,1070.4609517528727
22,18300,1070.4609517528727
22,18350,1070.4609517528727
22,18400,1070.4609517528727
22,18450,1070.4609517528727
22,18500,1070.4609517528727
22,18550,1070.4609517528727
22,18600,1070.4609517528727
22,18650,1070.4609517528727
22,18700,1070.4609517528727
22,18750,1070.4609517528727
22,18800,1070.4609517528727
22,18850,1070.4609517528727
22,18900,1070.4609517528727
22,18950,1070.4609517528727
22,19000,1070.4609517528727
22,19050,1070.4609517528727
22,19100,1070.4609517528727
22,19150,1070.4609517528727
22,19200,1070.4609517528727
22,19250,1070.4609517528727
22,19300,1070.4609517528727
22,19350,1070.4609517528727
22,19400,1070.4609517528727
22,19450,1070.4609517528727
22,19500,1070.4609517528727
22,19550,1070.4609517528727
22,19600,1070.4609517528727
22,19650,1070.4609517528727
22,19700,1070.4609517528727
22,19750,1070.4609517528727
22,19800,1070.4609517528727
22,19850,1070.4609517528727
22,19900,1070.4609517528727
22,19950,1070.4609517528727
22,20000,1070.4609517528727
22,20050,1070.4609517528727
22,20100,1070.4609517528727
22,20150,1070.4609517528727
22,20200,1070.4609517528727
22,20250,1070.4609517528727
22,20300,1070.4609517528727
22,20350,1070.4609517528727
22,20400,1070.4609517528727
22,20450,1070.4609517528727
22,20500,1070.4609517528727
22,20550,1070.4609517528727
22,20600,1070.4609517528727
22,20650,1070.4609517528727
22,20700,1070.4609517528727
22,20750,1070.4609517528727
22,20800,1070.4609517528727
22,20850,1070.4609517528727
22,20900,1070.4609517528727
22,20950,1070.4609517528727
22,21000,1070.4609517528727
22,21050,1070.4609517528727
22,21100,1070.4609517528727
22,21150,1070.4609517528727
22,21200,1070.4609517528727
22,21250,1070.4609517528727
22,21300,1070.4609517528727
22,21350,1070.4609517528727
22,21400,1070.4609517528727
22,21450,1070.4609517528727
22,21500,1070.4609517528727
22,21550,1070.4609517528727
22,21600,1070.4609517528727
22,21650,1070.4609517528727
22,21700,1070.4609517528727
22,21750,1070.4609517528727
22,21800,1070.4609517528727
22,21850,1070.4609517528727
22,21900,1070.4609517528727
22,21950,1070.4609517528727
22,22000,1070.4609517528727
22,22050,1070.4609517528727
22,22100,1070.4609517528727
22,22150,1070.4609517528727
22,22200,1070.4609517528727
22,22250,1070.4609517528727
22,22300,1070.4609517528727
22,22350,1070.4609517528727
22,22400,1070.4609517528727
22,22450,1070.4609517528727
22,22500,1070.4609517528727
22,22550,1070.4609517528727
22,22600,1070.4609517528727
22,22650,1070.4609517528727
22,22700,1070.4609517528727
22,22750,1070.4609517528727
22,22800,1070.4609517528727
22,22850,1070.4609517528727
22,22900,1070.4609517528727
22,22950,1070.4609517528727
22,23000,1070.4609517528727
22,23050,1070.4609517528727
22,23100,1070.4609517528727
22,23150,1070.4609517528727
22,23200,1070.4609517528727
22,23250,1070.4609517528727
22,23300,1070.4609517528727
22,23350,1070.4609517528727
22,23400,1070.4609517528727
22,23450,1070.4609517528727
22,23500,1070.4609517528727
22,23550,1070.4609517528727
22,23600,1070.4609517528727
22,23650,1070.4609517528727
22,23700,1070.4609517528727
22,23750,1070.4609517528727
22,23800,1070.4609517528727
22,23850,1070.4609517528727
22,23900,1070.4609517528727
22,23950,1070.4609517528727
22,24000,1070.4609517528727
22,24050,1070.4609517528727
22,24100,1070.4609517528727
22,24150,1070.4609517528727
22,24200,1070.4609517528727
22,24250,1070.4609517528727
22,24300,1070.4609517528727
22,24350,1070.4609517528727
22,24400,1070.4609517528727
22,24450,1070.4609517528727
22,24500,1070.4609517528727
22,24550,1070.4609517528727
22,24600,1070.4609517528727
22,24650,1070.4609517528727
22,24700,1070.4609517528727
22,24750,1070.4609517528727
22,24800,1070.4609517528727
22,24850,1070.4609517528727
22,24900,1070.4609517528727
22,24950,1070.4609517528727
22,25000,1070.4609517528727
22,25050,1070.4609517528727
22,25100,1070.4609517528727
22,25150,1070.4609517528727
22,25200,1070.4609517528727
22,25250,1070.4609517528727
22,25300,1070.4609517528727
22,25350,1070.4609517528727
22,25400,1070.4609517528727
22,25450,1070.4609517528727
22,25500,1070.4609517528727
22,25550,1070.4609517528727
22,25600,1070.4609517528727
22,25650,1070.4609517528727
22,25700,1070.4609517528727
22,25750,1070.4609517528727
22,25800,1070.4609517528727
22,25850,1070.4609517528727
22,25900,1070.4609517528727
22,25950,1070.4609517528727
22,26000,1070.4609517528727
22,26050,1070.4609517528727
22,26100,1070.4609517528727
22,26150,1070.4609517528727
22,26200,1070.4609517528727
22,26250,1070.4609517528727
22,26300,1070.4609517528727
22,26350,1070.4609517528727
22,26400,1070.4609517528727
22,26450,1070.4609517528727
22,26500,1070.4609517528727
22,26550,1070.4609517528727
22,26600,1070.4609517528727
22,26650,1070.4609517528727
22,26700,1070.4609517528727
22,26750,1070.4609517528727
22,26800,1070.4609517528727
22,26850,1070.4609517528727
22,26900,1070.4609517528727
22,26950,1070.4609517528727
22,27000,1070.4609517528727
22,27050,1070.4609517528727
22,27100,1070.4609517528727
22,27150,1070.4609517528727
22,27200,1070.4609517528727
22,27250,1070.4609517528727
22,27300,1070.4609517528727
22,27350,1070.4609517528727
22,27400,1070.4609517528727
22,27450,1070.4609517528727
22,27500,1070.4609517528727
22,27550,1070.4609517528727
22,27600,1070.4609517528727
22,27650,1070.4609517528727
22,27700,1070.4609517528727
22,27750,1070.4609517528727
22,27800,1070.4609517528727
22,27850,1070.4609517528727
22,27900,1070.4609517528727
22,27950,1070.4609517528727
22,28000,1070.4609517528727
22,28050,1070.4609517528727
22,28100,1070.4609517528727
22,28150,1070.4609517528727
22,28200,1070.4609517528727
22,28250,1070.4609517528727
22,28300,1070.4609517528727
22,28350,1070.4609517528727
22,28400,1070.4609517528727
22,28450,1070.4609517528727
22,28500,1070.4609517528727
22,28550,1070.4609517528727
22,28600,1070.4609517528727
22,28650,1070.4609517528727
22,28700,1070.4609517528727
22,28750,1070.4609517528727
22,28800,1070.4609517528727
22,28850,1070.4609517528727
22,28900,1070.4609517528727
22,28950,1070.4609517528727
22,29000,1070.4609517528727
22,29050,1070.4609517528727
22,29100,1070.4609517528727
22,29150,1070.4609517528727
22,29200,1070.4609517528727
22,29250,1070.4609517528727
22,29300,1070.4609517528727
22,29350,1070.4609517528727
22,29400,1070.4609517528727
22,29450,1070.4609517528727
22,29500,1070.4609517528727
22,29550,1070.4609517528727
22,29600,1070.4609517528727
22,29650,1070.4609517528727
22,29700,1070.4609517528727
22,29750,1070.4609517528727
22,29800,1070.4609517528727
22,29850,1070.4609517528727
22,29900,1070.4609517528727
22,29950,1070.4609517528727
22,30000,1070.4609517528727
22,30050,1070.4609517528727
22,30100,1070.4609517528727
22,30150,1070.4609517528727
22,30200,1070.4609517528727
22,30250,1070.4609517528727
22,30300,1070.4609517528727
22,30350,1070.4609517528727
22,30400,1070.4609517528727
22,30450,1070.4609517528727
22,30500,1070.4609517528727
22,30550,1070.4609517528727
22,30600,1070.4609517528727
22,30650,1070.4609517528727
22,30700,1070.4609517528727
22,30750,1070.4609517528727
22,30800,1070.4609517528727
22,30850,1070.4609517528727
22,30900,1070.4609517528727
22,30950,1070.4609517528727
22,31000,1070.4609517528727
22,31050,1070.4609517528727
22,31100,1070.4609517528727
22,31150,1070.4609517528727
22,31200,1070.4609517528727
22,31250,1070.4609517528727
22,31300,1070.4609517528727
22,31350,1070.4609517528727
22,31400,1070.4609517528727
22,31450,1070.4609517528727
22,31500,1070.4609517528727
22,31550,1070.4609517528727
22,31600,1070.4609517528727
22,31650,1070.4609517528727
22,31700,1070.4609517528727
22,31750,1070.4609517528727
22,31800,1070.4609517528727
22,31850,1070.4609517528727
22,31900,1070.4609517528727
22,31950,1070.4609517528727
22,32000,1070.4609517528727
22,32050,1070.4609517528727
22,32100,1070.4609517528727
22,32150,1070.4609517528727
22,32200,1070.4609517528727
22,32250,1070.4609517528727
22,32300,1070.4609517528727
22,32350,1070.4609517528727
22,32400,1070.4609517528727
22,32450,1070.4609517528727
22,32500,1070.4609517528727
22,32550,1070.4609517528727
22,32600,1070.4609517528727
22,32650,1070.4609517528727
22,32700,1070.4609517528727
22,32750,1070.4609517528727
22,32800,1070.4609517528727
22,32850,1070.4609517528727
22,32900,1070.4609517528727
22,32950,1070.4609517528727
22,33000,1070.4609517528727
22,33050,1070.4609517528727
22,33100,1070.4609517528727
22,33150,1070.4609517528727
22,33200,1070.4609517528727
22,33250,1070.4609517528727
22,33300,1070.4609517528727
22,33350,1070.4609517528727
22,33400,1070.4609517528727
22,33450,1070.4609517528727
22,33500,1070.4609517528727
22,33550,1070.4609517528727
22,33600,1070.4609517528727
22,33650,1070.4609517528727
22,33700,1070.4609517528727
22,33750,1070.4609517528727
22,33800,1070.4609517528727
22,33850,1070.4609517528727
22,33900,1070.4609517528727
22,33950,1070.4609517528727
22,34000,1070.4609517528727
22,34050,1070.4609517528727
22,34100,1070.4609517528727
22,34150,1070.4609517528727
22,34200,1070.4609517528727
22,34250,1070.4609517528727
22,34300,1070.4609517528727
22,34350,1070.4609517528727
22,34400,1070.4609517528727
22,34450,1070.4609517528727
22,34500,1070.4609517528727
22,34550,1070.4609517528727
22,34600,1070.4609517528727
22,34650,1070.4609517528727
22,34700,1070.4609517528727
22,34750,1070.4609517528727
22,34800,1070.4609517528727
22,34850,1070.4609517528727
22,34900,1070.4609517528727
22,34950,1070.4609517528727
22,35000,1070.4609517528727
22,35050,1070.4609517528727
22,35100,1070.4609517528727
22,35150,1070.4609517528727
22,35200,1070.4609517528727
22,35250,1070.4609517528727
22,35300,1070.4609517528727
22,35350,1070.4609517528727
22,35400,1070.4609517528727
22,35450,1070.4609517528727
22,35500,1070.4609517528727
22,35550,1070.4609517528727
22,35600,1070.4609517528727
22,35650,1070.4609517528727
22,35700,1070.4609517528727
22,35750,1070.4609517528727
22,35800,1070.4609517528727
22,35850,1070.4609517528727
22,35900,1070.4609517528727
22,35950,1070.4609517528727
22,36000,1070.4609517528727
22,36050,1070.4609517528727
22,36100,1070.4609517528727
22,36150,1070.4609517528727
22,36200,1070.4609517528727
22,36250,1070.4609517528727
22,36300,1070.4609517528727
22,36350,1070.4609517528727
22,36400,1070.4609517528727
22,36450,1070.4609517528727
22,36500,1070.4609517528727
22,36550,1070.4609517528727
22,36600,1070.4609517528727
22,36650,1070.4609517528727
22,36700,1070.4609517528727
22,36750,1070.4609517528727
22,36800,1070.4609517528727
22,36850,1070.4609517528727
22,36900,1070.4609517528727
22,36950,1070.4609517528727
22,37000,1070.4609517528727
22,37050,1070.4609517528727
22,37100,1070.4609517528727
22,37150,1070.4609517528727
22,37200,1070.4609517528727
22,37250,1070.4609517528727
22,37300,1070.4609517528727
22,37350,1070.4609517528727
22,37400,1070.4609517528727
22,37450,1070.4609517528727
22,37500,1070.4609517528727
22,37550,1070.4609517528727
22,37600,1070.4609517528727
22,37650,1070.4609517528727
22,37700,1070.4609517528727
22,37750,1070.4609517528727
22,37800,1070.4609517528727
22,37850,1070.4609517528727
22,37900,1070.4609517528727
22,37950,1070.4609517528727
22,38000,1070.4609517528727
22,38050,1070.4609517528727
22,38100,1070.4609517528727
22,38150,1070.4609517528727
22,38200,1070.4609517528727
22,38250,1070.4609517528727
22,38300,1070.4609517528727
22,38350,1070.4609517528727
22,38400,1070.4609517528727
22,38450,1070.4609517528727
22,38500,1070.4609517528727
22,38550,1070.4609517528727
22,38600,1070.4609517528727
22,38650,1070.4609517528727
22,38700,1070.4609517528727
22,38750,1070.4609517528727
22,38800,1070.4609517528727
22,38850,1070.4609517528727
22,38900,1070.4609517528727
22,38950,1070.4609517528727
22,39000,1070.4609517528727
22,39050,1070.4609517528727
22,39100,1070.4609517528727
22,39150,1070.4609517528727
22,39200,1070.4609517528727
22,39250,1070.4609517528727
22,39300,1070.4609517528727
22,39350,1070.4609517528727
22,39400,1070.4609517528727
22,39450,1070.4609517528727
22,39500,1070.4609517528727
22,39550,1070.4609517528727
22,39600,1070.4609517528727
22,39650,1070.4609517528727
22,39700,1070.4609517528727
22,39750,1070.4609517528727
22,39800,1070.4609517528727
22,39850,1070.4609517528727
22,39900,1070.4609517528727
22,39950,1070.4609517528727
22,40000,1070.4609517528727
22,40050,1070.4609517528727
22,40100,1070.4609517528727
22,40150,1070.4609517528727
22,40200,1070.4609517528727
22,40250,1070.4609517528727
22,40300,1070.4609517528727
22,40350,1070.4609517528727
22,40400,1070.4609517528727
22,40450,1070.4609517528727
22,40500,1070.4609517528727
22,40550,1070.4609517528727
22,40600,1070.4609517528727
22,40650,1070.4609517528727
22,40700,1070.4609517528727
22,40750,1070.4609517528727
22,40800,1070.4609517528727
22,40850,1070.4609517528727
22,40900,1070.4609517528727
22,40950,1070.4609517528727
22,41000,1070.4609517528727
22,41050,1070.4609517528727
22,41100,1070.4609517528727
22,41150,1070.4609517528727
22,41200,1070.4609517528727
22,41250,1070.4609517528727
22,41300,1070.4609517528727
22,41350,1070.4609517528727
22,41400,1070.4609517528727
22,41450,1070.4609517528727
22,41500,1070.4609517528727
22,41550,1070.4609517528727
22,41600,1070.4609517528727
22,41650,1070.4609517528727
22,41700,1070.4609517528727
22,41750,1070.4609517528727
22,41800,1070.4609517528727
22,41850,1070.4609517528727
22,41900,1070.4609517528727
22,41950,1070.4609517528727
22,42000,1070.4609517528727
22,42050,1070.4609517528727
22,42100,1070.4609517528727
22,42150,1070.4609517528727
22,42200,1070.4609517528727
22,42250,1070.4609517528727
22,42300,1070.4609517528727
22,42350,1070.4609517528727
22,42400,1070.4609517528727
22,42450,1070.4609517528727
22,42500,1070.4609517528727
22,42550,1070.4609517528727
22,42600,1070.4609517528727
22,42650,1070.4609517528727
22,42700,1070.4609517528727
22,42750,1070.4609517528727
22,42800,1070.4609517528727
22,42850,1070.4609517528727
22,42900,1070.4609517528727
22,42950,1070.4609517528727
22,43000,1070.4609517528727
22,43050,1070.4609517528727
22,43100,1070.4609517528727
22,43150,1070.4609517528727
22,43200,1070.4609517528727
22,43250,1070.4609517528727
22,43300,1070.4609517528727
22,43350,1070.4609517528727
22,43400,1070.4609517528727
22,43450,1070.4609517528727
22,43500,1070.4609517528727
22,43550,1070.4609517528727
22,43600,1070.4609517528727
22,43650,1070.4609517528727
22,43700,1070.4609517528727
22,43750,1070.4609517528727
22,43800,1070.4609517528727
22,43850,1070.4609517528727
22,43900,1070.4609517528727
22,43950,1070.4609517528727
22,44000,1070.4609517528727
22,44050,1070.4609517528727
22,44100,1070.4609517528727
22,44150,1070.4609517528727
22,44200,1070.4609517528727
22,44250,1070.4609517528727
22,44300,1070.4609517528727
22,44350,1070.4609517528727
22,44400,1070.4609517528727
22,44450,1070.4609517528727
22,44500,1070.4609517528727
22,44550,1070.4609517528727
22,44600,1070.4609517528727
22,44650,1070.4609517528727
22,44700,1070.4609517528727
22,44750,1070.4609517528727
22,44800,1070.4609517528727
22,44850,1070.4609517528727
22,44900,1070.4609517528727
22,44950,1070.4609517528727
22,45000,1070.4609517528727
22,45050,1070.4609517528727
22,45100,1070.4609517528727
22,45150,1070.4609517528727
22,45200,1070.4609517528727
22,45250,1070.4609517528727
22,45300,1070.4609517528727
22,45350,1070.4609517528727
22,45400,1070.4609517528727
22,45450,1070.4609517528727
22,45500,1070.4609517528727
22,45550,1070.4609517528727
22,45600,1070.4609517528727
22,45650,1070.4609517528727
22,45700,1070.4609517528727
22,45750,1070.4609517528727
22,45800,1070.4609517528727
22,45850,1070.4609517528727
22,45900,1070.4609517528727
22,45950,1070.4609517528727
22,46000,1070.4609517528727
22,46050,1070.4609517528727
22,46100,1070.4609517528727
22,46150,1070.4609517528727
22,46200,1070.4609517528727
22,46250,1070.4609517528727
22,46300,1070.4609517528727
22,46350,1070.4609517528727
22,46400,1070.4609517528727
22,46450,1070.4609517528727
22,46500,1070.4609517528727
22,46550,1070.4609517528727
22,46600,1070.4609517528727
22,46650,1070.4609517528727
22,46700,1070.4609517528727
22,46750,1070.4609517528727
22,46800,1070.4609517528727
22,46850,1070.4609517528727
22,46900,1070.4609517528727
22,46950,1070.4609517528727
22,47000,1070.4609517528727
22,47050,1070.4609517528727
22,47100,1070.4609517528727
22,47150,1070.4609517528727
22,47200,1070.4609517528727
22,47250,1070.4609517528727
22,47300,1070.4609517528727
22,47350,1070.4609517528727
22,47400,1070.4609517528727
22,47450,1070.4609517528727
22,47500,1070.4609517528727
22,47550,1070.4609517528727
22,47600,1070.4609517528727
22,47650,1070.4609517528727
22,47700,1070.4609517528727
22,47750,1070.4609517528727
22,47800,1070.4609517528727
22,47850,1070.4609517528727
22,47900,1070.4609517528727
22,47950,1070.4609517528727
22,48000,1070.4609517528727
22,48050,1070.4609517528727
22,48100,1070.4609517528727
22,48150,1070.4609517528727
22,48200,1070.4609517528727
22,48250,1070.4609517528727
22,48300,1070.4609517528727
22,48350,1070.4609517528727
22,48400,1070.4609517528727
22,48450,1070.4609517528727
22,48500,1070.4609517528727
22,48550,1070.4609517528727
22,48600,1070.4609517528727
22,48650,1070.4609517528727
22,48700,1070.4609517528727
22,48750,1070.4609517528727
22,48800,1070.4609517528727
22,48850,1070.4609517528727
22,48900,1070.4609517528727
22,48950,1070.4609517528727
22,49000,1070.4609517528727
22,49050,1070.4609517528727
22,49100,1070.4609517528727
22,49150,1070.4609517528727
22,49200,1070.4609517528727
22,49250,1070.4609517528727
22,49300,1070.4609517528727
22,49350,1070.4609517528727
22,49400,1070.4609517528727
22,49450,1070.4609517528727
22,49500,1070.4609517528727
22,49550,1070.4609517528727
22,49600,1070.4609517528727
22,49650,1070.4609517528727
22,49700,1070.4609517528727
22,49750,1070.4609517528727
22,49800,1070.4609517528727
22,49850,1070.4609517528727
22,49900,1070.4609517528727
22,49950,1070.4609517528727
22,50000,1070.4609517528727
23,50,1418.2584815223113
23,100,1397.6296459194916
23,150,1397.6296459194916
23,200,1397.6296459194916
23,250,1347.719422889054
23,300,1347.719422889054
23,350,1347.719422889054
23,400,1347.719422889054
23,450,1347.719422889054
23,500,1295.3402503865861
23,550,1295.3402503865861
23,600,1295.3402503865861
23,650,1292.7515016686964
23,700,1229.1981550965675
23,750,1229.1981550965675
23,800,1229.1981550965675
23,850,1198.4538785069149
23,900,1198.4538785069149
23,950,1198.4538785069149
23,1000,1198.4538785069149
23,1050,1198.4538785069149
23,1100,1186.1490030720845
23,1150,1186.1490030720845
23,1200,1186.1490030720845
23,1250,1170.4123373237228
23,1300,1170.4123373237228
23,1350,1170.4123373237228
23,1400,1170.4123373237228
23,1450,1170.4123373237228
23,1500,1147.9409076418985
23,1550,1147.9409076418985
23,1600,1147.9409076418985
23,1650,1147.9409076418985
23,1700,1147.9409076418985
23,1750,1147.9409076418985
23,1800,1147.9409076418985
23,1850,1147.9409076418985
23,1900,1147.9409076418985
23,1950,1147.9409076418985
23,2000,1147.9409076418985
23,2050,1147.9409076418985
23,2100,1147.9409076418985
23,2150,1147.9409076418985
23,2200,1147.9409076418985
23,2250,1147.9409076418985
23,2300,1147.9409076418985
23,2350,1147.9409076418985
23,2400,1147.9409076418985
23,2450,1147.9409076418985
23,2500,1147.9409076418985
23,2550,1147.9409076418985
23,2600,1147.9409076418985
23,2650,1147.9409076418985
23,2700,1147.9409076418985
23,2750,1145.9710368993692
23,2800,1145.9710368993692
23,2850,1145.9710368993692
23,2900,1145.9710368993692
23,2950,1145.9710368993692
23,3000,1145.9710368993692
23,3050,1145.9710368993692
23,3100,1145.9710368993692
23,3150,1145.9710368993692
23,3200,1145.9710368993692
23,3250,1145.9710368993692
23,3300,1141.012802774706
23,3350,1141.012802774706
23,3400,1141.012802774706
23,3450,1141.012802774706
23,3500,1141.012802774706
23,3550,1141.012802774706
23,3600,1141.012802774706
23,3650,1141.012802774706
23,3700,1141.012802774706
23,3750,1141.012802774706
23,3800,1141.012802774706
23,3850,1141.012802774706
23,3900,1131.464026637209
23,3950,1131.464026637209
23,4000,1131.464026637209
23,4050,1131.464026637209
23,4100,1122.038920282438
23,4150,1122.038920282438
23,4200,1122.038920282438
23,4250,1122.038920282438
23,4300,1122.038920282438
23,4350,1122.038920282438
23,4400,1122.038920282438
23,4450,1122.038920282438
23,4500,1122.038920282438
23,4550,1122.038920282438
23,4600,1122.038920282438
23,4650,1122.038920282438
23,4700,1122.038920282438
23,4750,1122.038920282438
23,4800,1122.038920282438
23,4850,1122.038920282438
23,4900,1122.038920282438
23,4950,1122.038920282438
23,5000,1122.038920282438
23,5050,1122.038920282438
23,5100,1122.038920282438
23,5150,1122.038920282438
23,5200,1122.038920282438
23,5250,1122.038920282438
23,5300,1122.038920282438
23,5350,1122.038920282438
23,5400,1122.038920282438
23,5450,1122.038920282438
23,5500,1122.038920282438
23,5550,1122.038920282438
23,5600,1122.038920282438
23,5650,1122.038920282438
23,5700,1122.038920282438
23,5750,1122.038920282438
23,5800,1122.038920282438
23,5850,1122.038920282438
23,5900,1122.038920282438
23,5950,1122.038920282438
23,6000,1122.038920282438
23,6050,1122.038920282438
23,6100,1122.038920282438
23,6150,1122.038920282438
23,6200,1122.038920282438
23,6250,1122.038920282438
23,6300,1122.038920282438
23,6350,1122.038920282438
23,6400,1122.038920282438
23,6450,1122.038920282438
23,6500,1122.038920282438
23,6550,1122.038920282438
23,6600,1122.038920282438
23,6650,1122.038920282438
23,6700,1122.038920282438
23,6750,1122.038920282438
23,6800,1122.038920282438
23,6850,1122.038920282438
23,6900,1122.038920282438
23,6950,1122.038920282438
23,7000,1122.038920282438
23,7050,1122.038920282438
23,7100,1122.038920282438
23,7150,1122.038920282438
23,7200,1122.038920282438
23,7250,1122.038920282438
23,7300,1122.038920282438
23,7350,1122.038920282438
23,7400,1122.038920282438
23,7450,1122.038920282438
23,7500,1122.038920282438
23,7550,1122.038920282438
23,7600,1122.038920282438
23,7650,1122.038920282438
23,7700,1122.038920282438
23,7750,1122.038920282438
23,7800,1122.038920282438
23,7850,1122.038920282438
23,7900,1122.038920282438
23,7950,1122.038920282438
23,8000,1122.038920282438
23,8050,1122.038920282438
23,8100,1122.038920282438
23,8150,1122.038920282438
23,8200,1122.038920282438
23,8250,1122.038920282438
23,8300,1122.038920282438
23,8350,1122.038920282438
23,8400,1122.038920282438
23,8450,1122.038920282438
23,8500,1122.038920282438
23,8550,1122.038920282438
23,8600,1122.038920282438
23,8650,1122.038920282438
23,8700,1122.038920282438
23,8750,1122.038920282438
23,8800,1122.038920282438
23,8850,1122.038920282438
23,8900,1122.038920282438
23,8950,1122.038920282438
23,9000,1122.038920282438
23,9050,1122.038920282438
23,9100,1122.038920282438
23,9150,1122.038920282438
23,9200,1122.038920282438
23,9250,1122.038920282438
23,9300,1122.038920282438
23,9350,1122.038920282438
23,9400,1122.038920282438
23,9450,1122.038920282438
23,9500,1122.038920282438
23,9550,1122.038920282438
23,9600,1122.038920282438
23,9650,1122.038920282438
23,9700,1122.038920282438
23,9750,1122.038920282438
23,9800,1122.038920282438
23,9850,1122.038920282438
23,9900,1122.038920282438
23,9950,1122.038920282438
23,10000,1122.038920282438
23,10050,1122.038920282438
23,10100,1122.038920282438
23,10150,1122.038920282438
23,10200,1122.038920282438
23,10250,1122.038920282438
23,10300,1122.038920282438
23,10350,1122.038920282438
23,10400,1122.038920282438
23,10450,1122.038920282438
23,10500,1122.038920282438
23,10550,1122.038920282438
23,10600,1122.038920282438
23,10650,1122.038920282438
23,10700,1122.038920282438
23,10750,1122.038920282438
23,10800,1122.038920282438
23,10850,1122.038920282438
23,10900,1122.038920282438
23,10950,1122.038920282438
23,11000,1122.038920282438
23,11050,1122.038920282438
23,11100,1122.038920282438
23,11150,1122.038920282438
23,11200,1122.038920282438
23,11250,1122.038920282438
23,11300,1122.038920282438
23,11350,1122.038920282438
23,11400,1122.038920282438
23,11450,1122.038920282438
23,11500,1122.038920282438
23,11550,1122.038920282438
23,11600,1122.038920282438
23,11650,1122.038920282438
23,11700,1122.038920282438
23,11750,1122.038920282438
23,11800,1122.038920282438
23,11850,1122.038920282438
23,11900,1122.038920282438
23,11950,1122.038920282438
23,12000,1122.038920282438
23,12050,1122.038920282438
23,12100,1122.038920282438
23,12150,1122.038920282438
23,12200,1122.038920282438
23,12250,1122.038920282438
23,12300,1122.038920282438
23,12350,1122.038920282438
23,12400,1122.038920282438
23,12450,1122.038920282438
23,12500,1122.038920282438
23,12550,1122.038920282438
23,12600,1122.038920282438
23,12650,1122.038920282438
23,12700,1122.038920282438
23,12750,1122.038920282438
23,12800,1122.038920282438
23,12850,1122.038920282438
23,12900,1122.038920282438
23,12950,1122.038920282438
23,13000,1122.038920282438
23,13050,1122.038920282438
23,13100,1122.038920282438
23,13150,1122.038920282438
23,13200,1122.038920282438
23,13250,1122.038920282438
23,13300,1122.038920282438
23,13350,1122.038920282438
23,13400,1122.038920282438
23,13450,1122.038920282438
23,13500,1122.038920282438
23,13550,1122.038920282438
23,13600,1122.038920282438
23,13650,1122.038920282438
23,13700,1122.038920282438
23,13750,1122.038920282438
23,13800,1122.038920282438
23,13850,1122.038920282438
23,13900,1122.038920282438
23,13950,1122.038920282438
23,14000,1122.038920282438
23,14050,1122.038920282438
23,14100,1122.038920282438
23,14150,1122.038920282438
23,14200,1122.038920282438
23,14250,1122.038920282438
23,14300,1122.038920282438
23,14350,1122.038920282438
23,14400,1122.038920282438
23,14450,1122.038920282438
23,14500,1122.038920282438
23,14550,1122.038920282438
23,14600,1122.038920282438
23,14650,1122.038920282438
23,14700,1122.038920282438
23,14750,1122.038920282438
23,14800,1122.038920282438
23,14850,1122.038920282438
23,14900,1122.038920282438
23,14950,1122.038920282438
23,15000,1122.038920282438
23,15050,1122.038920282438
23,15100,1122.038920282438
23,15150,1122.038920282438
23,15200,1122.038920282438
23,15250,1122.038920282438
23,15300,1122.038920282438
23,15350,1122.038920282438
23,15400,1122.038920282438
23,15450,1122.038920282438
23,15500,1122.038920282438
23,15550,1122.038920282438
23,15600,1122.038920282438
23,15650,1122.038920282438
23,15700,1122.038920282438
23,15750,1122.038920282438
23,15800,1122.038920282438
23,15850,1122.038920282438
23,15900,1122.038920282438
23,15950,1122.038920282438
23,16000,1122.038920282438
23,16050,1122.038920282438
23,16100,1113.0299748941732
23,16150,1113.0299748941732
23,16200,1113.0299748941732
23,16250,1113.0299748941732
23,16300,1113.0299748941732
23,16350,1113.0299748941732
23,16400,1113.0299748941732
23,16450,1113.0299748941732
23,16500,1113.0299748941732
23,16550,1113.0299748941732
23,16600,1113.0299748941732
23,16650,1113.0299748941732
23,16700,1113.0299748941732
23,16750,1113.0299748941732
23,16800,1113.0299748941732
23,16850,1113.0299748941732
23,16900,1113.0299748941732
23,16950,1113.0299748941732
23,17000,1113.0299748941732
23,17050,1105.3665527680037
23,17100,1105.3665527680037
23,17150,1105.3665527680037
23,17200,1105.3665527680037
23,17250,1105.3665527680037
23,17300,1105.3665527680037
23,17350,1105.3665527680037
23,17400,1105.3665527680037
23,17450,1105.3665527680037
23,17500,1105.3665527680037
23,17550,1105.3665527680037
23,17600,1105.3665527680037
23,17650,1105.3665527680037
23,17700,1105.3665527680037
23,17750,1105.3665527680037
23,17800,1105.3665527680037
23,17850,1105.3665527680037
23,17900,1105.3665527680037
23,17950,1105.3665527680037
23,18000,1105.3665527680037
23,18050,1105.3665527680037
23,18100,1105.3665527680037
23,18150,1105.3665527680037
23,18200,1105.3665527680037
23,18250,1105.3665527680037
23,18300,1105.3665527680037
23,18350,1105.3665527680037
23,18400,1105.3665527680037
23,18450,1105.3665527680037
23,18500,1105.3665527680037
23,18550,1105.3665527680037
23,18600,1105.3665527680037
23,18650,1105.3665527680037
23,18700,1105.3665527680037
23,18750,1105.3665527680037
23,18800,1105.3665527680037
23,18850,1105.3665527680037
23,18900,1105.3665527680037
23,18950,1105.3665527680037
23,19000,1105.3665527680037
23,19050,1105.3665527680037
23,19100,1105.3665527680037
23,19150,1105.3665527680037
23,19200,1105.3665527680037
23,19250,1105.3665527680037
23,19300,1105.3665527680037
23,19350,1105.3665527680037
23,19400,1105.3665527680037
23,19450,1105.3665527680037
23,19500,1105.3665527680037
23,19550,1105.3665527680037
23,19600,1105.3665527680037
23,19650,1105.3665527680037
23,19700,1105.3665527680037
23,19750,1105.3665527680037
23,19800,1105.3665527680037
23,19850,1105.3665527680037
23,19900,1105.3665527680037
23,19950,1105.3665527680037
23,20000,1105.3665527680037
23,20050,1105.3665527680037
23,20100,1105.3665527680037
23,20150,1105.3665527680037
23,20200,1105.3665527680037
23,20250,1105.3665527680037
23,20300,1105.3665527680037
23,20350,1105.3665527680037
23,20400,1105.3665527680037
23,20450,1105.3665527680037
23,20500,1105.3665527680037
23,20550,1105.3665527680037
23,20600,1105.3665527680037
23,20650,1105.3665527680037
23,20700,1105.3665527680037
23,20750,1105.3665527680037
23,20800,1105.3665527680037
23,20850,1105.3665527680037
23,20900,1105.3665527680037
23,20950,1105.3665527680037
23,21000,1105.3665527680037
23,21050,1105.3665527680037
23,21100,1105.3665527680037
23,21150,1105.3665527680037
23,21200,1105.3665527680037
23,21250,1105.3665527680037
23,21300,1105.3665527680037
23,21350,1105.3665527680037
23,21400,1105.3665527680037
23,21450,1105.3665527680037
23,21500,1105.3665527680037
23,21550,1105.3665527680037
23,21600,1105.3665527680037
23,21650,1105.3665527680037
23,21700,1105.3665527680037
23,21750,1105.3665527680037
23,21800,1105.3665527680037
23,21850,1105.3665527680037
23,21900,1105.3665527680037
23,21950,1105.3665527680037
23,22000,1105.3665527680037
23,22050,1105.3665527680037
23,22100,1105.3665527680037
23,22150,1105.3665527680037
23,22200,1105.3665527680037
23,22250,1105.3665527680037
23,22300,1105.3665527680037
23,22350,1105.3665527680037
23,22400,1105.3665527680037
23,22450,1105.3665527680037
23,22500,1105.3665527680037
23,22550,1105.3665527680037
23,22600,1105.3665527680037
23,22650,1105.3665527680037
23,22700,1105.3665527680037
23,22750,1105.3665527680037
23,22800,1105.3665527680037
23,22850,1105.3665527680037
23,22900,1105.3665527680037
23,22950,1105.3665527680037
23,23000,1105.3665527680037
23,23050,1105.3665527680037
23,23100,1105.3665527680037
23,23150,1105.3665527680037
23,23200,1105.3665527680037
23,23250,1105.3665527680037
23,23300,1105.3665527680037
23,23350,1105.3665527680037
23,23400,1105.3665527680037
23,23450,1105.3665527680037
23,23500,1105.3665527680037
23,23550,1105.3665527680037
23,23600,1105.3665527680037
23,23650,1105.3665527680037
23,23700,1105.3665527680037
23,23750,1105.3665527680037
23,23800,1105.3665527680037
23,23850,1105.3665527680037
23,23900,1105.3665527680037
23,23950,1105.3665527680037
23,24000,1105.3665527680037
23,24050,1105.3665527680037
23,24100,1105.3665527680037
23,24150,1105.3665527680037
23,24200,1105.3665527680037
23,24250,1105.3665527680037
23,24300,1105.3665527680037
23,24350,1105.3665527680037
23,24400,1105.3665527680037
23,24450,1105.3665527680037
23,24500,1105.3665527680037
23,24550,1105.3665527680037
23,24600,1105.3665527680037
23,24650,1105.3665527680037
23,24700,1105.3665527680037
23,24750,1105.3665527680037
23,24800,1105.3665527680037
23,24850,1105.3665527680037
23,24900,1105.3665527680037
23,24950,1105.3665527680037
23,25000,1105.3665527680037
23,25050,1105.3665527680037
23,25100,1105.3665527680037
23,25150,1105.3665527680037
23,25200,1105.3665527680037
23,25250,1105.3665527680037
23,25300,1105.3665527680037
23,25350,1105.3665527680037
23,25400,1105.3665527680037
23,25450,1105.3665527680037
23,25500,1105.3665527680037
23,25550,1105.3665527680037
23,25600,1105.3665527680037
23,25650,1105.3665527680037
23,25700,1105.3665527680037
23,25750,1105.3665527680037
23,25800,1105.3665527680037
23,25850,1105.3665527680037
23,25900,1105.3665527680037
23,25950,1105.3665527680037
23,26000,1105.3665527680037
23,26050,1105.3665527680037
23,26100,1105.3665527680037
23,26150,1105.3665527680037
23,26200,1105.3665527680037
23,26250,1105.3665527680037
23,26300,1105.3665527680037
23,26350,1105.3665527680037
23,26400,1105.3665527680037
23,26450,1105.3665527680037
23,26500,1105.3665527680037
23,26550,1105.3665527680037
23,26600,1105.3665527680037
23,26650,1105.3665527680037
23,26700,1105.3665527680037
23,26750,1105.3665527680037
23,26800,1105.3665527680037
23,26850,1105.3665527680037
23,26900,1105.3665527680037
23,26950,1105.3665527680037
23,27000,1105.3665527680037
23,27050,1105.3665527680037
23,27100,1105.3665527680037
23,27150,1105.3665527680037
23,27200,1105.3665527680037
23,27250,1105.3665527680037
23,27300,1105.3665527680037
23,27350,1105.3665527680037
23,27400,1105.3665527680037
23,27450,1105.3665527680037
23,27500,1105.3665527680037
23,27550,1105.3665527680037
23,27600,1105.3665527680037
23,27650,1105.3665527680037
23,27700,1105.3665527680037
23,27750,1105.3665527680037
23,27800,1105.3665527680037
23,27850,1105.3665527680037
23,27900,1105.3665527680037
23,27950,1105.3665527680037
23,28000,1105.3665527680037
23,28050,1105.3665527680037
23,28100,1105.3665527680037
23,28150,1105.3665527680037
23,28200,1105.3665527680037
23,28250,1105.3665527680037
23,28300,1105.3665527680037
23,28350,1105.3665527680037
23,28400,1105.3665527680037
23,28450,1105.3665527680037
23,28500,1105.3665527680037
23,28550,1105.3665527680037
23,28600,1105.3665527680037
23,28650,1105.3665527680037
23,28700,1105.3665527680037
23,28750,1105.3665527680037
23,28800,1105.3665527680037
23,28850,1105.3665527680037
23,28900,1105.3665527680037
23,28950,1105.3665527680037
23,29000,1105.3665527680037
23,29050,1105.3665527680037
23,29100,1105.3665527680037
23,29150,1105.3665527680037
23,29200,1105.3665527680037
23,29250,1105.3665527680037
23,29300,1105.3665527680037
23,29350,1105.3665527680037
23,29400,1105.3665527680037
23,29450,1105.3665527680037
23,29500,1105.3665527680037
23,29550,1105.3665527680037
23,29600,1105.3665527680037
23,29650,1105.3665527680037
23,29700,1105.3665527680037
23,29750,1105.3665527680037
23,29800,1105.3665527680037
23,29850,1105.3665527680037
23,29900,1105.3665527680037
23,29950,1105.3665527680037
23,30000,1105.3665527680037
23,30050,1105.3665527680037
23,30100,1105.3665527680037
23,30150,1105.3665527680037
23,30200,1105.3665527680037
23,30250,1105.3665527680037
23,30300,1105.3665527680037
23,30350,1105.3665527680037
23,30400,1105.3665527680037
23,30450,1105.3665527680037
23,30500,1105.3665527680037
23,30550,1105.3665527680037
23,30600,1105.3665527680037
23,30650,1105.3665527680037
23,30700,1105.3665527680037
23,30750,1105.3665527680037
23,30800,1105.3665527680037
23,30850,1105.3665527680037
23,30900,1105.3665527680037
23,30950,1105.3665527680037
23,31000,1105.3665527680037
23,31050,1105.3665527680037
23,31100,1105.3665527680037
23,31150,1105.3665527680037
23,31200,1105.3665527680037
23,31250,1105.3665527680037
23,31300,1105.3665527680037
23,31350,1105.3665527680037
23,31400,1105.3665527680037
23,31450,1105.3665527680037
23,31500,1105.3665527680037
23,31550,1105.3665527680037
23,31600,1105.3665527680037
23,31650,1105.3665527680037
23,31700,1105.3665527680037
23,31750,1105.3665527680037
23,31800,1105.3665527680037
23,31850,1105.3665527680037
23,31900,1105.3665527680037
23,31950,1105.3665527680037
23,32000,1105.3665527680037
23,32050,1105.3665527680037
23,32100,1105.3665527680037
23,32150,1105.3665527680037
23,32200,1105.3665527680037
23,32250,1105.3665527680037
23,32300,1105.3665527680037
23,32350,1105.3665527680037
23,32400,1105.3665527680037
23,32450,1105.3665527680037
23,32500,1105.3665527680037
23,32550,1105.3665527680037
23,32600,1105.3665527680037
23,32650,1105.3665527680037
23,32700,1105.3665527680037
23,32750,1105.3665527680037
23,32800,1105.3665527680037
23,32850,1105.3665527680037
23,32900,1105.3665527680037
23,32950,1105.3665527680037
23,33000,1105.3665527680037
23,33050,1105.3665527680037
23,33100,1105.3665527680037
23,33150,1105.3665527680037
23,33200,1105.3665527680037
23,33250,1105.3665527680037
23,33300,1105.3665527680037
23,33350,1105.3665527680037
23,33400,1105.3665527680037
23,33450,1105.3665527680037
23,33500,1105.3665527680037
23,33550,1105.3665527680037
23,33600,1105.3665527680037
23,33650,1105.3665527680037
23,33700,1105.3665527680037
23,33750,1105.3665527680037
23,33800,1105.3665527680037
23,33850,1105.3665527680037
23,33900,1105.3665527680037
23,33950,1105.3665527680037
23,34000,1105.3665527680037
23,34050,1105.3665527680037
23,34100,1105.3665527680037
23,34150,1105.3665527680037
23,34200,1105.3665527680037
23,34250,1105.3665527680037
23,34300,1105.3665527680037
23,34350,1105.3665527680037
23,34400,1105.3665527680037
23,34450,1105.3665527680037
23,34500,1105.3665527680037
23,34550,1105.3665527680037
23,34600,1105.3665527680037
23,34650,1105.3665527680037
23,34700,1105.3665527680037
23,34750,1105.3665527680037
23,34800,1105.3665527680037
23,34850,1105.3665527680037
23,34900,1105.3665527680037
23,34950,1105.3665527680037
23,35000,1105.3665527680037
23,35050,1105.3665527680037
23,35100,1105.3665527680037
23,35150,1105.3665527680037
23,35200,1105.3665527680037
23,35250,1105.3665527680037
23,35300,1105.3665527680037
23,35350,1105.3665527680037
23,35400,1105.3665527680037
23,35450,1105.3665527680037
23,35500,1105.3665527680037
23,35550,1105.3665527680037
23,35600,1105.3665527680037
23,35650,1105.3665527680037
23,35700,1105.3665527680037
23,35750,1105.3665527680037
23,35800,1105.3665527680037
23,35850,1105.3665527680037
23,35900,1105.3665527680037
23,35950,1105.3665527680037
23,36000,1105.3665527680037
23,36050,1105.3665527680037
23,36100,1105.3665527680037
23,36150,1105.3665527680037
23,36200,1105.3665527680037
23,36250,1105.3665527680037
23,36300,1105.3665527680037
23,36350,1105.3665527680037
23,36400,1105.3665527680037
23,36450,1105.3665527680037
23,36500,1105.3665527680037
23,36550,1105.3665527680037
23,36600,1105.3665527680037
23,36650,1105.3665527680037
23,36700,1105.3665527680037
23,36750,1105.3665527680037
23,36800,1105.3665527680037
23,36850,1105.3665527680037
23,36900,1105.3665527680037
23,36950,1105.3665527680037
23,37000,1105.3665527680037
23,37050,1105.3665527680037
23,37100,1105.3665527680037
23,37150,1105.3665527680037
23,37200,1105.3665527680037
23,37250,1105.3665527680037
23,37300,1105.3665527680037
23,37350,1105.3665527680037
23,37400,1105.3665527680037
23,37450,1105.3665527680037
23,37500,1105.3665527680037
23,37550,1105.3665527680037
23,37600,1105.3665527680037
23,37650,1105.3665527680037
23,37700,1105.3665527680037
23,37750,1105.3665527680037
23,37800,1105.3665527680037
23,37850,1105.3665527680037
23,37900,1105.3665527680037
23,37950,1105.3665527680037
23,38000,1105.3665527680037
23,38050,1105.3665527680037
23,38100,1105.3665527680037
23,38150,1105.3665527680037
23,38200,1105.3665527680037
23,38250,1105.3665527680037
23,38300,1105.3665527680037
23,38350,1105.3665527680037
23,38400,1105.3665527680037
23,38450,1105.3665527680037
23,38500,1105.3665527680037
23,38550,1105.3665527680037
23,38600,1105.3665527680037
23,38650,1105.3665527680037
23,38700,1105.3665527680037
23,38750,1105.3665527680037
23,38800,1105.3665527680037
23,38850,1105.3665527680037
23,38900,1105.3665527680037
23,38950,1105.3665527680037
23,39000,1105.3665527680037
23,39050,1105.3665527680037
23,39100,1105.3665527680037
23,39150,1105.3665527680037
23,39200,1105.3665527680037
23,39250,1105.3665527680037
23,39300,1105.3665527680037
23,39350,1105.3665527680037
23,39400,1105.3665527680037
23,39450,1105.3665527680037
23,39500,1105.3665527680037
23,39550,1105.3665527680037
23,39600,1105.3665527680037
23,39650,1105.3665527680037
23,39700,1105.3665527680037
23,39750,1105.3665527680037
23,39800,1105.3665527680037
23,39850,1105.3665527680037
23,39900,1105.3665527680037
23,39950,1105.3665527680037
23,40000,1105.3665527680037
23,40050,1105.3665527680037
23,40100,1105.3665527680037
23,40150,1105.3665527680037
23,40200,1105.3665527680037
23,40250,1105.3665527680037
23,40300,1105.3665527680037
23,40350,1105.3665527680037
23,40400,1105.3665527680037
23,40450,1105.3665527680037
23,40500,1105.3665527680037
23,40550,1105.3665527680037
23,40600,1105.3665527680037
23,40650,1105.3665527680037
23,40700,1105.3665527680037
23,40750,1105.3665527680037
23,40800,1105.3665527680037
23,40850,1105.3665527680037
23,40900,1105.3665527680037
23,40950,1105.3665527680037
23,41000,1105.3665527680037
23,41050,1105.3665527680037
23,41100,1105.3665527680037
23,41150,1105.3665527680037
23,41200,1105.3665527680037
23,41250,1105.3665527680037
23,41300,1105.3665527680037
23,41350,1105.3665527680037
23,41400,1105.3665527680037
23,41450,1105.3665527680037
23,41500,1105.3665527680037
23,41550,1105.3665527680037
23,41600,1105.3665527680037
23,41650,1105.3665527680037
23,41700,1105.3665527680037
23,41750,1105.3665527680037
23,41800,1105.3665527680037
23,41850,1105.3665527680037
23,41900,1105.3665527680037
23,41950,1105.3665527680037
23,42000,1105.3665527680037
23,42050,1105.3665527680037
23,42100,1105.3665527680037
23,42150,1105.3665527680037
23,42200,1105.3665527680037
23,42250,1105.3665527680037
23,42300,1105.3665527680037
23,42350,1105.3665527680037
23,42400,1105.3665527680037
23,42450,1105.3665527680037
23,42500,1105.3665527680037
23,42550,1105.3665527680037
23,42600,1105.3665527680037
23,42650,1105.3665527680037
23,42700,1105.3665527680037
23,42750,1105.3665527680037
23,42800,1105.3665527680037
23,42850,1105.3665527680037
23,42900,1105.3665527680037
23,42950,1105.3665527680037
23,43000,1105.3665527680037
23,43050,1105.3665527680037
23,43100,1105.3665527680037
23,43150,1105.3665527680037
23,43200,1105.3665527680037
23,43250,1105.3665527680037
23,43300,1105.3665527680037
23,43350,1105.3665527680037
23,43400,1105.3665527680037
23,43450,1105.3665527680037
23,43500,1105.3665527680037
23,43550,1105.3665527680037
23,43600,1105.3665527680037
23,43650,1105.3665527680037
23,43700,1105.3665527680037
23,43750,1105.3665527680037
23,43800,1105.3665527680037
23,43850,1105.3665527680037
23,43900,1105.3665527680037
23,43950,1105.3665527680037
23,44000,1105.3665527680037
23,44050,1105.3665527680037
23,44100,1105.3665527680037
23,44150,1105.3665527680037
23,44200,1105.3665527680037
23,44250,1105.3665527680037
23,44300,1105.3665527680037
23,44350,1105.3665527680037
23,44400,1105.3665527680037
23,44450,1105.3665527680037
23,44500,1105.3665527680037
23,44550,1105.3665527680037
23,44600,1105.3665527680037
23,44650,1105.3665527680037
23,44700,1105.3665527680037
23,44750,1105.3665527680037
23,44800,1105.3665527680037
23,44850,1105.3665527680037
23,44900,1105.3665527680037
23,44950,1105.3665527680037
23,45000,1105.3665527680037
23,45050,1105.3665527680037
23,45100,1105.3665527680037
23,45150,1105.3665527680037
23,45200,1105.3665527680037
23,45250,1105.3665527680037
23,45300,1105.3665527680037
23,45350,1105.3665527680037
23,45400,1105.3665527680037
23,45450,1105.3665527680037
23,45500,1105.3665527680037
23,45550,1105.3665527680037
23,45600,1105.3665527680037
23,45650,1105.3665527680037
23,45700,1105.3665527680037
23,45750,1105.3665527680037
23,45800,1105.3665527680037
23,45850,1105.3665527680037
23,45900,1105.3665527680037
23,45950,1105.3665527680037
23,46000,1105.3665527680037
23,46050,1105.3665527680037
23,46100,1105.3665527680037
23,46150,1105.3665527680037
23,46200,1105.3665527680037
23,46250,1105.3665527680037
23,46300,1105.3665527680037
23,46350,1105.3665527680037
23,46400,1105.3665527680037
23,46450,1105.3665527680037
23,46500,1105.3665527680037
23,46550,1105.3665527680037
23,46600,1105.3665527680037
23,46650,1105.3665527680037
23,46700,1105.3665527680037
23,46750,1105.3665527680037
23,46800,1105.3665527680037
23,46850,1105.3665527680037
23,46900,1105.3665527680037
23,46950,1105.3665527680037
23,47000,1105.3665527680037
23,47050,1105.3665527680037
23,47100,1105.3665527680037
23,47150,1105.3665527680037
23,47200,1105.3665527680037
23,47250,1105.3665527680037
23,47300,1105.3665527680037
23,47350,1105.3665527680037
23,47400,1105.3665527680037
23,47450,1105.3665527680037
23,47500,1105.3665527680037
23,47550,1105.3665527680037
23,47600,1105.3665527680037
23,47650,1105.3665527680037
23,47700,1105.3665527680037
23,47750,1105.3665527680037
23,47800,1105.3665527680037
23,47850,1105.3665527680037
23,47900,1105.3665527680037
23,47950,1105.3665527680037
23,48000,1105.3665527680037
23,48050,1105.3665527680037
23,48100,1105.3665527680037
23,48150,1105.3665527680037
23,48200,1105.3665527680037
23,48250,1105.3665527680037
23,48300,1105.3665527680037
23,48350,1105.3665527680037
23,48400,1105.3665527680037
23,48450,1105.3665527680037
23,48500,1105.3665527680037
23,48550,1105.3665527680037
23,48600,1105.3665527680037
23,48650,1105.3665527680037
23,48700,1105.3665527680037
23,48750,1105.3665527680037
23,48800,1105.3665527680037
23,48850,1105.3665527680037
23,48900,1105.3665527680037
23,48950,1105.3665527680037
23,49000,1105.3665527680037
23,49050,1105.3665527680037
23,49100,1105.3665527680037
23,49150,1105.3665527680037
23,49200,1105.3665527680037
23,49250,1105.3665527680037
23,49300,1105.3665527680037
23,49350,1105.3665527680037
23,49400,1105.3665527680037
23,49450,1105.3665527680037
23,49500,1105.3665527680037
23,49550,1105.3665527680037
23,49600,1105.3665527680037
23,49650,1105.3665527680037
23,49700,1105.3665527680037
23,49750,1105.3665527680037
23,49800,1105.3665527680037
23,49850,1105.3665527680037
23,49900,1105.3665527680037
23,49950,1105.3665527680037
23,50000,1105.3665527680037
24,50,1430.296834507641
24,100,1430.296834507641
24,150,1430.296834507641
24,200,1422.6694138562914
24,250,1378.7565215286659
24,300,1368.5328940478194
24,350,1359.1458670431862
24,400,1359.1458670431862
24,450,1292.4150488209139
24,500,1292.4150488209139
24,550,1261.6390785857106
24,600,1261.6390785857106
24,650,1259.5131716513447
24,700,1233.7003804958676
24,750,1233.7003804958676
24,800,1233.7003804958676
24,850,1233.7003804958676
24,900,1214.991632128126
24,950,1214.991632128126
24,1000,1214.991632128126
24,1050,1213.7728732357386
24,1100,1205.060707455874
24,1150,1157.8422776131379
24,1200,1157.8422776131379
24,1250,1157.8422776131379
24,1300,1157.8422776131379
24,1350,1157.8422776131379
24,1400,1157.8422776131379
24,1450,1135.3635365283312
24,1500,1135.3635365283312
24,1550,1135.3635365283312
24,1600,1135.3635365283312
24,1650,1135.3635365283312
24,1700,1135.3635365283312
24,1750,1135.3635365283312
24,1800,1135.3635365283312
24,1850,1135.3635365283312
24,1900,1135.3635365283312
24,1950,1135.3635365283312
24,2000,1135.3635365283312
24,2050,1135.3635365283312
24,2100,1135.3635365283312
24,2150,1135.3635365283312
24,2200,1135.3635365283312
24,2250,1135.3635365283312
24,2300,1135.3635365283312
24,2350,1135.3635365283312
24,2400,1135.3635365283312
24,2450,1135.3635365283312
24,2500,1135.3635365283312
24,2550,1135.3635365283312
24,2600,1135.3635365283312
24,2650,1135.3635365283312
24,2700,1135.3635365283312
24,2750,1135.3635365283312
24,2800,1135.3635365283312
24,2850,1135.3635365283312
24,2900,1135.3635365283312
24,2950,1135.3635365283312
24,3000,1135.3635365283312
24,3050,1135.3635365283312
24,3100,1135.3635365283312
24,3150,1135.3635365283312
24,3200,1135.3635365283312
24,3250,1135.3635365283312
24,3300,1135.3635365283312
24,3350,1135.3635365283312
24,3400,1135.3635365283312
24,3450,1135.3635365283312
24,3500,1135.3635365283312
24,3550,1135.3635365283312
24,3600,1135.3635365283312
24,3650,1135.3635365283312
24,3700,1135.3635365283312
24,3750,1135.3635365283312
24,3800,1133.3581032036434
24,3850,1133.3581032036434
24,3900,1133.3581032036434
24,3950,1133.3581032036434
24,4000,1133.3581032036434
24,4050,1133.3581032036434
24,4100,1133.3581032036434
24,4150,1133.3581032036434
24,4200,1133.3581032036434
24,4250,1133.3581032036434
24,4300,1133.3581032036434
24,4350,1133.3581032036434
24,4400,1133.3581032036434
24,4450,1133.3581032036434
24,4500,1133.3581032036434
24,4550,1133.3581032036434
24,4600,1133.3581032036434
24,4650,1105.0291261915588
24,4700,1105.0291261915588
24,4750,1105.0291261915588
24,4800,1105.0291261915588
24,4850,1105.0291261915588
24,4900,1105.0291261915588
24,4950,1105.0291261915588
24,5000,1105.0291261915588
24,5050,1105.0291261915588
24,5100,1105.0291261915588
24,5150,1105.0291261915588
24,5200,1105.0291261915588
24,5250,1105.0291261915588
24,5300,1105.0291261915588
24,5350,1105.0291261915588
24,5400,1105.0291261915588
24,5450,1105.0291261915588
24,5500,1105.0291261915588
24,5550,1105.0291261915588
24,5600,1105.0291261915588
24,5650,1105.0291261915588
24,5700,1105.0291261915588
24,5750,1105.0291261915588
24,5800,1105.0291261915588
24,5850,1105.0291261915588
24,5900,1105.0291261915588
24,5950,1105.0291261915588
24,6000,1105.0291261915588
24,6050,1105.0291261915588
24,6100,1105.0291261915588
24,6150,1105.0291261915588
24,6200,1105.0291261915588
24,6250,1105.0291261915588
24,6300,1105.0291261915588
24,6350,1105.0291261915588
24,6400,1105.0291261915588
24,6450,1105.0291261915588
24,6500,1105.0291261915588
24,6550,1105.0291261915588
24,6600,1105.0291261915588
24,6650,1105.0291261915588
24,6700,1105.0291261915588
24,6750,1105.0291261915588
24,6800,1105.0291261915588
24,6850,1105.0291261915588
24,6900,1105.0291261915588
24,6950,1105.0291261915588
24,7000,1105.0291261915588
24,7050,1105.0291261915588
24,7100,1105.0291261915588
24,7150,1105.0291261915588
24,7200,1105.0291261915588
24,7250,1105.0291261915588
24,7300,1105.0291261915588
24,7350,1105.0291261915588
24,7400,1105.0291261915588
24,7450,1105.0291261915588
24,7500,1105.0291261915588
24,7550,1105.0291261915588
24,7600,1105.0291261915588
24,7650,1105.0291261915588
24,7700,1105.0291261915588
24,7750,1105.0291261915588
24,7800,1105.0291261915588
24,7850,1105.0291261915588
24,7900,1105.0291261915588
24,7950,1105.0291261915588
24,8000,1105.0291261915588
24,8050,1105.0291261915588
24,8100,1105.0291261915588
24,8150,1105.0291261915588
24,8200,1105.0291261915588
24,8250,1105.0291261915588
24,8300,1105.0291261915588
24,8350,1105.0291261915588
24,8400,1105.0291261915588
24,8450,1105.0291261915588
24,8500,1105.0291261915588
24,8550,1105.0291261915588
24,8600,1105.0291261915588
24,8650,1105.0291261915588
24,8700,1105.0291261915588
24,8750,1105.0291261915588
24,8800,1105.0291261915588
24,8850,1105.0291261915588
24,8900,1105.0291261915588
24,8950,1105.0291261915588
24,9000,1105.0291261915588
24,9050,1105.0291261915588
24,9100,1105.0291261915588
24,9150,1105.0291261915588
24,9200,1105.0291261915588
24,9250,1105.0291261915588
24,9300,1105.0291261915588
24,9350,1105.0291261915588
24,9400,1105.0291261915588
24,9450,1105.0291261915588
24,9500,1105.0291261915588
24,9550,1105.0291261915588
24,9600,1105.0291261915588
24,9650,1105.0291261915588
24,9700,1105.0291261915588
24,9750,1105.0291261915588
24,9800,1105.0291261915588
24,9850,1105.0291261915588
24,9900,1105.0291261915588
24,9950,1105.0291261915588
24,10000,1105.0291261915588
24,10050,1105.0291261915588
24,10100,1105.0291261915588
24,10150,1105.0291261915588
24,10200,1105.0291261915588
24,10250,1105.0291261915588
24,10300,1105.0291261915588
24,10350,1105.0291261915588
24,10400,1105.0291261915588
24,10450,1105.0291261915588
24,10500,1105.0291261915588
24,10550,1105.0291261915588
24,10600,1105.0291261915588
24,10650,1105.0291261915588
24,10700,1105.0291261915588
24,10750,1105.0291261915588
24,10800,1105.0291261915588
24,10850,1105.0291261915588
24,10900,1105.0291261915588
24,10950,1105.0291261915588
24,11000,1105.0291261915588
24,11050,1105.0291261915588
24,11100,1105.0291261915588
24,11150,1105.0291261915588
24,11200,1105.0291261915588
24,11250,1105.0291261915588
24,11300,1105.0291261915588
24,11350,1105.0291261915588
24,11400,1105.0291261915588
24,11450,1105.0291261915588
24,11500,1105.0291261915588
24,11550,1105.0291261915588
24,11600,1105.0291261915588
24,11650,1105.0291261915588
24,11700,1105.0291261915588
24,11750,1105.0291261915588
24,11800,1105.0291261915588
24,11850,1105.0291261915588
24,11900,1105.0291261915588
24,11950,1105.0291261915588
24,12000,1105.0291261915588
24,12050,1105.0291261915588
24,12100,1105.0291261915588
24,12150,1105.0291261915588
24,12200,1105.0291261915588
24,12250,1105.0291261915588
24,12300,1105.0291261915588
24,12350,1105.0291261915588
24,12400,1105.0291261915588
24,12450,1105.0291261915588
24,12500,1105.0291261915588
24,12550,1105.0291261915588
24,12600,1105.0291261915588
24,12650,1105.0291261915588
24,12700,1105.0291261915588
24,12750,1105.0291261915588
24,12800,1105.0291261915588
24,12850,1105.0291261915588
24,12900,1105.0291261915588
24,12950,1105.0291261915588
24,13000,1105.0291261915588
24,13050,1105.0291261915588
24,13100,1105.0291261915588
24,13150,1105.0291261915588
24,13200,1105.0291261915588
24,13250,1105.0291261915588
24,13300,1105.0291261915588
24,13350,1105.0291261915588
24,13400,1105.0291261915588
24,13450,1105.0291261915588
24,13500,1105.0291261915588
24,13550,1105.0291261915588
24,13600,1105.0291261915588
24,13650,1105.0291261915588
24,13700,1105.0291261915588
24,13750,1105.0291261915588
24,13800,1105.0291261915588
24,13850,1105.0291261915588
24,13900,1105.0291261915588
24,13950,1105.0291261915588
24,14000,1105.0291261915588
24,14050,1105.0291261915588
24,14100,1105.0291261915588
24,14150,1105.0291261915588
24,14200,1105.0291261915588
24,14250,1105.0291261915588
24,14300,1105.0291261915588
24,14350,1105.0291261915588
24,14400,1105.0291261915588
24,14450,1105.0291261915588
24,14500,1105.0291261915588
24,14550,1105.0291261915588
24,14600,1105.0291261915588
24,14650,1105.0291261915588
24,14700,1105.0291261915588
24,14750,1105.0291261915588
24,14800,1105.0291261915588
24,14850,1105.0291261915588
24,14900,1105.0291261915588
24,14950,1105.0291261915588
24,15000,1105.0291261915588
24,15050,1105.0291261915588
24,15100,1105.0291261915588
24,15150,1105.0291261915588
24,15200,1105.0291261915588
24,15250,1105.0291261915588
24,15300,1105.0291261915588
24,15350,1105.0291261915588
24,15400,1105.0291261915588
24,15450,1105.0291261915588
24,15500,1088.8180070111378
24,15550,1088.8180070111378
24,15600,1088.8180070111378
24,15650,1088.8180070111378
24,15700,1088.8180070111378
24,15750,1088.8180070111378
24,15800,1088.8180070111378
24,15850,1088.8180070111378
24,15900,1088.8180070111378
24,15950,1088.8180070111378
24,16000,1088.8180070111378
24,16050,1088.8180070111378
24,16100,1088.8180070111378
24,16150,1088.8180070111378
24,16200,1088.8180070111378
24,16250,1088.8180070111378
24,16300,1088.8180070111378
24,16350,1088.8180070111378
24,16400,1088.8180070111378
24,16450,1088.8180070111378
24,16500,1088.8180070111378
24,16550,1088.8180070111378
24,16600,1088.8180070111378
24,16650,1088.8180070111378
24,16700,1088.8180070111378
24,16750,1088.8180070111378
24,16800,1088.8180070111378
24,16850,1088.8180070111378
24,16900,1088.8180070111378
24,16950,1088.8180070111378
24,17000,1088.8180070111378
24,17050,1088.8180070111378
24,17100,1088.8180070111378
24,17150,1088.8180070111378
24,17200,1088.8180070111378
24,17250,1088.8180070111378
24,17300,1088.8180070111378
24,17350,1088.8180070111378
24,17400,1088.8180070111378
24,17450,1088.8180070111378
24,17500,1088.8180070111378
24,17550,1088.8180070111378
24,17600,1088.8180070111378
24,17650,1088.8180070111378
24,17700,1088.8180070111378
24,17750,1088.8180070111378
24,17800,1088.8180070111378
24,17850,1088.8180070111378
24,17900,1088.8180070111378
24,17950,1088.8180070111378
24,18000,1088.8180070111378
24,18050,1088.8180070111378
24,18100,1088.8180070111378
24,18150,1088.8180070111378
24,18200,1088.8180070111378
24,18250,1088.8180070111378
24,18300,1088.8180070111378
24,18350,1088.8180070111378
24,18400,1088.8180070111378
24,18450,1088.8180070111378
24,18500,1088.8180070111378
24,18550,1088.8180070111378
24,18600,1088.8180070111378
24,18650,1088.8180070111378
24,18700,1088.8180070111378
24,18750,1088.8180070111378
24,18800,1088.8180070111378
24,18850,1088.8180070111378
24,18900,1088.8180070111378
24,18950,1088.8180070111378
24,19000,1088.8180070111378
24,19050,1088.8180070111378
24,19100,1088.8180070111378
24,19150,1088.8180070111378
24,19200,1088.8180070111378
24,19250,1088.8180070111378
24,19300,1088.8180070111378
24,19350,1088.8180070111378
24,19400,1088.8180070111378
24,19450,1088.8180070111378
24,19500,1088.8180070111378
24,19550,1088.8180070111378
24,19600,1088.8180070111378
24,19650,1088.8180070111378
24,19700,1088.8180070111378
24,19750,1088.8180070111378
24,19800,1088.8180070111378
24,19850,1088.8180070111378
24,19900,1088.8180070111378
24,19950,1088.8180070111378
24,20000,1088.8180070111378
24,20050,1088.8180070111378
24,20100,1088.8180070111378
24,20150,1088.8180070111378
24,20200,1088.8180070111378
24,20250,1088.8180070111378
24,20300,1088.8180070111378
24,20350,1088.8180070111378
24,20400,1088.8180070111378
24,20450,1088.8180070111378
24,20500,1088.8180070111378
24,20550,1088.8180070111378
24,20600,1088.8180070111378
24,20650,1088.8180070111378
24,20700,1088.8180070111378
24,20750,1088.8180070111378
24,20800,1088.8180070111378
24,20850,1088.8180070111378
24,20900,1088.8180070111378
24,20950,1088.8180070111378
24,21000,1088.8180070111378
24,21050,1088.8180070111378
24,21100,1088.8180070111378
24,21150,1088.8180070111378
24,21200,1088.8180070111378
24,21250,1088.8180070111378
24,21300,1088.8180070111378
24,21350,1088.8180070111378
24,21400,1088.8180070111378
24,21450,1088.8180070111378
24,21500,1088.8180070111378
24,21550,1088.8180070111378
24,21600,1088.8180070111378
24,21650,1088.8180070111378
24,21700,1088.8180070111378
24,21750,1088.8180070111378
24,21800,1088.8180070111378
24,21850,1088.8180070111378
24,21900,1088.8180070111378
24,21950,1088.8180070111378
24,22000,1088.8180070111378
24,22050,1088.8180070111378
24,22100,1088.8180070111378
24,22150,1088.8180070111378
24,22200,1088.8180070111378
24,22250,1088.8180070111378
24,22300,1088.8180070111378
24,22350,1088.8180070111378
24,22400,1088.8180070111378
24,22450,1088.8180070111378
24,22500,1088.8180070111378
24,22550,1088.8180070111378
24,22600,1088.8180070111378
24,22650,1088.8180070111378
24,22700,1088.8180070111378
24,22750,1088.8180070111378
24,22800,1088.8180070111378
24,22850,1088.8180070111378
24,22900,1088.8180070111378
24,22950,1088.8180070111378
24,23000,1088.8180070111378
24,23050,1088.8180070111378
24,23100,1088.8180070111378
24,23150,1088.8180070111378
24,23200,1088.8180070111378
24,23250,1088.8180070111378
24,23300,1088.8180070111378
24,23350,1088.8180070111378
24,23400,1088.8180070111378
24,23450,1088.8180070111378
24,23500,1088.8180070111378
24,23550,1088.8180070111378
24,23600,1088.8180070111378
24,23650,1088.8180070111378
24,23700,1088.8180070111378
24,23750,1088.8180070111378
24,23800,1088.8180070111378
24,23850,1088.8180070111378
24,23900,1088.8180070111378
24,23950,1088.8180070111378
24,24000,1088.8180070111378
24,24050,1088.8180070111378
24,24100,1088.8180070111378
24,24150,1088.8180070111378
24,24200,1088.8180070111378
24,24250,1088.8180070111378
24,24300,1088.8180070111378
24,24350,1088.8180070111378
24,24400,1088.8180070111378
24,24450,1088.8180070111378
24,24500,1088.8180070111378
24,24550,1088.8180070111378
24,24600,1088.8180070111378
24,24650,1088.8180070111378
24,24700,1088.8180070111378
24,24750,1088.8180070111378
24,24800,1088.8180070111378
24,24850,1088.8180070111378
24,24900,1088.8180070111378
24,24950,1088.8180070111378
24,25000,1088.8180070111378
24,25050,1088.8180070111378
24,25100,1088.8180070111378
24,25150,1088.8180070111378
24,25200,1088.8180070111378
24,25250,1088.8180070111378
24,25300,1088.8180070111378
24,25350,1088.8180070111378
24,25400,1088.8180070111378
24,25450,1088.8180070111378
24,25500,1088.8180070111378
24,25550,1088.8180070111378
24,25600,1088.8180070111378
24,25650,1088.8180070111378
24,25700,1088.8180070111378
24,25750,1088.8180070111378
24,25800,1088.8180070111378
24,25850,1088.8180070111378
24,25900,1088.8180070111378
24,25950,1088.8180070111378
24,26000,1088.8180070111378
24,26050,1088.8180070111378
24,26100,1088.8180070111378
24,26150,1088.8180070111378
24,26200,1088.8180070111378
24,26250,1088.8180070111378
24,26300,1088.8180070111378
24,26350,1088.8180070111378
24,26400,1088.8180070111378
24,26450,1088.8180070111378
24,26500,1088.8180070111378
24,26550,1088.8180070111378
24,26600,1088.8180070111378
24,26650,1088.8180070111378
24,26700,1088.8180070111378
24,26750,1088.8180070111378
24,26800,1088.8180070111378
24,26850,1088.8180070111378
24,26900,1088.8180070111378
24,26950,1088.8180070111378
24,27000,1088.8180070111378
24,27050,1088.8180070111378
24,27100,1088.8180070111378
24,27150,1088.8180070111378
24,27200,1088.8180070111378
24,27250,1088.8180070111378
24,27300,1088.8180070111378
24,27350,1088.8180070111378
24,27400,1088.8180070111378
24,27450,1088.8180070111378
24,27500,1088.8180070111378
24,27550,1088.8180070111378
24,27600,1088.8180070111378
24,27650,1088.8180070111378
24,27700,1088.8180070111378
24,27750,1088.8180070111378
24,27800,1088.8180070111378
24,27850,1088.8180070111378
24,27900,1088.8180070111378
24,27950,1088.8180070111378
24,28000,1088.8180070111378
24,28050,1088.8180070111378
24,28100,1088.8180070111378
24,28150,1088.8180070111378
24,28200,1088.8180070111378
24,28250,1088.8180070111378
24,28300,1088.8180070111378
24,28350,1088.8180070111378
24,28400,1088.8180070111378
24,28450,1088.8180070111378
24,28500,1088.8180070111378
24,28550,1088.8180070111378
24,28600,1088.8180070111378
24,28650,1088.8180070111378
24,28700,1088.8180070111378
24,28750,1088.8180070111378
24,28800,1088.8180070111378
24,28850,1088.8180070111378
24,28900,1088.8180070111378
24,28950,1088.8180070111378
24,29000,1088.8180070111378
24,29050,1088.8180070111378
24,29100,1088.8180070111378
24,29150,1088.8180070111378
24,29200,1088.8180070111378
24,29250,1088.8180070111378
24,29300,1088.8180070111378
24,29350,1088.8180070111378
24,29400,1088.8180070111378
24,29450,1088.8180070111378
24,29500,1088.8180070111378
24,29550,1088.8180070111378
24,29600,1088.8180070111378
24,29650,1088.8180070111378
24,29700,1088.8180070111378
24,29750,1088.8180070111378
24,29800,1088.8180070111378
24,29850,1088.8180070111378
24,29900,1088.8180070111378
24,29950,1088.8180070111378
24,30000,1088.8180070111378
24,30050,1088.8180070111378
24,30100,1088.8180070111378
24,30150,1088.8180070111378
24,30200,1088.8180070111378
24,30250,1088.8180070111378
24,30300,1088.8180070111378
24,30350,1088.8180070111378
24,30400,1088.8180070111378
24,30450,1088.8180070111378
24,30500,1088.8180070111378
24,30550,1088.8180070111378
24,30600,1088.8180070111378
24,30650,1088.8180070111378
24,30700,1088.8180070111378
24,30750,1088.8180070111378
24,30800,1088.8180070111378
24,30850,1088.8180070111378
24,30900,1088.8180070111378
24,30950,1088.8180070111378
24,31000,1088.8180070111378
24,31050,1088.8180070111378
24,31100,1088.8180070111378
24,31150,1088.8180070111378
24,31200,1088.8180070111378
24,31250,1088.8180070111378
24,31300,1088.8180070111378
24,31350,1088.8180070111378
24,31400,1088.8180070111378
24,31450,1088.8180070111378
24,31500,1088.8180070111378
24,31550,1088.8180070111378
24,31600,1088.8180070111378
24,31650,1088.8180070111378
24,31700,1088.8180070111378
24,31750,1088.8180070111378
24,31800,1088.8180070111378
24,31850,1088.8180070111378
24,31900,1088.8180070111378
24,31950,1088.8180070111378
24,32000,1088.8180070111378
24,32050,1088.8180070111378
24,32100,1088.8180070111378
24,32150,1088.8180070111378
24,32200,1084.8963128747632
24,32250,1084.8963128747632
24,32300,1084.8963128747632
24,32350,1084.8963128747632
24,32400,1084.8963128747632
24,32450,1084.8963128747632
24,32500,1084.8963128747632
24,32550,1084.8963128747632
24,32600,1084.8963128747632
24,32650,1084.8963128747632
24,32700,1084.8963128747632
24,32750,1084.8963128747632
24,32800,1084.8963128747632
24,32850,1084.8963128747632
24,32900,1084.8963128747632
24,32950,1084.8963128747632
24,33000,1084.8963128747632
24,33050,1084.8963128747632
24,33100,1084.8963128747632
24,33150,1084.8963128747632
24,33200,1084.8963128747632
24,33250,1084.8963128747632
24,33300,1084.8963128747632
24,33350,1084.8963128747632
24,33400,1084.8963128747632
24,33450,1084.8963128747632
24,33500,1084.8963128747632
24,33550,1084.8963128747632
24,33600,1084.8963128747632
24,33650,1084.8963128747632
24,33700,1084.8963128747632
24,33750,1084.8963128747632
24,33800,1084.8963128747632
24,33850,1084.8963128747632
24,33900,1084.8963128747632
24,33950,1084.8963128747632
24,34000,1084.8963128747632
24,34050,1084.8963128747632
24,34100,1084.8963128747632
24,34150,1084.8963128747632
24,34200,1084.8963128747632
24,34250,1084.8963128747632
24,34300,1084.8963128747632
24,34350,1084.8963128747632
24,34400,1084.8963128747632
24,34450,1084.8963128747632
24,34500,1084.8963128747632
24,34550,1084.8963128747632
24,34600,1084.8963128747632
24,34650,1084.8963128747632
24,34700,1084.8963128747632
24,34750,1084.8963128747632
24,34800,1084.8963128747632
24,34850,1084.8963128747632
24,34900,1084.8963128747632
24,34950,1084.8963128747632
24,35000,1084.8963128747632
24,35050,1084.8963128747632
24,35100,1084.8963128747632
24,35150,1084.8963128747632
24,35200,1084.8963128747632
24,35250,1084.8963128747632
24,35300,1084.8963128747632
24,35350,1084.8963128747632
24,35400,1084.8963128747632
24,35450,1084.8963128747632
24,35500,1084.8963128747632
24,35550,1084.8963128747632
24,35600,1084.8963128747632
24,35650,1084.8963128747632
24,35700,1084.8963128747632
24,35750,1084.8963128747632
24,35800,1084.8963128747632
24,35850,1084.8963128747632
24,35900,1084.8963128747632
24,35950,1084.8963128747632
24,36000,1084.8963128747632
24,36050,1084.8963128747632
24,36100,1084.8963128747632
24,36150,1084.8963128747632
24,36200,1084.8963128747632
24,36250,1084.8963128747632
24,36300,1084.8963128747632
24,36350,1084.8963128747632
24,36400,1084.8963128747632
24,36450,1084.8963128747632
24,36500,1084.8963128747632
24,36550,1084.8963128747632
24,36600,1084.8963128747632
24,36650,1084.8963128747632
24,36700,1084.8963128747632
24,36750,1084.8963128747632
24,36800,1084.8963128747632
24,36850,1084.8963128747632
24,36900,1084.8963128747632
24,36950,1084.8963128747632
24,37000,1084.8963128747632
24,37050,1084.8963128747632
24,37100,1084.8963128747632
24,37150,1084.8963128747632
24,37200,1084.8963128747632
24,37250,1084.8963128747632
24,37300,1084.8963128747632
24,37350,1084.8963128747632
24,37400,1084.8963128747632
24,37450,1084.8963128747632
24,37500,1084.8963128747632
24,37550,1084.8963128747632
24,37600,1084.8963128747632
24,37650,1084.8963128747632
24,37700,1084.8963128747632
24,37750,1084.8963128747632
24,37800,1084.8963128747632
24,37850,1084.8963128747632
24,37900,1084.8963128747632
24,37950,1084.8963128747632
24,38000,1084.8963128747632
24,38050,1084.8963128747632
24,38100,1084.8963128747632
24,38150,1084.8963128747632
24,38200,1084.8963128747632
24,38250,1084.8963128747632
24,38300,1084.8963128747632
24,38350,1084.8963128747632
24,38400,1084.8963128747632
24,38450,1084.8963128747632
24,38500,1084.8963128747632
24,38550,1084.8963128747632
24,38600,1084.8963128747632
24,38650,1084.8963128747632
24,38700,1084.8963128747632
24,38750,1084.8963128747632
24,38800,1084.8963128747632
24,38850,1084.8963128747632
24,38900,1084.8963128747632
24,38950,1084.8963128747632
24,39000,1084.8963128747632
24,39050,1084.8963128747632
24,39100,1084.8963128747632
24,39150,1084.8963128747632
24,39200,1084.8963128747632
24,39250,1084.8963128747632
24,39300,1084.8963128747632
24,39350,1084.8963128747632
24,39400,1084.8963128747632
24,39450,1084.8963128747632
24,39500,1084.8963128747632
24,39550,1084.8963128747632
24,39600,1084.8963128747632
24,39650,1084.8963128747632
24,39700,1084.8963128747632
24,39750,1084.8963128747632
24,39800,1084.8963128747632
24,39850,1084.8963128747632
24,39900,1084.8963128747632
24,39950,1084.8963128747632
24,40000,1084.8963128747632
24,40050,1084.8963128747632
24,40100,1084.8963128747632
24,40150,1084.8963128747632
24,40200,1084.8963128747632
24,40250,1084.8963128747632
24,40300,1084.8963128747632
24,40350,1084.8963128747632
24,40400,1084.8963128747632
24,40450,1084.8963128747632
24,40500,1084.8963128747632
24,40550,1084.8963128747632
24,40600,1084.8963128747632
24,40650,1084.8963128747632
24,40700,1084.8963128747632
24,40750,1084.8963128747632
24,40800,1084.8963128747632
24,40850,1084.8963128747632
24,40900,1084.8963128747632
24,40950,1084.8963128747632
24,41000,1084.8963128747632
24,41050,1084.8963128747632
24,41100,1084.8963128747632
24,41150,1084.8963128747632
24,41200,1084.8963128747632
24,41250,1084.8963128747632
24,41300,1084.8963128747632
24,41350,1084.8963128747632
24,41400,1084.8963128747632
24,41450,1084.8963128747632
24,41500,1084.8963128747632
24,41550,1084.8963128747632
24,41600,1084.8963128747632
24,41650,1084.8963128747632
24,41700,1084.8963128747632
24,41750,1084.8963128747632
24,41800,1084.8963128747632
24,41850,1084.8963128747632
24,41900,1084.8963128747632
24,41950,1084.8963128747632
24,42000,1084.8963128747632
24,42050,1084.8963128747632
24,42100,1084.8963128747632
24,42150,1084.8963128747632
24,42200,1084.8963128747632
24,42250,1084.8963128747632
24,42300,1084.8963128747632
24,42350,1084.8963128747632
24,42400,1084.8963128747632
24,42450,1084.8963128747632
24,42500,1084.8963128747632
24,42550,1084.8963128747632
24,42600,1084.8963128747632
24,42650,1084.8963128747632
24,42700,1084.8963128747632
24,42750,1084.8963128747632
24,42800,1084.8963128747632
24,42850,1084.8963128747632
24,42900,1084.8963128747632
24,42950,1084.8963128747632
24,43000,1084.8963128747632
24,43050,1084.8963128747632
24,43100,1084.8963128747632
24,43150,1084.8963128747632
24,43200,1084.8963128747632
24,43250,1084.8963128747632
24,43300,1084.8963128747632
24,43350,1084.8963128747632
24,43400,1084.8963128747632
24,43450,1084.8963128747632
24,43500,1084.8963128747632
24,43550,1084.8963128747632
24,43600,1084.8963128747632
24,43650,1084.8963128747632
24,43700,1084.8963128747632
24,43750,1084.8963128747632
24,43800,1084.8963128747632
24,43850,1084.8963128747632
24,43900,1084.8963128747632
24,43950,1084.8963128747632
24,44000,1084.8963128747632
24,44050,1084.8963128747632
24,44100,1084.8963128747632
24,44150,1084.8963128747632
24,44200,1084.8963128747632
24,44250,1084.8963128747632
24,44300,1084.8963128747632
24,44350,1084.8963128747632
24,44400,1084.8963128747632
24,44450,1084.8963128747632
24,44500,1084.8963128747632
24,44550,1084.8963128747632
24,44600,1084.8963128747632
24,44650,1084.8963128747632
24,44700,1084.8963128747632
24,44750,1084.8963128747632
24,44800,1084.8963128747632
24,44850,1084.8963128747632
24,44900,1084.8963128747632
24,44950,1084.8963128747632
24,45000,1084.8963128747632
24,45050,1084.8963128747632
24,45100,1084.8963128747632
24,45150,1084.8963128747632
24,45200,1084.8963128747632
24,45250,1084.8963128747632
24,45300,1084.8963128747632
24,45350,1084.8963128747632
24,45400,1084.8963128747632
24,45450,1084.8963128747632
24,45500,1084.8963128747632
24,45550,1084.8963128747632
24,45600,1084.8963128747632
24,45650,1084.8963128747632
24,45700,1084.8963128747632
24,45750,1084.8963128747632
24,45800,1084.8963128747632
24,45850,1084.8963128747632
24,45900,1084.8963128747632
24,45950,1084.8963128747632
24,46000,1084.8963128747632
24,46050,1084.8963128747632
24,46100,1084.8963128747632
24,46150,1084.8963128747632
24,46200,1084.8963128747632
24,46250,1084.8963128747632
24,46300,1084.8963128747632
24,46350,1084.8963128747632
24,46400,1084.8963128747632
24,46450,1084.8963128747632
24,46500,1084.8963128747632
24,46550,1084.8963128747632
24,46600,1084.8963128747632
24,46650,1084.8963128747632
24,46700,1084.8963128747632
24,46750,1084.8963128747632
24,46800,1084.8963128747632
24,46850,1084.8963128747632
24,46900,1084.8963128747632
24,46950,1084.8963128747632
24,47000,1084.8963128747632
24,47050,1084.8963128747632
24,47100,1084.8963128747632
24,47150,1084.8963128747632
24,47200,1084.8963128747632
24,47250,1084.8963128747632
24,47300,1084.8963128747632
24,47350,1084.8963128747632
24,47400,1084.8963128747632
24,47450,1084.8963128747632
24,47500,1084.8963128747632
24,47550,1084.8963128747632
24,47600,1084.8963128747632
24,47650,1084.8963128747632
24,47700,1084.8963128747632
24,47750,1084.8963128747632
24,47800,1084.8963128747632
24,47850,1084.8963128747632
24,47900,1084.8963128747632
24,47950,1084.8963128747632
24,48000,1084.8963128747632
24,48050,1084.8963128747632
24,48100,1084.8963128747632
24,48150,1084.8963128747632
24,48200,1084.8963128747632
24,48250,1084.8963128747632
24,48300,1084.8963128747632
24,48350,1084.8963128747632
24,48400,1084.8963128747632
24,48450,1084.8963128747632
24,48500,1084.8963128747632
24,48550,1084.8963128747632
24,48600,1084.8963128747632
24,48650,1084.8963128747632
24,48700,1084.8963128747632
24,48750,1084.8963128747632
24,48800,1084.8963128747632
24,48850,1084.8963128747632
24,48900,1084.8963128747632
24,48950,1084.8963128747632
24,49000,1084.8963128747632
24,49050,1084.8963128747632
24,49100,1084.8963128747632
24,49150,1084.8963128747632
24,49200,1084.8963128747632
24,49250,1084.8963128747632
24,49300,1084.8963128747632
24,49350,1084.8963128747632
24,49400,1084.8963128747632
24,49450,1084.8963128747632
24,49500,1084.8963128747632
24,49550,1084.8963128747632
24,49600,1084.8963128747632
24,49650,1084.8963128747632
24,49700,1084.8963128747632
24,49750,1084.8963128747632
24,49800,1084.8963128747632
24,49850,1084.8963128747632
24,49900,1084.8963128747632
24,49950,1084.8963128747632
24,50000,1084.8963128747632
25,50,1448.6187638568683
25,100,1425.2355325002695
25,150,1425.2355325002695
25,200,1378.002749798401
25,250,1378.002749798401
25,300,1378.002749798401
25,350,1378.002749798401
25,400,1378.002749798401
25,450,1317.8376515415812
25,500,1317.8376515415812
25,550,1317.8376515415812
25,600,1317.8376515415812
25,650,1317.8376515415812
25,700,1245.719771804405
25,750,1245.719771804405
25,800,1223.5948017919545
25,850,1223.5948017919545
25,900,1223.5948017919545
25,950,1223.5948017919545
25,1000,1223.5948017919545
25,1050,1223.5948017919545
25,1100,1223.5948017919545
25,1150,1164.8561025196695
25,1200,1164.8561025196695
25,1250,1164.8561025196695
25,1300,1164.8561025196695
25,1350,1149.3971882571054
25,1400,1149.3971882571054
25,1450,1149.3971882571054
25,1500,1149.3971882571054
25,1550,1149.3971882571054
25,1600,1149.3971882571054
25,1650,1149.3971882571054
25,1700,1149.3971882571054
25,1750,1149.3971882571054
25,1800,1146.6632899899994
25,1850,1146.6632899899994
25,1900,1146.6632899899994
25,1950,1146.6632899899994
25,2000,1146.6632899899994
25,2050,1146.6632899899994
25,2100,1136.8442427240748
25,2150,1136.8442427240748
25,2200,1136.8442427240748
25,2250,1136.8442427240748
25,2300,1136.8442427240748
25,2350,1136.8442427240748
25,2400,1136.8442427240748
25,2450,1136.8442427240748
25,2500,1136.8442427240748
25,2550,1136.8442427240748
25,2600,1136.8442427240748
25,2650,1136.8442427240748
25,2700,1136.8442427240748
25,2750,1136.8442427240748
25,2800,1136.8442427240748
25,2850,1136.8442427240748
25,2900,1136.8442427240748
25,2950,1136.8442427240748
25,3000,1136.8442427240748
25,3050,1136.8442427240748
25,3100,1128.2234451925478
25,3150,1128.2234451925478
25,3200,1128.2234451925478
25,3250,1128.2234451925478
25,3300,1128.2234451925478
25,3350,1128.2234451925478
25,3400,1128.2234451925478
25,3450,1128.2234451925478
25,3500,1128.2234451925478
25,3550,1128.2234451925478
25,3600,1128.2234451925478
25,3650,1128.2234451925478
25,3700,1128.2234451925478
25,3750,1128.2234451925478
25,3800,1128.2234451925478
25,3850,1128.2234451925478
25,3900,1128.2234451925478
25,3950,1128.2234451925478
25,4000,1128.2234451925478
25,4050,1128.2234451925478
25,4100,1128.2234451925478
25,4150,1128.2234451925478
25,4200,1128.2234451925478
25,4250,1128.2234451925478
25,4300,1128.2234451925478
25,4350,1128.2234451925478
25,4400,1128.2234451925478
25,4450,1128.2234451925478
25,4500,1128.2234451925478
25,4550,1128.2234451925478
25,4600,1128.2234451925478
25,4650,1128.2234451925478
25,4700,1128.2234451925478
25,4750,1128.2234451925478
25,4800,1128.2234451925478
25,4850,1128.2234451925478
25,4900,1128.2234451925478
25,4950,1128.2234451925478
25,5000,1128.2234451925478
25,5050,1128.2234451925478
25,5100,1128.2234451925478
25,5150,1128.2234451925478
25,5200,1128.2234451925478
25,5250,1128.2234451925478
25,5300,1128.2234451925478
25,5350,1128.2234451925478
25,5400,1113.9160947088044
25,5450,1113.9160947088044
25,5500,1113.9160947088044
25,5550,1113.9160947088044
25,5600,1113.9160947088044
25,5650,1113.9160947088044
25,5700,1113.9160947088044
25,5750,1113.9160947088044
25,5800,1113.9160947088044
25,5850,1113.9160947088044
25,5900,1113.9160947088044
25,5950,1113.9160947088044
25,6000,1113.9160947088044
25,6050,1113.9160947088044
25,6100,1113.9160947088044
25,6150,1113.9160947088044
25,6200,1113.9160947088044
25,6250,1113.9160947088044
25,6300,1113.9160947088044
25,6350,1113.9160947088044
25,6400,1113.9160947088044
25,6450,1113.9160947088044
25,6500,1113.9160947088044
25,6550,1113.9160947088044
25,6600,1113.9160947088044
25,6650,1113.9160947088044
25,6700,1113.9160947088044
25,6750,1113.9160947088044
25,6800,1113.9160947088044
25,6850,1113.9160947088044
25,6900,1113.9160947088044
25,6950,1113.9160947088044
25,7000,1113.9160947088044
25,7050,1113.9160947088044
25,7100,1113.9160947088044
25,7150,1113.9160947088044
25,7200,1113.9160947088044
25,7250,1113.9160947088044
25,7300,1113.9160947088044
25,7350,1113.9160947088044
25,7400,1113.9160947088044
25,7450,1113.9160947088044
25,7500,1113.9160947088044
25,7550,1113.9160947088044
25,7600,1113.9160947088044
25,7650,1113.9160947088044
25,7700,1113.9160947088044
25,7750,1113.9160947088044
25,7800,1113.9160947088044
25,7850,1113.9160947088044
25,7900,1113.9160947088044
25,7950,1113.9160947088044
25,8000,1113.9160947088044
25,8050,1113.9160947088044
25,8100,1113.9160947088044
25,8150,1113.9160947088044
25,8200,1113.9160947088044
25,8250,1113.9160947088044
25,8300,1113.9160947088044
25,8350,1113.9160947088044
25,8400,1113.9160947088044
25,8450,1113.9160947088044
25,8500,1113.9160947088044
25,8550,1113.9160947088044
25,8600,1113.9160947088044
25,8650,1113.9160947088044
25,8700,1113.9160947088044
25,8750,1113.9160947088044
25,8800,1113.9160947088044
25,8850,1113.9160947088044
25,8900,1113.9160947088044
25,8950,1113.9160947088044
25,9000,1113.9160947088044
25,9050,1113.9160947088044
25,9100,1113.9160947088044
25,9150,1113.9160947088044
25,9200,1113.9160947088044
25,9250,1113.9160947088044
25,9300,1113.9160947088044
25,9350,1113.9160947088044
25,9400,1113.9160947088044
25,9450,1113.9160947088044
25,9500,1113.9160947088044
25,9550,1113.9160947088044
25,9600,1113.9160947088044
25,9650,1113.9160947088044
25,9700,1113.9160947088044
25,9750,1113.9160947088044
25,9800,1113.9160947088044
25,9850,1113.9160947088044
25,9900,1092.7548647441076
25,9950,1092.7548647441076
25,10000,1092.7548647441076
25,10050,1092.7548647441076
25,10100,1092.7548647441076
25,10150,1092.7548647441076
25,10200,1092.7548647441076
25,10250,1092.7548647441076
25,10300,1092.7548647441076
25,10350,1092.7548647441076
25,10400,1092.7548647441076
25,10450,1092.7548647441076
25,10500,1092.7548647441076
25,10550,1092.7548647441076
25,10600,1092.7548647441076
25,10650,1092.7548647441076
25,10700,1092.7548647441076
25,10750,1092.7548647441076
25,10800,1092.7548647441076
25,10850,1092.7548647441076
25,10900,1092.7548647441076
25,10950,1092.7548647441076
25,11000,1092.7548647441076
25,11050,1091.5109963399282
25,11100,1091.5109963399282
25,11150,1091.5109963399282
25,11200,1091.5109963399282
25,11250,1091.5109963399282
25,11300,1091.5109963399282
25,11350,1091.5109963399282
25,11400,1091.5109963399282
25,11450,1091.5109963399282
25,11500,1091.5109963399282
25,11550,1091.5109963399282
25,11600,1091.5109963399282
25,11650,1091.5109963399282
25,11700,1091.5109963399282
25,11750,1091.5109963399282
25,11800,1091.5109963399282
25,11850,1091.5109963399282
25,11900,1091.5109963399282
25,11950,1091.5109963399282
25,12000,1091.5109963399282
25,12050,1091.5109963399282
25,12100,1091.5109963399282
25,12150,1091.5109963399282
25,12200,1091.5109963399282
25,12250,1091.5109963399282
25,12300,1091.5109963399282
25,12350,1091.5109963399282
25,12400,1091.5109963399282
25,12450,1091.5109963399282
25,12500,1091.5109963399282
25,12550,1091.5109963399282
25,12600,1091.5109963399282
25,12650,1091.5109963399282
25,12700,1091.5109963399282
25,12750,1091.5109963399282
25,12800,1091.5109963399282
25,12850,1091.5109963399282
25,12900,1091.5109963399282
25,12950,1091.5109963399282
25,13000,1091.5109963399282
25,13050,1091.5109963399282
25,13100,1091.5109963399282
25,13150,1091.5109963399282
25,13200,1091.5109963399282
25,13250,1091.5109963399282
25,13300,1091.5109963399282
25,13350,1091.5109963399282
25,13400,1091.5109963399282
25,13450,1091.5109963399282
25,13500,1091.5109963399282
25,13550,1091.5109963399282
25,13600,1091.5109963399282
25,13650,1091.5109963399282
25,13700,1091.5109963399282
25,13750,1091.5109963399282
25,13800,1091.5109963399282
25,13850,1091.5109963399282
25,13900,1091.5109963399282
25,13950,1091.5109963399282
25,14000,1091.5109963399282
25,14050,1091.5109963399282
25,14100,1091.5109963399282
25,14150,1091.5109963399282
25,14200,1091.5109963399282
25,14250,1091.5109963399282
25,14300,1091.5109963399282
25,14350,1091.5109963399282
25,14400,1091.5109963399282
25,14450,1091.5109963399282
25,14500,1091.5109963399282
25,14550,1091.5109963399282
25,14600,1091.5109963399282
25,14650,1091.5109963399282
25,14700,1091.5109963399282
25,14750,1091.5109963399282
25,14800,1091.5109963399282
25,14850,1091.5109963399282
25,14900,1091.5109963399282
25,14950,1091.5109963399282
25,15000,1091.5109963399282
25,15050,1091.5109963399282
25,15100,1091.5109963399282
25,15150,1091.5109963399282
25,15200,1091.5109963399282
25,15250,1091.5109963399282
25,15300,1091.5109963399282
25,15350,1091.5109963399282
25,15400,1091.5109963399282
25,15450,1091.5109963399282
25,15500,1091.5109963399282
25,15550,1091.5109963399282
25,15600,1091.5109963399282
25,15650,1091.5109963399282
25,15700,1091.5109963399282
25,15750,1091.5109963399282
25,15800,1091.5109963399282
25,15850,1091.5109963399282
25,15900,1091.5109963399282
25,15950,1091.5109963399282
25,16000,1091.5109963399282
25,16050,1091.5109963399282
25,16100,1091.5109963399282
25,16150,1091.5109963399282
25,16200,1091.5109963399282
25,16250,1091.5109963399282
25,16300,1091.5109963399282
25,16350,1091.5109963399282
25,16400,1091.5109963399282
25,16450,1091.5109963399282
25,16500,1091.5109963399282
25,16550,1091.5109963399282
25,16600,1091.5109963399282
25,16650,1091.5109963399282
25,16700,1091.5109963399282
25,16750,1091.5109963399282
25,16800,1091.5109963399282
25,16850,1091.5109963399282
25,16900,1091.5109963399282
25,16950,1091.5109963399282
25,17000,1091.5109963399282
25,17050,1091.5109963399282
25,17100,1091.5109963399282
25,17150,1091.5109963399282
25,17200,1091.5109963399282
25,17250,1091.5109963399282
25,17300,1091.5109963399282
25,17350,1091.5109963399282
25,17400,1091.5109963399282
25,17450,1091.5109963399282
25,17500,1091.5109963399282
25,17550,1091.5109963399282
25,17600,1091.5109963399282
25,17650,1091.5109963399282
25,17700,1091.5109963399282
25,17750,1091.5109963399282
25,17800,1091.5109963399282
25,17850,1091.5109963399282
25,17900,1091.5109963399282
25,17950,1091.5109963399282
25,18000,1091.5109963399282
25,18050,1091.5109963399282
25,18100,1091.5109963399282
25,18150,1091.5109963399282
25,18200,1091.5109963399282
25,18250,1091.5109963399282
25,18300,1091.5109963399282
25,18350,1091.5109963399282
25,18400,1091.5109963399282
25,18450,1091.5109963399282
25,18500,1091.5109963399282
25,18550,1091.5109963399282
25,18600,1091.5109963399282
25,18650,1091.5109963399282
25,18700,1091.5109963399282
25,18750,1091.5109963399282
25,18800,1091.5109963399282
25,18850,1091.5109963399282
25,18900,1091.5109963399282
25,18950,1091.5109963399282
25,19000,1091.5109963399282
25,19050,1091.2801163707893
25,19100,1091.2801163707893
25,19150,1091.2801163707893
25,19200,1091.2801163707893
25,19250,1091.2801163707893
25,19300,1091.2801163707893
25,19350,1091.2801163707893
25,19400,1091.2801163707893
25,19450,1091.2801163707893
25,19500,1091.2801163707893
25,19550,1091.2801163707893
25,19600,1091.2801163707893
25,19650,1091.2801163707893
25,19700,1091.2801163707893
25,19750,1091.2801163707893
25,19800,1091.2801163707893
25,19850,1091.2801163707893
25,19900,1091.2801163707893
25,19950,1091.2801163707893
25,20000,1091.2801163707893
25,20050,1091.2801163707893
25,20100,1091.2801163707893
25,20150,1091.2801163707893
25,20200,1091.2801163707893
25,20250,1091.2801163707893
25,20300,1091.2801163707893
25,20350,1091.2801163707893
25,20400,1091.2801163707893
25,20450,1091.2801163707893
25,20500,1091.2801163707893
25,20550,1091.2801163707893
25,20600,1091.2801163707893
25,20650,1091.2801163707893
25,20700,1091.2801163707893
25,20750,1091.2801163707893
25,20800,1091.2801163707893
25,20850,1091.2801163707893
25,20900,1091.2801163707893
25,20950,1091.2801163707893
25,21000,1091.2801163707893
25,21050,1091.2801163707893
25,21100,1091.2801163707893
25,21150,1091.2801163707893
25,21200,1091.2801163707893
25,21250,1091.2801163707893
25,21300,1091.2801163707893
25,21350,1091.2801163707893
25,21400,1091.2801163707893
25,21450,1091.2801163707893
25,21500,1091.2801163707893
25,21550,1091.2801163707893
25,21600,1091.2801163707893
25,21650,1091.2801163707893
25,21700,1091.2801163707893
25,21750,1091.2801163707893
25,21800,1091.2801163707893
25,21850,1091.2801163707893
25,21900,1091.2801163707893
25,21950,1091.2801163707893
25,22000,1091.2801163707893
25,22050,1091.2801163707893
25,22100,1091.2801163707893
25,22150,1091.2801163707893
25,22200,1091.2801163707893
25,22250,1091.2801163707893
25,22300,1091.2801163707893
25,22350,1091.2801163707893
25,22400,1091.2801163707893
25,22450,1091.2801163707893
25,22500,1091.2801163707893
25,22550,1091.2801163707893
25,22600,1091.2801163707893
25,22650,1091.2801163707893
25,22700,1091.2801163707893
25,22750,1091.2801163707893
25,22800,1091.2801163707893
25,22850,1091.2801163707893
25,22900,1091.2801163707893
25,22950,1091.2801163707893
25,23000,1091.2801163707893
25,23050,1091.2801163707893
25,23100,1091.2801163707893
25,23150,1091.2801163707893
25,23200,1091.2801163707893
25,23250,1091.2801163707893
25,23300,1091.2801163707893
25,23350,1091.2801163707893
25,23400,1091.2801163707893
25,23450,1091.2801163707893
25,23500,1091.2801163707893
25,23550,1091.2801163707893
25,23600,1091.2801163707893
25,23650,1091.2801163707893
25,23700,1091.2801163707893
25,23750,1091.2801163707893
25,23800,1091.2801163707893
25,23850,1091.2801163707893
25,23900,1091.2801163707893
25,23950,1091.2801163707893
25,24000,1091.2801163707893
25,24050,1091.2801163707893
25,24100,1091.2801163707893
25,24150,1091.2801163707893
25,24200,1091.2801163707893
25,24250,1091.2801163707893
25,24300,1091.2801163707893
25,24350,1091.2801163707893
25,24400,1091.2801163707893
25,24450,1091.2801163707893
25,24500,1091.2801163707893
25,24550,1091.2801163707893
25,24600,1091.2801163707893
25,24650,1091.2801163707893
25,24700,1091.2801163707893
25,24750,1091.2801163707893
25,24800,1091.2801163707893
25,24850,1091.2801163707893
25,24900,1091.2801163707893
25,24950,1091.2801163707893
25,25000,1091.2801163707893
25,25050,1091.2801163707893
25,25100,1091.2801163707893
25,25150,1091.2801163707893
25,25200,1091.2801163707893
25,25250,1091.2801163707893
25,25300,1091.2801163707893
25,25350,1091.2801163707893
25,25400,1091.2801163707893
25,25450,1091.2801163707893
25,25500,1091.2801163707893
25,25550,1091.2801163707893
25,25600,1091.2801163707893
25,25650,1091.2801163707893
25,25700,1091.2801163707893
25,25750,1091.2801163707893
25,25800,1091.2801163707893
25,25850,1091.2801163707893
25,25900,1091.2801163707893
25,25950,1091.2801163707893
25,26000,1091.2801163707893
25,26050,1091.2801163707893
25,26100,1091.2801163707893
25,26150,1091.2801163707893
25,26200,1091.2801163707893
25,26250,1091.2801163707893
25,26300,1091.2801163707893
25,26350,1091.2801163707893
25,26400,1091.2801163707893
25,26450,1091.2801163707893
25,26500,1091.2801163707893
25,26550,1091.2801163707893
25,26600,1091.2801163707893
25,26650,1091.2801163707893
25,26700,1091.2801163707893
25,26750,1091.2801163707893
25,26800,1091.2801163707893
25,26850,1091.2801163707893
25,26900,1091.2801163707893
25,26950,1091.2801163707893
25,27000,1091.2801163707893
25,27050,1091.2801163707893
25,27100,1091.2801163707893
25,27150,1091.2801163707893
25,27200,1091.2801163707893
25,27250,1091.2801163707893
25,27300,1091.2801163707893
25,27350,1091.2801163707893
25,27400,1091.2801163707893
25,27450,1091.2801163707893
25,27500,1091.2801163707893
25,27550,1091.2801163707893
25,27600,1091.2801163707893
25,27650,1091.2801163707893
25,27700,1091.2801163707893
25,27750,1091.2801163707893
25,27800,1091.2801163707893
25,27850,1091.2801163707893
25,27900,1091.2801163707893
25,27950,1091.2801163707893
25,28000,1091.2801163707893
25,28050,1091.2801163707893
25,28100,1091.2801163707893
25,28150,1091.2801163707893
25,28200,1091.2801163707893
25,28250,1091.2801163707893
25,28300,1091.2801163707893
25,28350,1091.2801163707893
25,28400,1091.2801163707893
25,28450,1091.2801163707893
25,28500,1091.2801163707893
25,28550,1091.2801163707893
25,28600,1091.2801163707893
25,28650,1091.2801163707893
25,28700,1091.2801163707893
25,28750,1091.2801163707893
25,28800,1091.2801163707893
25,28850,1091.2801163707893
25,28900,1091.2801163707893
25,28950,1091.2801163707893
25,29000,1091.2801163707893
25,29050,1091.2801163707893
25,29100,1091.2801163707893
25,29150,1091.2801163707893
25,29200,1091.2801163707893
25,29250,1091.2801163707893
25,29300,1091.2801163707893
25,29350,1091.2801163707893
25,29400,1091.2801163707893
25,29450,1091.2801163707893
25,29500,1091.2801163707893
25,29550,1091.2801163707893
25,29600,1091.2801163707893
25,29650,1091.2801163707893
25,29700,1091.2801163707893
25,29750,1091.2801163707893
25,29800,1091.2801163707893
25,29850,1091.2801163707893
25,29900,1091.2801163707893
25,29950,1091.2801163707893
25,30000,1091.2801163707893
25,30050,1091.2801163707893
25,30100,1091.2801163707893
25,30150,1091.2801163707893
25,30200,1091.2801163707893
25,30250,1091.2801163707893
25,30300,1091.2801163707893
25,30350,1091.2801163707893
25,30400,1091.2801163707893
25,30450,1091.2801163707893
25,30500,1091.2801163707893
25,30550,1091.2801163707893
25,30600,1091.2801163707893
25,30650,1091.2801163707893
25,30700,1091.2801163707893
25,30750,1091.2801163707893
25,30800,1091.2801163707893
25,30850,1091.2801163707893
25,30900,1091.2801163707893
25,30950,1091.2801163707893
25,31000,1091.2801163707893
25,31050,1091.2801163707893
25,31100,1091.2801163707893
25,31150,1091.2801163707893
25,31200,1091.2801163707893
25,31250,1091.2801163707893
25,31300,1091.2801163707893
25,31350,1091.2801163707893
25,31400,1091.2801163707893
25,31450,1091.2801163707893
25,31500,1091.2801163707893
25,31550,1091.2801163707893
25,31600,1091.2801163707893
25,31650,1091.2801163707893
25,31700,1091.2801163707893
25,31750,1091.2801163707893
25,31800,1091.2801163707893
25,31850,1091.2801163707893
25,31900,1091.2801163707893
25,31950,1091.2801163707893
25,32000,1091.2801163707893
25,32050,1091.2801163707893
25,32100,1091.2801163707893
25,32150,1091.2801163707893
25,32200,1091.2801163707893
25,32250,1091.2801163707893
25,32300,1091.2801163707893
25,32350,1091.2801163707893
25,32400,1091.2801163707893
25,32450,1091.2801163707893
25,32500,1091.2801163707893
25,32550,1091.2801163707893
25,32600,1091.2801163707893
25,32650,1091.2801163707893
25,32700,1091.2801163707893
25,32750,1091.2801163707893
25,32800,1091.2801163707893
25,32850,1091.2801163707893
25,32900,1091.2801163707893
25,32950,1091.2801163707893
25,33000,1091.2801163707893
25,33050,1091.2801163707893
25,33100,1091.2801163707893
25,33150,1091.2801163707893
25,33200,1091.2801163707893
25,33250,1091.2801163707893
25,33300,1091.2801163707893
25,33350,1091.2801163707893
25,33400,1091.2801163707893
25,33450,1091.2801163707893
25,33500,1091.2801163707893
25,33550,1091.2801163707893
25,33600,1091.2801163707893
25,33650,1091.2801163707893
25,33700,1091.2801163707893
25,33750,1091.2801163707893
25,33800,1091.2801163707893
25,33850,1091.2801163707893
25,33900,1091.2801163707893
25,33950,1091.2801163707893
25,34000,1091.2801163707893
25,34050,1091.2801163707893
25,34100,1091.2801163707893
25,34150,1091.2801163707893
25,34200,1091.2801163707893
25,34250,1091.2801163707893
25,34300,1091.2801163707893
25,34350,1091.2801163707893
25,34400,1091.2801163707893
25,34450,1091.2801163707893
25,34500,1091.2801163707893
25,34550,1091.2801163707893
25,34600,1091.2801163707893
25,34650,1091.2801163707893
25,34700,1091.2801163707893
25,34750,1091.2801163707893
25,34800,1091.2801163707893
25,34850,1091.2801163707893
25,34900,1091.2801163707893
25,34950,1091.2801163707893
25,35000,1091.2801163707893
25,35050,1091.2801163707893
25,35100,1091.2801163707893
25,35150,1091.2801163707893
25,35200,1091.2801163707893
25,35250,1091.2801163707893
25,35300,1091.2801163707893
25,35350,1091.2801163707893
25,35400,1091.2801163707893
25,35450,1091.2801163707893
25,35500,1091.2801163707893
25,35550,1091.2801163707893
25,35600,1091.2801163707893
25,35650,1091.2801163707893
25,35700,1091.2801163707893
25,35750,1091.2801163707893
25,35800,1091.2801163707893
25,35850,1091.2801163707893
25,35900,1091.2801163707893
25,35950,1091.2801163707893
25,36000,1091.2801163707893
25,36050,1091.2801163707893
25,36100,1091.2801163707893
25,36150,1091.2801163707893
25,36200,1091.2801163707893
25,36250,1091.2801163707893
25,36300,1091.2801163707893
25,36350,1091.2801163707893
25,36400,1091.2801163707893
25,36450,1091.2801163707893
25,36500,1091.2801163707893
25,36550,1091.2801163707893
25,36600,1091.2801163707893
25,36650,1091.2801163707893
25,36700,1091.2801163707893
25,36750,1091.2801163707893
25,36800,1091.2801163707893
25,36850,1091.2801163707893
25,36900,1091.2801163707893
25,36950,1091.2801163707893
25,37000,1091.2801163707893
25,37050,1091.2801163707893
25,37100,1091.2801163707893
25,37150,1091.2801163707893
25,37200,1091.2801163707893
25,37250,1091.2801163707893
25,37300,1091.2801163707893
25,37350,1091.2801163707893
25,37400,1091.2801163707893
25,37450,1091.2801163707893
25,37500,1091.2801163707893
25,37550,1091.2801163707893
25,37600,1091.2801163707893
25,37650,1091.2801163707893
25,37700,1091.2801163707893
25,37750,1091.2801163707893
25,37800,1091.2801163707893
25,37850,1091.2801163707893
25,37900,1091.2801163707893
25,37950,1091.2801163707893
25,38000,1091.2801163707893
25,38050,1091.2801163707893
25,38100,1091.2801163707893
25,38150,1091.2801163707893
25,38200,1091.2801163707893
25,38250,1091.2801163707893
25,38300,1091.2801163707893
25,38350,1091.2801163707893
25,38400,1091.2801163707893
25,38450,1091.2801163707893
25,38500,1091.2801163707893
25,38550,1091.2801163707893
25,38600,1091.2801163707893
25,38650,1091.2801163707893
25,38700,1091.2801163707893
25,38750,1091.2801163707893
25,38800,1091.2801163707893
25,38850,1091.2801163707893
25,38900,1091.2801163707893
25,38950,1091.2801163707893
25,39000,1091.2801163707893
25,39050,1091.2801163707893
25,39100,1091.2801163707893
25,39150,1091.2801163707893
25,39200,1091.2801163707893
25,39250,1091.2801163707893
25,39300,1091.2801163707893
25,39350,1091.2801163707893
25,39400,1091.2801163707893
25,39450,1091.2801163707893
25,39500,1091.2801163707893
25,39550,1091.2801163707893
25,39600,1091.2801163707893
25,39650,1091.2801163707893
25,39700,1091.2801163707893
25,39750,1091.2801163707893
25,39800,1091.2801163707893
25,39850,1091.2801163707893
25,39900,1091.2801163707893
25,39950,1091.2801163707893
25,40000,1091.2801163707893
25,40050,1091.2801163707893
25,40100,1091.2801163707893
25,40150,1091.2801163707893
25,40200,1091.2801163707893
25,40250,1091.2801163707893
25,40300,1091.2801163707893
25,40350,1091.2801163707893
25,40400,1091.2801163707893
25,40450,1091.2801163707893
25,40500,1091.2801163707893
25,40550,1091.2801163707893
25,40600,1091.2801163707893
25,40650,1091.2801163707893
25,40700,1091.2801163707893
25,40750,1091.2801163707893
25,40800,1091.2801163707893
25,40850,1091.2801163707893
25,40900,1091.2801163707893
25,40950,1091.2801163707893
25,41000,1091.2801163707893
25,41050,1091.2801163707893
25,41100,1091.2801163707893
25,41150,1091.2801163707893
25,41200,1091.2801163707893
25,41250,1091.2801163707893
25,41300,1091.2801163707893
25,41350,1091.2801163707893
25,41400,1091.2801163707893
25,41450,1091.2801163707893
25,41500,1091.2801163707893
25,41550,1091.2801163707893
25,41600,1091.2801163707893
25,41650,1091.2801163707893
25,41700,1091.2801163707893
25,41750,1091.2801163707893
25,41800,1091.2801163707893
25,41850,1091.2801163707893
25,41900,1091.2801163707893
25,41950,1091.2801163707893
25,42000,1091.2801163707893
25,42050,1091.2801163707893
25,42100,1091.2801163707893
25,42150,1091.2801163707893
25,42200,1091.2801163707893
25,42250,1091.2801163707893
25,42300,1091.2801163707893
25,42350,1091.2801163707893
25,42400,1091.2801163707893
25,42450,1091.2801163707893
25,42500,1091.2801163707893
25,42550,1091.2801163707893
25,42600,1091.2801163707893
25,42650,1091.2801163707893
25,42700,1091.2801163707893
25,42750,1091.2801163707893
25,42800,1091.2801163707893
25,42850,1091.2801163707893
25,42900,1091.2801163707893
25,42950,1091.2801163707893
25,43000,1091.2801163707893
25,43050,1091.2801163707893
25,43100,1091.2801163707893
25,43150,1091.2801163707893
25,43200,1091.2801163707893
25,43250,1091.2801163707893
25,43300,1091.2801163707893
25,43350,1091.2801163707893
25,43400,1091.2801163707893
25,43450,1091.2801163707893
25,43500,1091.2801163707893
25,43550,1091.2801163707893
25,43600,1091.2801163707893
25,43650,1091.2801163707893
25,43700,1091.2801163707893
25,43750,1091.2801163707893
25,43800,1091.2801163707893
25,43850,1091.2801163707893
25,43900,1091.2801163707893
25,43950,1091.2801163707893
25,44000,1091.2801163707893
25,44050,1091.2801163707893
25,44100,1091.2801163707893
25,44150,1091.2801163707893
25,44200,1091.2801163707893
25,44250,1091.2801163707893
25,44300,1091.2801163707893
25,44350,1091.2801163707893
25,44400,1091.2801163707893
25,44450,1091.2801163707893
25,44500,1091.2801163707893
25,44550,1091.2801163707893
25,44600,1091.2801163707893
25,44650,1091.2801163707893
25,44700,1091.2801163707893
25,44750,1091.2801163707893
25,44800,1091.2801163707893
25,44850,1091.2801163707893
25,44900,1091.2801163707893
25,44950,1091.2801163707893
25,45000,1091.2801163707893
25,45050,1091.2801163707893
25,45100,1091.2801163707893
25,45150,1091.2801163707893
25,45200,1091.2801163707893
25,45250,1091.2801163707893
25,45300,1091.2801163707893
25,45350,1091.2801163707893
25,45400,1091.2801163707893
25,45450,1091.2801163707893
25,45500,1091.2801163707893
25,45550,1091.2801163707893
25,45600,1091.2801163707893
25,45650,1091.2801163707893
25,45700,1091.2801163707893
25,45750,1091.2801163707893
25,45800,1091.2801163707893
25,45850,1091.2801163707893
25,45900,1091.2801163707893
25,45950,1091.2801163707893
25,46000,1091.2801163707893
25,46050,1091.2801163707893
25,46100,1091.2801163707893
25,46150,1091.2801163707893
25,46200,1091.2801163707893
25,46250,1091.2801163707893
25,46300,1091.2801163707893
25,46350,1091.2801163707893
25,46400,1091.2801163707893
25,46450,1091.2801163707893
25,46500,1091.2801163707893
25,46550,1091.2801163707893
25,46600,1091.2801163707893
25,46650,1091.2801163707893
25,46700,1091.2801163707893
25,46750,1091.2801163707893
25,46800,1091.2801163707893
25,46850,1091.2801163707893
25,46900,1091.2801163707893
25,46950,1091.2801163707893
25,47000,1091.2801163707893
25,47050,1091.2801163707893
25,47100,1091.2801163707893
25,47150,1091.2801163707893
25,47200,1091.2801163707893
25,47250,1091.2801163707893
25,47300,1091.2801163707893
25,47350,1091.2801163707893
25,47400,1091.2801163707893
25,47450,1091.2801163707893
25,47500,1091.2801163707893
25,47550,1091.2801163707893
25,47600,1091.2801163707893
25,47650,1091.2801163707893
25,47700,1091.2801163707893
25,47750,1091.2801163707893
25,47800,1091.2801163707893
25,47850,1091.2801163707893
25,47900,1091.2801163707893
25,47950,1091.2801163707893
25,48000,1091.2801163707893
25,48050,1091.2801163707893
25,48100,1091.2801163707893
25,48150,1091.2801163707893
25,48200,1091.2801163707893
25,48250,1091.2801163707893
25,48300,1091.2801163707893
25,48350,1091.2801163707893
25,48400,1091.2801163707893
25,48450,1091.2801163707893
25,48500,1091.2801163707893
25,48550,1091.2801163707893
25,48600,1091.2801163707893
25,48650,1091.2801163707893
25,48700,1091.2801163707893
25,48750,1091.2801163707893
25,48800,1091.2801163707893
25,48850,1091.2801163707893
25,48900,1091.2801163707893
25,48950,1091.2801163707893
25,49000,1091.2801163707893
25,49050,1091.2801163707893
25,49100,1091.2801163707893
25,49150,1091.2801163707893
25,49200,1091.2801163707893
25,49250,1091.2801163707893
25,49300,1091.2801163707893
25,49350,1091.2801163707893
25,49400,1091.2801163707893
25,49450,1091.2801163707893
25,49500,1091.2801163707893
25,49550,1091.2801163707893
25,49600,1091.2801163707893
25,49650,1091.2801163707893
25,49700,1091.2801163707893
25,49750,1091.2801163707893
25,49800,1091.2801163707893
25,49850,1091.2801163707893
25,49900,1091.2801163707893
25,49950,1091.2801163707893
25,50000,1091.2801163707893
26,50,1431.492129634038
26,100,1429.8077553278513
26,150,1371.1676410200503
26,200,1371.1676410200503
26,250,1370.8559962752054
26,300,1370.8559962752054
26,350,1370.8559962752054
26,400,1331.2606498249686
26,450,1331.2606498249686
26,500,1243.4796318899605
26,550,1243.4796318899605
26,600,1243.4796318899605
26,650,1243.4796318899605
26,700,1243.4796318899605
26,750,1243.4796318899605
26,800,1243.4796318899605
26,850,1243.4796318899605
26,900,1221.8746207827119
26,950,1207.6873558897819
26,1000,1173.841047030437
26,1050,1173.841047030437
26,1100,1173.841047030437
26,1150,1173.841047030437
26,1200,1173.841047030437
26,1250,1173.841047030437
26,1300,1173.841047030437
26,1350,1173.841047030437
26,1400,1173.841047030437
26,1450,1173.841047030437
26,1500,1173.841047030437
26,1550,1173.841047030437
26,1600,1173.841047030437
26,1650,1173.841047030437
26,1700,1173.841047030437
26,1750,1173.841047030437
26,1800,1173.841047030437
26,1850,1173.841047030437
26,1900,1173.841047030437
26,1950,1173.841047030437
26,2000,1173.841047030437
26,2050,1173.841047030437
26,2100,1173.841047030437
26,2150,1173.841047030437
26,2200,1173.841047030437
26,2250,1173.841047030437
26,2300,1173.841047030437
26,2350,1173.841047030437
26,2400,1173.841047030437
26,2450,1172.256500184066
26,2500,1162.7463364451273
26,2550,1150.0088000422356
26,2600,1150.0088000422356
26,2650,1137.4963883667306
26,2700,1137.4963883667306
26,2750,1137.4963883667306
26,2800,1137.4963883667306
26,2850,1137.4963883667306
26,2900,1137.4963883667306
26,2950,1137.4963883667306
26,3000,1137.4963883667306
26,3050,1137.4963883667306
26,3100,1137.4963883667306
26,3150,1137.4963883667306
26,3200,1137.4963883667306
26,3250,1137.4963883667306
26,3300,1137.4963883667306
26,3350,1137.4963883667306
26,3400,1137.4963883667306
26,3450,1137.4963883667306
26,3500,1137.4963883667306
26,3550,1137.4963883667306
26,3600,1137.4963883667306
26,3650,1137.4963883667306
26,3700,1137.4963883667306
26,3750,1137.4963883667306
26,3800,1137.4963883667306
26,3850,1137.4963883667306
26,3900,1137.4963883667306
26,3950,1137.4963883667306
26,4000,1137.4963883667306
26,4050,1137.4963883667306
26,4100,1137.4963883667306
26,4150,1137.4963883667306
26,4200,1137.4963883667306
26,4250,1137.4963883667306
26,4300,1137.4963883667306
26,4350,1137.4963883667306
26,4400,1137.4963883667306
26,4450,1068.9334253767474
26,4500,1068.9334253767474
26,4550,1068.9334253767474
26,4600,1068.9334253767474
26,4650,1068.9334253767474
26,4700,1068.9334253767474
26,4750,1068.9334253767474
26,4800,1068.9334253767474
26,4850,1068.9334253767474
26,4900,1068.9334253767474
26,4950,1068.9334253767474
26,5000,1068.9334253767474
26,5050,1068.9334253767474
26,5100,1068.9334253767474
26,5150,1068.9334253767474
26,5200,1068.9334253767474
26,5250,1068.9334253767474
26,5300,1068.9334253767474
26,5350,1068.9334253767474
26,5400,1068.9334253767474
26,5450,1068.9334253767474
26,5500,1068.9334253767474
26,5550,1068.9334253767474
26,5600,1068.9334253767474
26,5650,1068.9334253767474
26,5700,1068.9334253767474
26,5750,1068.9334253767474
26,5800,1068.9334253767474
26,5850,1068.9334253767474
26,5900,1068.9334253767474
26,5950,1068.9334253767474
26,6000,1068.9334253767474
26,6050,1068.9334253767474
26,6100,1068.9334253767474
26,6150,1068.9334253767474
26,6200,1068.9334253767474
26,6250,1068.9334253767474
26,6300,1068.9334253767474
26,6350,1068.9334253767474
26,6400,1068.9334253767474
26,6450,1068.9334253767474
26,6500,1068.9334253767474
26,6550,1068.9334253767474
26,6600,1068.9334253767474
26,6650,1068.9334253767474
26,6700,1068.9334253767474
26,6750,1068.9334253767474
26,6800,1068.9334253767474
26,6850,1068.9334253767474
26,6900,1068.9334253767474
26,6950,1068.9334253767474
26,7000,1068.9334253767474
26,7050,1068.9334253767474
26,7100,1068.9334253767474
26,7150,1068.9334253767474
26,7200,1068.9334253767474
26,7250,1068.9334253767474
26,7300,1068.9334253767474
26,7350,1068.9334253767474
26,7400,1068.9334253767474
26,7450,1068.9334253767474
26,7500,1068.9334253767474
26,7550,1068.9334253767474
26,7600,1068.9334253767474
26,7650,1068.9334253767474
26,7700,1068.9334253767474
26,7750,1068.9334253767474
26,7800,1068.9334253767474
26,7850,1068.9334253767474
26,7900,1068.9334253767474
26,7950,1068.9334253767474
26,8000,1068.9334253767474
26,8050,1068.9334253767474
26,8100,1068.9334253767474
26,8150,1068.9334253767474
26,8200,1068.9334253767474
26,8250,1068.9334253767474
26,8300,1068.9334253767474
26,8350,1068.9334253767474
26,8400,1068.9334253767474
26,8450,1068.9334253767474
26,8500,1068.9334253767474
26,8550,1068.9334253767474
26,8600,1068.9334253767474
26,8650,1068.9334253767474
26,8700,1068.9334253767474
26,8750,1068.9334253767474
26,8800,1068.9334253767474
26,8850,1068.9334253767474
26,8900,1068.9334253767474
26,8950,1068.9334253767474
26,9000,1068.9334253767474
26,9050,1068.9334253767474
26,9100,1068.9334253767474
26,9150,1068.9334253767474
26,9200,1068.9334253767474
26,9250,1068.9334253767474
26,9300,1068.9334253767474
26,9350,1068.9334253767474
26,9400,1068.9334253767474
26,9450,1068.9334253767474
26,9500,1068.9334253767474
26,9550,1068.9334253767474
26,9600,1068.9334253767474
26,9650,1068.9334253767474
26,9700,1068.9334253767474
26,9750,1068.9334253767474
26,9800,1068.9334253767474
26,9850,1068.9334253767474
26,9900,1068.9334253767474
26,9950,1068.9334253767474
26,10000,1068.9334253767474
26,10050,1068.9334253767474
26,10100,1068.9334253767474
26,10150,1068.9334253767474
26,10200,1068.9334253767474
26,10250,1068.9334253767474
26,10300,1068.9334253767474
26,10350,1068.9334253767474
26,10400,1068.9334253767474
26,10450,1068.9334253767474
26,10500,1068.9334253767474
26,10550,1068.9334253767474
26,10600,1068.9334253767474
26,10650,1068.9334253767474
26,10700,1068.9334253767474
26,10750,1068.9334253767474
26,10800,1068.9334253767474
26,10850,1068.9334253767474
26,10900,1068.9334253767474
26,10950,1068.9334253767474
26,11000,1068.9334253767474
26,11050,1068.9334253767474
26,11100,1068.9334253767474
26,11150,1068.9334253767474
26,11200,1068.9334253767474
26,11250,1068.9334253767474
26,11300,1068.9334253767474
26,11350,1068.9334253767474
26,11400,1068.9334253767474
26,11450,1068.9334253767474
26,11500,1068.9334253767474
26,11550,1068.9334253767474
26,11600,1068.9334253767474
26,11650,1068.9334253767474
26,11700,1068.9334253767474
26,11750,1068.9334253767474
26,11800,1068.9334253767474
26,11850,1068.9334253767474
26,11900,1068.9334253767474
26,11950,1068.9334253767474
26,12000,1068.9334253767474
26,12050,1068.9334253767474
26,12100,1068.9334253767474
26,12150,1068.9334253767474
26,12200,1068.9334253767474
26,12250,1068.9334253767474
26,12300,1068.9334253767474
26,12350,1068.9334253767474
26,12400,1068.9334253767474
26,12450,1068.9334253767474
26,12500,1068.9334253767474
26,12550,1068.9334253767474
26,12600,1068.9334253767474
26,12650,1068.9334253767474
26,12700,1068.9334253767474
26,12750,1068.9334253767474
26,12800,1068.9334253767474
26,12850,1068.9334253767474
26,12900,1068.9334253767474
26,12950,1068.9334253767474
26,13000,1068.9334253767474
26,13050,1068.9334253767474
26,13100,1068.9334253767474
26,13150,1068.9334253767474
26,13200,1068.9334253767474
26,13250,1068.9334253767474
26,13300,1068.9334253767474
26,13350,1068.9334253767474
26,13400,1068.9334253767474
26,13450,1068.9334253767474
26,13500,1068.9334253767474
26,13550,1068.9334253767474
26,13600,1068.9334253767474
26,13650,1068.9334253767474
26,13700,1068.9334253767474
26,13750,1068.9334253767474
26,13800,1068.9334253767474
26,13850,1068.9334253767474
26,13900,1068.9334253767474
26,13950,1068.9334253767474
26,14000,1068.9334253767474
26,14050,1068.9334253767474
26,14100,1068.9334253767474
26,14150,1068.9334253767474
26,14200,1068.9334253767474
26,14250,1068.9334253767474
26,14300,1068.9334253767474
26,14350,1068.9334253767474
26,14400,1068.9334253767474
26,14450,1068.9334253767474
26,14500,1068.9334253767474
26,14550,1068.9334253767474
26,14600,1068.9334253767474
26,14650,1068.9334253767474
26,14700,1068.9334253767474
26,14750,1068.9334253767474
26,14800,1068.9334253767474
26,14850,1068.9334253767474
26,14900,1068.9334253767474
26,14950,1068.9334253767474
26,15000,1068.9334253767474
26,15050,1068.9334253767474
26,15100,1068.9334253767474
26,15150,1068.9334253767474
26,15200,1068.9334253767474
26,15250,1068.9334253767474
26,15300,1068.9334253767474
26,15350,1068.9334253767474
26,15400,1068.9334253767474
26,15450,1068.9334253767474
26,15500,1068.9334253767474
26,15550,1068.9334253767474
26,15600,1068.9334253767474
26,15650,1068.9334253767474
26,15700,1068.9334253767474
26,15750,1068.9334253767474
26,15800,1068.9334253767474
26,15850,1068.9334253767474
26,15900,1068.9334253767474
26,15950,1068.9334253767474
26,16000,1068.9334253767474
26,16050,1068.9334253767474
26,16100,1068.9334253767474
26,16150,1068.9334253767474
26,16200,1068.9334253767474
26,16250,1068.9334253767474
26,16300,1068.9334253767474
26,16350,1068.9334253767474
26,16400,1068.9334253767474
26,16450,1068.9334253767474
26,16500,1068.9334253767474
26,16550,1068.9334253767474
26,16600,1068.9334253767474
26,16650,1068.9334253767474
26,16700,1068.9334253767474
26,16750,1068.9334253767474
26,16800,1068.9334253767474
26,16850,1068.9334253767474
26,16900,1068.9334253767474
26,16950,1068.9334253767474
26,17000,1068.9334253767474
26,17050,1068.9334253767474
26,17100,1068.9334253767474
26,17150,1068.9334253767474
26,17200,1068.9334253767474
26,17250,1068.9334253767474
26,17300,1068.9334253767474
26,17350,1068.9334253767474
26,17400,1068.9334253767474
26,17450,1068.9334253767474
26,17500,1068.9334253767474
26,17550,1068.9334253767474
26,17600,1068.9334253767474
26,17650,1068.9334253767474
26,17700,1068.9334253767474
26,17750,1068.9334253767474
26,17800,1068.9334253767474
26,17850,1068.9334253767474
26,17900,1068.9334253767474
26,17950,1068.9334253767474
26,18000,1068.9334253767474
26,18050,1068.9334253767474
26,18100,1068.9334253767474
26,18150,1068.9334253767474
26,18200,1068.9334253767474
26,18250,1068.9334253767474
26,18300,1068.9334253767474
26,18350,1068.9334253767474
26,18400,1068.9334253767474
26,18450,1068.9334253767474
26,18500,1068.9334253767474
26,18550,1068.9334253767474
26,18600,1068.9334253767474
26,18650,1068.9334253767474
26,18700,1068.9334253767474
26,18750,1068.9334253767474
26,18800,1068.9334253767474
26,18850,1068.9334253767474
26,18900,1068.9334253767474
26,18950,1068.9334253767474
26,19000,1068.9334253767474
26,19050,1068.9334253767474
26,19100,1068.9334253767474
26,19150,1068.9334253767474
26,19200,1068.9334253767474
26,19250,1068.9334253767474
26,19300,1068.9334253767474
26,19350,1068.9334253767474
26,19400,1068.9334253767474
26,19450,1068.9334253767474
26,19500,1068.9334253767474
26,19550,1068.9334253767474
26,19600,1068.9334253767474
26,19650,1068.9334253767474
26,19700,1068.9334253767474
26,19750,1068.9334253767474
26,19800,1068.9334253767474
26,19850,1068.9334253767474
26,19900,1068.9334253767474
26,19950,1068.9334253767474
26,20000,1068.9334253767474
26,20050,1068.9334253767474
26,20100,1068.9334253767474
26,20150,1068.9334253767474
26,20200,1068.9334253767474
26,20250,1068.9334253767474
26,20300,1068.9334253767474
26,20350,1068.9334253767474
26,20400,1068.9334253767474
26,20450,1068.9334253767474
26,20500,1068.9334253767474
26,20550,1068.9334253767474
26,20600,1068.9334253767474
26,20650,1068.9334253767474
26,20700,1068.9334253767474
26,20750,1068.9334253767474
26,20800,1068.9334253767474
26,20850,1068.9334253767474
26,20900,1068.9334253767474
26,20950,1068.9334253767474
26,21000,1068.9334253767474
26,21050,1068.9334253767474
26,21100,1068.9334253767474
26,21150,1068.9334253767474
26,21200,1068.9334253767474
26,21250,1068.9334253767474
26,21300,1068.9334253767474
26,21350,1068.9334253767474
26,21400,1068.9334253767474
26,21450,1068.9334253767474
26,21500,1068.9334253767474
26,21550,1068.9334253767474
26,21600,1068.9334253767474
26,21650,1068.9334253767474
26,21700,1068.9334253767474
26,21750,1068.9334253767474
26,21800,1068.9334253767474
26,21850,1068.9334253767474
26,21900,1068.9334253767474
26,21950,1068.9334253767474
26,22000,1068.9334253767474
26,22050,1068.9334253767474
26,22100,1068.9334253767474
26,22150,1068.9334253767474
26,22200,1068.9334253767474
26,22250,1068.9334253767474
26,22300,1068.9334253767474
26,22350,1068.9334253767474
26,22400,1068.9334253767474
26,22450,1068.9334253767474
26,22500,1068.9334253767474
26,22550,1068.9334253767474
26,22600,1068.9334253767474
26,22650,1068.9334253767474
26,22700,1068.9334253767474
26,22750,1068.9334253767474
26,22800,1068.9334253767474
26,22850,1068.9334253767474
26,22900,1068.9334253767474
26,22950,1068.9334253767474
26,23000,1068.9334253767474
26,23050,1068.9334253767474
26,23100,1068.9334253767474
26,23150,1068.9334253767474
26,23200,1068.9334253767474
26,23250,1068.9334253767474
26,23300,1068.9334253767474
26,23350,1068.9334253767474
26,23400,1068.9334253767474
26,23450,1068.9334253767474
26,23500,1068.9334253767474
26,23550,1068.9334253767474
26,23600,1068.9334253767474
26,23650,1068.9334253767474
26,23700,1068.9334253767474
26,23750,1068.9334253767474
26,23800,1068.9334253767474
26,23850,1068.9334253767474
26,23900,1068.9334253767474
26,23950,1068.9334253767474
26,24000,1068.9334253767474
26,24050,1068.9334253767474
26,24100,1068.9334253767474
26,24150,1068.9334253767474
26,24200,1068.9334253767474
26,24250,1068.9334253767474
26,24300,1068.9334253767474
26,24350,1068.9334253767474
26,24400,1068.9334253767474
26,24450,1068.9334253767474
26,24500,1068.9334253767474
26,24550,1068.9334253767474
26,24600,1068.9334253767474
26,24650,1068.9334253767474
26,24700,1068.9334253767474
26,24750,1068.9334253767474
26,24800,1068.9334253767474
26,24850,1068.9334253767474
26,24900,1068.9334253767474
26,24950,1068.9334253767474
26,25000,1068.9334253767474
26,25050,1068.9334253767474
26,25100,1068.9334253767474
26,25150,1068.9334253767474
26,25200,1068.9334253767474
26,25250,1068.9334253767474
26,25300,1068.9334253767474
26,25350,1068.9334253767474
26,25400,1068.9334253767474
26,25450,1068.9334253767474
26,25500,1068.9334253767474
26,25550,1068.9334253767474
26,25600,1068.9334253767474
26,25650,1068.9334253767474
26,25700,1068.9334253767474
26,25750,1068.9334253767474
26,25800,1068.9334253767474
26,25850,1068.9334253767474
26,25900,1068.9334253767474
26,25950,1068.9334253767474
26,26000,1068.9334253767474
26,26050,1068.9334253767474
26,26100,1068.9334253767474
26,26150,1068.9334253767474
26,26200,1068.9334253767474
26,26250,1068.9334253767474
26,26300,1068.9334253767474
26,26350,1068.9334253767474
26,26400,1068.9334253767474
26,26450,1068.9334253767474
26,26500,1068.9334253767474
26,26550,1068.9334253767474
26,26600,1068.9334253767474
26,26650,1068.9334253767474
26,26700,1068.9334253767474
26,26750,1068.9334253767474
26,26800,1068.9334253767474
26,26850,1068.9334253767474
26,26900,1068.9334253767474
26,26950,1068.9334253767474
26,27000,1068.9334253767474
26,27050,1068.9334253767474
26,27100,1068.9334253767474
26,27150,1068.9334253767474
26,27200,1068.9334253767474
26,27250,1068.9334253767474
26,27300,1068.9334253767474
26,27350,1068.9334253767474
26,27400,1068.9334253767474
26,27450,1068.9334253767474
26,27500,1068.9334253767474
26,27550,1068.9334253767474
26,27600,1068.9334253767474
26,27650,1068.9334253767474
26,27700,1068.9334253767474
26,27750,1068.9334253767474
26,27800,1068.9334253767474
26,27850,1068.9334253767474
26,27900,1068.9334253767474
26,27950,1068.9334253767474
26,28000,1068.9334253767474
26,28050,1068.9334253767474
26,28100,1068.9334253767474
26,28150,1068.9334253767474
26,28200,1068.9334253767474
26,28250,1068.9334253767474
26,28300,1068.9334253767474
26,28350,1068.9334253767474
26,28400,1068.9334253767474
26,28450,1068.9334253767474
26,28500,1068.9334253767474
26,28550,1068.9334253767474
26,28600,1068.9334253767474
26,28650,1068.9334253767474
26,28700,1068.9334253767474
26,28750,1068.9334253767474
26,28800,1068.9334253767474
26,28850,1068.9334253767474
26,28900,1068.9334253767474
26,28950,1068.9334253767474
26,29000,1068.9334253767474
26,29050,1068.9334253767474
26,29100,1068.9334253767474
26,29150,1068.9334253767474
26,29200,1068.9334253767474
26,29250,1068.9334253767474
26,29300,1068.9334253767474
26,29350,1068.9334253767474
26,29400,1068.9334253767474
26,29450,1068.9334253767474
26,29500,1068.9334253767474
26,29550,1068.9334253767474
26,29600,1068.9334253767474
26,29650,1068.9334253767474
26,29700,1068.9334253767474
26,29750,1068.9334253767474
26,29800,1068.9334253767474
26,29850,1068.9334253767474
26,29900,1068.9334253767474
26,29950,1068.9334253767474
26,30000,1068.9334253767474
26,30050,1068.9334253767474
26,30100,1068.9334253767474
26,30150,1068.9334253767474
26,30200,1068.9334253767474
26,30250,1068.9334253767474
26,30300,1068.9334253767474
26,30350,1068.9334253767474
26,30400,1068.9334253767474
26,30450,1068.9334253767474
26,30500,1068.9334253767474
26,30550,1068.9334253767474
26,30600,1068.9334253767474
26,30650,1068.9334253767474
26,30700,1068.9334253767474
26,30750,1068.9334253767474
26,30800,1068.9334253767474
26,30850,1068.9334253767474
26,30900,1068.9334253767474
26,30950,1068.9334253767474
26,31000,1068.9334253767474
26,31050,1068.9334253767474
26,31100,1068.9334253767474
26,31150,1068.9334253767474
26,31200,1068.9334253767474
26,31250,1068.9334253767474
26,31300,1068.9334253767474
26,31350,1068.9334253767474
26,31400,1068.9334253767474
26,31450,1068.9334253767474
26,31500,1068.9334253767474
26,31550,1068.9334253767474
26,31600,1068.9334253767474
26,31650,1068.9334253767474
26,31700,1068.9334253767474
26,31750,1068.9334253767474
26,31800,1068.9334253767474
26,31850,1068.9334253767474
26,31900,1068.9334253767474
26,31950,1068.9334253767474
26,32000,1068.9334253767474
26,32050,1068.9334253767474
26,32100,1068.9334253767474
26,32150,1068.9334253767474
26,32200,1068.9334253767474
26,32250,1068.9334253767474
26,32300,1068.9334253767474
26,32350,1068.9334253767474
26,32400,1068.9334253767474
26,32450,1068.9334253767474
26,32500,1068.9334253767474
26,32550,1068.9334253767474
26,32600,1068.9334253767474
26,32650,1068.9334253767474
26,32700,1068.9334253767474
26,32750,1068.9334253767474
26,32800,1068.9334253767474
26,32850,1068.9334253767474
26,32900,1068.9334253767474
26,32950,1068.9334253767474
26,33000,1068.9334253767474
26,33050,1068.9334253767474
26,33100,1068.9334253767474
26,33150,1068.9334253767474
26,33200,1068.9334253767474
26,33250,1068.9334253767474
26,33300,1068.9334253767474
26,33350,1068.9334253767474
26,33400,1068.9334253767474
26,33450,1068.9334253767474
26,33500,1068.9334253767474
26,33550,1068.9334253767474
26,33600,1068.9334253767474
26,33650,1068.9334253767474
26,33700,1068.9334253767474
26,33750,1068.9334253767474
26,33800,1068.9334253767474
26,33850,1068.9334253767474
26,33900,1068.9334253767474
26,33950,1068.9334253767474
26,34000,1068.9334253767474
26,34050,1068.9334253767474
26,34100,1068.9334253767474
26,34150,1068.9334253767474
26,34200,1068.9334253767474
26,34250,1068.9334253767474
26,34300,1068.9334253767474
26,34350,1068.9334253767474
26,34400,1068.9334253767474
26,34450,1068.9334253767474
26,34500,1068.9334253767474
26,34550,1068.9334253767474
26,34600,1068.9334253767474
26,34650,1068.9334253767474
26,34700,1068.9334253767474
26,34750,1068.9334253767474
26,34800,1068.9334253767474
26,34850,1068.9334253767474
26,34900,1068.9334253767474
26,34950,1068.9334253767474
26,35000,1068.9334253767474
26,35050,1068.9334253767474
26,35100,1068.9334253767474
26,35150,1068.9334253767474
26,35200,1068.9334253767474
26,35250,1068.9334253767474
26,35300,1068.9334253767474
26,35350,1068.9334253767474
26,35400,1068.9334253767474
26,35450,1068.9334253767474
26,35500,1068.9334253767474
26,35550,1068.9334253767474
26,35600,1068.9334253767474
26,35650,1068.9334253767474
26,35700,1068.9334253767474
26,35750,1068.9334253767474
26,35800,1068.9334253767474
26,35850,1068.9334253767474
26,35900,1068.9334253767474
26,35950,1068.9334253767474
26,36000,1068.9334253767474
26,36050,1068.9334253767474
26,36100,1068.9334253767474
26,36150,1068.9334253767474
26,36200,1068.9334253767474
26,36250,1068.9334253767474
26,36300,1068.9334253767474
26,36350,1068.9334253767474
26,36400,1068.9334253767474
26,36450,1068.9334253767474
26,36500,1068.9334253767474
26,36550,1068.9334253767474
26,36600,1068.9334253767474
26,36650,1068.9334253767474
26,36700,1068.9334253767474
26,36750,1068.9334253767474
26,36800,1068.9334253767474
26,36850,1068.9334253767474
26,36900,1068.9334253767474
26,36950,1068.9334253767474
26,37000,1068.9334253767474
26,37050,1068.9334253767474
26,37100,1068.9334253767474
26,37150,1068.9334253767474
26,37200,1068.9334253767474
26,37250,1068.9334253767474
26,37300,1068.9334253767474
26,37350,1068.9334253767474
26,37400,1068.9334253767474
26,37450,1068.9334253767474
26,37500,1068.9334253767474
26,37550,1068.9334253767474
26,37600,1068.9334253767474
26,37650,1068.9334253767474
26,37700,1068.9334253767474
26,37750,1068.9334253767474
26,37800,1068.9334253767474
26,37850,1068.9334253767474
26,37900,1068.9334253767474
26,37950,1068.9334253767474
26,38000,1068.9334253767474
26,38050,1068.9334253767474
26,38100,1068.9334253767474
26,38150,1068.9334253767474
26,38200,1068.9334253767474
26,38250,1068.9334253767474
26,38300,1068.9334253767474
26,38350,1068.9334253767474
26,38400,1068.9334253767474
26,38450,1068.9334253767474
26,38500,1068.9334253767474
26,38550,1068.9334253767474
26,38600,1068.9334253767474
26,38650,1068.9334253767474
26,38700,1068.9334253767474
26,38750,1068.9334253767474
26,38800,1068.9334253767474
26,38850,1068.9334253767474
26,38900,1068.9334253767474
26,38950,1068.9334253767474
26,39000,1068.9334253767474
26,39050,1068.9334253767474
26,39100,1068.9334253767474
26,39150,1068.9334253767474
26,39200,1068.9334253767474
26,39250,1068.9334253767474
26,39300,1068.9334253767474
26,39350,1068.9334253767474
26,39400,1068.9334253767474
26,39450,1068.9334253767474
26,39500,1068.9334253767474
26,39550,1068.9334253767474
26,39600,1068.9334253767474
26,39650,1068.9334253767474
26,39700,1068.9334253767474
26,39750,1068.9334253767474
26,39800,1068.9334253767474
26,39850,1068.9334253767474
26,39900,1068.9334253767474
26,39950,1068.9334253767474
26,40000,1068.9334253767474
26,40050,1068.9334253767474
26,40100,1068.9334253767474
26,40150,1068.9334253767474
26,40200,1068.9334253767474
26,40250,1068.9334253767474
26,40300,1068.9334253767474
26,40350,1068.9334253767474
26,40400,1068.9334253767474
26,40450,1068.9334253767474
26,40500,1068.9334253767474
26,40550,1068.9334253767474
26,40600,1068.9334253767474
26,40650,1068.9334253767474
26,40700,1068.9334253767474
26,40750,1068.9334253767474
26,40800,1068.9334253767474
26,40850,1068.9334253767474
26,40900,1068.9334253767474
26,40950,1068.9334253767474
26,41000,1068.9334253767474
26,41050,1068.9334253767474
26,41100,1068.9334253767474
26,41150,1068.9334253767474
26,41200,1068.9334253767474
26,41250,1068.9334253767474
26,41300,1068.9334253767474
26,41350,1068.9334253767474
26,41400,1068.9334253767474
26,41450,1068.9334253767474
26,41500,1068.9334253767474
26,41550,1068.9334253767474
26,41600,1068.9334253767474
26,41650,1068.9334253767474
26,41700,1068.9334253767474
26,41750,1068.9334253767474
26,41800,1068.9334253767474
26,41850,1068.9334253767474
26,41900,1068.9334253767474
26,41950,1068.9334253767474
26,42000,1068.9334253767474
26,42050,1068.9334253767474
26,42100,1068.9334253767474
26,42150,1068.9334253767474
26,42200,1068.9334253767474
26,42250,1068.9334253767474
26,42300,1068.9334253767474
26,42350,1068.9334253767474
26,42400,1068.9334253767474
26,42450,1068.9334253767474
26,42500,1068.9334253767474
26,42550,1068.9334253767474
26,42600,1068.9334253767474
26,42650,1068.9334253767474
26,42700,1068.9334253767474
26,42750,1068.9334253767474
26,42800,1068.9334253767474
26,42850,1068.9334253767474
26,42900,1068.9334253767474
26,42950,1068.9334253767474
26,43000,1068.9334253767474
26,43050,1068.9334253767474
26,43100,1068.9334253767474
26,43150,1068.9334253767474
26,43200,1068.9334253767474
26,43250,1068.9334253767474
26,43300,1068.9334253767474
26,43350,1068.9334253767474
26,43400,1068.9334253767474
26,43450,1068.9334253767474
26,43500,1068.9334253767474
26,43550,1068.9334253767474
26,43600,1068.9334253767474
26,43650,1068.9334253767474
26,43700,1068.9334253767474
26,43750,1068.9334253767474
26,43800,1068.9334253767474
26,43850,1068.9334253767474
26,43900,1068.9334253767474
26,43950,1068.9334253767474
26,44000,1068.9334253767474
26,44050,1068.9334253767474
26,44100,1068.9334253767474
26,44150,1068.9334253767474
26,44200,1068.9334253767474
26,44250,1068.9334253767474
26,44300,1068.9334253767474
26,44350,1068.9334253767474
26,44400,1068.9334253767474
26,44450,1068.9334253767474
26,44500,1068.9334253767474
26,44550,1068.9334253767474
26,44600,1068.9334253767474
26,44650,1068.9334253767474
26,44700,1068.9334253767474
26,44750,1068.9334253767474
26,44800,1068.9334253767474
26,44850,1068.9334253767474
26,44900,1068.9334253767474
26,44950,1068.9334253767474
26,45000,1068.9334253767474
26,45050,1068.9334253767474
26,45100,1068.9334253767474
26,45150,1068.9334253767474
26,45200,1068.9334253767474
26,45250,1068.9334253767474
26,45300,1068.9334253767474
26,45350,1068.9334253767474
26,45400,1068.9334253767474
26,45450,1068.9334253767474
26,45500,1068.9334253767474
26,45550,1068.9334253767474
26,45600,1068.9334253767474
26,45650,1068.9334253767474
26,45700,1068.9334253767474
26,45750,1068.9334253767474
26,45800,1068.9334253767474
26,45850,1068.9334253767474
26,45900,1068.9334253767474
26,45950,1068.9334253767474
26,46000,1068.9334253767474
26,46050,1068.9334253767474
26,46100,1068.9334253767474
26,46150,1068.9334253767474
26,46200,1068.9334253767474
26,46250,1068.9334253767474
26,46300,1068.9334253767474
26,46350,1068.9334253767474
26,46400,1068.9334253767474
26,46450,1068.9334253767474
26,46500,1068.9334253767474
26,46550,1068.9334253767474
26,46600,1068.9334253767474
26,46650,1068.9334253767474
26,46700,1068.9334253767474
26,46750,1068.9334253767474
26,46800,1068.9334253767474
26,46850,1068.9334253767474
26,46900,1068.9334253767474
26,46950,1068.9334253767474
26,47000,1068.9334253767474
26,47050,1068.9334253767474
26,47100,1068.9334253767474
26,47150,1068.9334253767474
26,47200,1068.9334253767474
26,47250,1068.9334253767474
26,47300,1068.9334253767474
26,47350,1068.9334253767474
26,47400,1068.9334253767474
26,47450,1068.9334253767474
26,47500,1068.9334253767474
26,47550,1068.9334253767474
26,47600,1068.9334253767474
26,47650,1068.9334253767474
26,47700,1068.9334253767474
26,47750,1068.9334253767474
26,47800,1068.9334253767474
26,47850,1068.9334253767474
26,47900,1068.9334253767474
26,47950,1068.9334253767474
26,48000,1068.9334253767474
26,48050,1068.9334253767474
26,48100,1068.9334253767474
26,48150,1068.9334253767474
26,48200,1068.9334253767474
26,48250,1068.9334253767474
26,48300,1068.9334253767474
26,48350,1068.9334253767474
26,48400,1068.9334253767474
26,48450,1068.9334253767474
26,48500,1068.9334253767474
26,48550,1068.9334253767474
26,48600,1068.9334253767474
26,48650,1068.9334253767474
26,48700,1068.9334253767474
26,48750,1068.9334253767474
26,48800,1068.9334253767474
26,48850,1068.9334253767474
26,48900,1068.9334253767474
26,48950,1068.9334253767474
26,49000,1068.9334253767474
26,49050,1068.9334253767474
26,49100,1068.9334253767474
26,49150,1068.9334253767474
26,49200,1068.9334253767474
26,49250,1068.9334253767474
26,49300,1068.9334253767474
26,49350,1068.9334253767474
26,49400,1068.9334253767474
26,49450,1068.9334253767474
26,49500,1068.9334253767474
26,49550,1068.9334253767474
26,49600,1068.9334253767474
26,49650,1068.9334253767474
26,49700,1068.9334253767474
26,49750,1068.9334253767474
26,49800,1068.9334253767474
26,49850,1068.9334253767474
26,49900,1068.9334253767474
26,49950,1068.9334253767474
26,50000,1068.9334253767474
27,50,1314.2523968749488
27,100,1314.2523968749488
27,150,1314.2523968749488
27,200,1314.2523968749488
27,250,1314.2523968749488
27,300,1314.2523968749488
27,350,1314.2523968749488
27,400,1314.2523968749488
27,450,1314.2523968749488
27,500,1228.9251064871846
27,550,1228.9251064871846
27,600,1228.9251064871846
27,650,1228.9251064871846
27,700,1228.9251064871846
27,750,1228.9251064871846
27,800,1212.2043161135425
27,850,1212.2043161135425
27,900,1212.2043161135425
27,950,1212.2043161135425
27,1000,1212.2043161135425
27,1050,1212.2043161135425
27,1100,1179.4370993913276
27,1150,1155.0353404727996
27,1200,1155.0353404727996
27,1250,1155.0353404727996
27,1300,1155.0353404727996
27,1350,1155.0353404727996
27,1400,1148.5154144908702
27,1450,1148.5154144908702
27,1500,1148.5154144908702
27,1550,1148.5154144908702
27,1600,1148.5154144908702
27,1650,1148.5154144908702
27,1700,1148.5154144908702
27,1750,1148.5154144908702
27,1800,1148.5154144908702
27,1850,1148.5154144908702
27,1900,1148.5154144908702
27,1950,1148.5154144908702
27,2000,1148.5154144908702
27,2050,1148.5154144908702
27,2100,1148.5154144908702
27,2150,1148.5154144908702
27,2200,1148.5154144908702
27,2250,1148.5154144908702
27,2300,1148.5154144908702
27,2350,1148.5154144908702
27,2400,1148.5154144908702
27,2450,1148.5154144908702
27,2500,1148.5154144908702
27,2550,1148.5154144908702
27,2600,1133.3581032036432
27,2650,1133.3581032036432
27,2700,1133.3581032036432
27,2750,1133.3581032036432
27,2800,1133.3581032036432
27,2850,1133.3581032036432
27,2900,1133.3581032036432
27,2950,1133.3581032036432
27,3000,1133.3581032036432
27,3050,1133.3581032036432
27,3100,1133.3581032036432
27,3150,1133.3581032036432
27,3200,1133.3581032036432
27,3250,1115.8602298105504
27,3300,1115.8602298105504
27,3350,1115.8602298105504
27,3400,1093.545918785493
27,3450,1093.545918785493
27,3500,1093.545918785493
27,3550,1093.545918785493
27,3600,1093.545918785493
27,3650,1093.545918785493
27,3700,1093.545918785493
27,3750,1093.545918785493
27,3800,1093.545918785493
27,3850,1093.545918785493
27,3900,1093.545918785493
27,3950,1093.545918785493
27,4000,1093.545918785493
27,4050,1093.545918785493
27,4100,1093.545918785493
27,4150,1093.545918785493
27,4200,1093.545918785493
27,4250,1093.545918785493
27,4300,1093.545918785493
27,4350,1093.545918785493
27,4400,1093.545918785493
27,4450,1093.545918785493
27,4500,1093.545918785493
27,4550,1093.545918785493
27,4600,1093.545918785493
27,4650,1093.545918785493
27,4700,1093.545918785493
27,4750,1093.545918785493
27,4800,1093.545918785493
27,4850,1093.545918785493
27,4900,1093.545918785493
27,4950,1093.545918785493
27,5000,1093.545918785493
27,5050,1093.545918785493
27,5100,1093.545918785493
27,5150,1093.545918785493
27,5200,1093.545918785493
27,5250,1093.545918785493
27,5300,1093.545918785493
27,5350,1093.545918785493
27,5400,1093.545918785493
27,5450,1093.545918785493
27,5500,1093.545918785493
27,5550,1093.545918785493
27,5600,1093.545918785493
27,5650,1093.545918785493
27,5700,1093.545918785493
27,5750,1093.545918785493
27,5800,1093.545918785493
27,5850,1093.545918785493
27,5900,1093.545918785493
27,5950,1093.545918785493
27,6000,1093.545918785493
27,6050,1093.545918785493
27,6100,1093.545918785493
27,6150,1093.545918785493
27,6200,1093.545918785493
27,6250,1093.545918785493
27,6300,1093.545918785493
27,6350,1093.545918785493
27,6400,1093.545918785493
27,6450,1093.545918785493
27,6500,1093.545918785493
27,6550,1093.545918785493
27,6600,1093.545918785493
27,6650,1093.545918785493
27,6700,1093.545918785493
27,6750,1093.545918785493
27,6800,1093.545918785493
27,6850,1093.545918785493
27,6900,1093.545918785493
27,6950,1093.545918785493
27,7000,1093.545918785493
27,7050,1093.545918785493
27,7100,1093.545918785493
27,7150,1093.545918785493
27,7200,1093.545918785493
27,7250,1093.545918785493
27,7300,1093.545918785493
27,7350,1093.545918785493
27,7400,1093.545918785493
27,7450,1093.545918785493
27,7500,1093.545918785493
27,7550,1093.545918785493
27,7600,1093.545918785493
27,7650,1093.545918785493
27,7700,1093.545918785493
27,7750,1093.545918785493
27,7800,1093.545918785493
27,7850,1093.545918785493
27,7900,1093.545918785493
27,7950,1093.545918785493
27,8000,1093.545918785493
27,8050,1093.545918785493
27,8100,1093.545918785493
27,8150,1093.545918785493
27,8200,1093.545918785493
27,8250,1093.545918785493
27,8300,1093.545918785493
27,8350,1093.545918785493
27,8400,1093.545918785493
27,8450,1093.545918785493
27,8500,1093.545918785493
27,8550,1093.545918785493
27,8600,1093.545918785493
27,8650,1093.545918785493
27,8700,1093.545918785493
27,8750,1093.545918785493
27,8800,1093.545918785493
27,8850,1093.545918785493
27,8900,1093.545918785493
27,8950,1093.545918785493
27,9000,1093.545918785493
27,9050,1093.545918785493
27,9100,1093.545918785493
27,9150,1093.545918785493
27,9200,1093.545918785493
27,9250,1093.545918785493
27,9300,1093.545918785493
27,9350,1093.545918785493
27,9400,1093.545918785493
27,9450,1093.545918785493
27,9500,1093.545918785493
27,9550,1093.545918785493
27,9600,1093.545918785493
27,9650,1093.545918785493
27,9700,1093.545918785493
27,9750,1093.545918785493
27,9800,1093.545918785493
27,9850,1093.545918785493
27,9900,1093.545918785493
27,9950,1093.545918785493
27,10000,1093.545918785493
27,10050,1093.545918785493
27,10100,1093.545918785493
27,10150,1093.545918785493
27,10200,1093.545918785493
27,10250,1093.545918785493
27,10300,1093.545918785493
27,10350,1093.545918785493
27,10400,1093.545918785493
27,10450,1093.545918785493
27,10500,1093.545918785493
27,10550,1093.545918785493
27,10600,1093.545918785493
27,10650,1093.545918785493
27,10700,1093.545918785493
27,10750,1093.545918785493
27,10800,1093.545918785493
27,10850,1093.545918785493
27,10900,1093.545918785493
27,10950,1093.545918785493
27,11000,1093.545918785493
27,11050,1093.545918785493
27,11100,1093.545918785493
27,11150,1093.545918785493
27,11200,1093.545918785493
27,11250,1093.545918785493
27,11300,1093.545918785493
27,11350,1093.545918785493
27,11400,1093.545918785493
27,11450,1093.545918785493
27,11500,1093.545918785493
27,11550,1093.545918785493
27,11600,1093.545918785493
27,11650,1093.545918785493
27,11700,1093.545918785493
27,11750,1093.545918785493
27,11800,1093.545918785493
27,11850,1093.545918785493
27,11900,1093.545918785493
27,11950,1093.545918785493
27,12000,1093.545918785493
27,12050,1093.545918785493
27,12100,1093.545918785493
27,12150,1093.545918785493
27,12200,1093.545918785493
27,12250,1093.545918785493
27,12300,1093.545918785493
27,12350,1093.545918785493
27,12400,1093.545918785493
27,12450,1093.545918785493
27,12500,1093.545918785493
27,12550,1093.545918785493
27,12600,1093.545918785493
27,12650,1093.545918785493
27,12700,1093.545918785493
27,12750,1093.545918785493
27,12800,1093.545918785493
27,12850,1093.545918785493
27,12900,1093.545918785493
27,12950,1093.545918785493
27,13000,1093.545918785493
27,13050,1093.545918785493
27,13100,1093.545918785493
27,13150,1093.545918785493
27,13200,1093.545918785493
27,13250,1093.545918785493
27,13300,1093.545918785493
27,13350,1093.545918785493
27,13400,1093.545918785493
27,13450,1093.545918785493
27,13500,1093.545918785493
27,13550,1093.545918785493
27,13600,1093.545918785493
27,13650,1093.545918785493
27,13700,1093.545918785493
27,13750,1093.545918785493
27,13800,1093.545918785493
27,13850,1093.545918785493
27,13900,1093.545918785493
27,13950,1093.545918785493
27,14000,1093.545918785493
27,14050,1093.545918785493
27,14100,1093.545918785493
27,14150,1093.545918785493
27,14200,1093.545918785493
27,14250,1093.545918785493
27,14300,1093.545918785493
27,14350,1093.545918785493
27,14400,1093.545918785493
27,14450,1093.545918785493
27,14500,1093.545918785493
27,14550,1093.545918785493
27,14600,1093.545918785493
27,14650,1093.545918785493
27,14700,1093.545918785493
27,14750,1093.545918785493
27,14800,1093.545918785493
27,14850,1093.545918785493
27,14900,1093.545918785493
27,14950,1093.545918785493
27,15000,1093.545918785493
27,15050,1093.545918785493
27,15100,1093.545918785493
27,15150,1093.545918785493
27,15200,1093.545918785493
27,15250,1093.545918785493
27,15300,1093.545918785493
27,15350,1093.545918785493
27,15400,1093.545918785493
27,15450,1093.545918785493
27,15500,1093.545918785493
27,15550,1093.545918785493
27,15600,1093.545918785493
27,15650,1093.545918785493
27,15700,1093.545918785493
27,15750,1093.545918785493
27,15800,1093.545918785493
27,15850,1093.545918785493
27,15900,1093.545918785493
27,15950,1093.545918785493
27,16000,1093.545918785493
27,16050,1093.545918785493
27,16100,1093.545918785493
27,16150,1093.545918785493
27,16200,1093.545918785493
27,16250,1093.545918785493
27,16300,1093.545918785493
27,16350,1093.545918785493
27,16400,1093.545918785493
27,16450,1093.545918785493
27,16500,1093.545918785493
27,16550,1093.545918785493
27,16600,1093.545918785493
27,16650,1093.545918785493
27,16700,1093.545918785493
27,16750,1093.545918785493
27,16800,1093.545918785493
27,16850,1093.545918785493
27,16900,1093.545918785493
27,16950,1093.545918785493
27,17000,1093.545918785493
27,17050,1093.545918785493
27,17100,1093.545918785493
27,17150,1093.545918785493
27,17200,1093.545918785493
27,17250,1093.545918785493
27,17300,1093.545918785493
27,17350,1093.545918785493
27,17400,1093.545918785493
27,17450,1093.545918785493
27,17500,1093.545918785493
27,17550,1093.545918785493
27,17600,1093.545918785493
27,17650,1093.545918785493
27,17700,1093.545918785493
27,17750,1093.545918785493
27,17800,1093.545918785493
27,17850,1093.545918785493
27,17900,1093.545918785493
27,17950,1093.545918785493
27,18000,1093.545918785493
27,18050,1093.545918785493
27,18100,1093.545918785493
27,18150,1093.545918785493
27,18200,1093.545918785493
27,18250,1093.545918785493
27,18300,1093.545918785493
27,18350,1093.545918785493
27,18400,1093.545918785493
27,18450,1093.545918785493
27,18500,1093.545918785493
27,18550,1093.545918785493
27,18600,1093.545918785493
27,18650,1093.545918785493
27,18700,1093.545918785493
27,18750,1093.545918785493
27,18800,1093.545918785493
27,18850,1093.545918785493
27,18900,1093.545918785493
27,18950,1093.545918785493
27,19000,1093.545918785493
27,19050,1093.545918785493
27,19100,1093.545918785493
27,19150,1093.545918785493
27,19200,1093.545918785493
27,19250,1093.545918785493
27,19300,1093.545918785493
27,19350,1093.545918785493
27,19400,1093.545918785493
27,19450,1093.545918785493
27,19500,1093.545918785493
27,19550,1093.545918785493
27,19600,1093.545918785493
27,19650,1093.545918785493
27,19700,1093.545918785493
27,19750,1093.545918785493
27,19800,1093.545918785493
27,19850,1093.545918785493
27,19900,1093.545918785493
27,19950,1093.545918785493
27,20000,1093.545918785493
27,20050,1093.545918785493
27,20100,1093.545918785493
27,20150,1093.545918785493
27,20200,1093.545918785493
27,20250,1093.545918785493
27,20300,1093.545918785493
27,20350,1093.545918785493
27,20400,1093.545918785493
27,20450,1093.545918785493
27,20500,1093.545918785493
27,20550,1093.545918785493
27,20600,1093.545918785493
27,20650,1093.545918785493
27,20700,1093.545918785493
27,20750,1093.545918785493
27,20800,1093.545918785493
27,20850,1093.545918785493
27,20900,1093.545918785493
27,20950,1093.545918785493
27,21000,1093.545918785493
27,21050,1093.545918785493
27,21100,1093.545918785493
27,21150,1093.545918785493
27,21200,1093.545918785493
27,21250,1093.545918785493
27,21300,1093.545918785493
27,21350,1093.545918785493
27,21400,1093.545918785493
27,21450,1093.545918785493
27,21500,1093.545918785493
27,21550,1093.545918785493
27,21600,1093.545918785493
27,21650,1093.545918785493
27,21700,1093.545918785493
27,21750,1093.545918785493
27,21800,1093.545918785493
27,21850,1093.545918785493
27,21900,1093.545918785493
27,21950,1093.545918785493
27,22000,1093.545918785493
27,22050,1093.545918785493
27,22100,1093.545918785493
27,22150,1093.545918785493
27,22200,1093.545918785493
27,22250,1093.545918785493
27,22300,1093.545918785493
27,22350,1093.545918785493
27,22400,1093.545918785493
27,22450,1093.545918785493
27,22500,1093.545918785493
27,22550,1093.545918785493
27,22600,1093.545918785493
27,22650,1093.545918785493
27,22700,1093.545918785493
27,22750,1093.545918785493
27,22800,1093.545918785493
27,22850,1093.545918785493
27,22900,1093.545918785493
27,22950,1093.545918785493
27,23000,1093.545918785493
27,23050,1093.545918785493
27,23100,1093.545918785493
27,23150,1093.545918785493
27,23200,1093.545918785493
27,23250,1093.545918785493
27,23300,1093.545918785493
27,23350,1093.545918785493
27,23400,1093.545918785493
27,23450,1093.545918785493
27,23500,1093.545918785493
27,23550,1093.545918785493
27,23600,1093.545918785493
27,23650,1093.545918785493
27,23700,1093.545918785493
27,23750,1093.545918785493
27,23800,1093.545918785493
27,23850,1093.545918785493
27,23900,1093.545918785493
27,23950,1093.545918785493
27,24000,1093.545918785493
27,24050,1093.545918785493
27,24100,1093.545918785493
27,24150,1093.545918785493
27,24200,1093.545918785493
27,24250,1093.545918785493
27,24300,1093.545918785493
27,24350,1093.545918785493
27,24400,1093.545918785493
27,24450,1093.545918785493
27,24500,1093.545918785493
27,24550,1093.545918785493
27,24600,1093.545918785493
27,24650,1093.545918785493
27,24700,1093.545918785493
27,24750,1093.545918785493
27,24800,1093.545918785493
27,24850,1093.545918785493
27,24900,1093.545918785493
27,24950,1093.545918785493
27,25000,1093.545918785493
27,25050,1093.545918785493
27,25100,1093.545918785493
27,25150,1093.545918785493
27,25200,1093.545918785493
27,25250,1093.545918785493
27,25300,1093.545918785493
27,25350,1093.545918785493
27,25400,1093.545918785493
27,25450,1093.545918785493
27,25500,1093.545918785493
27,25550,1093.545918785493
27,25600,1093.545918785493
27,25650,1093.545918785493
27,25700,1093.545918785493
27,25750,1093.545918785493
27,25800,1093.545918785493
27,25850,1093.545918785493
27,25900,1093.545918785493
27,25950,1093.545918785493
27,26000,1093.545918785493
27,26050,1093.545918785493
27,26100,1093.545918785493
27,26150,1093.545918785493
27,26200,1093.545918785493
27,26250,1093.545918785493
27,26300,1093.545918785493
27,26350,1093.545918785493
27,26400,1093.545918785493
27,26450,1093.545918785493
27,26500,1093.545918785493
27,26550,1093.545918785493
27,26600,1093.545918785493
27,26650,1093.545918785493
27,26700,1093.545918785493
27,26750,1093.545918785493
27,26800,1093.545918785493
27,26850,1093.545918785493
27,26900,1093.545918785493
27,26950,1093.545918785493
27,27000,1093.545918785493
27,27050,1093.545918785493
27,27100,1093.545918785493
27,27150,1093.545918785493
27,27200,1093.545918785493
27,27250,1093.545918785493
27,27300,1093.545918785493
27,27350,1093.545918785493
27,27400,1093.545918785493
27,27450,1093.545918785493
27,27500,1093.545918785493
27,27550,1093.545918785493
27,27600,1093.545918785493
27,27650,1093.545918785493
27,27700,1093.545918785493
27,27750,1093.545918785493
27,27800,1093.545918785493
27,27850,1093.545918785493
27,27900,1093.545918785493
27,27950,1093.545918785493
27,28000,1093.545918785493
27,28050,1093.545918785493
27,28100,1093.545918785493
27,28150,1093.545918785493
27,28200,1093.545918785493
27,28250,1093.545918785493
27,28300,1093.545918785493
27,28350,1093.545918785493
27,28400,1093.545918785493
27,28450,1093.545918785493
27,28500,1093.545918785493
27,28550,1093.545918785493
27,28600,1093.545918785493
27,28650,1093.545918785493
27,28700,1093.545918785493
27,28750,1093.545918785493
27,28800,1093.545918785493
27,28850,1093.545918785493
27,28900,1093.545918785493
27,28950,1093.545918785493
27,29000,1093.545918785493
27,29050,1093.545918785493
27,29100,1093.545918785493
27,29150,1093.545918785493
27,29200,1093.545918785493
27,29250,1093.545918785493
27,29300,1093.545918785493
27,29350,1093.545918785493
27,29400,1093.545918785493
27,29450,1093.545918785493
27,29500,1093.545918785493
27,29550,1093.545918785493
27,29600,1093.545918785493
27,29650,1093.545918785493
27,29700,1093.545918785493
27,29750,1093.545918785493
27,29800,1093.545918785493
27,29850,1093.545918785493
27,29900,1093.545918785493
27,29950,1093.545918785493
27,30000,1093.545918785493
27,30050,1093.545918785493
27,30100,1093.545918785493
27,30150,1093.545918785493
27,30200,1093.545918785493
27,30250,1093.545918785493
27,30300,1093.545918785493
27,30350,1093.545918785493
27,30400,1093.545918785493
27,30450,1093.545918785493
27,30500,1093.545918785493
27,30550,1093.545918785493
27,30600,1093.545918785493
27,30650,1093.545918785493
27,30700,1093.545918785493
27,30750,1093.545918785493
27,30800,1093.545918785493
27,30850,1093.545918785493
27,30900,1093.545918785493
27,30950,1093.545918785493
27,31000,1093.545918785493
27,31050,1093.545918785493
27,31100,1093.545918785493
27,31150,1093.545918785493
27,31200,1093.545918785493
27,31250,1093.545918785493
27,31300,1093.545918785493
27,31350,1093.545918785493
27,31400,1093.545918785493
27,31450,1093.545918785493
27,31500,1093.545918785493
27,31550,1093.545918785493
27,31600,1093.545918785493
27,31650,1093.545918785493
27,31700,1093.545918785493
27,31750,1093.545918785493
27,31800,1093.545918785493
27,31850,1093.545918785493
27,31900,1093.545918785493
27,31950,1093.545918785493
27,32000,1093.545918785493
27,32050,1093.545918785493
27,32100,1093.545918785493
27,32150,1093.545918785493
27,32200,1093.545918785493
27,32250,1093.545918785493
27,32300,1093.545918785493
27,32350,1093.545918785493
27,32400,1093.545918785493
27,32450,1093.545918785493
27,32500,1093.545918785493
27,32550,1093.545918785493
27,32600,1093.545918785493
27,32650,1093.545918785493
27,32700,1093.545918785493
27,32750,1093.545918785493
27,32800,1093.545918785493
27,32850,1093.545918785493
27,32900,1093.545918785493
27,32950,1093.545918785493
27,33000,1093.545918785493
27,33050,1093.545918785493
27,33100,1093.545918785493
27,33150,1093.545918785493
27,33200,1093.545918785493
27,33250,1093.545918785493
27,33300,1093.545918785493
27,33350,1093.545918785493
27,33400,1093.545918785493
27,33450,1093.545918785493
27,33500,1093.545918785493
27,33550,1093.545918785493
27,33600,1093.545918785493
27,33650,1093.545918785493
27,33700,1093.545918785493
27,33750,1093.545918785493
27,33800,1093.545918785493
27,33850,1093.545918785493
27,33900,1093.545918785493
27,33950,1093.545918785493
27,34000,1093.545918785493
27,34050,1093.545918785493
27,34100,1093.545918785493
27,34150,1093.545918785493
27,34200,1093.545918785493
27,34250,1093.545918785493
27,34300,1093.545918785493
27,34350,1093.545918785493
27,34400,1093.545918785493
27,34450,1093.545918785493
27,34500,1093.545918785493
27,34550,1093.545918785493
27,34600,1093.545918785493
27,34650,1093.545918785493
27,34700,1093.545918785493
27,34750,1093.545918785493
27,34800,1093.545918785493
27,34850,1093.545918785493
27,34900,1093.545918785493
27,34950,1093.545918785493
27,35000,1093.545918785493
27,35050,1093.545918785493
27,35100,1093.545918785493
27,35150,1093.545918785493
27,35200,1093.545918785493
27,35250,1093.545918785493
27,35300,1093.545918785493
27,35350,1093.545918785493
27,35400,1093.545918785493
27,35450,1093.545918785493
27,35500,1093.545918785493
27,35550,1093.545918785493
27,35600,1093.545918785493
27,35650,1093.545918785493
27,35700,1093.545918785493
27,35750,1093.545918785493
27,35800,1093.545918785493
27,35850,1093.545918785493
27,35900,1093.545918785493
27,35950,1093.545918785493
27,36000,1093.545918785493
27,36050,1093.545918785493
27,36100,1093.545918785493
27,36150,1093.545918785493
27,36200,1093.545918785493
27,36250,1093.545918785493
27,36300,1093.545918785493
27,36350,1093.545918785493
27,36400,1093.545918785493
27,36450,1093.545918785493
27,36500,1093.545918785493
27,36550,1093.545918785493
27,36600,1093.545918785493
27,36650,1093.545918785493
27,36700,1093.545918785493
27,36750,1093.545918785493
27,36800,1093.545918785493
27,36850,1093.545918785493
27,36900,1093.545918785493
27,36950,1093.545918785493
27,37000,1093.545918785493
27,37050,1093.545918785493
27,37100,1093.545918785493
27,37150,1093.545918785493
27,37200,1093.545918785493
27,37250,1093.545918785493
27,37300,1093.545918785493
27,37350,1093.545918785493
27,37400,1093.545918785493
27,37450,1093.545918785493
27,37500,1093.545918785493
27,37550,1093.545918785493
27,37600,1093.545918785493
27,37650,1093.545918785493
27,37700,1093.545918785493
27,37750,1093.545918785493
27,37800,1093.545918785493
27,37850,1093.545918785493
27,37900,1093.545918785493
27,37950,1093.545918785493
27,38000,1093.545918785493
27,38050,1093.545918785493
27,38100,1093.545918785493
27,38150,1093.545918785493
27,38200,1093.545918785493
27,38250,1093.545918785493
27,38300,1093.545918785493
27,38350,1093.545918785493
27,38400,1093.545918785493
27,38450,1093.545918785493
27,38500,1093.545918785493
27,38550,1093.545918785493
27,38600,1093.545918785493
27,38650,1093.545918785493
27,38700,1093.545918785493
27,38750,1093.545918785493
27,38800,1093.545918785493
27,38850,1093.545918785493
27,38900,1093.545918785493
27,38950,1093.545918785493
27,39000,1093.545918785493
27,39050,1093.545918785493
27,39100,1093.545918785493
27,39150,1093.545918785493
27,39200,1093.545918785493
27,39250,1093.545918785493
27,39300,1093.545918785493
27,39350,1093.545918785493
27,39400,1093.545918785493
27,39450,1093.545918785493
27,39500,1093.545918785493
27,39550,1093.545918785493
27,39600,1093.545918785493
27,39650,1093.545918785493
27,39700,1093.545918785493
27,39750,1093.545918785493
27,39800,1093.545918785493
27,39850,1093.545918785493
27,39900,1093.545918785493
27,39950,1093.545918785493
27,40000,1093.545918785493
27,40050,1093.545918785493
27,40100,1093.545918785493
27,40150,1093.545918785493
27,40200,1093.545918785493
27,40250,1093.545918785493
27,40300,1093.545918785493
27,40350,1093.545918785493
27,40400,1093.545918785493
27,40450,1093.545918785493
27,40500,1093.545918785493
27,40550,1093.545918785493
27,40600,1093.545918785493
27,40650,1093.545918785493
27,40700,1093.545918785493
27,40750,1093.545918785493
27,40800,1093.545918785493
27,40850,1093.545918785493
27,40900,1093.545918785493
27,40950,1093.545918785493
27,41000,1093.545918785493
27,41050,1093.545918785493
27,41100,1093.545918785493
27,41150,1093.545918785493
27,41200,1093.545918785493
27,41250,1093.545918785493
27,41300,1093.545918785493
27,41350,1093.545918785493
27,41400,1093.545918785493
27,41450,1093.545918785493
27,41500,1093.545918785493
27,41550,1093.545918785493
27,41600,1093.545918785493
27,41650,1093.545918785493
27,41700,1093.545918785493
27,41750,1093.545918785493
27,41800,1093.545918785493
27,41850,1093.545918785493
27,41900,1093.545918785493
27,41950,1093.545918785493
27,42000,1093.545918785493
27,42050,1093.545918785493
27,42100,1093.545918785493
27,42150,1093.545918785493
27,42200,1093.545918785493
27,42250,1093.545918785493
27,42300,1093.545918785493
27,42350,1093.545918785493
27,42400,1093.545918785493
27,42450,1093.545918785493
27,42500,1093.545918785493
27,42550,1093.545918785493
27,42600,1093.545918785493
27,42650,1093.545918785493
27,42700,1093.545918785493
27,42750,1093.545918785493
27,42800,1093.545918785493
27,42850,1093.545918785493
27,42900,1093.545918785493
27,42950,1093.545918785493
27,43000,1093.545918785493
27,43050,1093.545918785493
27,43100,1093.545918785493
27,43150,1093.545918785493
27,43200,1093.545918785493
27,43250,1093.545918785493
27,43300,1093.545918785493
27,43350,1093.545918785493
27,43400,1093.545918785493
27,43450,1093.545918785493
27,43500,1093.545918785493
27,43550,1093.545918785493
27,43600,1093.545918785493
27,43650,1093.545918785493
27,43700,1093.545918785493
27,43750,1093.545918785493
27,43800,1093.545918785493
27,43850,1093.545918785493
27,43900,1093.545918785493
27,43950,1093.545918785493
27,44000,1093.545918785493
27,44050,1093.545918785493
27,44100,1093.545918785493
27,44150,1093.545918785493
27,44200,1093.545918785493
27,44250,1093.545918785493
27,44300,1093.545918785493
27,44350,1093.545918785493
27,44400,1093.545918785493
27,44450,1093.545918785493
27,44500,1093.545918785493
27,44550,1093.545918785493
27,44600,1093.545918785493
27,44650,1093.545918785493
27,44700,1093.545918785493
27,44750,1093.545918785493
27,44800,1093.545918785493
27,44850,1093.545918785493
27,44900,1093.545918785493
27,44950,1093.545918785493
27,45000,1093.545918785493
27,45050,1093.545918785493
27,45100,1093.545918785493
27,45150,1093.545918785493
27,45200,1093.545918785493
27,45250,1093.545918785493
27,45300,1093.545918785493
27,45350,1093.545918785493
27,45400,1093.545918785493
27,45450,1093.545918785493
27,45500,1093.545918785493
27,45550,1093.545918785493
27,45600,1093.545918785493
27,45650,1093.545918785493
27,45700,1093.545918785493
27,45750,1093.545918785493
27,45800,1093.545918785493
27,45850,1093.545918785493
27,45900,1093.545918785493
27,45950,1093.545918785493
27,46000,1093.545918785493
27,46050,1093.545918785493
27,46100,1093.545918785493
27,46150,1093.545918785493
27,46200,1093.545918785493
27,46250,1093.545918785493
27,46300,1093.545918785493
27,46350,1093.545918785493
27,46400,1093.545918785493
27,46450,1093.545918785493
27,46500,1093.545918785493
27,46550,1093.545918785493
27,46600,1093.545918785493
27,46650,1093.545918785493
27,46700,1093.545918785493
27,46750,1093.545918785493
27,46800,1093.545918785493
27,46850,1093.545918785493
27,46900,1093.545918785493
27,46950,1093.545918785493
27,47000,1093.545918785493
27,47050,1093.545918785493
27,47100,1093.545918785493
27,47150,1093.545918785493
27,47200,1093.545918785493
27,47250,1093.545918785493
27,47300,1093.545918785493
27,47350,1093.545918785493
27,47400,1093.545918785493
27,47450,1093.545918785493
27,47500,1093.545918785493
27,47550,1093.545918785493
27,47600,1093.545918785493
27,47650,1093.545918785493
27,47700,1093.545918785493
27,47750,1093.545918785493
27,47800,1093.545918785493
27,47850,1093.545918785493
27,47900,1093.545918785493
27,47950,1093.545918785493
27,48000,1093.545918785493
27,48050,1093.545918785493
27,48100,1093.545918785493
27,48150,1093.545918785493
27,48200,1093.545918785493
27,48250,1093.545918785493
27,48300,1093.545918785493
27,48350,1093.545918785493
27,48400,1093.545918785493
27,48450,1093.545918785493
27,48500,1093.545918785493
27,48550,1093.545918785493
27,48600,1093.545918785493
27,48650,1093.545918785493
27,48700,1093.545918785493
27,48750,1093.545918785493
27,48800,1093.545918785493
27,48850,1093.545918785493
27,48900,1093.545918785493
27,48950,1093.545918785493
27,49000,1093.545918785493
27,49050,1093.545918785493
27,49100,1093.545918785493
27,49150,1093.545918785493
27,49200,1093.545918785493
27,49250,1093.545918785493
27,49300,1093.545918785493
27,49350,1093.545918785493
27,49400,1093.545918785493
27,49450,1093.545918785493
27,49500,1093.545918785493
27,49550,1093.545918785493
27,49600,1093.545918785493
27,49650,1093.545918785493
27,49700,1093.545918785493
27,49750,1093.545918785493
27,49800,1093.545918785493
27,49850,1093.545918785493
27,49900,1093.545918785493
27,49950,1093.545918785493
27,50000,1093.545918785493
28,50,1423.8951060749441
28,100,1423.8951060749441
28,150,1402.612025370894
28,200,1358.1153366454369
28,250,1358.1153366454369
28,300,1358.1153366454369
28,350,1358.1153366454369
28,400,1358.1153366454369
28,450,1358.1153366454369
28,500,1308.1194088556292
28,550,1268.2395673951958
28,600,1268.2395673951958
28,650,1268.2395673951958
28,700,1268.2395673951958
28,750,1268.2395673951958
28,800,1256.0604332061964
28,850,1256.0604332061964
28,900,1197.298281380535
28,950,1197.298281380535
28,1000,1197.298281380535
28,1050,1139.1803596610325
28,1100,1139.1803596610325
28,1150,1139.1803596610325
28,1200,1139.1803596610325
28,1250,1139.1803596610325
28,1300,1139.1803596610325
28,1350,1139.1803596610325
28,1400,1139.1803596610325
28,1450,1139.1803596610325
28,1500,1132.4345894198386
28,1550,1132.4345894198386
28,1600,1132.4345894198386
28,1650,1132.4345894198386
28,1700,1132.4345894198386
28,1750,1132.4345894198386
28,1800,1132.4345894198386
28,1850,1132.4345894198386
28,1900,1132.4345894198386
28,1950,1132.4345894198386
28,2000,1132.4345894198386
28,2050,1132.4345894198386
28,2100,1132.4345894198386
28,2150,1132.4345894198386
28,2200,1132.4345894198386
28,2250,1132.4345894198386
28,2300,1132.4345894198386
28,2350,1132.4345894198386
28,2400,1132.4345894198386
28,2450,1132.4345894198386
28,2500,1132.4345894198386
28,2550,1132.4345894198386
28,2600,1132.4345894198386
28,2650,1132.4345894198386
28,2700,1104.8033683734193
28,2750,1104.8033683734193
28,2800,1104.8033683734193
28,2850,1104.8033683734193
28,2900,1104.8033683734193
28,2950,1104.8033683734193
28,3000,1104.8033683734193
28,3050,1104.8033683734193
28,3100,1104.8033683734193
28,3150,1104.8033683734193
28,3200,1104.8033683734193
28,3250,1104.8033683734193
28,3300,1104.8033683734193
28,3350,1104.8033683734193
28,3400,1104.8033683734193
28,3450,1104.8033683734193
28,3500,1104.8033683734193
28,3550,1104.8033683734193
28,3600,1104.8033683734193
28,3650,1104.8033683734193
28,3700,1104.8033683734193
28,3750,1104.8033683734193
28,3800,1104.8033683734193
28,3850,1104.8033683734193
28,3900,1104.8033683734193
28,3950,1104.8033683734193
28,4000,1104.8033683734193
28,4050,1104.8033683734193
28,4100,1104.8033683734193
28,4150,1104.8033683734193
28,4200,1104.8033683734193
28,4250,1104.8033683734193
28,4300,1104.8033683734193
28,4350,1104.8033683734193
28,4400,1104.8033683734193
28,4450,1104.8033683734193
28,4500,1104.8033683734193
28,4550,1104.8033683734193
28,4600,1104.8033683734193
28,4650,1104.8033683734193
28,4700,1104.8033683734193
28,4750,1104.8033683734193
28,4800,1104.8033683734193
28,4850,1104.8033683734193
28,4900,1104.8033683734193
28,4950,1104.8033683734193
28,5000,1104.8033683734193
28,5050,1104.8033683734193
28,5100,1104.8033683734193
28,5150,1104.8033683734193
28,5200,1104.8033683734193
28,5250,1104.8033683734193
28,5300,1104.8033683734193
28,5350,1104.8033683734193
28,5400,1104.8033683734193
28,5450,1104.8033683734193
28,5500,1104.8033683734193
28,5550,1104.8033683734193
28,5600,1104.8033683734193
28,5650,1104.8033683734193
28,5700,1104.8033683734193
28,5750,1104.8033683734193
28,5800,1104.8033683734193
28,5850,1104.8033683734193
28,5900,1104.8033683734193
28,5950,1104.8033683734193
28,6000,1104.8033683734193
28,6050,1104.8033683734193
28,6100,1104.8033683734193
28,6150,1104.8033683734193
28,6200,1104.8033683734193
28,6250,1104.8033683734193
28,6300,1104.8033683734193
28,6350,1104.8033683734193
28,6400,1104.8033683734193
28,6450,1104.8033683734193
28,6500,1104.8033683734193
28,6550,1104.8033683734193
28,6600,1104.8033683734193
28,6650,1104.8033683734193
28,6700,1104.8033683734193
28,6750,1104.8033683734193
28,6800,1104.8033683734193
28,6850,1104.8033683734193
28,6900,1104.8033683734193
28,6950,1104.8033683734193
28,7000,1104.8033683734193
28,7050,1104.8033683734193
28,7100,1104.8033683734193
28,7150,1104.8033683734193
28,7200,1104.8033683734193
28,7250,1104.8033683734193
28,7300,1104.8033683734193
28,7350,1104.8033683734193
28,7400,1104.8033683734193
28,7450,1104.8033683734193
28,7500,1104.8033683734193
28,7550,1104.8033683734193
28,7600,1104.8033683734193
28,7650,1104.8033683734193
28,7700,1104.8033683734193
28,7750,1104.8033683734193
28,7800,1104.8033683734193
28,7850,1104.8033683734193
28,7900,1104.8033683734193
28,7950,1104.8033683734193
28,8000,1104.8033683734193
28,8050,1104.8033683734193
28,8100,1104.8033683734193
28,8150,1104.8033683734193
28,8200,1104.8033683734193
28,8250,1104.8033683734193
28,8300,1104.8033683734193
28,8350,1104.8033683734193
28,8400,1104.8033683734193
28,8450,1104.8033683734193
28,8500,1104.8033683734193
28,8550,1104.8033683734193
28,8600,1104.8033683734193
28,8650,1104.8033683734193
28,8700,1104.8033683734193
28,8750,1104.8033683734193
28,8800,1104.8033683734193
28,8850,1104.8033683734193
28,8900,1104.8033683734193
28,8950,1104.8033683734193
28,9000,1104.8033683734193
28,9050,1104.8033683734193
28,9100,1104.8033683734193
28,9150,1104.8033683734193
28,9200,1104.8033683734193
28,9250,1104.8033683734193
28,9300,1104.8033683734193
28,9350,1104.8033683734193
28,9400,1104.8033683734193
28,9450,1104.8033683734193
28,9500,1104.8033683734193
28,9550,1104.8033683734193
28,9600,1104.8033683734193
28,9650,1104.8033683734193
28,9700,1104.8033683734193
28,9750,1104.8033683734193
28,9800,1104.8033683734193
28,9850,1104.8033683734193
28,9900,1104.8033683734193
28,9950,1104.8033683734193
28,10000,1104.8033683734193
28,10050,1104.8033683734193
28,10100,1104.8033683734193
28,10150,1104.8033683734193
28,10200,1104.8033683734193
28,10250,1104.8033683734193
28,10300,1104.8033683734193
28,10350,1104.8033683734193
28,10400,1104.8033683734193
28,10450,1104.8033683734193
28,10500,1104.8033683734193
28,10550,1104.8033683734193
28,10600,1104.8033683734193
28,10650,1104.8033683734193
28,10700,1104.8033683734193
28,10750,1104.8033683734193
28,10800,1104.8033683734193
28,10850,1104.8033683734193
28,10900,1104.8033683734193
28,10950,1104.8033683734193
28,11000,1104.8033683734193
28,11050,1104.8033683734193
28,11100,1104.8033683734193
28,11150,1104.8033683734193
28,11200,1104.8033683734193
28,11250,1104.8033683734193
28,11300,1104.8033683734193
28,11350,1104.8033683734193
28,11400,1104.8033683734193
28,11450,1104.8033683734193
28,11500,1104.8033683734193
28,11550,1104.8033683734193
28,11600,1104.8033683734193
28,11650,1104.8033683734193
28,11700,1104.8033683734193
28,11750,1104.8033683734193
28,11800,1104.8033683734193
28,11850,1104.8033683734193
28,11900,1104.8033683734193
28,11950,1104.8033683734193
28,12000,1104.8033683734193
28,12050,1104.8033683734193
28,12100,1104.8033683734193
28,12150,1104.8033683734193
28,12200,1104.8033683734193
28,12250,1104.8033683734193
28,12300,1104.8033683734193
28,12350,1104.8033683734193
28,12400,1104.8033683734193
28,12450,1104.8033683734193
28,12500,1104.8033683734193
28,12550,1104.8033683734193
28,12600,1104.8033683734193
28,12650,1104.8033683734193
28,12700,1104.8033683734193
28,12750,1104.8033683734193
28,12800,1104.8033683734193
28,12850,1104.8033683734193
28,12900,1104.8033683734193
28,12950,1104.8033683734193
28,13000,1104.8033683734193
28,13050,1104.8033683734193
28,13100,1104.8033683734193
28,13150,1104.8033683734193
28,13200,1104.8033683734193
28,13250,1104.8033683734193
28,13300,1104.8033683734193
28,13350,1104.8033683734193
28,13400,1104.8033683734193
28,13450,1104.8033683734193
28,13500,1104.8033683734193
28,13550,1104.8033683734193
28,13600,1104.8033683734193
28,13650,1104.8033683734193
28,13700,1104.8033683734193
28,13750,1104.8033683734193
28,13800,1104.8033683734193
28,13850,1104.8033683734193
28,13900,1104.8033683734193
28,13950,1104.8033683734193
28,14000,1104.8033683734193
28,14050,1104.8033683734193
28,14100,1104.8033683734193
28,14150,1104.8033683734193
28,14200,1104.8033683734193
28,14250,1104.8033683734193
28,14300,1104.8033683734193
28,14350,1104.8033683734193
28,14400,1104.8033683734193
28,14450,1104.8033683734193
28,14500,1104.8033683734193
28,14550,1104.8033683734193
28,14600,1104.8033683734193
28,14650,1104.8033683734193
28,14700,1104.8033683734193
28,14750,1104.8033683734193
28,14800,1104.8033683734193
28,14850,1104.8033683734193
28,14900,1104.8033683734193
28,14950,1104.8033683734193
28,15000,1104.8033683734193
28,15050,1104.8033683734193
28,15100,1104.8033683734193
28,15150,1104.8033683734193
28,15200,1104.8033683734193
28,15250,1104.8033683734193
28,15300,1104.8033683734193
28,15350,1104.8033683734193
28,15400,1104.8033683734193
28,15450,1104.8033683734193
28,15500,1104.8033683734193
28,15550,1104.8033683734193
28,15600,1104.8033683734193
28,15650,1104.8033683734193
28,15700,1104.8033683734193
28,15750,1104.8033683734193
28,15800,1104.8033683734193
28,15850,1104.8033683734193
28,15900,1104.8033683734193
28,15950,1104.8033683734193
28,16000,1104.8033683734193
28,16050,1104.8033683734193
28,16100,1104.8033683734193
28,16150,1104.8033683734193
28,16200,1104.8033683734193
28,16250,1104.8033683734193
28,16300,1104.8033683734193
28,16350,1104.8033683734193
28,16400,1104.8033683734193
28,16450,1104.8033683734193
28,16500,1104.8033683734193
28,16550,1104.8033683734193
28,16600,1104.8033683734193
28,16650,1104.8033683734193
28,16700,1104.8033683734193
28,16750,1104.8033683734193
28,16800,1104.8033683734193
28,16850,1104.8033683734193
28,16900,1104.8033683734193
28,16950,1104.8033683734193
28,17000,1104.8033683734193
28,17050,1104.8033683734193
28,17100,1104.8033683734193
28,17150,1104.8033683734193
28,17200,1104.8033683734193
28,17250,1104.8033683734193
28,17300,1104.8033683734193
28,17350,1104.8033683734193
28,17400,1104.8033683734193
28,17450,1104.8033683734193
28,17500,1104.8033683734193
28,17550,1104.8033683734193
28,17600,1104.8033683734193
28,17650,1104.8033683734193
28,17700,1104.8033683734193
28,17750,1104.8033683734193
28,17800,1104.8033683734193
28,17850,1104.8033683734193
28,17900,1104.8033683734193
28,17950,1104.8033683734193
28,18000,1104.8033683734193
28,18050,1104.8033683734193
28,18100,1104.8033683734193
28,18150,1104.8033683734193
28,18200,1104.8033683734193
28,18250,1104.8033683734193
28,18300,1104.8033683734193
28,18350,1104.8033683734193
28,18400,1104.8033683734193
28,18450,1104.8033683734193
28,18500,1104.8033683734193
28,18550,1104.8033683734193
28,18600,1104.8033683734193
28,18650,1104.8033683734193
28,18700,1104.8033683734193
28,18750,1104.8033683734193
28,18800,1104.8033683734193
28,18850,1104.8033683734193
28,18900,1104.8033683734193
28,18950,1104.8033683734193
28,19000,1104.8033683734193
28,19050,1104.8033683734193
28,19100,1104.8033683734193
28,19150,1104.8033683734193
28,19200,1104.8033683734193
28,19250,1104.8033683734193
28,19300,1104.8033683734193
28,19350,1104.8033683734193
28,19400,1104.8033683734193
28,19450,1104.8033683734193
28,19500,1104.8033683734193
28,19550,1104.8033683734193
28,19600,1104.8033683734193
28,19650,1104.8033683734193
28,19700,1104.8033683734193
28,19750,1104.8033683734193
28,19800,1104.8033683734193
28,19850,1104.8033683734193
28,19900,1104.8033683734193
28,19950,1104.8033683734193
28,20000,1104.8033683734193
28,20050,1104.8033683734193
28,20100,1104.8033683734193
28,20150,1104.8033683734193
28,20200,1104.8033683734193
28,20250,1104.8033683734193
28,20300,1104.8033683734193
28,20350,1104.8033683734193
28,20400,1104.8033683734193
28,20450,1104.8033683734193
28,20500,1104.8033683734193
28,20550,1104.8033683734193
28,20600,1104.8033683734193
28,20650,1104.8033683734193
28,20700,1104.8033683734193
28,20750,1104.8033683734193
28,20800,1104.8033683734193
28,20850,1104.8033683734193
28,20900,1104.8033683734193
28,20950,1104.8033683734193
28,21000,1104.8033683734193
28,21050,1104.8033683734193
28,21100,1104.8033683734193
28,21150,1104.8033683734193
28,21200,1104.8033683734193
28,21250,1104.8033683734193
28,21300,1104.8033683734193
28,21350,1104.8033683734193
28,21400,1104.8033683734193
28,21450,1104.8033683734193
28,21500,1104.8033683734193
28,21550,1104.8033683734193
28,21600,1104.8033683734193
28,21650,1104.8033683734193
28,21700,1104.8033683734193
28,21750,1104.8033683734193
28,21800,1104.8033683734193
28,21850,1104.8033683734193
28,21900,1104.8033683734193
28,21950,1104.8033683734193
28,22000,1104.8033683734193
28,22050,1104.8033683734193
28,22100,1104.8033683734193
28,22150,1104.8033683734193
28,22200,1104.8033683734193
28,22250,1104.8033683734193
28,22300,1104.8033683734193
28,22350,1104.8033683734193
28,22400,1104.8033683734193
28,22450,1104.8033683734193
28,22500,1104.8033683734193
28,22550,1104.8033683734193
28,22600,1104.8033683734193
28,22650,1104.8033683734193
28,22700,1104.8033683734193
28,22750,1104.8033683734193
28,22800,1104.8033683734193
28,22850,1104.8033683734193
28,22900,1104.8033683734193
28,22950,1104.8033683734193
28,23000,1104.8033683734193
28,23050,1104.8033683734193
28,23100,1104.8033683734193
28,23150,1104.8033683734193
28,23200,1104.8033683734193
28,23250,1104.8033683734193
28,23300,1104.8033683734193
28,23350,1104.8033683734193
28,23400,1104.8033683734193
28,23450,1104.8033683734193
28,23500,1104.8033683734193
28,23550,1104.8033683734193
28,23600,1104.8033683734193
28,23650,1104.8033683734193
28,23700,1104.8033683734193
28,23750,1104.8033683734193
28,23800,1104.8033683734193
28,23850,1104.8033683734193
28,23900,1104.8033683734193
28,23950,1104.8033683734193
28,24000,1104.8033683734193
28,24050,1104.8033683734193
28,24100,1104.8033683734193
28,24150,1104.8033683734193
28,24200,1104.8033683734193
28,24250,1104.8033683734193
28,24300,1104.8033683734193
28,24350,1104.8033683734193
28,24400,1104.8033683734193
28,24450,1104.8033683734193
28,24500,1104.8033683734193
28,24550,1104.8033683734193
28,24600,1104.8033683734193
28,24650,1104.8033683734193
28,24700,1097.4845299242556
28,24750,1097.4845299242556
28,24800,1097.4845299242556
28,24850,1097.4845299242556
28,24900,1097.4845299242556
28,24950,1097.4845299242556
28,25000,1097.4845299242556
28,25050,1097.4845299242556
28,25100,1097.4845299242556
28,25150,1097.4845299242556
28,25200,1097.4845299242556
28,25250,1097.4845299242556
28,25300,1097.4845299242556
28,25350,1097.4845299242556
28,25400,1097.4845299242556
28,25450,1097.4845299242556
28,25500,1097.4845299242556
28,25550,1097.4845299242556
28,25600,1097.4845299242556
28,25650,1097.4845299242556
28,25700,1097.4845299242556
28,25750,1097.4845299242556
28,25800,1097.4845299242556
28,25850,1097.4845299242556
28,25900,1097.4845299242556
28,25950,1097.4845299242556
28,26000,1097.4845299242556
28,26050,1097.4845299242556
28,26100,1097.4845299242556
28,26150,1097.4845299242556
28,26200,1097.4845299242556
28,26250,1097.4845299242556
28,26300,1097.4845299242556
28,26350,1097.4845299242556
28,26400,1097.4845299242556
28,26450,1097.4845299242556
28,26500,1097.4845299242556
28,26550,1097.4845299242556
28,26600,1097.4845299242556
28,26650,1097.4845299242556
28,26700,1097.4845299242556
28,26750,1097.4845299242556
28,26800,1097.4845299242556
28,26850,1097.4845299242556
28,26900,1097.4845299242556
28,26950,1097.4845299242556
28,27000,1097.4845299242556
28,27050,1097.4845299242556
28,27100,1097.4845299242556
28,27150,1097.4845299242556
28,27200,1097.4845299242556
28,27250,1097.4845299242556
28,27300,1097.4845299242556
28,27350,1097.4845299242556
28,27400,1097.4845299242556
28,27450,1097.4845299242556
28,27500,1097.4845299242556
28,27550,1097.4845299242556
28,27600,1097.4845299242556
28,27650,1097.4845299242556
28,27700,1097.4845299242556
28,27750,1097.4845299242556
28,27800,1097.4845299242556
28,27850,1097.4845299242556
28,27900,1097.4845299242556
28,27950,1097.4845299242556
28,28000,1097.4845299242556
28,28050,1097.4845299242556
28,28100,1097.4845299242556
28,28150,1097.4845299242556
28,28200,1097.4845299242556
28,28250,1097.4845299242556
28,28300,1097.4845299242556
28,28350,1097.4845299242556
28,28400,1097.4845299242556
28,28450,1097.4845299242556
28,28500,1097.4845299242556
28,28550,1097.4845299242556
28,28600,1097.4845299242556
28,28650,1097.4845299242556
28,28700,1097.4845299242556
28,28750,1097.4845299242556
28,28800,1097.4845299242556
28,28850,1097.4845299242556
28,28900,1097.4845299242556
28,28950,1097.4845299242556
28,29000,1097.4845299242556
28,29050,1097.4845299242556
28,29100,1097.4845299242556
28,29150,1097.4845299242556
28,29200,1097.4845299242556
28,29250,1097.4845299242556
28,29300,1097.4845299242556
28,29350,1097.4845299242556
28,29400,1097.4845299242556
28,29450,1097.4845299242556
28,29500,1097.4845299242556
28,29550,1097.4845299242556
28,29600,1097.4845299242556
28,29650,1097.4845299242556
28,29700,1097.4845299242556
28,29750,1097.4845299242556
28,29800,1097.4845299242556
28,29850,1097.4845299242556
28,29900,1097.4845299242556
28,29950,1097.4845299242556
28,30000,1097.4845299242556
28,30050,1097.4845299242556
28,30100,1097.4845299242556
28,30150,1097.4845299242556
28,30200,1097.4845299242556
28,30250,1097.4845299242556
28,30300,1097.4845299242556
28,30350,1097.4845299242556
28,30400,1097.4845299242556
28,30450,1097.4845299242556
28,30500,1097.4845299242556
28,30550,1097.4845299242556
28,30600,1097.4845299242556
28,30650,1097.4845299242556
28,30700,1097.4845299242556
28,30750,1097.4845299242556
28,30800,1097.4845299242556
28,30850,1097.4845299242556
28,30900,1097.4845299242556
28,30950,1097.4845299242556
28,31000,1097.4845299242556
28,31050,1097.4845299242556
28,31100,1097.4845299242556
28,31150,1097.4845299242556
28,31200,1097.4845299242556
28,31250,1097.4845299242556
28,31300,1097.4845299242556
28,31350,1097.4845299242556
28,31400,1097.4845299242556
28,31450,1097.4845299242556
28,31500,1097.4845299242556
28,31550,1097.4845299242556
28,31600,1097.4845299242556
28,31650,1097.4845299242556
28,31700,1097.4845299242556
28,31750,1097.4845299242556
28,31800,1097.4845299242556
28,31850,1097.4845299242556
28,31900,1097.4845299242556
28,31950,1097.4845299242556
28,32000,1097.4845299242556
28,32050,1097.4845299242556
28,32100,1097.4845299242556
28,32150,1097.4845299242556
28,32200,1097.4845299242556
28,32250,1097.4845299242556
28,32300,1097.4845299242556
28,32350,1097.4845299242556
28,32400,1097.4845299242556
28,32450,1097.4845299242556
28,32500,1097.4845299242556
28,32550,1097.4845299242556
28,32600,1097.4845299242556
28,32650,1097.4845299242556
28,32700,1097.4845299242556
28,32750,1097.4845299242556
28,32800,1097.4845299242556
28,32850,1097.4845299242556
28,32900,1097.4845299242556
28,32950,1097.4845299242556
28,33000,1097.4845299242556
28,33050,1097.4845299242556
28,33100,1097.4845299242556
28,33150,1097.4845299242556
28,33200,1097.4845299242556
28,33250,1097.4845299242556
28,33300,1097.4845299242556
28,33350,1097.4845299242556
28,33400,1097.4845299242556
28,33450,1097.4845299242556
28,33500,1097.4845299242556
28,33550,1097.4845299242556
28,33600,1097.4845299242556
28,33650,1097.4845299242556
28,33700,1097.4845299242556
28,33750,1097.4845299242556
28,33800,1097.4845299242556
28,33850,1097.4845299242556
28,33900,1097.4845299242556
28,33950,1097.4845299242556
28,34000,1097.4845299242556
28,34050,1097.4845299242556
28,34100,1097.4845299242556
28,34150,1097.4845299242556
28,34200,1097.4845299242556
28,34250,1097.4845299242556
28,34300,1097.4845299242556
28,34350,1097.4845299242556
28,34400,1097.4845299242556
28,34450,1097.4845299242556
28,34500,1097.4845299242556
28,34550,1097.4845299242556
28,34600,1097.4845299242556
28,34650,1097.4845299242556
28,34700,1097.4845299242556
28,34750,1097.4845299242556
28,34800,1097.4845299242556
28,34850,1097.4845299242556
28,34900,1097.4845299242556
28,34950,1097.4845299242556
28,35000,1097.4845299242556
28,35050,1097.4845299242556
28,35100,1097.4845299242556
28,35150,1097.4845299242556
28,35200,1097.4845299242556
28,35250,1097.4845299242556
28,35300,1097.4845299242556
28,35350,1097.4845299242556
28,35400,1097.4845299242556
28,35450,1097.4845299242556
28,35500,1097.4845299242556
28,35550,1097.4845299242556
28,35600,1097.4845299242556
28,35650,1097.4845299242556
28,35700,1097.4845299242556
28,35750,1097.4845299242556
28,35800,1097.4845299242556
28,35850,1097.4845299242556
28,35900,1097.4845299242556
28,35950,1097.4845299242556
28,36000,1097.4845299242556
28,36050,1097.4845299242556
28,36100,1097.4845299242556
28,36150,1097.4845299242556
28,36200,1097.4845299242556
28,36250,1097.4845299242556
28,36300,1097.4845299242556
28,36350,1097.4845299242556
28,36400,1097.4845299242556
28,36450,1097.4845299242556
28,36500,1097.4845299242556
28,36550,1097.4845299242556
28,36600,1097.4845299242556
28,36650,1097.4845299242556
28,36700,1097.4845299242556
28,36750,1097.4845299242556
28,36800,1097.4845299242556
28,36850,1097.4845299242556
28,36900,1097.4845299242556
28,36950,1097.4845299242556
28,37000,1097.4845299242556
28,37050,1097.4845299242556
28,37100,1097.4845299242556
28,37150,1097.4845299242556
28,37200,1097.4845299242556
28,37250,1097.4845299242556
28,37300,1097.4845299242556
28,37350,1097.4845299242556
28,37400,1097.4845299242556
28,37450,1097.4845299242556
28,37500,1097.4845299242556
28,37550,1097.4845299242556
28,37600,1097.4845299242556
28,37650,1097.4845299242556
28,37700,1097.4845299242556
28,37750,1097.4845299242556
28,37800,1097.4845299242556
28,37850,1097.4845299242556
28,37900,1097.4845299242556
28,37950,1097.4845299242556
28,38000,1097.4845299242556
28,38050,1097.4845299242556
28,38100,1097.4845299242556
28,38150,1097.4845299242556
28,38200,1097.4845299242556
28,38250,1097.4845299242556
28,38300,1097.4845299242556
28,38350,1097.4845299242556
28,38400,1097.4845299242556
28,38450,1097.4845299242556
28,38500,1097.4845299242556
28,38550,1097.4845299242556
28,38600,1097.4845299242556
28,38650,1097.4845299242556
28,38700,1097.4845299242556
28,38750,1097.4845299242556
28,38800,1097.4845299242556
28,38850,1097.4845299242556
28,38900,1097.4845299242556
28,38950,1097.4845299242556
28,39000,1097.4845299242556
28,39050,1097.4845299242556
28,39100,1097.4845299242556
28,39150,1097.4845299242556
28,39200,1097.4845299242556
28,39250,1097.4845299242556
28,39300,1097.4845299242556
28,39350,1097.4845299242556
28,39400,1097.4845299242556
28,39450,1097.4845299242556
28,39500,1097.4845299242556
28,39550,1097.4845299242556
28,39600,1097.4845299242556
28,39650,1097.4845299242556
28,39700,1097.4845299242556
28,39750,1097.4845299242556
28,39800,1097.4845299242556
28,39850,1097.4845299242556
28,39900,1097.4845299242556
28,39950,1097.4845299242556
28,40000,1097.4845299242556
28,40050,1097.4845299242556
28,40100,1097.4845299242556
28,40150,1097.4845299242556
28,40200,1097.4845299242556
28,40250,1097.4845299242556
28,40300,1097.4845299242556
28,40350,1097.4845299242556
28,40400,1097.4845299242556
28,40450,1097.4845299242556
28,40500,1097.4845299242556
28,40550,1097.4845299242556
28,40600,1097.4845299242556
28,40650,1097.4845299242556
28,40700,1097.4845299242556
28,40750,1097.4845299242556
28,40800,1097.4845299242556
28,40850,1097.4845299242556
28,40900,1097.4845299242556
28,40950,1097.4845299242556
28,41000,1097.4845299242556
28,41050,1097.4845299242556
28,41100,1097.4845299242556
28,41150,1097.4845299242556
28,41200,1097.4845299242556
28,41250,1097.4845299242556
28,41300,1097.4845299242556
28,41350,1097.4845299242556
28,41400,1097.4845299242556
28,41450,1097.4845299242556
28,41500,1097.4845299242556
28,41550,1097.4845299242556
28,41600,1097.4845299242556
28,41650,1097.4845299242556
28,41700,1097.4845299242556
28,41750,1097.4845299242556
28,41800,1097.4845299242556
28,41850,1097.4845299242556
28,41900,1097.4845299242556
28,41950,1097.4845299242556
28,42000,1097.4845299242556
28,42050,1097.4845299242556
28,42100,1097.4845299242556
28,42150,1097.4845299242556
28,42200,1097.4845299242556
28,42250,1097.4845299242556
28,42300,1097.4845299242556
28,42350,1097.4845299242556
28,42400,1097.4845299242556
28,42450,1097.4845299242556
28,42500,1097.4845299242556
28,42550,1097.4845299242556
28,42600,1097.4845299242556
28,42650,1097.4845299242556
28,42700,1097.4845299242556
28,42750,1097.4845299242556
28,42800,1097.4845299242556
28,42850,1097.4845299242556
28,42900,1097.4845299242556
28,42950,1097.4845299242556
28,43000,1097.4845299242556
28,43050,1097.4845299242556
28,43100,1097.4845299242556
28,43150,1097.4845299242556
28,43200,1097.4845299242556
28,43250,1097.4845299242556
28,43300,1097.4845299242556
28,43350,1097.4845299242556
28,43400,1097.4845299242556
28,43450,1097.4845299242556
28,43500,1097.4845299242556
28,43550,1097.4845299242556
28,43600,1097.4845299242556
28,43650,1097.4845299242556
28,43700,1097.4845299242556
28,43750,1097.4845299242556
28,43800,1097.4845299242556
28,43850,1097.4845299242556
28,43900,1097.4845299242556
28,43950,1097.4845299242556
28,44000,1097.4845299242556
28,44050,1097.4845299242556
28,44100,1097.4845299242556
28,44150,1097.4845299242556
28,44200,1097.4845299242556
28,44250,1097.4845299242556
28,44300,1097.4845299242556
28,44350,1097.4845299242556
28,44400,1097.4845299242556
28,44450,1097.4845299242556
28,44500,1097.4845299242556
28,44550,1097.4845299242556
28,44600,1097.4845299242556
28,44650,1097.4845299242556
28,44700,1097.4845299242556
28,44750,1097.4845299242556
28,44800,1097.4845299242556
28,44850,1097.4845299242556
28,44900,1097.4845299242556
28,44950,1097.4845299242556
28,45000,1097.4845299242556
28,45050,1097.4845299242556
28,45100,1097.4845299242556
28,45150,1097.4845299242556
28,45200,1097.4845299242556
28,45250,1097.4845299242556
28,45300,1097.4845299242556
28,45350,1097.4845299242556
28,45400,1097.4845299242556
28,45450,1097.4845299242556
28,45500,1097.4845299242556
28,45550,1097.4845299242556
28,45600,1097.4845299242556
28,45650,1097.4845299242556
28,45700,1097.4845299242556
28,45750,1097.4845299242556
28,45800,1097.4845299242556
28,45850,1097.4845299242556
28,45900,1097.4845299242556
28,45950,1097.4845299242556
28,46000,1097.4845299242556
28,46050,1097.4845299242556
28,46100,1097.4845299242556
28,46150,1097.2784493275915
28,46200,1097.2784493275915
28,46250,1097.2784493275915
28,46300,1097.2784493275915
28,46350,1097.2784493275915
28,46400,1097.2784493275915
28,46450,1097.2784493275915
28,46500,1097.2784493275915
28,46550,1097.2784493275915
28,46600,1097.2784493275915
28,46650,1097.2784493275915
28,46700,1097.2784493275915
28,46750,1097.2784493275915
28,46800,1097.2784493275915
28,46850,1097.2784493275915
28,46900,1097.2784493275915
28,46950,1097.2784493275915
28,47000,1097.2784493275915
28,47050,1097.2784493275915
28,47100,1097.2784493275915
28,47150,1097.2784493275915
28,47200,1097.2784493275915
28,47250,1097.2784493275915
28,47300,1097.2784493275915
28,47350,1097.2784493275915
28,47400,1097.2784493275915
28,47450,1097.2784493275915
28,47500,1097.2784493275915
28,47550,1097.2784493275915
28,47600,1097.2784493275915
28,47650,1097.2784493275915
28,47700,1097.2784493275915
28,47750,1097.2784493275915
28,47800,1097.2784493275915
28,47850,1097.2784493275915
28,47900,1097.2784493275915
28,47950,1097.2784493275915
28,48000,1097.2784493275915
28,48050,1097.2784493275915
28,48100,1097.2784493275915
28,48150,1097.2784493275915
28,48200,1097.2784493275915
28,48250,1097.2784493275915
28,48300,1097.2784493275915
28,48350,1097.2784493275915
28,48400,1097.2784493275915
28,48450,1097.2784493275915
28,48500,1097.2784493275915
28,48550,1097.2784493275915
28,48600,1097.2784493275915
28,48650,1097.2784493275915
28,48700,1097.2784493275915
28,48750,1097.2784493275915
28,48800,1097.2784493275915
28,48850,1097.2784493275915
28,48900,1097.2784493275915
28,48950,1097.2784493275915
28,49000,1097.2784493275915
28,49050,1097.2784493275915
28,49100,1097.2784493275915
28,49150,1097.2784493275915
28,49200,1097.2784493275915
28,49250,1097.2784493275915
28,49300,1097.2784493275915
28,49350,1097.2784493275915
28,49400,1097.2784493275915
28,49450,1097.2784493275915
28,49500,1097.2784493275915
28,49550,1097.2784493275915
28,49600,1097.2784493275915
28,49650,1097.2784493275915
28,49700,1097.2784493275915
28,49750,1097.2784493275915
28,49800,1097.2784493275915
28,49850,1097.2784493275915
28,49900,1097.2784493275915
28,49950,1097.2784493275915
28,50000,1097.2784493275915
29,50,1419.7227397408255
29,100,1375.657168428582
29,150,1375.657168428582
29,200,1375.657168428582
29,250,1375.657168428582
29,300,1375.657168428582
29,350,1375.657168428582
29,400,1375.657168428582
29,450,1345.8727398463418
29,500,1345.8727398463418
29,550,1277.5714310331898
29,600,1277.5714310331898
29,650,1277.5714310331898
29,700,1276.7557129466359
29,750,1276.7557129466359
29,800,1276.7557129466359
29,850,1221.6180492969395
29,900,1221.6180492969395
29,950,1215.2868705175024
29,1000,1203.8138039565586
29,1050,1181.9195682363786
29,1100,1178.581332715882
29,1150,1147.055596221111
29,1200,1147.055596221111
29,1250,1147.055596221111
29,1300,1147.055596221111
29,1350,1147.055596221111
29,1400,1147.055596221111
29,1450,1147.055596221111
29,1500,1147.055596221111
29,1550,1147.055596221111
29,1600,1147.055596221111
29,1650,1147.055596221111
29,1700,1143.5028635763156
29,1750,1143.5028635763156
29,1800,1143.5028635763156
29,1850,1143.5028635763156
29,1900,1143.5028635763156
29,1950,1143.5028635763156
29,2000,1143.5028635763156
29,2050,1143.5028635763156
29,2100,1143.5028635763156
29,2150,1143.5028635763156
29,2200,1143.5028635763156
29,2250,1143.5028635763156
29,2300,1143.5028635763156
29,2350,1143.5028635763156
29,2400,1143.5028635763156
29,2450,1143.5028635763156
29,2500,1143.5028635763156
29,2550,1143.5028635763156
29,2600,1143.5028635763156
29,2650,1143.5028635763156
29,2700,1143.5028635763156
29,2750,1143.5028635763156
29,2800,1143.5028635763156
29,2850,1143.5028635763156
29,2900,1143.5028635763156
29,2950,1143.5028635763156
29,3000,1143.5028635763156
29,3050,1143.5028635763156
29,3100,1143.5028635763156
29,3150,1143.5028635763156
29,3200,1143.5028635763156
29,3250,1143.5028635763156
29,3300,1143.5028635763156
29,3350,1143.5028635763156
29,3400,1143.5028635763156
29,3450,1143.5028635763156
29,3500,1143.5028635763156
29,3550,1143.5028635763156
29,3600,1143.5028635763156
29,3650,1132.2990078239477
29,3700,1132.2990078239477
29,3750,1132.2990078239477
29,3800,1132.2990078239477
29,3850,1132.2990078239477
29,3900,1132.2990078239477
29,3950,1132.2990078239477
29,4000,1132.2990078239477
29,4050,1132.2990078239477
29,4100,1132.2990078239477
29,4150,1132.2990078239477
29,4200,1132.2990078239477
29,4250,1132.2990078239477
29,4300,1132.2990078239477
29,4350,1132.2990078239477
29,4400,1132.2990078239477
29,4450,1132.2990078239477
29,4500,1132.2990078239477
29,4550,1132.2990078239477
29,4600,1132.2990078239477
29,4650,1132.2990078239477
29,4700,1132.2990078239477
29,4750,1132.2990078239477
29,4800,1132.2990078239477
29,4850,1132.2990078239477
29,4900,1132.2990078239477
29,4950,1132.2990078239477
29,5000,1132.2990078239477
29,5050,1132.2990078239477
29,5100,1132.2990078239477
29,5150,1132.2990078239477
29,5200,1132.2990078239477
29,5250,1132.2990078239477
29,5300,1132.2990078239477
29,5350,1132.2990078239477
29,5400,1132.2990078239477
29,5450,1132.2990078239477
29,5500,1132.2990078239477
29,5550,1132.2990078239477
29,5600,1132.2990078239477
29,5650,1132.2990078239477
29,5700,1132.2990078239477
29,5750,1132.2990078239477
29,5800,1132.2990078239477
29,5850,1132.2990078239477
29,5900,1132.2990078239477
29,5950,1132.2990078239477
29,6000,1132.2990078239477
29,6050,1132.2990078239477
29,6100,1132.2990078239477
29,6150,1132.2990078239477
29,6200,1132.2990078239477
29,6250,1132.2990078239477
29,6300,1132.2990078239477
29,6350,1132.2990078239477
29,6400,1132.2990078239477
29,6450,1132.2990078239477
29,6500,1132.2990078239477
29,6550,1132.2990078239477
29,6600,1132.2990078239477
29,6650,1132.2990078239477
29,6700,1132.2990078239477
29,6750,1132.2990078239477
29,6800,1132.2990078239477
29,6850,1132.2990078239477
29,6900,1132.2990078239477
29,6950,1132.2990078239477
29,7000,1132.2990078239477
29,7050,1132.2990078239477
29,7100,1132.2990078239477
29,7150,1132.2990078239477
29,7200,1132.2990078239477
29,7250,1132.2990078239477
29,7300,1132.2990078239477
29,7350,1132.2990078239477
29,7400,1132.2990078239477
29,7450,1132.2990078239477
29,7500,1132.2990078239477
29,7550,1132.2990078239477
29,7600,1132.2990078239477
29,7650,1132.2990078239477
29,7700,1132.2990078239477
29,7750,1132.2990078239477
29,7800,1132.2990078239477
29,7850,1132.2990078239477
29,7900,1132.2990078239477
29,7950,1132.2990078239477
29,8000,1132.2990078239477
29,8050,1132.2990078239477
29,8100,1132.2990078239477
29,8150,1132.2990078239477
29,8200,1132.2990078239477
29,8250,1132.2990078239477
29,8300,1132.2990078239477
29,8350,1132.2990078239477
29,8400,1132.2990078239477
29,8450,1132.2990078239477
29,8500,1132.2990078239477
29,8550,1132.2990078239477
29,8600,1132.2990078239477
29,8650,1132.2990078239477
29,8700,1132.2990078239477
29,8750,1132.2990078239477
29,8800,1132.2990078239477
29,8850,1132.2990078239477
29,8900,1132.2990078239477
29,8950,1132.2990078239477
29,9000,1132.2990078239477
29,9050,1132.2990078239477
29,9100,1132.2990078239477
29,9150,1132.2990078239477
29,9200,1132.2990078239477
29,9250,1132.2990078239477
29,9300,1132.2990078239477
29,9350,1132.2990078239477
29,9400,1132.2990078239477
29,9450,1132.2990078239477
29,9500,1132.2990078239477
29,9550,1132.2990078239477
29,9600,1132.2990078239477
29,9650,1132.2990078239477
29,9700,1132.2990078239477
29,9750,1132.2990078239477
29,9800,1132.2990078239477
29,9850,1132.2990078239477
29,9900,1132.2990078239477
29,9950,1132.2990078239477
29,10000,1132.2990078239477
29,10050,1132.2990078239477
29,10100,1132.2990078239477
29,10150,1132.2990078239477
29,10200,1132.2990078239477
29,10250,1132.2990078239477
29,10300,1132.2990078239477
29,10350,1132.2990078239477
29,10400,1132.2990078239477
29,10450,1132.2990078239477
29,10500,1132.2990078239477
29,10550,1132.2990078239477
29,10600,1132.2990078239477
29,10650,1132.2990078239477
29,10700,1132.2990078239477
29,10750,1132.2990078239477
29,10800,1132.2990078239477
29,10850,1132.2990078239477
29,10900,1132.2990078239477
29,10950,1132.2990078239477
29,11000,1132.2990078239477
29,11050,1132.2990078239477
29,11100,1132.2990078239477
29,11150,1132.2990078239477
29,11200,1132.2990078239477
29,11250,1132.2990078239477
29,11300,1132.2990078239477
29,11350,1132.2990078239477
29,11400,1132.2990078239477
29,11450,1132.2990078239477
29,11500,1132.2990078239477
29,11550,1132.2990078239477
29,11600,1132.2990078239477
29,11650,1132.2990078239477
29,11700,1132.2990078239477
29,11750,1132.2990078239477
29,11800,1132.2990078239477
29,11850,1132.2990078239477
29,11900,1132.2990078239477
29,11950,1132.2990078239477
29,12000,1132.2990078239477
29,12050,1132.2990078239477
29,12100,1132.2990078239477
29,12150,1132.2990078239477
29,12200,1132.2990078239477
29,12250,1132.2990078239477
29,12300,1132.2990078239477
29,12350,1132.2990078239477
29,12400,1132.2990078239477
29,12450,1132.2990078239477
29,12500,1132.2990078239477
29,12550,1132.2990078239477
29,12600,1132.2990078239477
29,12650,1132.2990078239477
29,12700,1132.2990078239477
29,12750,1132.2990078239477
29,12800,1132.2990078239477
29,12850,1132.2990078239477
29,12900,1132.2990078239477
29,12950,1132.2990078239477
29,13000,1132.2990078239477
29,13050,1132.2990078239477
29,13100,1132.2990078239477
29,13150,1132.2990078239477
29,13200,1132.2990078239477
29,13250,1132.2990078239477
29,13300,1132.2990078239477
29,13350,1132.2990078239477
29,13400,1132.2990078239477
29,13450,1132.2990078239477
29,13500,1132.2990078239477
29,13550,1132.2990078239477
29,13600,1132.2990078239477
29,13650,1132.2990078239477
29,13700,1132.2990078239477
29,13750,1132.2990078239477
29,13800,1132.2990078239477
29,13850,1132.2990078239477
29,13900,1132.2990078239477
29,13950,1132.2990078239477
29,14000,1132.2990078239477
29,14050,1132.2990078239477
29,14100,1132.2990078239477
29,14150,1132.2990078239477
29,14200,1132.2990078239477
29,14250,1132.2990078239477
29,14300,1132.2990078239477
29,14350,1132.2990078239477
29,14400,1132.2990078239477
29,14450,1132.2990078239477
29,14500,1132.2990078239477
29,14550,1132.2990078239477
29,14600,1132.2990078239477
29,14650,1132.2990078239477
29,14700,1132.2990078239477
29,14750,1132.2990078239477
29,14800,1132.2990078239477
29,14850,1132.2990078239477
29,14900,1132.2990078239477
29,14950,1132.2990078239477
29,15000,1132.2990078239477
29,15050,1132.2990078239477
29,15100,1132.2990078239477
29,15150,1132.2990078239477
29,15200,1132.2990078239477
29,15250,1132.2990078239477
29,15300,1132.2990078239477
29,15350,1132.2990078239477
29,15400,1132.2990078239477
29,15450,1132.2990078239477
29,15500,1132.2990078239477
29,15550,1132.2990078239477
29,15600,1132.2990078239477
29,15650,1132.2990078239477
29,15700,1132.2990078239477
29,15750,1132.2990078239477
29,15800,1132.2990078239477
29,15850,1132.2990078239477
29,15900,1132.2990078239477
29,15950,1132.2990078239477
29,16000,1132.2990078239477
29,16050,1132.2990078239477
29,16100,1132.2990078239477
29,16150,1132.2990078239477
29,16200,1132.2990078239477
29,16250,1111.5746791491035
29,16300,1111.5746791491035
29,16350,1111.5746791491035
29,16400,1111.5746791491035
29,16450,1111.5746791491035
29,16500,1111.5746791491035
29,16550,1111.5746791491035
29,16600,1111.5746791491035
29,16650,1111.5746791491035
29,16700,1111.5746791491035
29,16750,1111.5746791491035
29,16800,1111.5746791491035
29,16850,1111.5746791491035
29,16900,1111.5746791491035
29,16950,1111.5746791491035
29,17000,1111.5746791491035
29,17050,1111.5746791491035
29,17100,1111.5746791491035
29,17150,1111.5746791491035
29,17200,1111.5746791491035
29,17250,1111.5746791491035
29,17300,1111.5746791491035
29,17350,1111.5746791491035
29,17400,1111.5746791491035
29,17450,1111.5746791491035
29,17500,1111.5746791491035
29,17550,1111.5746791491035
29,17600,1111.5746791491035
29,17650,1111.5746791491035
29,17700,1111.5746791491035
29,17750,1111.5746791491035
29,17800,1111.5746791491035
29,17850,1111.5746791491035
29,17900,1111.5746791491035
29,17950,1111.5746791491035
29,18000,1111.5746791491035
29,18050,1111.5746791491035
29,18100,1111.5746791491035
29,18150,1111.5746791491035
29,18200,1111.5746791491035
29,18250,1111.5746791491035
29,18300,1111.5746791491035
29,18350,1111.5746791491035
29,18400,1111.5746791491035
29,18450,1111.5746791491035
29,18500,1111.5746791491035
29,18550,1111.5746791491035
29,18600,1111.5746791491035
29,18650,1111.5746791491035
29,18700,1111.5746791491035
29,18750,1111.5746791491035
29,18800,1111.5746791491035
29,18850,1111.5746791491035
29,18900,1111.5746791491035
29,18950,1111.5746791491035
29,19000,1111.5746791491035
29,19050,1111.5746791491035
29,19100,1111.5746791491035
29,19150,1111.5746791491035
29,19200,1111.5746791491035
29,19250,1111.5746791491035
29,19300,1111.5746791491035
29,19350,1111.5746791491035
29,19400,1111.5746791491035
29,19450,1111.5746791491035
29,19500,1111.5746791491035
29,19550,1111.5746791491035
29,19600,1111.5746791491035
29,19650,1111.5746791491035
29,19700,1111.5746791491035
29,19750,1111.5746791491035
29,19800,1111.5746791491035
29,19850,1111.5746791491035
29,19900,1111.5746791491035
29,19950,1111.5746791491035
29,20000,1111.5746791491035
29,20050,1111.5746791491035
29,20100,1111.5746791491035
29,20150,1111.5746791491035
29,20200,1111.5746791491035
29,20250,1111.5746791491035
29,20300,1111.5746791491035
29,20350,1111.5746791491035
29,20400,1111.5746791491035
29,20450,1111.5746791491035
29,20500,1111.5746791491035
29,20550,1111.5746791491035
29,20600,1111.5746791491035
29,20650,1111.5746791491035
29,20700,1111.5746791491035
29,20750,1111.5746791491035
29,20800,1111.5746791491035
29,20850,1111.5746791491035
29,20900,1111.5746791491035
29,20950,1111.5746791491035
29,21000,1111.5746791491035
29,21050,1111.5746791491035
29,21100,1111.5746791491035
29,21150,1111.5746791491035
29,21200,1111.5746791491035
29,21250,1111.5746791491035
29,21300,1111.5746791491035
29,21350,1111.5746791491035
29,21400,1111.5746791491035
29,21450,1111.5746791491035
29,21500,1111.5746791491035
29,21550,1111.5746791491035
29,21600,1111.5746791491035
29,21650,1111.5746791491035
29,21700,1111.5746791491035
29,21750,1111.5746791491035
29,21800,1111.5746791491035
29,21850,1111.5746791491035
29,21900,1111.5746791491035
29,21950,1111.5746791491035
29,22000,1111.5746791491035
29,22050,1111.5746791491035
29,22100,1111.5746791491035
29,22150,1111.5746791491035
29,22200,1111.5746791491035
29,22250,1111.5746791491035
29,22300,1111.5746791491035
29,22350,1111.5746791491035
29,22400,1111.5746791491035
29,22450,1111.5746791491035
29,22500,1111.5746791491035
29,22550,1111.5746791491035
29,22600,1111.5746791491035
29,22650,1111.5746791491035
29,22700,1111.5746791491035
29,22750,1111.5746791491035
29,22800,1111.5746791491035
29,22850,1111.5746791491035
29,22900,1111.5746791491035
29,22950,1111.5746791491035
29,23000,1111.5746791491035
29,23050,1111.5746791491035
29,23100,1111.5746791491035
29,23150,1111.5746791491035
29,23200,1111.5746791491035
29,23250,1111.5746791491035
29,23300,1111.5746791491035
29,23350,1111.5746791491035
29,23400,1111.5746791491035
29,23450,1111.5746791491035
29,23500,1111.5746791491035
29,23550,1111.5746791491035
29,23600,1111.5746791491035
29,23650,1111.5746791491035
29,23700,1111.5746791491035
29,23750,1111.5746791491035
29,23800,1111.5746791491035
29,23850,1111.5746791491035
29,23900,1111.5746791491035
29,23950,1111.5746791491035
29,24000,1111.5746791491035
29,24050,1111.5746791491035
29,24100,1111.5746791491035
29,24150,1111.5746791491035
29,24200,1111.5746791491035
29,24250,1111.5746791491035
29,24300,1111.5746791491035
29,24350,1111.5746791491035
29,24400,1111.5746791491035
29,24450,1111.5746791491035
29,24500,1111.5746791491035
29,24550,1111.5746791491035
29,24600,1111.5746791491035
29,24650,1111.5746791491035
29,24700,1111.5746791491035
29,24750,1111.5746791491035
29,24800,1111.5746791491035
29,24850,1111.5746791491035
29,24900,1111.5746791491035
29,24950,1111.5746791491035
29,25000,1111.5746791491035
29,25050,1111.5746791491035
29,25100,1111.5746791491035
29,25150,1111.5746791491035
29,25200,1111.5746791491035
29,25250,1111.5746791491035
29,25300,1111.5746791491035
29,25350,1111.5746791491035
29,25400,1111.5746791491035
29,25450,1111.5746791491035
29,25500,1111.5746791491035
29,25550,1111.5746791491035
29,25600,1111.5746791491035
29,25650,1111.5746791491035
29,25700,1111.5746791491035
29,25750,1111.5746791491035
29,25800,1111.5746791491035
29,25850,1111.5746791491035
29,25900,1111.5746791491035
29,25950,1111.5746791491035
29,26000,1111.5746791491035
29,26050,1111.5746791491035
29,26100,1111.5746791491035
29,26150,1111.5746791491035
29,26200,1111.5746791491035
29,26250,1111.5746791491035
29,26300,1111.5746791491035
29,26350,1111.5746791491035
29,26400,1111.5746791491035
29,26450,1111.5746791491035
29,26500,1111.5746791491035
29,26550,1111.5746791491035
29,26600,1111.5746791491035
29,26650,1111.5746791491035
29,26700,1111.5746791491035
29,26750,1111.5746791491035
29,26800,1111.5746791491035
29,26850,1111.5746791491035
29,26900,1111.5746791491035
29,26950,1111.5746791491035
29,27000,1111.5746791491035
29,27050,1111.5746791491035
29,27100,1111.5746791491035
29,27150,1111.5746791491035
29,27200,1111.5746791491035
29,27250,1111.5746791491035
29,27300,1111.5746791491035
29,27350,1111.5746791491035
29,27400,1111.5746791491035
29,27450,1111.5746791491035
29,27500,1111.5746791491035
29,27550,1111.5746791491035
29,27600,1111.5746791491035
29,27650,1111.5746791491035
29,27700,1111.5746791491035
29,27750,1111.5746791491035
29,27800,1111.5746791491035
29,27850,1111.5746791491035
29,27900,1111.5746791491035
29,27950,1111.5746791491035
29,28000,1111.5746791491035
29,28050,1111.5746791491035
29,28100,1111.5746791491035
29,28150,1111.5746791491035
29,28200,1111.5746791491035
29,28250,1111.5746791491035
29,28300,1111.5746791491035
29,28350,1111.5746791491035
29,28400,1111.5746791491035
29,28450,1111.5746791491035
29,28500,1111.5746791491035
29,28550,1111.5746791491035
29,28600,1111.5746791491035
29,28650,1111.5746791491035
29,28700,1111.5746791491035
29,28750,1111.5746791491035
29,28800,1111.5746791491035
29,28850,1111.5746791491035
29,28900,1111.5746791491035
29,28950,1111.5746791491035
29,29000,1111.5746791491035
29,29050,1111.5746791491035
29,29100,1111.5746791491035
29,29150,1111.5746791491035
29,29200,1111.5746791491035
29,29250,1111.5746791491035
29,29300,1111.5746791491035
29,29350,1111.5746791491035
29,29400,1111.5746791491035
29,29450,1111.5746791491035
29,29500,1111.5746791491035
29,29550,1111.5746791491035
29,29600,1111.5746791491035
29,29650,1111.5746791491035
29,29700,1111.5746791491035
29,29750,1111.5746791491035
29,29800,1111.5746791491035
29,29850,1111.5746791491035
29,29900,1111.5746791491035
29,29950,1111.5746791491035
29,30000,1111.5746791491035
29,30050,1111.5746791491035
29,30100,1111.5746791491035
29,30150,1111.5746791491035
29,30200,1111.5746791491035
29,30250,1111.5746791491035
29,30300,1111.5746791491035
29,30350,1111.5746791491035
29,30400,1111.5746791491035
29,30450,1111.5746791491035
29,30500,1111.5746791491035
29,30550,1111.5746791491035
29,30600,1111.5746791491035
29,30650,1111.5746791491035
29,30700,1111.5746791491035
29,30750,1111.5746791491035
29,30800,1111.5746791491035
29,30850,1111.5746791491035
29,30900,1111.5746791491035
29,30950,1111.5746791491035
29,31000,1111.5746791491035
29,31050,1111.5746791491035
29,31100,1111.5746791491035
29,31150,1111.5746791491035
29,31200,1111.5746791491035
29,31250,1111.5746791491035
29,31300,1111.5746791491035
29,31350,1111.5746791491035
29,31400,1111.5746791491035
29,31450,1111.5746791491035
29,31500,1111.5746791491035
29,31550,1111.5746791491035
29,31600,1111.5746791491035
29,31650,1111.5746791491035
29,31700,1111.5746791491035
29,31750,1111.5746791491035
29,31800,1111.5746791491035
29,31850,1111.5746791491035
29,31900,1111.5746791491035
29,31950,1111.5746791491035
29,32000,1111.5746791491035
29,32050,1111.5746791491035
29,32100,1111.5746791491035
29,32150,1111.5746791491035
29,32200,1111.5746791491035
29,32250,1111.5746791491035
29,32300,1111.5746791491035
29,32350,1111.5746791491035
29,32400,1111.5746791491035
29,32450,1111.5746791491035
29,32500,1111.5746791491035
29,32550,1111.5746791491035
29,32600,1111.5746791491035
29,32650,1111.5746791491035
29,32700,1111.5746791491035
29,32750,1111.5746791491035
29,32800,1111.5746791491035
29,32850,1111.5746791491035
29,32900,1111.5746791491035
29,32950,1111.5746791491035
29,33000,1111.5746791491035
29,33050,1111.5746791491035
29,33100,1111.5746791491035
29,33150,1111.5746791491035
29,33200,1111.5746791491035
29,33250,1111.5746791491035
29,33300,1111.5746791491035
29,33350,1111.5746791491035
29,33400,1111.5746791491035
29,33450,1111.5746791491035
29,33500,1111.5746791491035
29,33550,1111.5746791491035
29,33600,1111.5746791491035
29,33650,1111.5746791491035
29,33700,1111.5746791491035
29,33750,1111.5746791491035
29,33800,1111.5746791491035
29,33850,1111.5746791491035
29,33900,1111.5746791491035
29,33950,1111.5746791491035
29,34000,1111.5746791491035
29,34050,1111.5746791491035
29,34100,1111.5746791491035
29,34150,1111.5746791491035
29,34200,1111.5746791491035
29,34250,1111.5746791491035
29,34300,1111.5746791491035
29,34350,1111.5746791491035
29,34400,1111.5746791491035
29,34450,1111.5746791491035
29,34500,1111.5746791491035
29,34550,1111.5746791491035
29,34600,1111.5746791491035
29,34650,1111.5746791491035
29,34700,1111.5746791491035
29,34750,1111.5746791491035
29,34800,1111.5746791491035
29,34850,1111.5746791491035
29,34900,1111.5746791491035
29,34950,1111.5746791491035
29,35000,1111.5746791491035
29,35050,1111.5746791491035
29,35100,1111.5746791491035
29,35150,1111.5746791491035
29,35200,1111.5746791491035
29,35250,1111.5746791491035
29,35300,1111.5746791491035
29,35350,1111.5746791491035
29,35400,1111.5746791491035
29,35450,1111.5746791491035
29,35500,1111.5746791491035
29,35550,1111.5746791491035
29,35600,1111.5746791491035
29,35650,1111.5746791491035
29,35700,1111.5746791491035
29,35750,1111.5746791491035
29,35800,1111.5746791491035
29,35850,1111.5746791491035
29,35900,1111.5746791491035
29,35950,1111.5746791491035
29,36000,1111.5746791491035
29,36050,1111.5746791491035
29,36100,1111.5746791491035
29,36150,1111.5746791491035
29,36200,1111.5746791491035
29,36250,1111.5746791491035
29,36300,1111.5746791491035
29,36350,1111.5746791491035
29,36400,1111.5746791491035
29,36450,1111.5746791491035
29,36500,1111.5746791491035
29,36550,1111.5746791491035
29,36600,1111.5746791491035
29,36650,1111.5746791491035
29,36700,1111.5746791491035
29,36750,1111.5746791491035
29,36800,1111.5746791491035
29,36850,1111.5746791491035
29,36900,1111.5746791491035
29,36950,1111.5746791491035
29,37000,1111.5746791491035
29,37050,1111.5746791491035
29,37100,1111.5746791491035
29,37150,1111.5746791491035
29,37200,1111.5746791491035
29,37250,1111.5746791491035
29,37300,1111.5746791491035
29,37350,1111.5746791491035
29,37400,1111.5746791491035
29,37450,1111.5746791491035
29,37500,1111.5746791491035
29,37550,1111.5746791491035
29,37600,1111.5746791491035
29,37650,1111.5746791491035
29,37700,1111.5746791491035
29,37750,1111.5746791491035
29,37800,1111.5746791491035
29,37850,1111.5746791491035
29,37900,1111.5746791491035
29,37950,1111.5746791491035
29,38000,1111.5746791491035
29,38050,1111.5746791491035
29,38100,1111.5746791491035
29,38150,1111.5746791491035
29,38200,1111.5746791491035
29,38250,1111.5746791491035
29,38300,1111.5746791491035
29,38350,1111.5746791491035
29,38400,1111.5746791491035
29,38450,1111.5746791491035
29,38500,1111.5746791491035
29,38550,1111.5746791491035
29,38600,1111.5746791491035
29,38650,1111.5746791491035
29,38700,1111.5746791491035
29,38750,1111.5746791491035
29,38800,1111.5746791491035
29,38850,1111.5746791491035
29,38900,1111.5746791491035
29,38950,1111.5746791491035
29,39000,1111.5746791491035
29,39050,1111.5746791491035
29,39100,1111.5746791491035
29,39150,1111.5746791491035
29,39200,1111.5746791491035
29,39250,1111.5746791491035
29,39300,1111.5746791491035
29,39350,1111.5746791491035
29,39400,1111.5746791491035
29,39450,1111.5746791491035
29,39500,1111.5746791491035
29,39550,1111.5746791491035
29,39600,1111.5746791491035
29,39650,1111.5746791491035
29,39700,1111.5746791491035
29,39750,1111.5746791491035
29,39800,1111.5746791491035
29,39850,1111.5746791491035
29,39900,1111.5746791491035
29,39950,1111.5746791491035
29,40000,1111.5746791491035
29,40050,1111.5746791491035
29,40100,1111.5746791491035
29,40150,1111.5746791491035
29,40200,1111.5746791491035
29,40250,1111.5746791491035
29,40300,1111.5746791491035
29,40350,1111.5746791491035
29,40400,1111.5746791491035
29,40450,1111.5746791491035
29,40500,1111.5746791491035
29,40550,1111.5746791491035
29,40600,1111.5746791491035
29,40650,1111.5746791491035
29,40700,1111.5746791491035
29,40750,1111.5746791491035
29,40800,1111.5746791491035
29,40850,1111.5746791491035
29,40900,1075.5928694627355
29,40950,1075.5928694627355
29,41000,1075.5928694627355
29,41050,1075.5928694627355
29,41100,1075.5928694627355
29,41150,1075.5928694627355
29,41200,1075.5928694627355
29,41250,1075.5928694627355
29,41300,1075.5928694627355
29,41350,1075.5928694627355
29,41400,1075.5928694627355
29,41450,1075.5928694627355
29,41500,1075.5928694627355
29,41550,1075.5928694627355
29,41600,1075.5928694627355
29,41650,1075.5928694627355
29,41700,1075.5928694627355
29,41750,1075.5928694627355
29,41800,1075.5928694627355
29,41850,1075.5928694627355
29,41900,1075.5928694627355
29,41950,1075.5928694627355
29,42000,1075.5928694627355
29,42050,1075.5928694627355
29,42100,1075.5928694627355
29,42150,1075.5928694627355
29,42200,1075.5928694627355
29,42250,1075.5928694627355
29,42300,1075.5928694627355
29,42350,1075.5928694627355
29,42400,1075.5928694627355
29,42450,1075.5928694627355
29,42500,1075.5928694627355
29,42550,1075.5928694627355
29,42600,1075.5928694627355
29,42650,1075.5928694627355
29,42700,1075.5928694627355
29,42750,1075.5928694627355
29,42800,1075.5928694627355
29,42850,1075.5928694627355
29,42900,1075.5928694627355
29,42950,1075.5928694627355
29,43000,1075.5928694627355
29,43050,1075.5928694627355
29,43100,1075.5928694627355
29,43150,1075.5928694627355
29,43200,1075.5928694627355
29,43250,1075.5928694627355
29,43300,1075.5928694627355
29,43350,1075.5928694627355
29,43400,1075.5928694627355
29,43450,1075.5928694627355
29,43500,1075.5928694627355
29,43550,1075.5928694627355
29,43600,1075.5928694627355
29,43650,1075.5928694627355
29,43700,1075.5928694627355
29,43750,1075.5928694627355
29,43800,1075.5928694627355
29,43850,1075.5928694627355
29,43900,1075.5928694627355
29,43950,1075.5928694627355
29,44000,1075.5928694627355
29,44050,1075.5928694627355
29,44100,1075.5928694627355
29,44150,1075.5928694627355
29,44200,1075.5928694627355
29,44250,1075.5928694627355
29,44300,1075.5928694627355
29,44350,1075.5928694627355
29,44400,1075.5928694627355
29,44450,1075.5928694627355
29,44500,1075.5928694627355
29,44550,1075.5928694627355
29,44600,1075.5928694627355
29,44650,1075.5928694627355
29,44700,1075.5928694627355
29,44750,1075.5928694627355
29,44800,1075.5928694627355
29,44850,1075.5928694627355
29,44900,1075.5928694627355
29,44950,1075.5928694627355
29,45000,1075.5928694627355
29,45050,1075.5928694627355
29,45100,1075.5928694627355
29,45150,1075.5928694627355
29,45200,1075.5928694627355
29,45250,1075.5928694627355
29,45300,1075.5928694627355
29,45350,1075.5928694627355
29,45400,1075.5928694627355
29,45450,1075.5928694627355
29,45500,1075.5928694627355
29,45550,1075.5928694627355
29,45600,1075.5928694627355
29,45650,1075.5928694627355
29,45700,1075.5928694627355
29,45750,1075.5928694627355
29,45800,1075.5928694627355
29,45850,1075.5928694627355
29,45900,1075.5928694627355
29,45950,1075.5928694627355
29,46000,1075.5928694627355
29,46050,1075.5928694627355
29,46100,1075.5928694627355
29,46150,1075.5928694627355
29,46200,1075.5928694627355
29,46250,1075.5928694627355
29,46300,1075.5928694627355
29,46350,1075.5928694627355
29,46400,1075.5928694627355
29,46450,1075.5928694627355
29,46500,1075.5928694627355
29,46550,1075.5928694627355
29,46600,1075.5928694627355
29,46650,1075.5928694627355
29,46700,1075.5928694627355
29,46750,1075.5928694627355
29,46800,1075.5928694627355
29,46850,1075.5928694627355
29,46900,1075.5928694627355
29,46950,1075.5928694627355
29,47000,1075.5928694627355
29,47050,1075.5928694627355
29,47100,1075.5928694627355
29,47150,1075.5928694627355
29,47200,1075.5928694627355
29,47250,1075.5928694627355
29,47300,1075.5928694627355
29,47350,1075.5928694627355
29,47400,1075.5928694627355
29,47450,1075.5928694627355
29,47500,1075.5928694627355
29,47550,1075.5928694627355
29,47600,1075.5928694627355
29,47650,1075.5928694627355
29,47700,1075.5928694627355
29,47750,1075.5928694627355
29,47800,1075.5928694627355
29,47850,1075.5928694627355
29,47900,1075.5928694627355
29,47950,1075.5928694627355
29,48000,1075.5928694627355
29,48050,1075.5928694627355
29,48100,1075.5928694627355
29,48150,1075.5928694627355
29,48200,1075.5928694627355
29,48250,1075.5928694627355
29,48300,1075.5928694627355
29,48350,1075.5928694627355
29,48400,1075.5928694627355
29,48450,1075.5928694627355
29,48500,1075.5928694627355
29,48550,1075.5928694627355
29,48600,1075.5928694627355
29,48650,1075.5928694627355
29,48700,1075.5928694627355
29,48750,1075.5928694627355
29,48800,1075.5928694627355
29,48850,1075.5928694627355
29,48900,1075.5928694627355
29,48950,1075.5928694627355
29,49000,1075.5928694627355
29,49050,1075.5928694627355
29,49100,1075.5928694627355
29,49150,1075.5928694627355
29,49200,1075.5928694627355
29,49250,1075.5928694627355
29,49300,1075.5928694627355
29,49350,1075.5928694627355
29,49400,1075.5928694627355
29,49450,1075.5928694627355
29,49500,1075.5928694627355
29,49550,1075.5928694627355
29,49600,1075.5928694627355
29,49650,1075.5928694627355
29,49700,1075.5928694627355
29,49750,1075.5928694627355
29,49800,1075.5928694627355
29,49850,1075.5928694627355
29,49900,1075.5928694627355
29,49950,1075.5928694627355
29,50000,1075.5928694627355
