Seed,Evaluation,BestDistance
0,200,2526.7807276527524
0,300,2427.394810932048
0,400,2408.1267450902183
0,500,2408.1267450902183
0,600,2408.1267450902183
0,700,2408.1267450902183
0,800,2299.305588213233
0,900,2299.305588213233
0,1000,2299.305588213233
0,1100,2299.305588213233
0,1200,2299.305588213233
0,1300,2299.305588213233
0,1400,2299.305588213233
0,1500,2299.305588213233
0,1600,2299.305588213233
0,1700,2299.305588213233
0,1800,2299.305588213233
0,1900,2299.305588213233
0,2000,2299.305588213233
0,2100,2299.305588213233
0,2200,2299.305588213233
0,2300,2299.305588213233
0,2400,2299.305588213233
0,2500,2299.305588213233
0,2600,2299.305588213233
0,2700,2299.305588213233
0,2800,2299.305588213233
0,2900,2202.0057486944766
0,3000,2202.0057486944766
0,3100,2202.0057486944766
0,3200,2202.0057486944766
0,3300,2202.0057486944766
0,3400,2202.0057486944766
0,3500,2202.0057486944766
0,3600,2202.0057486944766
0,3700,2202.0057486944766
0,3800,2202.0057486944766
0,3900,2202.0057486944766
0,4000,2202.0057486944766
0,4100,2202.0057486944766
0,4200,2202.0057486944766
0,4300,2202.0057486944766
0,4400,2202.0057486944766
0,4500,2202.0057486944766
0,4600,2202.0057486944766
0,4700,2202.0057486944766
0,4800,2202.0057486944766
0,4900,2202.0057486944766
0,5000,2202.0057486944766
0,5100,2202.0057486944766
0,5200,2202.0057486944766
0,5300,2202.0057486944766
0,5400,2181.7773033064686
0,5500,2181.7773033064686
0,5600,2181.7773033064686
0,5700,2181.7773033064686
0,5800,2181.7773033064686
0,5900,2181.7773033064686
0,6000,2181.7773033064686
0,6100,2181.7773033064686
0,6200,2181.7773033064686
0,6300,2181.7773033064686
0,6400,2181.7773033064686
0,6500,2181.7773033064686
0,6600,2181.7773033064686
0,6700,2181.7773033064686
0,6800,2181.7773033064686
0,6900,2181.7773033064686
0,7000,2181.7773033064686
0,7100,2181.7773033064686
0,7200,2181.7773033064686
0,7300,2179.3428816500777
0,7400,2176.192758432561
0,7500,2149.4975447939164
0,7600,2149.4975447939164
0,7700,2149.4975447939164
0,7800,2149.4975447939164
0,7900,2149.4975447939164
0,8000,2149.4975447939164
0,8100,2149.4975447939164
0,8200,2149.4975447939164
0,8300,2149.4975447939164
0,8400,2149.4975447939164
0,8500,2149.4975447939164
0,8600,2149.4975447939164
0,8700,2149.4975447939164
0,8800,2149.4975447939164
0,8900,2149.4975447939164
0,9000,2149.4975447939164
0,9100,2149.4975447939164
0,9200,2149.4975447939164
0,9300,2149.4975447939164
0,9400,2149.4975447939164
0,9500,2149.4975447939164
0,9600,2149.4975447939164
0,9700,2149.4975447939164
0,9800,2149.4975447939164
0,9900,2149.4975447939164
0,10000,2149.4975447939164
0,10100,2149.4975447939164
0,10200,2149.4975447939164
0,10300,2084.3675781206002
0,10400,2084.3675781206002
0,10500,2084.3675781206002
0,10600,2084.3675781206002
0,10700,2084.3675781206002
0,10800,2084.3675781206002
0,10900,2084.3675781206002
0,11000,2082.0419159529893
0,11100,2082.0419159529893
0,11200,2082.0419159529893
0,11300,2082.0419159529893
0,11400,2082.0419159529893
0,11500,2082.0419159529893
0,11600,2082.0419159529893
0,11700,2082.0419159529893
0,11800,2082.0419159529893
0,11900,2082.0419159529893
0,12000,2082.0419159529893
0,12100,2082.0419159529893
0,12200,2082.0419159529893
0,12300,2082.0419159529893
0,12400,2082.0419159529893
0,12500,2082.0419159529893
0,12600,2082.0419159529893
0,12700,2082.0419159529893
0,12800,2082.0419159529893
0,12900,2082.0419159529893
0,13000,2082.0419159529893
0,13100,2082.0419159529893
0,13200,2082.0419159529893
0,13300,2082.0419159529893
0,13400,2082.0419159529893
0,13500,2082.0419159529893
0,13600,2082.0419159529893
0,13700,2082.0419159529893
0,13800,2082.0419159529893
0,13900,2076.111348103038
0,14000,2075.0509973333656
0,14100,2075.0509973333656
0,14200,2075.0509973333656
0,14300,2075.0509973333656
0,14400,2075.0509973333656
0,14500,2075.0509973333656
0,14600,2075.0509973333656
0,14700,2024.9010146962469
0,14800,2024.9010146962469
0,14900,1998.3373717546363
0,15000,1998.3373717546363
0,15100,1998.3373717546363
0,15200,1982.2520028044157
0,15300,1982.2520028044157
0,15400,1982.2520028044157
0,15500,1982.2520028044157
0,15600,1982.2520028044157
0,15700,1982.2520028044157
0,15800,1925.2167130366129
0,15900,1925.2167130366129
0,16000,1925.2167130366129
0,16100,1891.4613821563394
0,16200,1891.4613821563394
0,16300,1891.4613821563394
0,16400,1891.4613821563394
0,16500,1891.4613821563394
0,16600,1891.4613821563394
0,16700,1891.4613821563394
0,16800,1891.4613821563394
0,16900,1891.4613821563394
0,17000,1891.4613821563394
0,17100,1891.4613821563394
0,17200,1891.4613821563394
0,17300,1891.4613821563394
0,17400,1891.4613821563394
0,17500,1891.4613821563394
0,17600,1891.4613821563394
0,17700,1891.4613821563394
0,17800,1888.4876003247555
0,17900,1888.4876003247555
0,18000,1877.2413955233274
0,18100,1870.818198262943
0,18200,1870.818198262943
0,18300,1870.818198262943
0,18400,1850.8188834538887
0,18500,1836.9161431493299
0,18600,1830.4929458889455
0,18700,1830.4929458889455
0,18800,1830.4929458889455
0,18900,1830.4929458889455
0,19000,1830.4929458889455
0,19100,1830.4929458889455
0,19200,1830.4929458889455
0,19300,1830.4929458889455
0,19400,1830.4929458889455
0,19500,1830.4929458889455
0,19600,1830.4929458889455
0,19700,1830.4929458889455
0,19800,1830.4929458889455
0,19900,1830.4929458889455
0,20000,1830.4929458889455
0,20100,1830.4929458889455
0,20200,1830.4929458889455
0,20300,1830.4929458889455
0,20400,1815.211752630687
0,20500,1815.211752630687
0,20600,1815.211752630687
0,20700,1815.211752630687
0,20800,1815.211752630687
0,20900,1815.211752630687
0,21000,1793.2889788428906
0,21100,1793.2889788428906
0,21200,1788.5708572920948
0,21300,1788.5708572920948
0,21400,1788.5708572920948
0,21500,1788.5708572920948
0,21600,1788.5708572920948
0,21700,1788.5708572920948
0,21800,1788.5708572920948
0,21900,1788.5708572920948
0,22000,1788.5708572920948
0,22100,1788.5708572920948
0,22200,1788.5708572920948
0,22300,1788.5708572920948
0,22400,1788.5708572920948
0,22500,1788.5708572920948
0,22600,1788.5708572920948
0,22700,1788.5708572920948
0,22800,1784.4882742037526
0,22900,1784.4882742037526
0,23000,1784.4882742037526
0,23100,1784.4882742037526
0,23200,1784.4882742037526
0,23300,1784.4882742037526
0,23400,1784.4882742037526
0,23500,1784.4882742037526
0,23600,1784.4882742037526
0,23700,1784.4882742037526
0,23800,1784.4882742037526
0,23900,1784.4882742037526
0,24000,1784.4882742037526
0,24100,1784.4882742037526
0,24200,1784.4882742037526
0,24300,1784.4882742037526
0,24400,1784.4882742037526
0,24500,1784.4882742037526
0,24600,1784.4882742037526
0,24700,1784.4882742037526
0,24800,1784.4882742037526
0,24900,1784.4882742037526
0,25000,1784.4882742037526
0,25100,1784.4882742037526
0,25200,1784.4882742037526
0,25300,1784.4882742037526
0,25400,1784.4882742037526
0,25500,1784.4882742037526
0,25600,1784.4882742037526
0,25700,1784.4882742037526
0,25800,1784.4882742037526
0,25900,1784.4882742037526
0,26000,1784.4882742037526
0,26100,1784.4882742037526
0,26200,1784.4882742037526
0,26300,1784.4882742037526
0,26400,1784.4882742037526
0,26500,1784.4882742037526
0,26600,1784.4882742037526
0,26700,1784.4882742037526
0,26800,1784.4882742037526
0,26900,1784.4882742037526
0,27000,1784.4882742037526
0,27100,1784.4882742037526
0,27200,1784.4882742037526
0,27300,1784.4882742037526
0,27400,1784.4882742037526
0,27500,1784.4882742037526
0,27600,1784.4882742037526
0,27700,1784.4882742037526
0,27800,1784.4882742037526
0,27900,1784.4882742037526
0,28000,1784.4882742037526
0,28100,1784.4882742037526
0,28200,1784.4882742037526
0,28300,1784.4882742037526
0,28400,1784.4882742037526
0,28500,1784.4882742037526
0,28600,1784.4882742037526
0,28700,1784.4882742037526
0,28800,1784.4882742037526
0,28900,1784.4882742037526
0,29000,1784.4882742037526
0,29100,1784.4882742037526
0,29200,1784.4882742037526
0,29300,1784.4882742037526
0,29400,1784.4882742037526
0,29500,1784.4882742037526
0,29600,1784.4882742037526
0,29700,1784.4882742037526
0,29800,1784.4882742037526
0,29900,1784.4882742037526
0,30000,1784.4882742037526
0,30100,1784.4882742037526
0,30200,1784.4882742037526
0,30300,1784.4882742037526
0,30400,1784.4882742037526
0,30500,1784.4882742037526
0,30600,1784.4882742037526
0,30700,1784.4882742037526
0,30800,1784.4882742037526
0,30900,1784.4882742037526
0,31000,1784.4882742037526
0,31100,1784.4882742037526
0,31200,1784.4882742037526
0,31300,1784.4882742037526
0,31400,1784.4882742037526
0,31500,1784.4882742037526
0,31600,1784.4882742037526
0,31700,1784.4882742037526
0,31800,1784.4882742037526
0,31900,1784.4882742037526
0,32000,1784.4882742037526
0,32100,1784.4882742037526
0,32200,1784.4882742037526
0,32300,1784.4882742037526
0,32400,1784.4882742037526
0,32500,1784.4882742037526
0,32600,1784.4882742037526
0,32700,1784.4882742037526
0,32800,1784.4882742037526
0,32900,1784.4882742037526
0,33000,1784.4882742037526
0,33100,1784.4882742037526
0,33200,1784.4882742037526
0,33300,1784.4882742037526
0,33400,1784.4882742037526
0,33500,1784.4882742037526
0,33600,1784.4882742037526
0,33700,1784.4882742037526
0,33800,1784.4882742037526
0,33900,1784.4882742037526
0,34000,1784.4882742037526
0,34100,1784.4882742037526
0,34200,1784.4882742037526
0,34300,1784.4882742037526
0,34400,1784.4882742037526
0,34500,1784.4882742037526
0,34600,1784.4882742037526
0,34700,1784.4882742037526
0,34800,1784.4882742037526
0,34900,1784.4882742037526
0,35000,1784.4882742037526
0,35100,1784.4882742037526
0,35200,1784.4882742037526
0,35300,1784.4882742037526
0,35400,1784.4882742037526
0,35500,1784.4882742037526
0,35600,1784.4882742037526
0,35700,1784.4882742037526
0,35800,1784.4882742037526
0,35900,1784.4882742037526
0,36000,1784.4882742037526
0,36100,1784.4882742037526
0,36200,1784.4882742037526
0,36300,1784.4882742037526
0,36400,1784.4882742037526
0,36500,1784.4882742037526
0,36600,1784.4882742037526
0,36700,1784.4882742037526
0,36800,1784.4882742037526
0,36900,1784.4882742037526
0,37000,1784.4882742037526
0,37100,1784.4882742037526
0,37200,1784.4882742037526
0,37300,1784.4882742037526
0,37400,1784.4882742037526
0,37500,1784.4882742037526
0,37600,1784.4882742037526
0,37700,1784.4882742037526
0,37800,1784.4882742037526
0,37900,1784.4882742037526
0,38000,1784.4882742037526
0,38100,1784.4882742037526
0,38200,1784.4882742037526
0,38300,1784.4882742037526
0,38400,1784.4882742037526
0,38500,1784.4882742037526
0,38600,1784.4882742037526
0,38700,1784.4882742037526
0,38800,1784.4882742037526
0,38900,1784.4882742037526
0,39000,1784.4882742037526
0,39100,1784.4882742037526
0,39200,1784.4882742037526
0,39300,1784.4882742037526
0,39400,1784.4882742037526
0,39500,1784.4882742037526
0,39600,1784.4882742037526
0,39700,1784.4882742037526
0,39800,1784.4882742037526
0,39900,1784.4882742037526
0,40000,1784.4882742037526
0,40100,1784.4882742037526
0,40200,1784.4882742037526
0,40300,1784.4882742037526
0,40400,1784.4882742037526
0,40500,1784.4882742037526
0,40600,1784.4882742037526
0,40700,1784.4882742037526
0,40800,1784.4882742037526
0,40900,1784.4882742037526
0,41000,1784.4882742037526
0,41100,1784.4882742037526
0,41200,1784.4882742037526
0,41300,1784.4882742037526
0,41400,1784.4882742037526
0,41500,1784.4882742037526
0,41600,1784.4882742037526
0,41700,1784.4882742037526
0,41800,1784.4882742037526
0,41900,1784.4882742037526
0,42000,1784.4882742037526
0,42100,1784.4882742037526
0,42200,1784.4882742037526
0,42300,1784.4882742037526
0,42400,1784.4882742037526
0,42500,1784.4882742037526
0,42600,1784.4882742037526
0,42700,1784.4882742037526
0,42800,1784.4882742037526
0,42900,1784.4882742037526
0,43000,1784.4882742037526
0,43100,1784.4882742037526
0,43200,1784.4882742037526
0,43300,1784.4882742037526
0,43400,1784.4882742037526
0,43500,1784.4882742037526
0,43600,1784.4882742037526
0,43700,1784.4882742037526
0,43800,1784.4882742037526
0,43900,1784.4882742037526
0,44000,1784.4882742037526
0,44100,1784.4882742037526
0,44200,1784.4882742037526
0,44300,1784.4882742037526
0,44400,1784.4882742037526
0,44500,1784.4882742037526
0,44600,1784.4882742037526
0,44700,1784.4882742037526
0,44800,1784.4882742037526
0,44900,1784.4882742037526
0,45000,1784.4882742037526
0,45100,1784.4882742037526
0,45200,1784.4882742037526
0,45300,1784.4882742037526
0,45400,1784.4882742037526
0,45500,1784.4882742037526
0,45600,1784.4882742037526
0,45700,1784.4882742037526
0,45800,1784.4882742037526
0,45900,1784.4882742037526
0,46000,1784.4882742037526
0,46100,1784.4882742037526
0,46200,1784.4882742037526
0,46300,1784.4882742037526
0,46400,1784.4882742037526
0,46500,1784.4882742037526
0,46600,1784.4882742037526
0,46700,1784.4882742037526
0,46800,1784.4882742037526
0,46900,1784.4882742037526
0,47000,1784.4882742037526
0,47100,1784.4882742037526
0,47200,1784.4882742037526
0,47300,1784.4882742037526
0,47400,1784.4882742037526
0,47500,1784.4882742037526
0,47600,1784.4882742037526
0,47700,1784.4882742037526
0,47800,1784.4882742037526
0,47900,1784.4882742037526
0,48000,1784.4882742037526
0,48100,1784.4882742037526
0,48200,1784.4882742037526
0,48300,1784.4882742037526
0,48400,1784.4882742037526
0,48500,1784.4882742037526
0,48600,1784.4882742037526
0,48700,1784.4882742037526
0,48800,1784.4882742037526
0,48900,1784.4882742037526
0,49000,1784.4882742037526
0,49100,1784.4882742037526
0,49200,1784.4882742037526
0,49300,1784.4882742037526
0,49400,1784.4882742037526
0,49500,1784.4882742037526
0,49600,1784.4882742037526
0,49700,1784.4882742037526
0,49800,1784.4882742037526
0,49900,1784.4882742037526
0,50000,1784.4882742037526
1,200,2537.64362399585
1,300,2537.64362399585
1,400,2292.314944555725
1,500,2292.314944555725
1,600,2292.314944555725
1,700,2292.314944555725
1,800,2292.314944555725
1,900,2292.314944555725
1,1000,2292.314944555725
1,1100,2292.314944555725
1,1200,2292.314944555725
1,1300,2292.314944555725
1,1400,2292.314944555725
1,1500,2292.314944555725
1,1600,2292.314944555725
1,1700,2292.314944555725
1,1800,2292.314944555725
1,1900,2292.314944555725
1,2000,2292.314944555725
1,2100,2292.314944555725
1,2200,2292.314944555725
1,2300,2292.314944555725
1,2400,2292.314944555725
1,2500,2292.314944555725
1,2600,2292.314944555725
1,2700,2292.314944555725
1,2800,2292.314944555725
1,2900,2292.314944555725
1,3000,2292.314944555725
1,3100,2292.314944555725
1,3200,2292.314944555725
1,3300,2292.314944555725
1,3400,2292.314944555725
1,3500,2292.314944555725
1,3600,2292.314944555725
1,3700,2292.314944555725
1,3800,2292.314944555725
1,3900,2292.314944555725
1,4000,2292.314944555725
1,4100,2292.314944555725
1,4200,2292.314944555725
1,4300,2292.314944555725
1,4400,2292.314944555725
1,4500,2168.6578482672453
1,4600,2168.6578482672453
1,4700,2168.6578482672453
1,4800,2168.6578482672453
1,4900,2168.6578482672453
1,5000,2168.6578482672453
1,5100,2168.6578482672453
1,5200,2168.6578482672453
1,5300,2168.6578482672453
1,5400,2168.6578482672453
1,5500,2168.6578482672453
1,5600,2168.6578482672453
1,5700,2168.6578482672453
1,5800,2168.6578482672453
1,5900,2168.6578482672453
1,6000,2168.6578482672453
1,6100,2168.6578482672453
1,6200,2168.6578482672453
1,6300,2168.6578482672453
1,6400,2168.6578482672453
1,6500,2168.6578482672453
1,6600,2168.6578482672453
1,6700,2168.6578482672453
1,6800,2168.6578482672453
1,6900,2168.6578482672453
1,7000,2168.6578482672453
1,7100,2168.6578482672453
1,7200,2168.6578482672453
1,7300,2168.6578482672453
1,7400,2168.6578482672453
1,7500,2168.6578482672453
1,7600,2168.6578482672453
1,7700,2168.6578482672453
1,7800,2168.6578482672453
1,7900,2168.6578482672453
1,8000,2168.6578482672453
1,8100,2168.6578482672453
1,8200,2168.6578482672453
1,8300,2168.6578482672453
1,8400,2168.6578482672453
1,8500,2168.6578482672453
1,8600,2168.6578482672453
1,8700,2168.6578482672453
1,8800,2168.6578482672453
1,8900,2168.6578482672453
1,9000,2168.6578482672453
1,9100,2168.6578482672453
1,9200,2168.6578482672453
1,9300,2168.6578482672453
1,9400,2168.6578482672453
1,9500,2168.6578482672453
1,9600,2168.6578482672453
1,9700,2168.6578482672453
1,9800,2168.6578482672453
1,9900,2168.6578482672453
1,10000,2168.6578482672453
1,10100,2168.6578482672453
1,10200,2168.6578482672453
1,10300,2168.6578482672453
1,10400,2168.6578482672453
1,10500,2168.6578482672453
1,10600,2168.6578482672453
1,10700,2168.6578482672453
1,10800,2168.6578482672453
1,10900,2168.6578482672453
1,11000,2168.6578482672453
1,11100,2168.6578482672453
1,11200,2168.6578482672453
1,11300,2168.6578482672453
1,11400,2168.6578482672453
1,11500,2168.6578482672453
1,11600,2168.6578482672453
1,11700,2168.6578482672453
1,11800,2168.6578482672453
1,11900,2105.7845382200744
1,12000,2105.7845382200744
1,12100,2105.7845382200744
1,12200,2105.7845382200744
1,12300,2105.7845382200744
1,12400,2105.7845382200744
1,12500,2105.7845382200744
1,12600,2105.7845382200744
1,12700,2105.7845382200744
1,12800,2105.7845382200744
1,12900,2004.756942845489
1,13000,2004.756942845489
1,13100,2004.756942845489
1,13200,2004.756942845489
1,13300,2004.756942845489
1,13400,2004.756942845489
1,13500,1915.0377075242357
1,13600,1915.0377075242357
1,13700,1915.0377075242357
1,13800,1868.3552689301464
1,13900,1868.3552689301464
1,14000,1868.3552689301464
1,14100,1868.3552689301464
1,14200,1868.3552689301464
1,14300,1868.3552689301464
1,14400,1868.3552689301464
1,14500,1868.3552689301464
1,14600,1868.3552689301464
1,14700,1868.3552689301464
1,14800,1868.3552689301464
1,14900,1868.3552689301464
1,15000,1868.3552689301464
1,15100,1868.3552689301464
1,15200,1868.3552689301464
1,15300,1866.375954422563
1,15400,1866.375954422563
1,15500,1852.9788912796091
1,15600,1852.9788912796091
1,15700,1852.9788912796091
1,15800,1852.9788912796091
1,15900,1852.9788912796091
1,16000,1852.9788912796091
1,16100,1835.6403077444409
1,16200,1835.6403077444409
1,16300,1835.6403077444409
1,16400,1835.6403077444409
1,16500,1835.6403077444409
1,16600,1835.6403077444409
1,16700,1835.6403077444409
1,16800,1835.6403077444409
1,16900,1835.6403077444409
1,17000,1835.6403077444409
1,17100,1832.1760098040666
1,17200,1832.1760098040666
1,17300,1829.0342187396252
1,17400,1799.4217702852347
1,17500,1799.4217702852347
1,17600,1799.4217702852347
1,17700,1799.4217702852347
1,17800,1788.901159641469
1,17900,1788.901159641469
1,18000,1788.901159641469
1,18100,1788.901159641469
1,18200,1788.901159641469
1,18300,1770.8266402920467
1,18400,1770.8266402920467
1,18500,1770.8266402920467
1,18600,1770.8266402920467
1,18700,1770.8266402920467
1,18800,1770.8266402920467
1,18900,1770.8266402920467
1,19000,1770.8266402920467
1,19100,1770.8266402920467
1,19200,1756.5861242726241
1,19300,1756.5861242726241
1,19400,1756.5861242726241
1,19500,1756.5861242726241
1,19600,1756.5861242726241
1,19700,1756.5861242726241
1,19800,1756.5861242726241
1,19900,1756.5861242726241
1,20000,1756.5861242726241
1,20100,1756.5861242726241
1,20200,1756.5861242726241
1,20300,1756.5861242726241
1,20400,1756.5861242726241
1,20500,1756.5861242726241
1,20600,1719.9426706022782
1,20700,1719.9426706022782
1,20800,1719.9426706022782
1,20900,1719.9426706022782
1,21000,1719.9426706022782
1,21100,1719.9426706022782
1,21200,1719.9426706022782
1,21300,1716.8008795378369
1,21400,1716.8008795378369
1,21500,1716.8008795378369
1,21600,1716.8008795378369
1,21700,1716.8008795378369
1,21800,1716.8008795378369
1,21900,1716.8008795378369
1,22000,1716.8008795378369
1,22100,1716.8008795378369
1,22200,1716.8008795378369
1,22300,1716.8008795378369
1,22400,1716.8008795378369
1,22500,1716.8008795378369
1,22600,1716.8008795378369
1,22700,1716.8008795378369
1,22800,1716.8008795378369
1,22900,1716.8008795378369
1,23000,1716.8008795378369
1,23100,1716.8008795378369
1,23200,1716.8008795378369
1,23300,1716.8008795378369
1,23400,1716.8008795378369
1,23500,1707.799064793765
1,23600,1707.799064793765
1,23700,1707.799064793765
1,23800,1707.799064793765
1,23900,1707.799064793765
1,24000,1707.799064793765
1,24100,1707.799064793765
1,24200,1707.799064793765
1,24300,1707.799064793765
1,24400,1707.799064793765
1,24500,1707.799064793765
1,24600,1707.799064793765
1,24700,1707.799064793765
1,24800,1706.223730021929
1,24900,1706.223730021929
1,25000,1676.029935489676
1,25100,1676.029935489676
1,25200,1676.029935489676
1,25300,1676.029935489676
1,25400,1676.029935489676
1,25500,1676.029935489676
1,25600,1676.029935489676
1,25700,1676.029935489676
1,25800,1676.029935489676
1,25900,1676.029935489676
1,26000,1676.029935489676
1,26100,1676.029935489676
1,26200,1676.029935489676
1,26300,1676.029935489676
1,26400,1676.029935489676
1,26500,1676.029935489676
1,26600,1676.029935489676
1,26700,1676.029935489676
1,26800,1676.029935489676
1,26900,1676.029935489676
1,27000,1676.029935489676
1,27100,1676.029935489676
1,27200,1676.029935489676
1,27300,1676.029935489676
1,27400,1676.029935489676
1,27500,1676.029935489676
1,27600,1676.029935489676
1,27700,1676.029935489676
1,27800,1676.029935489676
1,27900,1676.029935489676
1,28000,1676.029935489676
1,28100,1676.029935489676
1,28200,1676.029935489676
1,28300,1676.029935489676
1,28400,1676.029935489676
1,28500,1676.029935489676
1,28600,1676.029935489676
1,28700,1676.029935489676
1,28800,1676.029935489676
1,28900,1676.029935489676
1,29000,1676.029935489676
1,29100,1676.029935489676
1,29200,1676.029935489676
1,29300,1676.029935489676
1,29400,1676.029935489676
1,29500,1676.029935489676
1,29600,1676.029935489676
1,29700,1676.029935489676
1,29800,1676.029935489676
1,29900,1676.029935489676
1,30000,1676.029935489676
1,30100,1676.029935489676
1,30200,1676.029935489676
1,30300,1676.029935489676
1,30400,1676.029935489676
1,30500,1676.029935489676
1,30600,1676.029935489676
1,30700,1676.029935489676
1,30800,1676.029935489676
1,30900,1676.029935489676
1,31000,1676.029935489676
1,31100,1676.029935489676
1,31200,1676.029935489676
1,31300,1676.029935489676
1,31400,1676.029935489676
1,31500,1676.029935489676
1,31600,1676.029935489676
1,31700,1676.029935489676
1,31800,1676.029935489676
1,31900,1676.029935489676
1,32000,1676.029935489676
1,32100,1676.029935489676
1,32200,1676.029935489676
1,32300,1676.029935489676
1,32400,1676.029935489676
1,32500,1676.029935489676
1,32600,1676.029935489676
1,32700,1676.029935489676
1,32800,1676.029935489676
1,32900,1676.029935489676
1,33000,1676.029935489676
1,33100,1676.029935489676
1,33200,1676.029935489676
1,33300,1676.029935489676
1,33400,1676.029935489676
1,33500,1676.029935489676
1,33600,1676.029935489676
1,33700,1676.029935489676
1,33800,1676.029935489676
1,33900,1676.029935489676
1,34000,1676.029935489676
1,34100,1676.029935489676
1,34200,1676.029935489676
1,34300,1676.029935489676
1,34400,1676.029935489676
1,34500,1676.029935489676
1,34600,1676.029935489676
1,34700,1676.029935489676
1,34800,1676.029935489676
1,34900,1676.029935489676
1,35000,1676.029935489676
1,35100,1676.029935489676
1,35200,1676.029935489676
1,35300,1676.029935489676
1,35400,1676.029935489676
1,35500,1676.029935489676
1,35600,1676.029935489676
1,35700,1676.029935489676
1,35800,1676.029935489676
1,35900,1676.029935489676
1,36000,1676.029935489676
1,36100,1676.029935489676
1,36200,1676.029935489676
1,36300,1676.029935489676
1,36400,1676.029935489676
1,36500,1676.029935489676
1,36600,1676.029935489676
1,36700,1676.029935489676
1,36800,1676.029935489676
1,36900,1676.029935489676
1,37000,1676.029935489676
1,37100,1676.029935489676
1,37200,1676.029935489676
1,37300,1676.029935489676
1,37400,1676.029935489676
1,37500,1676.029935489676
1,37600,1676.029935489676
1,37700,1676.029935489676
1,37800,1676.029935489676
1,37900,1676.029935489676
1,38000,1676.029935489676
1,38100,1676.029935489676
1,38200,1676.029935489676
1,38300,1676.029935489676
1,38400,1676.029935489676
1,38500,1676.029935489676
1,38600,1676.029935489676
1,38700,1676.029935489676
1,38800,1676.029935489676
1,38900,1676.029935489676
1,39000,1676.029935489676
1,39100,1676.029935489676
1,39200,1676.029935489676
1,39300,1676.029935489676
1,39400,1676.029935489676
1,39500,1676.029935489676
1,39600,1676.029935489676
1,39700,1676.029935489676
1,39800,1676.029935489676
1,39900,1676.029935489676
1,40000,1676.029935489676
1,40100,1676.029935489676
1,40200,1676.029935489676
1,40300,1676.029935489676
1,40400,1676.029935489676
1,40500,1676.029935489676
1,40600,1676.029935489676
1,40700,1676.029935489676
1,40800,1676.029935489676
1,40900,1676.029935489676
1,41000,1676.029935489676
1,41100,1676.029935489676
1,41200,1676.029935489676
1,41300,1676.029935489676
1,41400,1676.029935489676
1,41500,1676.029935489676
1,41600,1676.029935489676
1,41700,1676.029935489676
1,41800,1676.029935489676
1,41900,1676.029935489676
1,42000,1676.029935489676
1,42100,1676.029935489676
1,42200,1676.029935489676
1,42300,1676.029935489676
1,42400,1676.029935489676
1,42500,1676.029935489676
1,42600,1676.029935489676
1,42700,1676.029935489676
1,42800,1676.029935489676
1,42900,1676.029935489676
1,43000,1676.029935489676
1,43100,1676.029935489676
1,43200,1676.029935489676
1,43300,1676.029935489676
1,43400,1676.029935489676
1,43500,1676.029935489676
1,43600,1676.029935489676
1,43700,1676.029935489676
1,43800,1676.029935489676
1,43900,1676.029935489676
1,44000,1676.029935489676
1,44100,1676.029935489676
1,44200,1676.029935489676
1,44300,1676.029935489676
1,44400,1676.029935489676
1,44500,1676.029935489676
1,44600,1676.029935489676
1,44700,1676.029935489676
1,44800,1676.029935489676
1,44900,1676.029935489676
1,45000,1676.029935489676
1,45100,1676.029935489676
1,45200,1676.029935489676
1,45300,1676.029935489676
1,45400,1676.029935489676
1,45500,1676.029935489676
1,45600,1676.029935489676
1,45700,1676.029935489676
1,45800,1676.029935489676
1,45900,1676.029935489676
1,46000,1676.029935489676
1,46100,1676.029935489676
1,46200,1676.029935489676
1,46300,1676.029935489676
1,46400,1676.029935489676
1,46500,1676.029935489676
1,46600,1676.029935489676
1,46700,1676.029935489676
1,46800,1676.029935489676
1,46900,1676.029935489676
1,47000,1676.029935489676
1,47100,1676.029935489676
1,47200,1676.029935489676
1,47300,1676.029935489676
1,47400,1676.029935489676
1,47500,1676.029935489676
1,47600,1676.029935489676
1,47700,1676.029935489676
1,47800,1676.029935489676
1,47900,1676.029935489676
1,48000,1676.029935489676
1,48100,1676.029935489676
1,48200,1676.029935489676
1,48300,1676.029935489676
1,48400,1676.029935489676
1,48500,1676.029935489676
1,48600,1676.029935489676
1,48700,1676.029935489676
1,48800,1676.029935489676
1,48900,1676.029935489676
1,49000,1676.029935489676
1,49100,1676.029935489676
1,49200,1676.029935489676
1,49300,1676.029935489676
1,49400,1676.029935489676
1,49500,1676.029935489676
1,49600,1676.029935489676
1,49700,1676.029935489676
1,49800,1676.029935489676
1,49900,1676.029935489676
1,50000,1676.029935489676
2,200,2341.662063247533
2,300,2341.662063247533
2,400,2341.662063247533
2,500,2341.662063247533
2,600,2341.662063247533
2,700,2341.662063247533
2,800,2341.662063247533
2,900,2341.662063247533
2,1000,2341.662063247533
2,1100,2341.662063247533
2,1200,2341.662063247533
2,1300,2341.662063247533
2,1400,2341.662063247533
2,1500,2341.662063247533
2,1600,2341.662063247533
2,1700,2341.662063247533
2,1800,2341.662063247533
2,1900,2341.662063247533
2,2000,2341.662063247533
2,2100,2341.662063247533
2,2200,2341.662063247533
2,2300,2341.662063247533
2,2400,2325.3037266295896
2,2500,2325.3037266295896
2,2600,2325.3037266295896
2,2700,2325.3037266295896
2,2800,2325.3037266295896
2,2900,2325.3037266295896
2,3000,2325.3037266295896
2,3100,2325.3037266295896
2,3200,2325.3037266295896
2,3300,2325.3037266295896
2,3400,2325.3037266295896
2,3500,2325.3037266295896
2,3600,2325.3037266295896
2,3700,2325.3037266295896
2,3800,2325.3037266295896
2,3900,2325.3037266295896
2,4000,2325.3037266295896
2,4100,2325.3037266295896
2,4200,2325.3037266295896
2,4300,2325.3037266295896
2,4400,2325.3037266295896
2,4500,2325.3037266295896
2,4600,2325.3037266295896
2,4700,2325.3037266295896
2,4800,2325.3037266295896
2,4900,2325.3037266295896
2,5000,2325.3037266295896
2,5100,2325.3037266295896
2,5200,2325.3037266295896
2,5300,2325.3037266295896
2,5400,2325.3037266295896
2,5500,2325.3037266295896
2,5600,2325.3037266295896
2,5700,2325.3037266295896
2,5800,2325.3037266295896
2,5900,2325.3037266295896
2,6000,2325.3037266295896
2,6100,2325.3037266295896
2,6200,2325.3037266295896
2,6300,2325.3037266295896
2,6400,2325.3037266295896
2,6500,2325.3037266295896
2,6600,2325.3037266295896
2,6700,2325.3037266295896
2,6800,2325.3037266295896
2,6900,2325.3037266295896
2,7000,2325.3037266295896
2,7100,2325.3037266295896
2,7200,2325.3037266295896
2,7300,2325.3037266295896
2,7400,2325.3037266295896
2,7500,2325.3037266295896
2,7600,2325.3037266295896
2,7700,2325.3037266295896
2,7800,2325.3037266295896
2,7900,2325.3037266295896
2,8000,2325.3037266295896
2,8100,2325.3037266295896
2,8200,2325.3037266295896
2,8300,2325.3037266295896
2,8400,2325.3037266295896
2,8500,2325.3037266295896
2,8600,2325.3037266295896
2,8700,2253.8269555767083
2,8800,2253.8269555767083
2,8900,2253.8269555767083
2,9000,2253.8269555767083
2,9100,2253.8269555767083
2,9200,2253.8269555767083
2,9300,2253.8269555767083
2,9400,2253.8269555767083
2,9500,2253.8269555767083
2,9600,2253.8269555767083
2,9700,2253.8269555767083
2,9800,2253.8269555767083
2,9900,2253.8269555767083
2,10000,2253.8269555767083
2,10100,2253.8269555767083
2,10200,2253.8269555767083
2,10300,2253.8269555767083
2,10400,2253.8269555767083
2,10500,2253.8269555767083
2,10600,2253.8269555767083
2,10700,2193.4591819445204
2,10800,2193.4591819445204
2,10900,2193.4591819445204
2,11000,2193.4591819445204
2,11100,2193.4591819445204
2,11200,2193.4591819445204
2,11300,2193.4591819445204
2,11400,2193.4591819445204
2,11500,2193.4591819445204
2,11600,2193.4591819445204
2,11700,2193.4591819445204
2,11800,2193.4591819445204
2,11900,2193.4591819445204
2,12000,2193.4591819445204
2,12100,2193.4591819445204
2,12200,2193.4591819445204
2,12300,2193.4591819445204
2,12400,2193.4591819445204
2,12500,2193.4591819445204
2,12600,2193.4540718652333
2,12700,2188.1738311002828
2,12800,2188.1738311002828
2,12900,2188.1738311002828
2,13000,2188.1738311002828
2,13100,2188.1738311002828
2,13200,2188.1738311002828
2,13300,2188.1738311002828
2,13400,2188.1738311002828
2,13500,2188.1738311002828
2,13600,2188.1738311002828
2,13700,2188.1738311002828
2,13800,2188.1738311002828
2,13900,2188.1738311002828
2,14000,2188.1738311002828
2,14100,2188.1738311002828
2,14200,2188.1738311002828
2,14300,2188.1738311002828
2,14400,2188.1738311002828
2,14500,2188.1738311002828
2,14600,2188.1738311002828
2,14700,2188.1738311002828
2,14800,2188.1738311002828
2,14900,2188.1738311002828
2,15000,2188.1738311002828
2,15100,2188.1738311002828
2,15200,2188.1738311002828
2,15300,2155.667387347855
2,15400,2155.667387347855
2,15500,2155.667387347855
2,15600,2152.280751603979
2,15700,2152.280751603979
2,15800,2152.280751603979
2,15900,2152.280751603979
2,16000,2152.280751603979
2,16100,2152.280751603979
2,16200,2152.280751603979
2,16300,2152.280751603979
2,16400,2152.280751603979
2,16500,2152.280751603979
2,16600,2152.280751603979
2,16700,2152.280751603979
2,16800,2152.280751603979
2,16900,2152.280751603979
2,17000,2152.280751603979
2,17100,2152.280751603979
2,17200,2152.280751603979
2,17300,2129.963902642707
2,17400,2129.963902642707
2,17500,2129.963902642707
2,17600,2129.963902642707
2,17700,2127.340387562828
2,17800,2127.340387562828
2,17900,2127.340387562828
2,18000,2092.0401971927017
2,18100,2092.0401971927017
2,18200,2092.0401971927017
2,18300,2092.0401971927017
2,18400,2092.0401971927017
2,18500,2092.0401971927017
2,18600,2092.0401971927017
2,18700,2092.0401971927017
2,18800,2065.537726346339
2,18900,2065.537726346339
2,19000,2065.537726346339
2,19100,2065.537726346339
2,19200,2065.537726346339
2,19300,2065.537726346339
2,19400,2065.537726346339
2,19500,2053.3142852455294
2,19600,2053.3142852455294
2,19700,2053.3142852455294
2,19800,2023.8134151496326
2,19900,2013.685612618157
2,20000,2013.685612618157
2,20100,2008.8260084132844
2,20200,2008.8260084132844
2,20300,2008.8260084132844
2,20400,2006.2662175740597
2,20500,2006.2662175740597
2,20600,2006.2662175740597
2,20700,1999.990571243048
2,20800,1999.990571243048
2,20900,1987.6723991140825
2,21000,1956.7292213910162
2,21100,1956.7292213910162
2,21200,1956.528082730222
2,21300,1956.528082730222
2,21400,1956.528082730222
2,21500,1956.528082730222
2,21600,1956.528082730222
2,21700,1956.528082730222
2,21800,1956.528082730222
2,21900,1956.528082730222
2,22000,1956.528082730222
2,22100,1949.7993395421772
2,22200,1949.7993395421772
2,22300,1944.7611521620904
2,22400,1939.9496007148239
2,22500,1939.9496007148239
2,22600,1939.9496007148239
2,22700,1939.9496007148239
2,22800,1939.9496007148239
2,22900,1939.9496007148239
2,23000,1939.9496007148239
2,23100,1939.9496007148239
2,23200,1939.9496007148239
2,23300,1939.9496007148239
2,23400,1939.9496007148239
2,23500,1939.9496007148239
2,23600,1939.9496007148239
2,23700,1939.9496007148239
2,23800,1937.947992091323
2,23900,1937.947992091323
2,24000,1937.947992091323
2,24100,1936.3392745885087
2,24200,1936.3392745885087
2,24300,1936.3392745885087
2,24400,1936.3392745885087
2,24500,1935.673720884947
2,24600,1935.673720884947
2,24700,1935.673720884947
2,24800,1935.673720884947
2,24900,1935.673720884947
2,25000,1935.673720884947
2,25100,1935.673720884947
2,25200,1935.673720884947
2,25300,1935.673720884947
2,25400,1935.673720884947
2,25500,1935.673720884947
2,25600,1935.673720884947
2,25700,1935.673720884947
2,25800,1935.673720884947
2,25900,1935.673720884947
2,26000,1935.673720884947
2,26100,1935.673720884947
2,26200,1935.673720884947
2,26300,1935.673720884947
2,26400,1935.673720884947
2,26500,1935.673720884947
2,26600,1934.8578009833184
2,26700,1934.4132182673804
2,26800,1934.4132182673804
2,26900,1934.4132182673804
2,27000,1930.6309594596844
2,27100,1930.6309594596844
2,27200,1930.6309594596844
2,27300,1930.6309594596844
2,27400,1930.6309594596844
2,27500,1930.6309594596844
2,27600,1930.6309594596844
2,27700,1930.6309594596844
2,27800,1930.6309594596844
2,27900,1930.6309594596844
2,28000,1930.6309594596844
2,28100,1930.6309594596844
2,28200,1930.6309594596844
2,28300,1930.6309594596844
2,28400,1930.2070812495274
2,28500,1930.2070812495274
2,28600,1930.2070812495274
2,28700,1930.2070812495274
2,28800,1930.2070812495274
2,28900,1930.2070812495274
2,29000,1930.2070812495274
2,29100,1930.2070812495274
2,29200,1930.2070812495274
2,29300,1930.2070812495274
2,29400,1930.2070812495274
2,29500,1930.2070812495274
2,29600,1930.2070812495274
2,29700,1930.2070812495274
2,29800,1930.2070812495274
2,29900,1927.8916371128278
2,30000,1927.8916371128278
2,30100,1927.8916371128278
2,30200,1927.8916371128278
2,30300,1927.8916371128278
2,30400,1927.8916371128278
2,30500,1927.8916371128278
2,30600,1927.8916371128278
2,30700,1927.8916371128278
2,30800,1927.8916371128278
2,30900,1927.8916371128278
2,31000,1927.8916371128278
2,31100,1927.8916371128278
2,31200,1927.8916371128278
2,31300,1927.8916371128278
2,31400,1927.8916371128278
2,31500,1927.8916371128278
2,31600,1927.8916371128278
2,31700,1927.8916371128278
2,31800,1927.8916371128278
2,31900,1927.8916371128278
2,32000,1927.8916371128278
2,32100,1927.8916371128278
2,32200,1927.8916371128278
2,32300,1927.8916371128278
2,32400,1927.8916371128278
2,32500,1927.8916371128278
2,32600,1927.8916371128278
2,32700,1927.8916371128278
2,32800,1927.8916371128278
2,32900,1927.8916371128278
2,33000,1927.8916371128278
2,33100,1927.8916371128278
2,33200,1927.8916371128278
2,33300,1927.8916371128278
2,33400,1927.8916371128278
2,33500,1927.8916371128278
2,33600,1927.8916371128278
2,33700,1927.8916371128278
2,33800,1927.8916371128278
2,33900,1927.8916371128278
2,34000,1927.8916371128278
2,34100,1927.8916371128278
2,34200,1927.8916371128278
2,34300,1866.6931341209372
2,34400,1866.6931341209372
2,34500,1866.6931341209372
2,34600,1866.6931341209372
2,34700,1866.6931341209372
2,34800,1866.6931341209372
2,34900,1866.6931341209372
2,35000,1866.6931341209372
2,35100,1866.6931341209372
2,35200,1866.6931341209372
2,35300,1866.6931341209372
2,35400,1866.6931341209372
2,35500,1866.6931341209372
2,35600,1866.6931341209372
2,35700,1866.6931341209372
2,35800,1866.6931341209372
2,35900,1866.6931341209372
2,36000,1866.6931341209372
2,36100,1866.6931341209372
2,36200,1866.6931341209372
2,36300,1866.6931341209372
2,36400,1866.6931341209372
2,36500,1866.6931341209372
2,36600,1866.6931341209372
2,36700,1866.6931341209372
2,36800,1866.6931341209372
2,36900,1866.6931341209372
2,37000,1866.6931341209372
2,37100,1866.6931341209372
2,37200,1866.6931341209372
2,37300,1866.6931341209372
2,37400,1866.6931341209372
2,37500,1866.6931341209372
2,37600,1866.6931341209372
2,37700,1866.6931341209372
2,37800,1866.6931341209372
2,37900,1866.6931341209372
2,38000,1866.6931341209372
2,38100,1866.6931341209372
2,38200,1866.6931341209372
2,38300,1866.6931341209372
2,38400,1866.6931341209372
2,38500,1866.6931341209372
2,38600,1866.6931341209372
2,38700,1866.6931341209372
2,38800,1866.6931341209372
2,38900,1866.6931341209372
2,39000,1866.6931341209372
2,39100,1866.6931341209372
2,39200,1866.6931341209372
2,39300,1866.6931341209372
2,39400,1866.6931341209372
2,39500,1866.6931341209372
2,39600,1866.6931341209372
2,39700,1866.6931341209372
2,39800,1866.6931341209372
2,39900,1866.6931341209372
2,40000,1866.6931341209372
2,40100,1866.6931341209372
2,40200,1866.6931341209372
2,40300,1866.6931341209372
2,40400,1866.6931341209372
2,40500,1866.6931341209372
2,40600,1866.6931341209372
2,40700,1866.6931341209372
2,40800,1866.6931341209372
2,40900,1866.6931341209372
2,41000,1866.6931341209372
2,41100,1866.6931341209372
2,41200,1866.6931341209372
2,41300,1866.6931341209372
2,41400,1866.6931341209372
2,41500,1866.6931341209372
2,41600,1866.6931341209372
2,41700,1866.6931341209372
2,41800,1866.6931341209372
2,41900,1866.6931341209372
2,42000,1866.6931341209372
2,42100,1866.6931341209372
2,42200,1866.6931341209372
2,42300,1866.6931341209372
2,42400,1866.6931341209372
2,42500,1866.6931341209372
2,42600,1866.6931341209372
2,42700,1866.6931341209372
2,42800,1866.6931341209372
2,42900,1866.6931341209372
2,43000,1866.6931341209372
2,43100,1866.6931341209372
2,43200,1866.6931341209372
2,43300,1866.6931341209372
2,43400,1866.6931341209372
2,43500,1866.6931341209372
2,43600,1866.6931341209372
2,43700,1866.6931341209372
2,43800,1866.6931341209372
2,43900,1866.6931341209372
2,44000,1866.6931341209372
2,44100,1866.6931341209372
2,44200,1866.6931341209372
2,44300,1866.6931341209372
2,44400,1866.6931341209372
2,44500,1866.6931341209372
2,44600,1866.6931341209372
2,44700,1866.6931341209372
2,44800,1866.6931341209372
2,44900,1866.6931341209372
2,45000,1866.6931341209372
2,45100,1866.6931341209372
2,45200,1866.6931341209372
2,45300,1866.6931341209372
2,45400,1866.6931341209372
2,45500,1866.6931341209372
2,45600,1866.6931341209372
2,45700,1866.6931341209372
2,45800,1866.6931341209372
2,45900,1866.6931341209372
2,46000,1866.6931341209372
2,46100,1866.6931341209372
2,46200,1866.6931341209372
2,46300,1866.6931341209372
2,46400,1866.6931341209372
2,46500,1866.6931341209372
2,46600,1866.6931341209372
2,46700,1866.6931341209372
2,46800,1866.6931341209372
2,46900,1866.6931341209372
2,47000,1866.6931341209372
2,47100,1866.6931341209372
2,47200,1866.6931341209372
2,47300,1866.6931341209372
2,47400,1866.6931341209372
2,47500,1866.6931341209372
2,47600,1866.6931341209372
2,47700,1866.6931341209372
2,47800,1866.6931341209372
2,47900,1866.6931341209372
2,48000,1866.6931341209372
2,48100,1866.6931341209372
2,48200,1866.6931341209372
2,48300,1866.6931341209372
2,48400,1866.6931341209372
2,48500,1866.6931341209372
2,48600,1866.6931341209372
2,48700,1866.6931341209372
2,48800,1866.6931341209372
2,48900,1866.6931341209372
2,49000,1866.6931341209372
2,49100,1866.6931341209372
2,49200,1866.6931341209372
2,49300,1866.6931341209372
2,49400,1866.6931341209372
2,49500,1866.6931341209372
2,49600,1866.6931341209372
2,49700,1866.6931341209372
2,49800,1866.6931341209372
2,49900,1866.6931341209372
2,50000,1866.6931341209372
3,200,2404.6960519825684
3,300,2404.6960519825684
3,400,2404.6960519825684
3,500,2404.6960519825684
3,600,2404.6960519825684
3,700,2404.6960519825684
3,800,2404.6960519825684
3,900,2404.6960519825684
3,1000,2333.538471125792
3,1100,2333.538471125792
3,1200,2333.538471125792
3,1300,2333.538471125792
3,1400,2333.538471125792
3,1500,2333.538471125792
3,1600,2333.538471125792
3,1700,2333.538471125792
3,1800,2333.538471125792
3,1900,2333.538471125792
3,2000,2333.538471125792
3,2100,2333.538471125792
3,2200,2333.538471125792
3,2300,2333.538471125792
3,2400,2333.538471125792
3,2500,2240.1541185692627
3,2600,2240.1541185692627
3,2700,2240.1541185692627
3,2800,2240.1541185692627
3,2900,2240.1541185692627
3,3000,2240.1541185692627
3,3100,2240.1541185692627
3,3200,2240.1541185692627
3,3300,2240.1541185692627
3,3400,2240.1541185692627
3,3500,2240.1541185692627
3,3600,2240.1541185692627
3,3700,2240.1541185692627
3,3800,2240.1541185692627
3,3900,2240.1541185692627
3,4000,2240.1541185692627
3,4100,2240.1541185692627
3,4200,2240.1541185692627
3,4300,2240.1541185692627
3,4400,2240.1541185692627
3,4500,2240.1541185692627
3,4600,2239.680514790296
3,4700,2239.680514790296
3,4800,2239.680514790296
3,4900,2239.680514790296
3,5000,2239.680514790296
3,5100,2239.680514790296
3,5200,2239.680514790296
3,5300,2239.680514790296
3,5400,2239.680514790296
3,5500,2239.680514790296
3,5600,2121.741997538892
3,5700,2121.741997538892
3,5800,2121.741997538892
3,5900,2059.167988124611
3,6000,2039.30826510364
3,6100,2039.30826510364
3,6200,2039.30826510364
3,6300,2039.30826510364
3,6400,2039.30826510364
3,6500,2039.30826510364
3,6600,2039.30826510364
3,6700,2039.30826510364
3,6800,2039.30826510364
3,6900,2039.30826510364
3,7000,2039.30826510364
3,7100,2039.30826510364
3,7200,2039.30826510364
3,7300,2039.30826510364
3,7400,2039.30826510364
3,7500,2039.30826510364
3,7600,2039.30826510364
3,7700,2039.30826510364
3,7800,2016.5063486378044
3,7900,2000.61116118189
3,8000,2000.61116118189
3,8100,2000.61116118189
3,8200,2000.61116118189
3,8300,2000.61116118189
3,8400,1970.84472327537
3,8500,1970.84472327537
3,8600,1970.84472327537
3,8700,1970.84472327537
3,8800,1970.84472327537
3,8900,1970.84472327537
3,9000,1958.8294717591477
3,9100,1958.8294717591477
3,9200,1958.8294717591477
3,9300,1958.8294717591477
3,9400,1958.8294717591477
3,9500,1958.8294717591477
3,9600,1958.8294717591477
3,9700,1958.8294717591477
3,9800,1958.8294717591477
3,9900,1958.8294717591477
3,10000,1958.8294717591477
3,10100,1958.8294717591477
3,10200,1944.2090877011365
3,10300,1944.2090877011365
3,10400,1944.2090877011365
3,10500,1944.2090877011365
3,10600,1944.2090877011365
3,10700,1944.2090877011365
3,10800,1944.2090877011365
3,10900,1944.2090877011365
3,11000,1944.2090877011365
3,11100,1944.2090877011365
3,11200,1944.2090877011365
3,11300,1944.2090877011365
3,11400,1944.2090877011365
3,11500,1942.6631826409725
3,11600,1942.6631826409725
3,11700,1942.6631826409725
3,11800,1942.6631826409725
3,11900,1942.6631826409725
3,12000,1942.6631826409725
3,12100,1942.6631826409725
3,12200,1942.6631826409725
3,12300,1942.6631826409725
3,12400,1919.1002580623667
3,12500,1919.1002580623667
3,12600,1871.0354431881656
3,12700,1871.0354431881656
3,12800,1871.0354431881656
3,12900,1852.6464213001432
3,13000,1852.6464213001432
3,13100,1852.6464213001432
3,13200,1852.6464213001432
3,13300,1852.6464213001432
3,13400,1852.6464213001432
3,13500,1852.6464213001432
3,13600,1852.6464213001432
3,13700,1852.6464213001432
3,13800,1829.8880570044112
3,13900,1829.8880570044112
3,14000,1829.8880570044112
3,14100,1829.8880570044112
3,14200,1829.8880570044112
3,14300,1829.8880570044112
3,14400,1829.8880570044112
3,14500,1815.541317457517
3,14600,1815.541317457517
3,14700,1815.541317457517
3,14800,1815.541317457517
3,14900,1801.1991942356585
3,15000,1801.1991942356585
3,15100,1801.1991942356585
3,15200,1801.1991942356585
3,15300,1788.9835857264438
3,15400,1788.9835857264438
3,15500,1788.9835857264438
3,15600,1788.9835857264438
3,15700,1788.9835857264438
3,15800,1788.9835857264438
3,15900,1787.5660306504699
3,16000,1780.3118856322317
3,16100,1721.887573488226
3,16200,1721.887573488226
3,16300,1695.7207296897154
3,16400,1695.7207296897154
3,16500,1695.7207296897154
3,16600,1695.7207296897154
3,16700,1695.7207296897154
3,16800,1695.7207296897154
3,16900,1695.7207296897154
3,17000,1695.7207296897154
3,17100,1695.7207296897154
3,17200,1695.7207296897154
3,17300,1695.7207296897154
3,17400,1695.7207296897154
3,17500,1695.7207296897154
3,17600,1695.7207296897154
3,17700,1695.7207296897154
3,17800,1695.7207296897154
3,17900,1695.7207296897154
3,18000,1695.7207296897154
3,18100,1695.7207296897154
3,18200,1695.7207296897154
3,18300,1609.7531154248577
3,18400,1609.7531154248577
3,18500,1609.7531154248577
3,18600,1609.7531154248577
3,18700,1609.7531154248577
3,18800,1609.7531154248577
3,18900,1609.7531154248577
3,19000,1593.77210471881
3,19100,1593.77210471881
3,19200,1593.77210471881
3,19300,1593.77210471881
3,19400,1593.77210471881
3,19500,1593.77210471881
3,19600,1593.77210471881
3,19700,1593.77210471881
3,19800,1593.77210471881
3,19900,1584.7908779727288
3,20000,1584.7908779727288
3,20100,1584.7908779727288
3,20200,1584.7908779727288
3,20300,1584.7908779727288
3,20400,1584.7908779727288
3,20500,1584.7908779727288
3,20600,1584.7908779727288
3,20700,1584.7908779727288
3,20800,1584.7908779727288
3,20900,1584.7908779727288
3,21000,1572.0334306647167
3,21100,1544.2252369416021
3,21200,1544.2252369416021
3,21300,1544.2252369416021
3,21400,1520.139592215123
3,21500,1520.139592215123
3,21600,1520.139592215123
3,21700,1520.139592215123
3,21800,1506.9365584190898
3,21900,1506.9365584190898
3,22000,1506.9365584190898
3,22100,1506.9365584190898
3,22200,1506.9365584190898
3,22300,1506.9365584190898
3,22400,1506.9365584190898
3,22500,1506.9365584190898
3,22600,1506.9365584190898
3,22700,1506.9365584190898
3,22800,1506.9365584190898
3,22900,1506.9365584190898
3,23000,1506.9365584190898
3,23100,1506.9365584190898
3,23200,1506.9365584190898
3,23300,1506.9365584190898
3,23400,1506.9365584190898
3,23500,1506.9365584190898
3,23600,1506.9365584190898
3,23700,1506.9365584190898
3,23800,1499.0559357683198
3,23900,1499.0559357683198
3,24000,1499.0559357683198
3,24100,1499.0559357683198
3,24200,1499.0559357683198
3,24300,1499.0559357683198
3,24400,1499.0559357683198
3,24500,1499.0559357683198
3,24600,1499.0559357683198
3,24700,1499.0559357683198
3,24800,1499.0559357683198
3,24900,1499.0559357683198
3,25000,1499.0559357683198
3,25100,1499.0559357683198
3,25200,1499.0559357683198
3,25300,1499.0559357683198
3,25400,1499.0559357683198
3,25500,1499.0559357683198
3,25600,1499.0559357683198
3,25700,1499.0559357683198
3,25800,1499.0559357683198
3,25900,1499.0559357683198
3,26000,1499.0559357683198
3,26100,1499.0559357683198
3,26200,1499.0559357683198
3,26300,1499.0559357683198
3,26400,1499.0559357683198
3,26500,1499.0559357683198
3,26600,1499.0559357683198
3,26700,1499.0559357683198
3,26800,1499.0559357683198
3,26900,1492.9848776148426
3,27000,1492.9848776148426
3,27100,1492.9848776148426
3,27200,1492.9848776148426
3,27300,1492.9848776148426
3,27400,1492.9848776148426
3,27500,1492.9848776148426
3,27600,1492.9848776148426
3,27700,1492.9848776148426
3,27800,1492.9848776148426
3,27900,1492.9848776148426
3,28000,1492.9848776148426
3,28100,1492.9848776148426
3,28200,1492.9848776148426
3,28300,1492.9848776148426
3,28400,1484.8359501710727
3,28500,1484.8359501710727
3,28600,1484.8359501710727
3,28700,1484.8359501710727
3,28800,1484.8359501710727
3,28900,1484.8359501710727
3,29000,1484.8359501710727
3,29100,1484.8359501710727
3,29200,1484.8359501710727
3,29300,1478.657859316206
3,29400,1478.657859316206
3,29500,1470.5089318724365
3,29600,1470.5089318724365
3,29700,1461.4706781031534
3,29800,1461.4706781031534
3,29900,1461.4706781031534
3,30000,1461.4706781031534
3,30100,1461.4706781031534
3,30200,1461.4706781031534
3,30300,1461.4706781031534
3,30400,1461.4706781031534
3,30500,1461.4706781031534
3,30600,1461.4706781031534
3,30700,1461.4706781031534
3,30800,1461.4706781031534
3,30900,1461.4706781031534
3,31000,1461.4706781031534
3,31100,1461.4706781031534
3,31200,1461.4706781031534
3,31300,1461.4706781031534
3,31400,1461.4706781031534
3,31500,1461.4706781031534
3,31600,1461.4706781031534
3,31700,1461.4706781031534
3,31800,1461.4706781031534
3,31900,1461.4706781031534
3,32000,1461.4706781031534
3,32100,1461.4706781031534
3,32200,1461.4706781031534
3,32300,1461.4706781031534
3,32400,1461.4706781031534
3,32500,1461.4706781031534
3,32600,1461.4706781031534
3,32700,1461.4706781031534
3,32800,1461.4706781031534
3,32900,1461.4706781031534
3,33000,1461.4706781031534
3,33100,1461.4706781031534
3,33200,1461.4706781031534
3,33300,1461.4706781031534
3,33400,1461.4706781031534
3,33500,1461.4706781031534
3,33600,1461.4706781031534
3,33700,1461.4706781031534
3,33800,1461.4706781031534
3,33900,1461.4706781031534
3,34000,1461.4706781031534
3,34100,1461.4706781031534
3,34200,1461.4706781031534
3,34300,1461.4706781031534
3,34400,1461.4706781031534
3,34500,1461.4706781031534
3,34600,1461.4706781031534
3,34700,1461.4706781031534
3,34800,1461.4706781031534
3,34900,1461.4706781031534
3,35000,1461.4706781031534
3,35100,1461.4706781031534
3,35200,1461.4706781031534
3,35300,1461.4706781031534
3,35400,1461.4706781031534
3,35500,1461.4706781031534
3,35600,1461.4706781031534
3,35700,1461.4706781031534
3,35800,1461.4706781031534
3,35900,1461.4706781031534
3,36000,1461.4706781031534
3,36100,1461.4706781031534
3,36200,1461.4706781031534
3,36300,1461.4706781031534
3,36400,1461.4706781031534
3,36500,1461.4706781031534
3,36600,1461.4706781031534
3,36700,1461.4706781031534
3,36800,1461.4706781031534
3,36900,1461.4706781031534
3,37000,1461.4706781031534
3,37100,1461.4706781031534
3,37200,1461.4706781031534
3,37300,1461.4706781031534
3,37400,1461.4706781031534
3,37500,1461.4706781031534
3,37600,1461.4706781031534
3,37700,1461.4706781031534
3,37800,1461.4706781031534
3,37900,1461.4706781031534
3,38000,1461.4706781031534
3,38100,1461.4706781031534
3,38200,1461.4706781031534
3,38300,1461.4706781031534
3,38400,1461.4706781031534
3,38500,1461.4706781031534
3,38600,1461.4706781031534
3,38700,1461.4706781031534
3,38800,1461.4706781031534
3,38900,1461.4706781031534
3,39000,1461.4706781031534
3,39100,1461.4706781031534
3,39200,1461.4706781031534
3,39300,1461.4706781031534
3,39400,1461.4706781031534
3,39500,1461.4706781031534
3,39600,1461.4706781031534
3,39700,1461.4706781031534
3,39800,1461.4706781031534
3,39900,1461.4706781031534
3,40000,1461.4706781031534
3,40100,1461.4706781031534
3,40200,1461.4706781031534
3,40300,1461.4706781031534
3,40400,1461.4706781031534
3,40500,1461.4706781031534
3,40600,1461.4706781031534
3,40700,1461.4706781031534
3,40800,1461.4706781031534
3,40900,1461.4706781031534
3,41000,1461.4706781031534
3,41100,1461.4706781031534
3,41200,1461.4706781031534
3,41300,1461.4706781031534
3,41400,1461.4706781031534
3,41500,1461.4706781031534
3,41600,1461.4706781031534
3,41700,1461.4706781031534
3,41800,1461.4706781031534
3,41900,1461.4706781031534
3,42000,1461.4706781031534
3,42100,1461.4706781031534
3,42200,1461.4706781031534
3,42300,1461.4706781031534
3,42400,1461.4706781031534
3,42500,1461.4706781031534
3,42600,1461.4706781031534
3,42700,1461.4706781031534
3,42800,1461.4706781031534
3,42900,1461.4706781031534
3,43000,1461.4706781031534
3,43100,1461.4706781031534
3,43200,1461.4706781031534
3,43300,1461.4706781031534
3,43400,1461.4706781031534
3,43500,1461.4706781031534
3,43600,1461.4706781031534
3,43700,1461.4706781031534
3,43800,1461.4706781031534
3,43900,1461.4706781031534
3,44000,1461.4706781031534
3,44100,1461.4706781031534
3,44200,1461.4706781031534
3,44300,1461.4706781031534
3,44400,1461.4706781031534
3,44500,1461.4706781031534
3,44600,1461.4706781031534
3,44700,1461.4706781031534
3,44800,1461.4706781031534
3,44900,1461.4706781031534
3,45000,1461.4706781031534
3,45100,1461.4706781031534
3,45200,1461.4706781031534
3,45300,1461.4706781031534
3,45400,1461.4706781031534
3,45500,1461.4706781031534
3,45600,1461.4706781031534
3,45700,1461.4706781031534
3,45800,1461.4706781031534
3,45900,1461.4706781031534
3,46000,1461.4706781031534
3,46100,1461.4706781031534
3,46200,1461.4706781031534
3,46300,1461.4706781031534
3,46400,1461.4706781031534
3,46500,1461.4706781031534
3,46600,1461.4706781031534
3,46700,1461.4706781031534
3,46800,1461.4706781031534
3,46900,1461.4706781031534
3,47000,1461.4706781031534
3,47100,1461.4706781031534
3,47200,1461.4706781031534
3,47300,1461.4706781031534
3,47400,1461.4706781031534
3,47500,1461.4706781031534
3,47600,1461.4706781031534
3,47700,1461.4706781031534
3,47800,1461.4706781031534
3,47900,1461.4706781031534
3,48000,1461.4706781031534
3,48100,1461.4706781031534
3,48200,1461.4706781031534
3,48300,1461.4706781031534
3,48400,1461.4706781031534
3,48500,1461.4706781031534
3,48600,1461.4706781031534
3,48700,1461.4706781031534
3,48800,1461.4706781031534
3,48900,1461.4706781031534
3,49000,1461.4706781031534
3,49100,1461.4706781031534
3,49200,1461.4706781031534
3,49300,1461.4706781031534
3,49400,1461.4706781031534
3,49500,1461.4706781031534
3,49600,1461.4706781031534
3,49700,1461.4706781031534
3,49800,1461.4706781031534
3,49900,1461.4706781031534
3,50000,1461.4706781031534
4,200,2485.910348878968
4,300,2485.910348878968
4,400,2485.910348878968
4,500,2485.910348878968
4,600,2485.910348878968
4,700,2389.5987914429375
4,800,2389.5987914429375
4,900,2389.5987914429375
4,1000,2389.5987914429375
4,1100,2351.7596309613555
4,1200,2351.7596309613555
4,1300,2351.7596309613555
4,1400,2327.69107568045
4,1500,2327.69107568045
4,1600,2327.69107568045
4,1700,2327.69107568045
4,1800,2327.69107568045
4,1900,2327.69107568045
4,2000,2326.763181883707
4,2100,2326.763181883707
4,2200,2326.763181883707
4,2300,2326.763181883707
4,2400,2287.0966379582514
4,2500,2287.0966379582514
4,2600,2287.0966379582514
4,2700,2287.0966379582514
4,2800,2287.0966379582514
4,2900,2278.369406350995
4,3000,2278.369406350995
4,3100,2278.369406350995
4,3200,2278.369406350995
4,3300,2278.369406350995
4,3400,2278.369406350995
4,3500,2278.369406350995
4,3600,2278.369406350995
4,3700,2275.5373391899584
4,3800,2275.5373391899584
4,3900,2275.5373391899584
4,4000,2275.5373391899584
4,4100,2275.5373391899584
4,4200,2275.5373391899584
4,4300,2275.5373391899584
4,4400,2275.5373391899584
4,4500,2275.5373391899584
4,4600,2275.5373391899584
4,4700,2275.5373391899584
4,4800,2275.5373391899584
4,4900,2275.5373391899584
4,5000,2275.5373391899584
4,5100,2275.5373391899584
4,5200,2271.212003286278
4,5300,2271.212003286278
4,5400,2231.5198977213504
4,5500,2185.6786390805123
4,5600,2185.6786390805123
4,5700,2185.6786390805123
4,5800,2185.6786390805123
4,5900,2185.6786390805123
4,6000,2185.6786390805123
4,6100,2120.0251257950235
4,6200,2120.0251257950235
4,6300,2120.0251257950235
4,6400,2120.0251257950235
4,6500,2120.0251257950235
4,6600,2120.0251257950235
4,6700,2120.0251257950235
4,6800,2120.0251257950235
4,6900,2120.0251257950235
4,7000,2120.0251257950235
4,7100,2120.0251257950235
4,7200,2120.0251257950235
4,7300,2120.0251257950235
4,7400,2120.0251257950235
4,7500,2120.0251257950235
4,7600,2120.0251257950235
4,7700,2120.0251257950235
4,7800,2120.0251257950235
4,7900,2120.0251257950235
4,8000,2103.929139112742
4,8100,2103.929139112742
4,8200,2090.327275324957
4,8300,2090.327275324957
4,8400,2090.327275324957
4,8500,2090.327275324957
4,8600,2090.327275324957
4,8700,2027.588746286427
4,8800,2027.588746286427
4,8900,2027.588746286427
4,9000,2027.588746286427
4,9100,2027.588746286427
4,9200,2027.588746286427
4,9300,2027.588746286427
4,9400,2027.588746286427
4,9500,2027.588746286427
4,9600,2027.588746286427
4,9700,2027.588746286427
4,9800,2027.588746286427
4,9900,2027.588746286427
4,10000,2027.588746286427
4,10100,2027.588746286427
4,10200,2027.588746286427
4,10300,2027.588746286427
4,10400,2027.588746286427
4,10500,2014.9746563896013
4,10600,2014.9746563896013
4,10700,2014.9746563896013
4,10800,2014.9746563896013
4,10900,2014.9746563896013
4,11000,2014.9746563896013
4,11100,2014.9746563896013
4,11200,1994.3414448274477
4,11300,1994.3414448274477
4,11400,1994.3414448274477
4,11500,1994.3414448274477
4,11600,1994.3414448274477
4,11700,1988.3946073771572
4,11800,1988.3946073771572
4,11900,1988.3946073771572
4,12000,1988.3946073771572
4,12100,1988.3946073771572
4,12200,1966.6875227587354
4,12300,1966.6875227587354
4,12400,1950.1521591183075
4,12500,1950.1521591183075
4,12600,1950.1521591183075
4,12700,1950.1521591183075
4,12800,1922.4882491306369
4,12900,1922.4882491306369
4,13000,1922.4882491306369
4,13100,1922.4882491306369
4,13200,1922.4882491306369
4,13300,1922.4882491306369
4,13400,1922.4882491306369
4,13500,1804.59900488751
4,13600,1804.59900488751
4,13700,1804.59900488751
4,13800,1804.59900488751
4,13900,1804.59900488751
4,14000,1804.59900488751
4,14100,1804.59900488751
4,14200,1804.59900488751
4,14300,1804.59900488751
4,14400,1804.59900488751
4,14500,1802.8525399894704
4,14600,1802.8525399894704
4,14700,1802.8525399894704
4,14800,1802.8525399894704
4,14900,1802.8525399894704
4,15000,1802.8525399894704
4,15100,1802.8525399894704
4,15200,1802.8525399894704
4,15300,1802.8525399894704
4,15400,1797.949347090935
4,15500,1797.949347090935
4,15600,1797.949347090935
4,15700,1775.014050315543
4,15800,1775.014050315543
4,15900,1775.014050315543
4,16000,1772.5520945130831
4,16100,1772.5520945130831
4,16200,1772.5520945130831
4,16300,1772.5520945130831
4,16400,1772.5520945130831
4,16500,1754.3224973726146
4,16600,1754.3224973726146
4,16700,1754.3224973726146
4,16800,1754.3224973726146
4,16900,1726.3865172976211
4,17000,1723.3611195668752
4,17100,1723.3611195668752
4,17200,1723.3611195668752
4,17300,1705.2845311718863
4,17400,1705.2845311718863
4,17500,1705.2845311718863
4,17600,1667.8119776926128
4,17700,1667.8119776926128
4,17800,1632.6792946333298
4,17900,1632.6792946333298
4,18000,1627.0802692483765
4,18100,1627.0802692483765
4,18200,1627.0802692483765
4,18300,1627.0802692483765
4,18400,1627.0802692483765
4,18500,1627.0802692483765
4,18600,1627.0802692483765
4,18700,1627.0802692483765
4,18800,1623.0898068465374
4,18900,1602.9569504139831
4,19000,1602.9569504139831
4,19100,1602.9569504139831
4,19200,1597.3218524664921
4,19300,1597.3218524664921
4,19400,1597.3218524664921
4,19500,1597.3218524664921
4,19600,1594.8141221066005
4,19700,1594.8141221066005
4,19800,1594.8141221066005
4,19900,1594.8141221066005
4,20000,1594.8141221066005
4,20100,1594.8141221066005
4,20200,1594.8141221066005
4,20300,1594.8141221066005
4,20400,1594.8141221066005
4,20500,1594.8141221066005
4,20600,1594.8141221066005
4,20700,1594.8141221066005
4,20800,1594.8141221066005
4,20900,1594.8141221066005
4,21000,1594.8141221066005
4,21100,1594.8141221066005
4,21200,1594.8141221066005
4,21300,1594.8141221066005
4,21400,1594.8141221066005
4,21500,1594.8141221066005
4,21600,1594.8141221066005
4,21700,1594.8141221066005
4,21800,1594.8141221066005
4,21900,1594.8141221066005
4,22000,1594.8141221066005
4,22100,1594.8141221066005
4,22200,1594.8141221066005
4,22300,1594.8141221066005
4,22400,1594.8141221066005
4,22500,1594.8141221066005
4,22600,1594.8141221066005
4,22700,1594.8141221066005
4,22800,1594.8141221066005
4,22900,1594.8141221066005
4,23000,1594.8141221066005
4,23100,1594.8141221066005
4,23200,1594.8141221066005
4,23300,1594.8141221066005
4,23400,1594.8141221066005
4,23500,1594.8141221066005
4,23600,1580.7803390020606
4,23700,1580.7803390020606
4,23800,1580.7803390020606
4,23900,1580.7803390020606
4,24000,1580.7803390020606
4,24100,1580.7803390020606
4,24200,1580.7803390020606
4,24300,1580.7803390020606
4,24400,1580.7803390020606
4,24500,1580.7803390020606
4,24600,1580.7803390020606
4,24700,1580.7803390020606
4,24800,1580.7803390020606
4,24900,1580.7803390020606
4,25000,1580.7803390020606
4,25100,1580.7803390020606
4,25200,1580.7803390020606
4,25300,1580.7803390020606
4,25400,1580.7803390020606
4,25500,1580.7803390020606
4,25600,1580.7803390020606
4,25700,1580.7803390020606
4,25800,1580.7803390020606
4,25900,1580.7803390020606
4,26000,1580.7803390020606
4,26100,1580.7803390020606
4,26200,1580.7803390020606
4,26300,1580.7803390020606
4,26400,1580.7803390020606
4,26500,1580.7803390020606
4,26600,1580.7803390020606
4,26700,1580.7803390020606
4,26800,1580.7803390020606
4,26900,1580.7803390020606
4,27000,1580.7803390020606
4,27100,1580.7803390020606
4,27200,1580.7803390020606
4,27300,1580.7803390020606
4,27400,1580.7803390020606
4,27500,1580.7803390020606
4,27600,1580.7803390020606
4,27700,1580.7803390020606
4,27800,1580.7803390020606
4,27900,1580.7803390020606
4,28000,1580.7803390020606
4,28100,1580.7803390020606
4,28200,1580.7803390020606
4,28300,1580.7803390020606
4,28400,1580.7803390020606
4,28500,1580.7803390020606
4,28600,1580.7803390020606
4,28700,1580.7803390020606
4,28800,1580.7803390020606
4,28900,1580.7803390020606
4,29000,1580.7803390020606
4,29100,1580.7803390020606
4,29200,1580.7803390020606
4,29300,1580.7803390020606
4,29400,1580.7803390020606
4,29500,1580.7803390020606
4,29600,1580.7803390020606
4,29700,1580.7803390020606
4,29800,1580.7803390020606
4,29900,1580.7803390020606
4,30000,1580.7803390020606
4,30100,1580.7803390020606
4,30200,1580.7803390020606
4,30300,1580.7803390020606
4,30400,1580.7803390020606
4,30500,1580.7803390020606
4,30600,1580.7803390020606
4,30700,1580.7803390020606
4,30800,1580.7803390020606
4,30900,1580.7803390020606
4,31000,1580.7803390020606
4,31100,1580.7803390020606
4,31200,1580.7803390020606
4,31300,1580.7803390020606
4,31400,1580.7803390020606
4,31500,1580.7803390020606
4,31600,1580.7803390020606
4,31700,1580.7803390020606
4,31800,1580.7803390020606
4,31900,1580.7803390020606
4,32000,1580.7803390020606
4,32100,1580.7803390020606
4,32200,1580.7803390020606
4,32300,1580.7803390020606
4,32400,1580.7803390020606
4,32500,1580.7803390020606
4,32600,1580.7803390020606
4,32700,1580.7803390020606
4,32800,1580.7803390020606
4,32900,1580.7803390020606
4,33000,1580.7803390020606
4,33100,1580.7803390020606
4,33200,1580.7803390020606
4,33300,1580.7803390020606
4,33400,1580.7803390020606
4,33500,1580.7803390020606
4,33600,1580.7803390020606
4,33700,1580.7803390020606
4,33800,1580.7803390020606
4,33900,1580.7803390020606
4,34000,1580.7803390020606
4,34100,1580.7803390020606
4,34200,1580.7803390020606
4,34300,1580.7803390020606
4,34400,1580.7803390020606
4,34500,1580.7803390020606
4,34600,1580.7803390020606
4,34700,1580.7803390020606
4,34800,1580.7803390020606
4,34900,1580.7803390020606
4,35000,1580.7803390020606
4,35100,1580.7803390020606
4,35200,1580.7803390020606
4,35300,1580.7803390020606
4,35400,1580.7803390020606
4,35500,1580.7803390020606
4,35600,1580.7803390020606
4,35700,1580.7803390020606
4,35800,1580.7803390020606
4,35900,1580.7803390020606
4,36000,1580.7803390020606
4,36100,1580.7803390020606
4,36200,1580.7803390020606
4,36300,1580.7803390020606
4,36400,1580.7803390020606
4,36500,1580.7803390020606
4,36600,1580.7803390020606
4,36700,1580.7803390020606
4,36800,1580.7803390020606
4,36900,1580.7803390020606
4,37000,1580.7803390020606
4,37100,1580.7803390020606
4,37200,1580.7803390020606
4,37300,1580.7803390020606
4,37400,1580.7803390020606
4,37500,1580.7803390020606
4,37600,1580.7803390020606
4,37700,1580.7803390020606
4,37800,1580.7803390020606
4,37900,1580.7803390020606
4,38000,1580.7803390020606
4,38100,1580.7803390020606
4,38200,1580.7803390020606
4,38300,1580.7803390020606
4,38400,1580.7803390020606
4,38500,1580.7803390020606
4,38600,1580.7803390020606
4,38700,1580.7803390020606
4,38800,1580.7803390020606
4,38900,1580.7803390020606
4,39000,1580.7803390020606
4,39100,1580.7803390020606
4,39200,1580.7803390020606
4,39300,1580.7803390020606
4,39400,1580.7803390020606
4,39500,1580.7803390020606
4,39600,1580.7803390020606
4,39700,1580.7803390020606
4,39800,1580.7803390020606
4,39900,1580.7803390020606
4,40000,1580.7803390020606
4,40100,1580.7803390020606
4,40200,1580.7803390020606
4,40300,1580.7803390020606
4,40400,1580.7803390020606
4,40500,1580.7803390020606
4,40600,1580.7803390020606
4,40700,1580.7803390020606
4,40800,1580.7803390020606
4,40900,1580.7803390020606
4,41000,1580.7803390020606
4,41100,1580.7803390020606
4,41200,1580.7803390020606
4,41300,1580.7803390020606
4,41400,1580.7803390020606
4,41500,1580.7803390020606
4,41600,1580.7803390020606
4,41700,1580.7803390020606
4,41800,1580.7803390020606
4,41900,1580.7803390020606
4,42000,1580.7803390020606
4,42100,1580.7803390020606
4,42200,1580.7803390020606
4,42300,1580.7803390020606
4,42400,1580.7803390020606
4,42500,1580.7803390020606
4,42600,1580.7803390020606
4,42700,1580.7803390020606
4,42800,1580.7803390020606
4,42900,1580.7803390020606
4,43000,1580.7803390020606
4,43100,1580.7803390020606
4,43200,1580.7803390020606
4,43300,1580.7803390020606
4,43400,1580.7803390020606
4,43500,1580.7803390020606
4,43600,1580.7803390020606
4,43700,1580.7803390020606
4,43800,1580.7803390020606
4,43900,1580.7803390020606
4,44000,1580.7803390020606
4,44100,1580.7803390020606
4,44200,1580.7803390020606
4,44300,1580.7803390020606
4,44400,1580.7803390020606
4,44500,1580.7803390020606
4,44600,1580.7803390020606
4,44700,1580.7803390020606
4,44800,1580.7803390020606
4,44900,1580.7803390020606
4,45000,1580.7803390020606
4,45100,1580.7803390020606
4,45200,1580.7803390020606
4,45300,1580.7803390020606
4,45400,1580.7803390020606
4,45500,1580.7803390020606
4,45600,1580.7803390020606
4,45700,1580.7803390020606
4,45800,1580.7803390020606
4,45900,1580.7803390020606
4,46000,1580.7803390020606
4,46100,1580.7803390020606
4,46200,1580.7803390020606
4,46300,1580.7803390020606
4,46400,1580.7803390020606
4,46500,1580.7803390020606
4,46600,1580.7803390020606
4,46700,1580.7803390020606
4,46800,1580.7803390020606
4,46900,1580.7803390020606
4,47000,1580.7803390020606
4,47100,1580.7803390020606
4,47200,1580.7803390020606
4,47300,1580.7803390020606
4,47400,1580.7803390020606
4,47500,1580.7803390020606
4,47600,1580.7803390020606
4,47700,1580.7803390020606
4,47800,1580.7803390020606
4,47900,1580.7803390020606
4,48000,1580.7803390020606
4,48100,1580.7803390020606
4,48200,1580.7803390020606
4,48300,1580.7803390020606
4,48400,1580.7803390020606
4,48500,1580.7803390020606
4,48600,1580.7803390020606
4,48700,1580.7803390020606
4,48800,1580.7803390020606
4,48900,1580.7803390020606
4,49000,1580.7803390020606
4,49100,1580.7803390020606
4,49200,1580.7803390020606
4,49300,1580.7803390020606
4,49400,1580.7803390020606
4,49500,1580.7803390020606
4,49600,1580.7803390020606
4,49700,1580.7803390020606
4,49800,1580.7803390020606
4,49900,1580.7803390020606
4,50000,1580.7803390020606
5,200,2543.1768639237566
5,300,2491.080672429706
5,400,2491.080672429706
5,500,2491.080672429706
5,600,2491.080672429706
5,700,2462.449320202395
5,800,2462.449320202395
5,900,2400.8417490713423
5,1000,2400.8417490713423
5,1100,2400.8417490713423
5,1200,2400.8417490713423
5,1300,2400.8417490713423
5,1400,2400.8417490713423
5,1500,2400.8417490713423
5,1600,2400.8417490713423
5,1700,2281.7694205361086
5,1800,2281.7694205361086
5,1900,2281.7694205361086
5,2000,2281.7694205361086
5,2100,2281.7694205361086
5,2200,2281.7694205361086
5,2300,2281.7694205361086
5,2400,2281.7694205361086
5,2500,2281.7694205361086
5,2600,2281.7694205361086
5,2700,2281.7694205361086
5,2800,2267.98509499757
5,2900,2267.98509499757
5,3000,2196.484891999015
5,3100,2196.484891999015
5,3200,2196.484891999015
5,3300,2196.484891999015
5,3400,2196.484891999015
5,3500,2196.484891999015
5,3600,2196.484891999015
5,3700,2175.718982000493
5,3800,2175.718982000493
5,3900,2175.718982000493
5,4000,2175.718982000493
5,4100,2175.718982000493
5,4200,2175.718982000493
5,4300,2175.718982000493
5,4400,2146.7488756997427
5,4500,2146.7488756997427
5,4600,2146.7488756997427
5,4700,2146.7488756997427
5,4800,2146.7488756997427
5,4900,2146.7488756997427
5,5000,2116.9537274476156
5,5100,2116.9537274476156
5,5200,2116.9537274476156
5,5300,2116.9537274476156
5,5400,2116.9537274476156
5,5500,1928.9825316348652
5,5600,1928.9825316348652
5,5700,1928.9825316348652
5,5800,1928.9825316348652
5,5900,1928.9825316348652
5,6000,1928.9825316348652
5,6100,1928.9825316348652
5,6200,1928.9825316348652
5,6300,1928.9825316348652
5,6400,1928.9825316348652
5,6500,1928.9825316348652
5,6600,1928.9825316348652
5,6700,1928.9825316348652
5,6800,1928.9825316348652
5,6900,1928.9825316348652
5,7000,1928.9825316348652
5,7100,1928.9825316348652
5,7200,1928.9825316348652
5,7300,1928.9825316348652
5,7400,1928.9825316348652
5,7500,1928.9825316348652
5,7600,1928.9825316348652
5,7700,1928.9825316348652
5,7800,1928.9825316348652
5,7900,1928.9825316348652
5,8000,1928.9825316348652
5,8100,1928.9825316348652
5,8200,1928.9825316348652
5,8300,1928.9825316348652
5,8400,1928.9825316348652
5,8500,1928.9825316348652
5,8600,1928.9825316348652
5,8700,1928.9825316348652
5,8800,1928.9825316348652
5,8900,1928.9825316348652
5,9000,1928.9825316348652
5,9100,1928.9825316348652
5,9200,1928.9825316348652
5,9300,1928.9825316348652
5,9400,1928.9825316348652
5,9500,1928.9825316348652
5,9600,1928.9825316348652
5,9700,1928.9825316348652
5,9800,1928.9825316348652
5,9900,1928.9825316348652
5,10000,1928.9825316348652
5,10100,1928.9825316348652
5,10200,1928.9825316348652
5,10300,1928.9825316348652
5,10400,1928.9825316348652
5,10500,1928.9825316348652
5,10600,1928.9825316348652
5,10700,1928.9825316348652
5,10800,1928.9825316348652
5,10900,1928.9825316348652
5,11000,1928.9825316348652
5,11100,1928.9825316348652
5,11200,1928.9825316348652
5,11300,1928.9825316348652
5,11400,1916.2148168812919
5,11500,1916.2148168812919
5,11600,1916.2148168812919
5,11700,1916.2148168812919
5,11800,1916.2148168812919
5,11900,1916.2148168812919
5,12000,1916.2148168812919
5,12100,1916.2148168812919
5,12200,1916.2148168812919
5,12300,1916.2148168812919
5,12400,1916.2148168812919
5,12500,1903.7807233151243
5,12600,1903.7807233151243
5,12700,1852.2295685437398
5,12800,1852.2295685437398
5,12900,1846.2586074520227
5,13000,1800.4146161769631
5,13100,1800.4146161769631
5,13200,1800.4146161769631
5,13300,1800.4146161769631
5,13400,1800.4146161769631
5,13500,1800.4146161769631
5,13600,1800.4146161769631
5,13700,1800.4146161769631
5,13800,1800.4146161769631
5,13900,1800.4146161769631
5,14000,1800.4146161769631
5,14100,1800.4146161769631
5,14200,1800.4146161769631
5,14300,1800.4146161769631
5,14400,1800.4146161769631
5,14500,1800.4146161769631
5,14600,1800.4146161769631
5,14700,1800.4146161769631
5,14800,1800.4146161769631
5,14900,1800.4146161769631
5,15000,1800.4146161769631
5,15100,1800.4146161769631
5,15200,1800.4146161769631
5,15300,1800.4146161769631
5,15400,1800.4146161769631
5,15500,1800.4146161769631
5,15600,1800.4146161769631
5,15700,1800.4146161769631
5,15800,1800.4146161769631
5,15900,1800.4146161769631
5,16000,1800.4146161769631
5,16100,1800.4146161769631
5,16200,1800.4146161769631
5,16300,1785.2929467693261
5,16400,1782.9553099377072
5,16500,1782.9553099377072
5,16600,1782.9553099377072
5,16700,1782.9553099377072
5,16800,1782.9553099377072
5,16900,1782.9553099377072
5,17000,1782.9553099377072
5,17100,1782.9553099377072
5,17200,1782.9553099377072
5,17300,1782.9553099377072
5,17400,1782.9553099377072
5,17500,1782.0125908187583
5,17600,1773.8342698873662
5,17700,1773.8342698873662
5,17800,1773.8342698873662
5,17900,1764.5532845795028
5,18000,1764.5532845795028
5,18100,1764.5532845795028
5,18200,1764.5532845795028
5,18300,1764.5532845795028
5,18400,1764.5532845795028
5,18500,1755.4322445291618
5,18600,1755.4322445291618
5,18700,1755.4322445291618
5,18800,1755.4322445291618
5,18900,1755.4322445291618
5,19000,1755.4322445291618
5,19100,1755.4322445291618
5,19200,1755.4322445291618
5,19300,1755.4322445291618
5,19400,1743.6671143095164
5,19500,1743.6671143095164
5,19600,1743.6671143095164
5,19700,1743.6671143095164
5,19800,1743.6671143095164
5,19900,1743.6671143095164
5,20000,1743.6671143095164
5,20100,1743.6671143095164
5,20200,1743.6671143095164
5,20300,1743.6671143095164
5,20400,1743.6671143095164
5,20500,1743.6671143095164
5,20600,1743.6671143095164
5,20700,1743.6671143095164
5,20800,1743.6671143095164
5,20900,1743.6671143095164
5,21000,1741.1962233036115
5,21100,1741.1962233036115
5,21200,1728.375659533508
5,21300,1728.375659533508
5,21400,1722.7941979454067
5,21500,1722.7941979454067
5,21600,1722.7941979454067
5,21700,1722.7941979454067
5,21800,1722.7941979454067
5,21900,1722.7941979454067
5,22000,1722.7941979454067
5,22100,1722.7941979454067
5,22200,1722.7941979454067
5,22300,1722.7941979454067
5,22400,1722.7941979454067
5,22500,1722.7941979454067
5,22600,1722.7941979454067
5,22700,1722.7941979454067
5,22800,1722.7941979454067
5,22900,1722.7941979454067
5,23000,1722.7941979454067
5,23100,1722.7941979454067
5,23200,1722.7941979454067
5,23300,1722.7941979454067
5,23400,1722.7941979454067
5,23500,1722.7941979454067
5,23600,1722.7941979454067
5,23700,1722.7941979454067
5,23800,1722.7941979454067
5,23900,1722.7941979454067
5,24000,1722.7941979454067
5,24100,1722.7941979454067
5,24200,1722.7941979454067
5,24300,1722.7941979454067
5,24400,1722.7941979454067
5,24500,1722.7941979454067
5,24600,1722.7941979454067
5,24700,1722.7941979454067
5,24800,1722.7941979454067
5,24900,1722.7941979454067
5,25000,1722.7941979454067
5,25100,1722.7941979454067
5,25200,1722.7941979454067
5,25300,1722.7941979454067
5,25400,1722.7941979454067
5,25500,1722.7941979454067
5,25600,1722.7941979454067
5,25700,1722.7941979454067
5,25800,1722.7941979454067
5,25900,1722.7941979454067
5,26000,1722.7941979454067
5,26100,1722.7941979454067
5,26200,1722.7941979454067
5,26300,1722.7941979454067
5,26400,1722.7941979454067
5,26500,1722.7941979454067
5,26600,1722.7941979454067
5,26700,1722.7941979454067
5,26800,1722.7941979454067
5,26900,1722.7941979454067
5,27000,1722.7941979454067
5,27100,1722.7941979454067
5,27200,1722.7941979454067
5,27300,1722.7941979454067
5,27400,1722.7941979454067
5,27500,1722.7941979454067
5,27600,1722.7941979454067
5,27700,1722.7941979454067
5,27800,1722.7941979454067
5,27900,1722.7941979454067
5,28000,1722.7941979454067
5,28100,1722.7941979454067
5,28200,1722.7941979454067
5,28300,1722.7941979454067
5,28400,1722.7941979454067
5,28500,1722.7941979454067
5,28600,1722.7941979454067
5,28700,1722.7941979454067
5,28800,1722.7941979454067
5,28900,1722.7941979454067
5,29000,1722.7941979454067
5,29100,1722.7941979454067
5,29200,1722.7941979454067
5,29300,1722.7941979454067
5,29400,1722.7941979454067
5,29500,1722.7941979454067
5,29600,1722.7941979454067
5,29700,1722.7941979454067
5,29800,1722.7941979454067
5,29900,1722.7941979454067
5,30000,1722.7941979454067
5,30100,1722.7941979454067
5,30200,1722.7941979454067
5,30300,1722.7941979454067
5,30400,1722.7941979454067
5,30500,1722.7941979454067
5,30600,1722.7941979454067
5,30700,1722.7941979454067
5,30800,1722.7941979454067
5,30900,1722.7941979454067
5,31000,1722.7941979454067
5,31100,1722.7941979454067
5,31200,1722.7941979454067
5,31300,1722.7941979454067
5,31400,1722.7941979454067
5,31500,1722.7941979454067
5,31600,1722.7941979454067
5,31700,1722.7941979454067
5,31800,1722.7941979454067
5,31900,1722.7941979454067
5,32000,1722.7941979454067
5,32100,1722.7941979454067
5,32200,1722.7941979454067
5,32300,1722.7941979454067
5,32400,1722.7941979454067
5,32500,1722.7941979454067
5,32600,1722.7941979454067
5,32700,1722.7941979454067
5,32800,1722.7941979454067
5,32900,1722.7941979454067
5,33000,1722.7941979454067
5,33100,1716.4792827790966
5,33200,1716.4792827790966
5,33300,1716.4792827790966
5,33400,1716.4792827790966
5,33500,1716.4792827790966
5,33600,1716.4792827790966
5,33700,1716.4792827790966
5,33800,1716.4792827790966
5,33900,1716.4792827790966
5,34000,1716.4792827790966
5,34100,1716.4792827790966
5,34200,1716.4792827790966
5,34300,1716.4792827790966
5,34400,1716.4792827790966
5,34500,1716.4792827790966
5,34600,1716.4792827790966
5,34700,1716.4792827790966
5,34800,1716.4792827790966
5,34900,1716.4792827790966
5,35000,1716.4792827790966
5,35100,1716.4792827790966
5,35200,1716.4792827790966
5,35300,1716.4792827790966
5,35400,1716.4792827790966
5,35500,1716.4792827790966
5,35600,1716.4792827790966
5,35700,1716.4792827790966
5,35800,1716.4792827790966
5,35900,1716.4792827790966
5,36000,1716.4792827790966
5,36100,1716.4792827790966
5,36200,1716.4792827790966
5,36300,1716.4792827790966
5,36400,1716.4792827790966
5,36500,1716.4792827790966
5,36600,1716.4792827790966
5,36700,1716.4792827790966
5,36800,1716.4792827790966
5,36900,1716.4792827790966
5,37000,1716.4792827790966
5,37100,1716.4792827790966
5,37200,1716.4792827790966
5,37300,1716.4792827790966
5,37400,1716.4792827790966
5,37500,1716.4792827790966
5,37600,1716.4792827790966
5,37700,1716.4792827790966
5,37800,1716.4792827790966
5,37900,1716.4792827790966
5,38000,1716.4792827790966
5,38100,1716.4792827790966
5,38200,1716.4792827790966
5,38300,1716.4792827790966
5,38400,1716.4792827790966
5,38500,1716.4792827790966
5,38600,1716.4792827790966
5,38700,1716.4792827790966
5,38800,1716.4792827790966
5,38900,1716.4792827790966
5,39000,1716.4792827790966
5,39100,1716.4792827790966
5,39200,1716.4792827790966
5,39300,1716.4792827790966
5,39400,1716.4792827790966
5,39500,1716.4792827790966
5,39600,1716.4792827790966
5,39700,1716.4792827790966
5,39800,1716.4792827790966
5,39900,1716.4792827790966
5,40000,1716.4792827790966
5,40100,1716.4792827790966
5,40200,1716.4792827790966
5,40300,1716.4792827790966
5,40400,1716.4792827790966
5,40500,1716.4792827790966
5,40600,1716.4792827790966
5,40700,1716.4792827790966
5,40800,1716.4792827790966
5,40900,1716.4792827790966
5,41000,1716.4792827790966
5,41100,1716.4792827790966
5,41200,1716.4792827790966
5,41300,1716.4792827790966
5,41400,1716.4792827790966
5,41500,1716.4792827790966
5,41600,1716.4792827790966
5,41700,1716.4792827790966
5,41800,1716.4792827790966
5,41900,1716.4792827790966
5,42000,1716.4792827790966
5,42100,1716.4792827790966
5,42200,1716.4792827790966
5,42300,1716.4792827790966
5,42400,1716.4792827790966
5,42500,1716.4792827790966
5,42600,1716.4792827790966
5,42700,1716.4792827790966
5,42800,1716.4792827790966
5,42900,1716.4792827790966
5,43000,1716.4792827790966
5,43100,1716.4792827790966
5,43200,1716.4792827790966
5,43300,1716.4792827790966
5,43400,1716.4792827790966
5,43500,1716.4792827790966
5,43600,1716.4792827790966
5,43700,1716.4792827790966
5,43800,1716.4792827790966
5,43900,1716.4792827790966
5,44000,1716.4792827790966
5,44100,1716.4792827790966
5,44200,1716.4792827790966
5,44300,1716.4792827790966
5,44400,1716.4792827790966
5,44500,1716.4792827790966
5,44600,1716.4792827790966
5,44700,1716.4792827790966
5,44800,1716.4792827790966
5,44900,1716.4792827790966
5,45000,1716.4792827790966
5,45100,1716.4792827790966
5,45200,1716.4792827790966
5,45300,1716.4792827790966
5,45400,1716.4792827790966
5,45500,1716.4792827790966
5,45600,1716.4792827790966
5,45700,1716.4792827790966
5,45800,1716.4792827790966
5,45900,1716.4792827790966
5,46000,1716.4792827790966
5,46100,1716.4792827790966
5,46200,1716.4792827790966
5,46300,1716.4792827790966
5,46400,1716.4792827790966
5,46500,1716.4792827790966
5,46600,1716.4792827790966
5,46700,1716.4792827790966
5,46800,1716.4792827790966
5,46900,1716.4792827790966
5,47000,1716.4792827790966
5,47100,1716.4792827790966
5,47200,1716.4792827790966
5,47300,1716.4792827790966
5,47400,1716.4792827790966
5,47500,1716.4792827790966
5,47600,1716.4792827790966
5,47700,1716.4792827790966
5,47800,1716.4792827790966
5,47900,1716.4792827790966
5,48000,1716.4792827790966
5,48100,1716.4792827790966
5,48200,1716.4792827790966
5,48300,1716.4792827790966
5,48400,1716.4792827790966
5,48500,1716.4792827790966
5,48600,1716.4792827790966
5,48700,1716.4792827790966
5,48800,1716.4792827790966
5,48900,1716.4792827790966
5,49000,1716.4792827790966
5,49100,1716.4792827790966
5,49200,1716.4792827790966
5,49300,1716.4792827790966
5,49400,1716.4792827790966
5,49500,1716.4792827790966
5,49600,1716.4792827790966
5,49700,1716.4792827790966
5,49800,1716.4792827790966
5,49900,1716.4792827790966
5,50000,1716.4792827790966
6,200,2492.9163854996896
6,300,2492.9163854996896
6,400,2492.9163854996896
6,500,2492.9163854996896
6,600,2492.9163854996896
6,700,2462.233834088938
6,800,2462.233834088938
6,900,2462.233834088938
6,1000,2462.233834088938
6,1100,2462.233834088938
6,1200,2462.233834088938
6,1300,2462.233834088938
6,1400,2462.233834088938
6,1500,2462.233834088938
6,1600,2462.233834088938
6,1700,2462.233834088938
6,1800,2462.233834088938
6,1900,2462.233834088938
6,2000,2462.233834088938
6,2100,2462.233834088938
6,2200,2462.233834088938
6,2300,2462.233834088938
6,2400,2462.233834088938
6,2500,2462.233834088938
6,2600,2329.4457843868163
6,2700,2329.4457843868163
6,2800,2329.4457843868163
6,2900,2329.4457843868163
6,3000,2329.4457843868163
6,3100,2329.4457843868163
6,3200,2329.4457843868163
6,3300,2329.4457843868163
6,3400,2329.4457843868163
6,3500,2329.4457843868163
6,3600,2329.4457843868163
6,3700,2329.4457843868163
6,3800,2329.4457843868163
6,3900,2329.4457843868163
6,4000,2329.4457843868163
6,4100,2329.4457843868163
6,4200,2329.4457843868163
6,4300,2329.4457843868163
6,4400,2329.4457843868163
6,4500,2329.4457843868163
6,4600,2329.4457843868163
6,4700,2329.4457843868163
6,4800,2329.4457843868163
6,4900,2329.4457843868163
6,5000,2243.5746208391056
6,5100,2243.5746208391056
6,5200,2243.5746208391056
6,5300,2243.5746208391056
6,5400,2243.5746208391056
6,5500,2243.5746208391056
6,5600,2243.5746208391056
6,5700,2243.5746208391056
6,5800,2243.5746208391056
6,5900,2243.5746208391056
6,6000,2243.5746208391056
6,6100,2243.5746208391056
6,6200,2243.5746208391056
6,6300,2243.5746208391056
6,6400,2243.5746208391056
6,6500,2243.5746208391056
6,6600,2243.5746208391056
6,6700,2243.5746208391056
6,6800,2193.529909192655
6,6900,2159.324053853521
6,7000,2159.324053853521
6,7100,2159.324053853521
6,7200,2159.324053853521
6,7300,2159.324053853521
6,7400,2159.324053853521
6,7500,2159.324053853521
6,7600,2159.324053853521
6,7700,2159.324053853521
6,7800,2159.324053853521
6,7900,2159.324053853521
6,8000,2159.324053853521
6,8100,2159.324053853521
6,8200,2159.324053853521
6,8300,2159.324053853521
6,8400,2159.324053853521
6,8500,2159.324053853521
6,8600,2159.324053853521
6,8700,2159.324053853521
6,8800,2159.324053853521
6,8900,2159.324053853521
6,9000,2159.324053853521
6,9100,2159.324053853521
6,9200,2159.324053853521
6,9300,2159.324053853521
6,9400,2159.324053853521
6,9500,2159.324053853521
6,9600,2159.324053853521
6,9700,2159.324053853521
6,9800,2159.324053853521
6,9900,2159.324053853521
6,10000,2159.324053853521
6,10100,2159.324053853521
6,10200,2159.324053853521
6,10300,2159.324053853521
6,10400,2076.3737283441947
6,10500,2076.3737283441947
6,10600,2076.3737283441947
6,10700,2076.3737283441947
6,10800,2076.3737283441947
6,10900,2069.708850514224
6,11000,2069.708850514224
6,11100,2069.708850514224
6,11200,2069.708850514224
6,11300,2069.708850514224
6,11400,2069.708850514224
6,11500,2069.708850514224
6,11600,2069.708850514224
6,11700,2069.708850514224
6,11800,2069.708850514224
6,11900,2069.708850514224
6,12000,2069.708850514224
6,12100,2069.708850514224
6,12200,2069.708850514224
6,12300,2060.1948643828837
6,12400,2060.1948643828837
6,12500,2060.1948643828837
6,12600,2060.1948643828837
6,12700,2060.1948643828837
6,12800,1980.8593569059017
6,12900,1980.8593569059017
6,13000,1980.8593569059017
6,13100,1980.8593569059017
6,13200,1980.8593569059017
6,13300,1980.8593569059017
6,13400,1980.8593569059017
6,13500,1980.8593569059017
6,13600,1980.8593569059017
6,13700,1980.8593569059017
6,13800,1980.8593569059017
6,13900,1980.8593569059017
6,14000,1980.8593569059017
6,14100,1980.8593569059017
6,14200,1945.0378016681177
6,14300,1945.0378016681177
6,14400,1945.0378016681177
6,14500,1945.0378016681177
6,14600,1945.0378016681177
6,14700,1945.0378016681177
6,14800,1945.0378016681177
6,14900,1945.0378016681177
6,15000,1945.0378016681177
6,15100,1945.0378016681177
6,15200,1945.0378016681177
6,15300,1945.0378016681177
6,15400,1941.1105730315014
6,15500,1901.620484020073
6,15600,1901.620484020073
6,15700,1901.620484020073
6,15800,1901.620484020073
6,15900,1901.620484020073
6,16000,1901.620484020073
6,16100,1901.620484020073
6,16200,1901.620484020073
6,16300,1901.620484020073
6,16400,1901.620484020073
6,16500,1901.620484020073
6,16600,1901.620484020073
6,16700,1901.620484020073
6,16800,1893.9420942936943
6,16900,1884.5260165678162
6,17000,1884.5260165678162
6,17100,1884.5260165678162
6,17200,1875.3222253067318
6,17300,1875.3222253067318
6,17400,1875.3222253067318
6,17500,1875.3222253067318
6,17600,1875.3222253067318
6,17700,1875.3222253067318
6,17800,1875.3222253067318
6,17900,1875.3222253067318
6,18000,1875.3222253067318
6,18100,1847.774750020514
6,18200,1847.774750020514
6,18300,1847.774750020514
6,18400,1847.774750020514
6,18500,1847.774750020514
6,18600,1838.4966611873836
6,18700,1838.4966611873836
6,18800,1838.4966611873836
6,18900,1828.3037565522409
6,19000,1828.3037565522409
6,19100,1828.3037565522409
6,19200,1828.3037565522409
6,19300,1802.4651508651018
6,19400,1802.4651508651018
6,19500,1754.7329049754628
6,19600,1721.9588185256182
6,19700,1721.9588185256182
6,19800,1721.9588185256182
6,19900,1721.9588185256182
6,20000,1721.9588185256182
6,20100,1721.9588185256182
6,20200,1721.535530595492
6,20300,1714.1111570215223
6,20400,1714.1111570215223
6,20500,1704.724582731026
6,20600,1704.724582731026
6,20700,1704.724582731026
6,20800,1704.724582731026
6,20900,1704.724582731026
6,21000,1699.9867825157924
6,21100,1697.4505177049093
6,21200,1688.3609898730508
6,21300,1685.251128584189
6,21400,1685.251128584189
6,21500,1685.251128584189
6,21600,1678.938592394124
6,21700,1678.938592394124
6,21800,1678.938592394124
6,21900,1665.4978815405993
6,22000,1665.4978815405993
6,22100,1665.4978815405993
6,22200,1665.4978815405993
6,22300,1665.4978815405993
6,22400,1665.4978815405993
6,22500,1665.4978815405993
6,22600,1665.4978815405993
6,22700,1665.4978815405993
6,22800,1665.4978815405993
6,22900,1665.4978815405993
6,23000,1651.6338827569487
6,23100,1651.6338827569487
6,23200,1636.1532206124991
6,23300,1636.1532206124991
6,23400,1636.1532206124991
6,23500,1625.17452303515
6,23600,1611.243965737477
6,23700,1611.243965737477
6,23800,1611.243965737477
6,23900,1611.243965737477
6,24000,1611.243965737477
6,24100,1611.243965737477
6,24200,1611.243965737477
6,24300,1611.243965737477
6,24400,1611.243965737477
6,24500,1611.243965737477
6,24600,1611.243965737477
6,24700,1603.366839994046
6,24800,1603.366839994046
6,24900,1603.366839994046
6,25000,1603.366839994046
6,25100,1603.366839994046
6,25200,1603.366839994046
6,25300,1603.366839994046
6,25400,1602.575921089165
6,25500,1602.575921089165
6,25600,1602.575921089165
6,25700,1602.575921089165
6,25800,1602.575921089165
6,25900,1602.575921089165
6,26000,1602.575921089165
6,26100,1602.575921089165
6,26200,1602.575921089165
6,26300,1602.575921089165
6,26400,1602.575921089165
6,26500,1602.575921089165
6,26600,1602.575921089165
6,26700,1602.575921089165
6,26800,1602.575921089165
6,26900,1602.575921089165
6,27000,1602.575921089165
6,27100,1602.575921089165
6,27200,1602.575921089165
6,27300,1602.575921089165
6,27400,1602.575921089165
6,27500,1602.575921089165
6,27600,1595.9581472584446
6,27700,1595.9581472584446
6,27800,1595.1672283535636
6,27900,1595.0969379561714
6,28000,1595.0969379561714
6,28100,1595.0969379561714
6,28200,1595.0969379561714
6,28300,1595.0969379561714
6,28400,1595.0969379561714
6,28500,1595.0969379561714
6,28600,1595.0969379561714
6,28700,1595.0969379561714
6,28800,1595.0969379561714
6,28900,1595.0969379561714
6,29000,1595.0969379561714
6,29100,1595.0969379561714
6,29200,1595.0969379561714
6,29300,1595.0969379561714
6,29400,1595.0969379561714
6,29500,1595.0969379561714
6,29600,1595.0969379561714
6,29700,1595.0969379561714
6,29800,1595.0969379561714
6,29900,1595.0969379561714
6,30000,1595.0969379561714
6,30100,1595.0969379561714
6,30200,1595.0969379561714
6,30300,1595.0969379561714
6,30400,1595.0969379561714
6,30500,1595.0969379561714
6,30600,1595.0969379561714
6,30700,1595.0969379561714
6,30800,1595.0969379561714
6,30900,1595.0969379561714
6,31000,1595.0969379561714
6,31100,1595.0969379561714
6,31200,1595.0969379561714
6,31300,1595.0969379561714
6,31400,1595.0969379561714
6,31500,1595.0969379561714
6,31600,1595.0969379561714
6,31700,1595.0969379561714
6,31800,1595.0969379561714
6,31900,1595.0969379561714
6,32000,1595.0969379561714
6,32100,1595.0969379561714
6,32200,1595.0969379561714
6,32300,1595.0969379561714
6,32400,1595.0969379561714
6,32500,1595.0969379561714
6,32600,1582.1525747136484
6,32700,1564.358094216719
6,32800,1564.358094216719
6,32900,1558.5718033573128
6,33000,1558.5718033573128
6,33100,1558.5718033573128
6,33200,1558.5718033573128
6,33300,1558.5718033573128
6,33400,1558.5718033573128
6,33500,1558.5718033573128
6,33600,1558.5718033573128
6,33700,1558.5718033573128
6,33800,1553.374100415961
6,33900,1550.5228960659495
6,34000,1550.5228960659495
6,34100,1550.5228960659495
6,34200,1550.5228960659495
6,34300,1550.5228960659495
6,34400,1550.5228960659495
6,34500,1550.5228960659495
6,34600,1550.5228960659495
6,34700,1550.5228960659495
6,34800,1550.5228960659495
6,34900,1550.5228960659495
6,35000,1550.5228960659495
6,35100,1550.5228960659495
6,35200,1550.5228960659495
6,35300,1550.5228960659495
6,35400,1506.5283090520954
6,35500,1506.5283090520954
6,35600,1505.7373901472145
6,35700,1505.7373901472145
6,35800,1502.886185797203
6,35900,1502.886185797203
6,36000,1502.886185797203
6,36100,1502.886185797203
6,36200,1502.886185797203
6,36300,1502.886185797203
6,36400,1502.886185797203
6,36500,1502.886185797203
6,36600,1502.886185797203
6,36700,1502.886185797203
6,36800,1502.886185797203
6,36900,1502.886185797203
6,37000,1502.886185797203
6,37100,1502.886185797203
6,37200,1502.886185797203
6,37300,1502.886185797203
6,37400,1502.886185797203
6,37500,1502.886185797203
6,37600,1502.886185797203
6,37700,1502.886185797203
6,37800,1502.886185797203
6,37900,1502.886185797203
6,38000,1502.886185797203
6,38100,1502.886185797203
6,38200,1502.886185797203
6,38300,1502.886185797203
6,38400,1502.886185797203
6,38500,1502.886185797203
6,38600,1502.886185797203
6,38700,1502.886185797203
6,38800,1502.886185797203
6,38900,1502.886185797203
6,39000,1502.886185797203
6,39100,1502.886185797203
6,39200,1502.886185797203
6,39300,1502.886185797203
6,39400,1502.886185797203
6,39500,1502.886185797203
6,39600,1502.886185797203
6,39700,1481.4051414505918
6,39800,1481.4051414505918
6,39900,1481.4051414505918
6,40000,1481.4051414505918
6,40100,1481.4051414505918
6,40200,1481.4051414505918
6,40300,1481.4051414505918
6,40400,1481.4051414505918
6,40500,1481.4051414505918
6,40600,1481.4051414505918
6,40700,1481.4051414505918
6,40800,1481.4051414505918
6,40900,1481.4051414505918
6,41000,1481.4051414505918
6,41100,1481.4051414505918
6,41200,1481.4051414505918
6,41300,1481.4051414505918
6,41400,1481.4051414505918
6,41500,1481.4051414505918
6,41600,1481.4051414505918
6,41700,1481.4051414505918
6,41800,1481.4051414505918
6,41900,1481.4051414505918
6,42000,1481.4051414505918
6,42100,1481.4051414505918
6,42200,1481.4051414505918
6,42300,1481.4051414505918
6,42400,1481.4051414505918
6,42500,1481.4051414505918
6,42600,1481.4051414505918
6,42700,1481.4051414505918
6,42800,1481.4051414505918
6,42900,1481.4051414505918
6,43000,1481.4051414505918
6,43100,1481.4051414505918
6,43200,1481.4051414505918
6,43300,1481.4051414505918
6,43400,1481.4051414505918
6,43500,1481.4051414505918
6,43600,1481.4051414505918
6,43700,1481.4051414505918
6,43800,1481.4051414505918
6,43900,1481.4051414505918
6,44000,1481.4051414505918
6,44100,1481.4051414505918
6,44200,1481.4051414505918
6,44300,1481.4051414505918
6,44400,1481.4051414505918
6,44500,1481.4051414505918
6,44600,1481.4051414505918
6,44700,1481.4051414505918
6,44800,1481.4051414505918
6,44900,1481.4051414505918
6,45000,1481.4051414505918
6,45100,1481.4051414505918
6,45200,1481.4051414505918
6,45300,1481.4051414505918
6,45400,1481.4051414505918
6,45500,1481.4051414505918
6,45600,1481.4051414505918
6,45700,1481.4051414505918
6,45800,1481.4051414505918
6,45900,1481.4051414505918
6,46000,1481.4051414505918
6,46100,1481.4051414505918
6,46200,1481.4051414505918
6,46300,1481.4051414505918
6,46400,1481.4051414505918
6,46500,1481.4051414505918
6,46600,1481.4051414505918
6,46700,1481.4051414505918
6,46800,1481.4051414505918
6,46900,1481.4051414505918
6,47000,1481.4051414505918
6,47100,1481.4051414505918
6,47200,1481.4051414505918
6,47300,1481.4051414505918
6,47400,1481.4051414505918
6,47500,1481.4051414505918
6,47600,1481.4051414505918
6,47700,1481.4051414505918
6,47800,1481.4051414505918
6,47900,1481.4051414505918
6,48000,1481.4051414505918
6,48100,1481.4051414505918
6,48200,1481.4051414505918
6,48300,1481.4051414505918
6,48400,1481.4051414505918
6,48500,1481.4051414505918
6,48600,1481.4051414505918
6,48700,1481.4051414505918
6,48800,1481.4051414505918
6,48900,1481.4051414505918
6,49000,1481.4051414505918
6,49100,1481.4051414505918
6,49200,1481.4051414505918
6,49300,1481.4051414505918
6,49400,1481.4051414505918
6,49500,1481.4051414505918
6,49600,1481.4051414505918
6,49700,1481.4051414505918
6,49800,1481.4051414505918
6,49900,1481.4051414505918
6,50000,1481.4051414505918
7,200,2458.2774127672537
7,300,2456.821477100244
7,400,2455.9344574841757
7,500,2455.9344574841757
7,600,2455.9344574841757
7,700,2455.9344574841757
7,800,2455.9344574841757
7,900,2455.9344574841757
7,1000,2454.4257464156053
7,1100,2454.4257464156053
7,1200,2454.4257464156053
7,1300,2454.4257464156053
7,1400,2454.4257464156053
7,1500,2454.4257464156053
7,1600,2454.4257464156053
7,1700,2454.4257464156053
7,1800,2454.4257464156053
7,1900,2454.4257464156053
7,2000,2454.4257464156053
7,2100,2454.4257464156053
7,2200,2382.055166242717
7,2300,2382.055166242717
7,2400,2382.055166242717
7,2500,2382.055166242717
7,2600,2382.055166242717
7,2700,2382.055166242717
7,2800,2382.055166242717
7,2900,2382.055166242717
7,3000,2382.055166242717
7,3100,2382.055166242717
7,3200,2382.055166242717
7,3300,2382.055166242717
7,3400,2382.055166242717
7,3500,2382.055166242717
7,3600,2382.055166242717
7,3700,2382.055166242717
7,3800,2382.055166242717
7,3900,2307.568011355042
7,4000,2307.568011355042
7,4100,2307.568011355042
7,4200,2307.568011355042
7,4300,2307.568011355042
7,4400,2307.568011355042
7,4500,2307.568011355042
7,4600,2307.568011355042
7,4700,2307.568011355042
7,4800,2307.568011355042
7,4900,2307.568011355042
7,5000,2307.568011355042
7,5100,2307.568011355042
7,5200,2287.2096736697026
7,5300,2287.2096736697026
7,5400,2287.2096736697026
7,5500,2287.2096736697026
7,5600,2287.2096736697026
7,5700,2287.2096736697026
7,5800,2287.2096736697026
7,5900,2287.2096736697026
7,6000,2287.2096736697026
7,6100,2287.2096736697026
7,6200,2287.2096736697026
7,6300,2287.2096736697026
7,6400,2287.2096736697026
7,6500,2287.2096736697026
7,6600,2287.2096736697026
7,6700,2287.2096736697026
7,6800,2287.2096736697026
7,6900,2287.2096736697026
7,7000,2287.2096736697026
7,7100,2287.2096736697026
7,7200,2287.2096736697026
7,7300,2287.2096736697026
7,7400,2287.2096736697026
7,7500,2287.2096736697026
7,7600,2287.2096736697026
7,7700,2287.2096736697026
7,7800,2287.2096736697026
7,7900,2287.2096736697026
7,8000,2287.2096736697026
7,8100,2287.2096736697026
7,8200,2287.2096736697026
7,8300,2287.2096736697026
7,8400,2287.2096736697026
7,8500,2287.2096736697026
7,8600,2287.2096736697026
7,8700,2287.2096736697026
7,8800,2287.2096736697026
7,8900,2287.2096736697026
7,9000,2287.2096736697026
7,9100,2287.2096736697026
7,9200,2287.2096736697026
7,9300,2287.2096736697026
7,9400,2287.2096736697026
7,9500,2287.2096736697026
7,9600,2287.2096736697026
7,9700,2287.2096736697026
7,9800,2287.2096736697026
7,9900,2287.2096736697026
7,10000,2287.2096736697026
7,10100,2287.2096736697026
7,10200,2275.623091981042
7,10300,2275.623091981042
7,10400,2275.623091981042
7,10500,2275.623091981042
7,10600,2275.623091981042
7,10700,2275.623091981042
7,10800,2275.623091981042
7,10900,2275.623091981042
7,11000,2259.7684852335883
7,11100,2259.7684852335883
7,11200,2259.7684852335883
7,11300,2259.7684852335883
7,11400,2259.7684852335883
7,11500,2259.7684852335883
7,11600,2259.7684852335883
7,11700,2259.7684852335883
7,11800,2259.7684852335883
7,11900,2259.7684852335883
7,12000,2259.7684852335883
7,12100,2259.7684852335883
7,12200,2259.7684852335883
7,12300,2259.7684852335883
7,12400,2259.7684852335883
7,12500,2259.7684852335883
7,12600,2259.7684852335883
7,12700,2259.7684852335883
7,12800,2259.7684852335883
7,12900,2259.7684852335883
7,13000,2259.7684852335883
7,13100,2259.7684852335883
7,13200,2259.7684852335883
7,13300,2259.7684852335883
7,13400,2259.7684852335883
7,13500,2259.7684852335883
7,13600,2259.7684852335883
7,13700,2259.7684852335883
7,13800,2259.7684852335883
7,13900,2259.7684852335883
7,14000,2259.7684852335883
7,14100,2259.7684852335883
7,14200,2259.7684852335883
7,14300,2259.7684852335883
7,14400,2259.7684852335883
7,14500,2197.1811389755185
7,14600,2197.1811389755185
7,14700,2197.1811389755185
7,14800,2197.1811389755185
7,14900,2197.1811389755185
7,15000,2197.1811389755185
7,15100,2197.1811389755185
7,15200,2197.1811389755185
7,15300,2197.1811389755185
7,15400,2197.1811389755185
7,15500,2197.1811389755185
7,15600,2197.1811389755185
7,15700,2197.1811389755185
7,15800,2197.1811389755185
7,15900,2197.1811389755185
7,16000,2197.1811389755185
7,16100,2197.1811389755185
7,16200,2197.1811389755185
7,16300,2197.1811389755185
7,16400,2197.1811389755185
7,16500,2197.1811389755185
7,16600,2161.679771918204
7,16700,2161.679771918204
7,16800,2161.679771918204
7,16900,2161.679771918204
7,17000,2161.679771918204
7,17100,2161.679771918204
7,17200,2161.679771918204
7,17300,2161.679771918204
7,17400,2161.679771918204
7,17500,2161.679771918204
7,17600,2161.679771918204
7,17700,2158.9479118265044
7,17800,2158.9479118265044
7,17900,2158.9479118265044
7,18000,2158.9479118265044
7,18100,2123.961498549856
7,18200,2094.6235315637127
7,18300,2094.6235315637127
7,18400,2083.512025545334
7,18500,2083.512025545334
7,18600,2083.512025545334
7,18700,2068.7041562961067
7,18800,2044.671610346428
7,18900,2044.671610346428
7,19000,2032.1212710603595
7,19100,2032.1212710603595
7,19200,2032.1212710603595
7,19300,2032.1212710603595
7,19400,2032.1212710603595
7,19500,2032.1212710603595
7,19600,2032.1212710603595
7,19700,2032.1212710603595
7,19800,2030.5692333575864
7,19900,2030.5692333575864
7,20000,2030.5692333575864
7,20100,2021.2301340259728
7,20200,2021.2301340259728
7,20300,2021.2301340259728
7,20400,1990.7268344941783
7,20500,1990.7268344941783
7,20600,1990.7268344941783
7,20700,1990.7268344941783
7,20800,1990.7268344941783
7,20900,1990.7268344941783
7,21000,1990.7268344941783
7,21100,1943.5517630370757
7,21200,1943.5517630370757
7,21300,1928.7614936202976
7,21400,1928.7614936202976
7,21500,1919.645808864313
7,21600,1877.0590080495645
7,21700,1877.0590080495645
7,21800,1877.0590080495645
7,21900,1877.0590080495645
7,22000,1877.0590080495645
7,22100,1877.0590080495645
7,22200,1877.0590080495645
7,22300,1877.0590080495645
7,22400,1877.0590080495645
7,22500,1874.302945658881
7,22600,1868.004120691511
7,22700,1868.004120691511
7,22800,1868.004120691511
7,22900,1868.004120691511
7,23000,1868.004120691511
7,23100,1868.004120691511
7,23200,1868.004120691511
7,23300,1868.004120691511
7,23400,1868.004120691511
7,23500,1868.004120691511
7,23600,1868.004120691511
7,23700,1868.004120691511
7,23800,1868.004120691511
7,23900,1868.004120691511
7,24000,1868.004120691511
7,24100,1868.004120691511
7,24200,1868.004120691511
7,24300,1868.004120691511
7,24400,1868.004120691511
7,24500,1868.004120691511
7,24600,1868.004120691511
7,24700,1868.004120691511
7,24800,1868.004120691511
7,24900,1868.004120691511
7,25000,1868.004120691511
7,25100,1863.4169317656917
7,25200,1863.4169317656917
7,25300,1863.4169317656917
7,25400,1863.4169317656917
7,25500,1863.4169317656917
7,25600,1863.4169317656917
7,25700,1863.4169317656917
7,25800,1863.4169317656917
7,25900,1863.4169317656917
7,26000,1863.4169317656917
7,26100,1863.4169317656917
7,26200,1863.4169317656917
7,26300,1863.4169317656917
7,26400,1863.4169317656917
7,26500,1863.4169317656917
7,26600,1863.4169317656917
7,26700,1863.4169317656917
7,26800,1863.4169317656917
7,26900,1863.4169317656917
7,27000,1863.4169317656917
7,27100,1863.4169317656917
7,27200,1863.4169317656917
7,27300,1863.4169317656917
7,27400,1863.4169317656917
7,27500,1863.4169317656917
7,27600,1863.4169317656917
7,27700,1863.4169317656917
7,27800,1863.4169317656917
7,27900,1863.4169317656917
7,28000,1863.4169317656917
7,28100,1863.4169317656917
7,28200,1863.4169317656917
7,28300,1863.4169317656917
7,28400,1863.4169317656917
7,28500,1863.4169317656917
7,28600,1863.4169317656917
7,28700,1863.4169317656917
7,28800,1863.4169317656917
7,28900,1863.4169317656917
7,29000,1863.4169317656917
7,29100,1850.7269676261774
7,29200,1850.7269676261774
7,29300,1850.7269676261774
7,29400,1850.7269676261774
7,29500,1850.7269676261774
7,29600,1850.7269676261774
7,29700,1850.7269676261774
7,29800,1850.7269676261774
7,29900,1850.7269676261774
7,30000,1850.7269676261774
7,30100,1850.7269676261774
7,30200,1850.7269676261774
7,30300,1850.7269676261774
7,30400,1850.7269676261774
7,30500,1850.7269676261774
7,30600,1850.7269676261774
7,30700,1850.7269676261774
7,30800,1850.7269676261774
7,30900,1850.7269676261774
7,31000,1850.7269676261774
7,31100,1850.7269676261774
7,31200,1850.7269676261774
7,31300,1850.7269676261774
7,31400,1850.7269676261774
7,31500,1850.7269676261774
7,31600,1850.7269676261774
7,31700,1850.7269676261774
7,31800,1850.7269676261774
7,31900,1850.7269676261774
7,32000,1850.7269676261774
7,32100,1850.7269676261774
7,32200,1850.7269676261774
7,32300,1850.7269676261774
7,32400,1850.7269676261774
7,32500,1850.7269676261774
7,32600,1850.7269676261774
7,32700,1850.7269676261774
7,32800,1850.7269676261774
7,32900,1850.7269676261774
7,33000,1850.7269676261774
7,33100,1850.7269676261774
7,33200,1850.7269676261774
7,33300,1850.7269676261774
7,33400,1850.7269676261774
7,33500,1850.7269676261774
7,33600,1850.7269676261774
7,33700,1850.7269676261774
7,33800,1850.7269676261774
7,33900,1850.7269676261774
7,34000,1828.7985877994456
7,34100,1828.7985877994456
7,34200,1828.7985877994456
7,34300,1828.7985877994456
7,34400,1828.7985877994456
7,34500,1828.7985877994456
7,34600,1828.7985877994456
7,34700,1828.7985877994456
7,34800,1828.7985877994456
7,34900,1828.7985877994456
7,35000,1828.7985877994456
7,35100,1828.7985877994456
7,35200,1828.7985877994456
7,35300,1828.7985877994456
7,35400,1828.7985877994456
7,35500,1828.7985877994456
7,35600,1828.7985877994456
7,35700,1828.7985877994456
7,35800,1828.7985877994456
7,35900,1828.7985877994456
7,36000,1828.7985877994456
7,36100,1828.7985877994456
7,36200,1828.7985877994456
7,36300,1828.7985877994456
7,36400,1828.7985877994456
7,36500,1828.7985877994456
7,36600,1828.7985877994456
7,36700,1828.7985877994456
7,36800,1828.7985877994456
7,36900,1828.7985877994456
7,37000,1828.7985877994456
7,37100,1828.7985877994456
7,37200,1828.7985877994456
7,37300,1828.7985877994456
7,37400,1828.7985877994456
7,37500,1828.7985877994456
7,37600,1828.7985877994456
7,37700,1828.7985877994456
7,37800,1828.7985877994456
7,37900,1828.7985877994456
7,38000,1828.7985877994456
7,38100,1828.7985877994456
7,38200,1828.7985877994456
7,38300,1828.7985877994456
7,38400,1828.7985877994456
7,38500,1828.7985877994456
7,38600,1828.7985877994456
7,38700,1828.7985877994456
7,38800,1828.7985877994456
7,38900,1828.7985877994456
7,39000,1828.7985877994456
7,39100,1828.7985877994456
7,39200,1828.7985877994456
7,39300,1828.7985877994456
7,39400,1828.7985877994456
7,39500,1828.7985877994456
7,39600,1828.7985877994456
7,39700,1828.7985877994456
7,39800,1828.7985877994456
7,39900,1828.7985877994456
7,40000,1828.7985877994456
7,40100,1828.7985877994456
7,40200,1828.7985877994456
7,40300,1828.7985877994456
7,40400,1828.7985877994456
7,40500,1828.7985877994456
7,40600,1828.7985877994456
7,40700,1828.7985877994456
7,40800,1828.7985877994456
7,40900,1828.7985877994456
7,41000,1828.7985877994456
7,41100,1828.7985877994456
7,41200,1828.7985877994456
7,41300,1828.7985877994456
7,41400,1828.7985877994456
7,41500,1828.7985877994456
7,41600,1828.7985877994456
7,41700,1828.7985877994456
7,41800,1828.7985877994456
7,41900,1828.7985877994456
7,42000,1828.7985877994456
7,42100,1828.7985877994456
7,42200,1828.7985877994456
7,42300,1828.7985877994456
7,42400,1828.7985877994456
7,42500,1828.7985877994456
7,42600,1828.7985877994456
7,42700,1828.7985877994456
7,42800,1826.9806664098965
7,42900,1826.9806664098965
7,43000,1826.9806664098965
7,43100,1826.9806664098965
7,43200,1826.9806664098965
7,43300,1826.9806664098965
7,43400,1826.9806664098965
7,43500,1826.9806664098965
7,43600,1826.9806664098965
7,43700,1826.9806664098965
7,43800,1826.9806664098965
7,43900,1826.9806664098965
7,44000,1826.9806664098965
7,44100,1826.9806664098965
7,44200,1826.9806664098965
7,44300,1826.9806664098965
7,44400,1826.9806664098965
7,44500,1826.9806664098965
7,44600,1826.9806664098965
7,44700,1826.9806664098965
7,44800,1826.9806664098965
7,44900,1826.9806664098965
7,45000,1826.9806664098965
7,45100,1826.9806664098965
7,45200,1826.9806664098965
7,45300,1826.9806664098965
7,45400,1826.9806664098965
7,45500,1826.9806664098965
7,45600,1826.9806664098965
7,45700,1826.9806664098965
7,45800,1826.9806664098965
7,45900,1826.9806664098965
7,46000,1826.9806664098965
7,46100,1826.9806664098965
7,46200,1826.9806664098965
7,46300,1826.9806664098965
7,46400,1826.9806664098965
7,46500,1826.9806664098965
7,46600,1826.9806664098965
7,46700,1826.9806664098965
7,46800,1826.9806664098965
7,46900,1826.9806664098965
7,47000,1826.9806664098965
7,47100,1826.9806664098965
7,47200,1826.9806664098965
7,47300,1826.9806664098965
7,47400,1826.9806664098965
7,47500,1826.9806664098965
7,47600,1826.9806664098965
7,47700,1826.9806664098965
7,47800,1826.9806664098965
7,47900,1826.9806664098965
7,48000,1826.9806664098965
7,48100,1826.9806664098965
7,48200,1826.9806664098965
7,48300,1826.9806664098965
7,48400,1826.9806664098965
7,48500,1826.9806664098965
7,48600,1826.9806664098965
7,48700,1826.9806664098965
7,48800,1826.9806664098965
7,48900,1826.9806664098965
7,49000,1826.9806664098965
7,49100,1826.9806664098965
7,49200,1826.9806664098965
7,49300,1826.9806664098965
7,49400,1826.9806664098965
7,49500,1826.9806664098965
7,49600,1826.9806664098965
7,49700,1826.9806664098965
7,49800,1826.9806664098965
7,49900,1826.9806664098965
7,50000,1826.9806664098965
8,200,2508.540004730362
8,300,2357.411316094487
8,400,2348.11358582632
8,500,2347.151674872323
8,600,2347.151674872323
8,700,2304.905015642858
8,800,2304.905015642858
8,900,2304.905015642858
8,1000,2187.961646191543
8,1100,2187.961646191543
8,1200,2187.961646191543
8,1300,2187.961646191543
8,1400,2187.961646191543
8,1500,2187.961646191543
8,1600,2138.5347805310143
8,1700,2138.5347805310143
8,1800,2138.5347805310143
8,1900,2138.5347805310143
8,2000,2138.5347805310143
8,2100,2138.5347805310143
8,2200,2138.5347805310143
8,2300,2105.05540496296
8,2400,2105.05540496296
8,2500,2105.05540496296
8,2600,2092.167905280422
8,2700,2092.167905280422
8,2800,2092.167905280422
8,2900,2092.167905280422
8,3000,2092.167905280422
8,3100,2092.167905280422
8,3200,2092.167905280422
8,3300,2092.167905280422
8,3400,2092.167905280422
8,3500,2092.167905280422
8,3600,2092.167905280422
8,3700,2092.167905280422
8,3800,2092.167905280422
8,3900,2092.167905280422
8,4000,2092.167905280422
8,4100,2092.167905280422
8,4200,2092.167905280422
8,4300,2057.820000498025
8,4400,2057.820000498025
8,4500,2057.820000498025
8,4600,2057.820000498025
8,4700,2057.820000498025
8,4800,2057.820000498025
8,4900,2057.820000498025
8,5000,2057.820000498025
8,5100,2057.820000498025
8,5200,2057.820000498025
8,5300,2057.820000498025
8,5400,2057.820000498025
8,5500,2045.9492563161625
8,5600,2045.9492563161625
8,5700,2045.9492563161625
8,5800,2045.9492563161625
8,5900,2045.9492563161625
8,6000,2045.0796032046017
8,6100,2045.0796032046017
8,6200,2045.0796032046017
8,6300,2045.0796032046017
8,6400,2045.0796032046017
8,6500,2045.0796032046017
8,6600,2045.0796032046017
8,6700,2045.0796032046017
8,6800,2045.0796032046017
8,6900,2045.0796032046017
8,7000,2045.0796032046017
8,7100,2045.0796032046017
8,7200,2045.0796032046017
8,7300,2045.0796032046017
8,7400,2045.0796032046017
8,7500,2045.0796032046017
8,7600,2045.0796032046017
8,7700,2045.0796032046017
8,7800,2045.0796032046017
8,7900,2045.0796032046017
8,8000,2045.0796032046017
8,8100,2045.0796032046017
8,8200,2045.0796032046017
8,8300,2045.0796032046017
8,8400,2045.0796032046017
8,8500,2006.5870453296088
8,8600,2006.5870453296088
8,8700,2006.5870453296088
8,8800,2006.5870453296088
8,8900,2006.5870453296088
8,9000,2006.5870453296088
8,9100,2006.5870453296088
8,9200,2006.5870453296088
8,9300,2006.5870453296088
8,9400,2006.5870453296088
8,9500,2006.5870453296088
8,9600,2006.5870453296088
8,9700,2006.5870453296088
8,9800,2006.5870453296088
8,9900,2006.5870453296088
8,10000,2006.5870453296088
8,10100,2006.5870453296088
8,10200,2006.5870453296088
8,10300,2006.5870453296088
8,10400,2006.5870453296088
8,10500,2006.5870453296088
8,10600,2006.5870453296088
8,10700,2006.5870453296088
8,10800,2006.5870453296088
8,10900,2006.5870453296088
8,11000,2006.5870453296088
8,11100,2006.5870453296088
8,11200,2006.5870453296088
8,11300,2006.5870453296088
8,11400,2006.5870453296088
8,11500,2006.5870453296088
8,11600,2006.5870453296088
8,11700,2006.5870453296088
8,11800,2006.5870453296088
8,11900,2006.5870453296088
8,12000,2006.5870453296088
8,12100,2006.5870453296088
8,12200,2006.5870453296088
8,12300,2006.5870453296088
8,12400,2006.5870453296088
8,12500,2006.5870453296088
8,12600,2006.5870453296088
8,12700,2006.5870453296088
8,12800,2006.5870453296088
8,12900,2006.5870453296088
8,13000,2006.5870453296088
8,13100,2006.5870453296088
8,13200,2006.5870453296088
8,13300,2006.5870453296088
8,13400,2006.5870453296088
8,13500,2006.5870453296088
8,13600,2006.5870453296088
8,13700,2006.5870453296088
8,13800,2006.5870453296088
8,13900,2006.5870453296088
8,14000,2006.5870453296088
8,14100,2006.5870453296088
8,14200,2006.5870453296088
8,14300,2006.5870453296088
8,14400,2006.5870453296088
8,14500,2006.5870453296088
8,14600,2006.5870453296088
8,14700,2006.5870453296088
8,14800,2006.5870453296088
8,14900,2006.5870453296088
8,15000,2006.5870453296088
8,15100,2006.5870453296088
8,15200,2006.5870453296088
8,15300,2006.5870453296088
8,15400,2006.5870453296088
8,15500,2006.5870453296088
8,15600,2006.5870453296088
8,15700,2006.5870453296088
8,15800,2006.5870453296088
8,15900,2006.5870453296088
8,16000,2006.5870453296088
8,16100,2006.5870453296088
8,16200,2006.5870453296088
8,16300,2006.5870453296088
8,16400,2000.1470813165142
8,16500,2000.1470813165142
8,16600,2000.1470813165142
8,16700,2000.1470813165142
8,16800,2000.1470813165142
8,16900,2000.1470813165142
8,17000,2000.1470813165142
8,17100,2000.1470813165142
8,17200,2000.1470813165142
8,17300,2000.1470813165142
8,17400,2000.1470813165142
8,17500,2000.1470813165142
8,17600,2000.1470813165142
8,17700,2000.1470813165142
8,17800,2000.1470813165142
8,17900,2000.1470813165142
8,18000,2000.1470813165142
8,18100,2000.1470813165142
8,18200,2000.1470813165142
8,18300,2000.1470813165142
8,18400,2000.1470813165142
8,18500,1976.3087580205715
8,18600,1976.3087580205715
8,18700,1967.4925579904277
8,18800,1962.7925828150858
8,18900,1961.9173682355529
8,19000,1961.9173682355529
8,19100,1961.9173682355529
8,19200,1961.9173682355529
8,19300,1961.9173682355529
8,19400,1961.9173682355529
8,19500,1961.9173682355529
8,19600,1961.9173682355529
8,19700,1961.9173682355529
8,19800,1961.9173682355529
8,19900,1961.9173682355529
8,20000,1961.9173682355529
8,20100,1961.9173682355529
8,20200,1961.9173682355529
8,20300,1961.9173682355529
8,20400,1961.9173682355529
8,20500,1961.9173682355529
8,20600,1961.9173682355529
8,20700,1961.9173682355529
8,20800,1961.9173682355529
8,20900,1961.9173682355529
8,21000,1961.9173682355529
8,21100,1961.9173682355529
8,21200,1961.9173682355529
8,21300,1961.9173682355529
8,21400,1961.9173682355529
8,21500,1961.9173682355529
8,21600,1961.9173682355529
8,21700,1961.9173682355529
8,21800,1961.9173682355529
8,21900,1961.9173682355529
8,22000,1961.9173682355529
8,22100,1961.9173682355529
8,22200,1961.9173682355529
8,22300,1960.796231293567
8,22400,1960.796231293567
8,22500,1960.796231293567
8,22600,1960.796231293567
8,22700,1960.796231293567
8,22800,1960.796231293567
8,22900,1952.3741991538468
8,23000,1952.3741991538468
8,23100,1952.3741991538468
8,23200,1952.3741991538468
8,23300,1952.3741991538468
8,23400,1952.3741991538468
8,23500,1952.3741991538468
8,23600,1952.3741991538468
8,23700,1952.3741991538468
8,23800,1952.3741991538468
8,23900,1952.3741991538468
8,24000,1952.3741991538468
8,24100,1952.3741991538468
8,24200,1952.3741991538468
8,24300,1952.3741991538468
8,24400,1952.3741991538468
8,24500,1952.3741991538468
8,24600,1952.3741991538468
8,24700,1933.8930250176486
8,24800,1933.8930250176486
8,24900,1895.3742180026004
8,25000,1895.3742180026004
8,25100,1895.3742180026004
8,25200,1895.3742180026004
8,25300,1895.3742180026004
8,25400,1895.3742180026004
8,25500,1893.106078731509
8,25600,1893.106078731509
8,25700,1893.106078731509
8,25800,1893.106078731509
8,25900,1893.106078731509
8,26000,1893.106078731509
8,26100,1888.0077887456207
8,26200,1888.0077887456207
8,26300,1888.0077887456207
8,26400,1888.0077887456207
8,26500,1888.0077887456207
8,26600,1888.0077887456207
8,26700,1874.9701389028194
8,26800,1874.9701389028194
8,26900,1874.9701389028194
8,27000,1870.270252901127
8,27100,1870.270252901127
8,27200,1848.4102710222785
8,27300,1848.4102710222785
8,27400,1848.4102710222785
8,27500,1841.5158087391567
8,27600,1841.5158087391567
8,27700,1827.4513424994072
8,27800,1821.3806886454029
8,27900,1814.278234038287
8,28000,1814.278234038287
8,28100,1814.278234038287
8,28200,1814.278234038287
8,28300,1814.278234038287
8,28400,1814.278234038287
8,28500,1814.278234038287
8,28600,1805.5913606205593
8,28700,1794.9384096449517
8,28800,1793.5369938189917
8,28900,1791.7323664038274
8,29000,1780.5271970451051
8,29100,1774.0274643959283
8,29200,1774.0274643959283
8,29300,1762.7717914623818
8,29400,1761.3703756364218
8,29500,1761.3703756364218
8,29600,1761.3703756364218
8,29700,1761.3703756364218
8,29800,1761.3703756364218
8,29900,1761.3703756364218
8,30000,1761.3703756364218
8,30100,1761.3703756364218
8,30200,1761.3703756364218
8,30300,1761.3703756364218
8,30400,1761.3703756364218
8,30500,1761.3703756364218
8,30600,1761.3703756364218
8,30700,1761.3703756364218
8,30800,1761.3703756364218
8,30900,1761.3703756364218
8,31000,1761.3703756364218
8,31100,1761.3703756364218
8,31200,1761.3703756364218
8,31300,1761.3703756364218
8,31400,1761.3703756364218
8,31500,1761.3703756364218
8,31600,1761.3703756364218
8,31700,1761.3703756364218
8,31800,1761.3703756364218
8,31900,1761.3703756364218
8,32000,1761.3703756364218
8,32100,1761.3703756364218
8,32200,1761.3703756364218
8,32300,1761.3703756364218
8,32400,1761.3703756364218
8,32500,1761.3703756364218
8,32600,1761.3703756364218
8,32700,1761.3703756364218
8,32800,1761.3703756364218
8,32900,1761.3703756364218
8,33000,1761.3703756364218
8,33100,1761.3703756364218
8,33200,1761.3703756364218
8,33300,1761.3703756364218
8,33400,1761.3703756364218
8,33500,1761.3703756364218
8,33600,1761.3703756364218
8,33700,1761.3703756364218
8,33800,1761.3703756364218
8,33900,1761.3703756364218
8,34000,1761.3703756364218
8,34100,1761.3703756364218
8,34200,1761.3703756364218
8,34300,1761.3703756364218
8,34400,1761.3703756364218
8,34500,1761.3703756364218
8,34600,1760.495161056889
8,34700,1760.495161056889
8,34800,1760.495161056889
8,34900,1760.495161056889
8,35000,1760.495161056889
8,35100,1760.495161056889
8,35200,1760.495161056889
8,35300,1760.495161056889
8,35400,1760.495161056889
8,35500,1760.495161056889
8,35600,1760.495161056889
8,35700,1760.495161056889
8,35800,1760.495161056889
8,35900,1760.495161056889
8,36000,1760.495161056889
8,36100,1760.495161056889
8,36200,1760.495161056889
8,36300,1760.495161056889
8,36400,1760.495161056889
8,36500,1760.495161056889
8,36600,1760.495161056889
8,36700,1760.495161056889
8,36800,1760.495161056889
8,36900,1760.495161056889
8,37000,1760.495161056889
8,37100,1760.495161056889
8,37200,1760.495161056889
8,37300,1760.495161056889
8,37400,1760.495161056889
8,37500,1760.495161056889
8,37600,1760.495161056889
8,37700,1760.495161056889
8,37800,1760.495161056889
8,37900,1760.495161056889
8,38000,1760.495161056889
8,38100,1760.495161056889
8,38200,1760.495161056889
8,38300,1760.495161056889
8,38400,1760.495161056889
8,38500,1760.495161056889
8,38600,1760.495161056889
8,38700,1760.495161056889
8,38800,1760.495161056889
8,38900,1760.495161056889
8,39000,1760.495161056889
8,39100,1760.495161056889
8,39200,1760.495161056889
8,39300,1760.495161056889
8,39400,1760.495161056889
8,39500,1760.495161056889
8,39600,1760.495161056889
8,39700,1760.495161056889
8,39800,1760.495161056889
8,39900,1760.495161056889
8,40000,1760.495161056889
8,40100,1760.495161056889
8,40200,1760.495161056889
8,40300,1760.495161056889
8,40400,1760.495161056889
8,40500,1760.495161056889
8,40600,1760.495161056889
8,40700,1760.495161056889
8,40800,1760.495161056889
8,40900,1760.495161056889
8,41000,1760.495161056889
8,41100,1760.495161056889
8,41200,1760.495161056889
8,41300,1760.495161056889
8,41400,1760.495161056889
8,41500,1760.495161056889
8,41600,1760.495161056889
8,41700,1760.495161056889
8,41800,1760.495161056889
8,41900,1760.495161056889
8,42000,1760.495161056889
8,42100,1760.495161056889
8,42200,1760.495161056889
8,42300,1760.495161056889
8,42400,1760.495161056889
8,42500,1760.495161056889
8,42600,1760.495161056889
8,42700,1760.495161056889
8,42800,1760.495161056889
8,42900,1760.495161056889
8,43000,1760.495161056889
8,43100,1760.495161056889
8,43200,1760.495161056889
8,43300,1760.495161056889
8,43400,1760.495161056889
8,43500,1760.495161056889
8,43600,1760.495161056889
8,43700,1760.495161056889
8,43800,1760.495161056889
8,43900,1760.495161056889
8,44000,1760.495161056889
8,44100,1760.495161056889
8,44200,1760.495161056889
8,44300,1760.495161056889
8,44400,1760.495161056889
8,44500,1760.495161056889
8,44600,1760.495161056889
8,44700,1760.495161056889
8,44800,1760.495161056889
8,44900,1760.495161056889
8,45000,1760.495161056889
8,45100,1760.495161056889
8,45200,1760.495161056889
8,45300,1760.495161056889
8,45400,1760.495161056889
8,45500,1760.495161056889
8,45600,1760.495161056889
8,45700,1760.495161056889
8,45800,1760.495161056889
8,45900,1760.495161056889
8,46000,1760.495161056889
8,46100,1760.495161056889
8,46200,1760.495161056889
8,46300,1760.495161056889
8,46400,1760.495161056889
8,46500,1760.495161056889
8,46600,1760.495161056889
8,46700,1760.495161056889
8,46800,1760.495161056889
8,46900,1760.495161056889
8,47000,1760.495161056889
8,47100,1760.495161056889
8,47200,1760.495161056889
8,47300,1760.495161056889
8,47400,1760.495161056889
8,47500,1760.495161056889
8,47600,1760.495161056889
8,47700,1760.495161056889
8,47800,1760.495161056889
8,47900,1760.495161056889
8,48000,1760.495161056889
8,48100,1760.495161056889
8,48200,1760.495161056889
8,48300,1760.495161056889
8,48400,1760.495161056889
8,48500,1760.495161056889
8,48600,1760.495161056889
8,48700,1760.495161056889
8,48800,1760.495161056889
8,48900,1760.495161056889
8,49000,1760.495161056889
8,49100,1760.495161056889
8,49200,1760.495161056889
8,49300,1760.495161056889
8,49400,1760.495161056889
8,49500,1760.495161056889
8,49600,1760.495161056889
8,49700,1760.495161056889
8,49800,1760.495161056889
8,49900,1760.495161056889
8,50000,1760.495161056889
9,200,2531.853347158354
9,300,2531.853347158354
9,400,2531.133766491892
9,500,2531.133766491892
9,600,2531.133766491892
9,700,2506.6907122607977
9,800,2506.6907122607977
9,900,2506.6907122607977
9,1000,2506.6907122607977
9,1100,2504.820257495506
9,1200,2504.820257495506
9,1300,2504.820257495506
9,1400,2504.820257495506
9,1500,2504.820257495506
9,1600,2438.7041036984847
9,1700,2426.3411787082828
9,1800,2426.3411787082828
9,1900,2426.3411787082828
9,2000,2426.3411787082828
9,2100,2426.3411787082828
9,2200,2426.3411787082828
9,2300,2426.3411787082828
9,2400,2426.3411787082828
9,2500,2409.792504634801
9,2600,2409.792504634801
9,2700,2409.792504634801
9,2800,2409.792504634801
9,2900,2409.792504634801
9,3000,2409.792504634801
9,3100,2409.792504634801
9,3200,2409.792504634801
9,3300,2409.792504634801
9,3400,2306.0261371566085
9,3500,2306.0261371566085
9,3600,2306.0261371566085
9,3700,2306.0261371566085
9,3800,2306.0261371566085
9,3900,2306.0261371566085
9,4000,2306.0261371566085
9,4100,2306.0261371566085
9,4200,2306.0261371566085
9,4300,2306.0261371566085
9,4400,2306.0261371566085
9,4500,2306.0261371566085
9,4600,2306.0261371566085
9,4700,2257.428497792915
9,4800,2257.428497792915
9,4900,2257.428497792915
9,5000,2257.428497792915
9,5100,2257.428497792915
9,5200,2257.428497792915
9,5300,2257.428497792915
9,5400,2257.428497792915
9,5500,2257.428497792915
9,5600,2257.428497792915
9,5700,2257.428497792915
9,5800,2257.428497792915
9,5900,2257.428497792915
9,6000,2257.428497792915
9,6100,2257.428497792915
9,6200,2255.002953476847
9,6300,2255.002953476847
9,6400,2255.002953476847
9,6500,2255.002953476847
9,6600,2255.002953476847
9,6700,2255.002953476847
9,6800,2255.002953476847
9,6900,2255.002953476847
9,7000,2255.002953476847
9,7100,2255.002953476847
9,7200,2255.002953476847
9,7300,2255.002953476847
9,7400,2255.002953476847
9,7500,2255.002953476847
9,7600,2255.002953476847
9,7700,2255.002953476847
9,7800,2255.002953476847
9,7900,2255.002953476847
9,8000,2255.002953476847
9,8100,2255.002953476847
9,8200,2255.002953476847
9,8300,2255.002953476847
9,8400,2255.002953476847
9,8500,2254.6665725571966
9,8600,2254.6665725571966
9,8700,2254.6665725571966
9,8800,2254.6665725571966
9,8900,2254.6665725571966
9,9000,2254.6665725571966
9,9100,2254.6665725571966
9,9200,2244.710484070665
9,9300,2244.710484070665
9,9400,2244.710484070665
9,9500,2244.710484070665
9,9600,2244.710484070665
9,9700,2244.710484070665
9,9800,2226.128306432506
9,9900,2205.753841169196
9,10000,2205.753841169196
9,10100,2205.753841169196
9,10200,2205.1016845446993
9,10300,2205.1016845446993
9,10400,2205.1016845446993
9,10500,2205.1016845446993
9,10600,2205.1016845446993
9,10700,2205.1016845446993
9,10800,2205.1016845446993
9,10900,2090.478748853423
9,11000,2090.478748853423
9,11100,2090.478748853423
9,11200,2090.478748853423
9,11300,2090.478748853423
9,11400,2090.478748853423
9,11500,2090.478748853423
9,11600,2090.478748853423
9,11700,2090.478748853423
9,11800,2090.478748853423
9,11900,2090.478748853423
9,12000,2090.478748853423
9,12100,2090.478748853423
9,12200,2044.5109071547195
9,12300,2044.5109071547195
9,12400,2044.5109071547195
9,12500,2044.5109071547195
9,12600,2044.5109071547195
9,12700,2044.5109071547195
9,12800,2044.5109071547195
9,12900,2044.5109071547195
9,13000,2044.5109071547195
9,13100,2044.5109071547195
9,13200,2044.5109071547195
9,13300,2044.5109071547195
9,13400,2044.5109071547195
9,13500,2044.5109071547195
9,13600,2044.5109071547195
9,13700,2044.5109071547195
9,13800,1934.2862441393345
9,13900,1934.2862441393345
9,14000,1934.2862441393345
9,14100,1934.2862441393345
9,14200,1934.2862441393345
9,14300,1934.2862441393345
9,14400,1934.2862441393345
9,14500,1934.2862441393345
9,14600,1934.2862441393345
9,14700,1934.2862441393345
9,14800,1934.2862441393345
9,14900,1934.2862441393345
9,15000,1934.2862441393345
9,15100,1934.2862441393345
9,15200,1934.2862441393345
9,15300,1934.2862441393345
9,15400,1934.2862441393345
9,15500,1923.2954136346182
9,15600,1923.2954136346182
9,15700,1923.2954136346182
9,15800,1917.5474944912328
9,15900,1917.5474944912328
9,16000,1917.0601268432727
9,16100,1894.1356275205515
9,16200,1894.1356275205515
9,16300,1894.1356275205515
9,16400,1894.1356275205515
9,16500,1894.1356275205515
9,16600,1894.1356275205515
9,16700,1894.1356275205515
9,16800,1894.1356275205515
9,16900,1894.1356275205515
9,17000,1894.1356275205515
9,17100,1894.1356275205515
9,17200,1894.1356275205515
9,17300,1894.1052407996465
9,17400,1894.1052407996465
9,17500,1883.700766977058
9,17600,1883.700766977058
9,17700,1879.2092547016907
9,17800,1848.203852232744
9,17900,1848.203852232744
9,18000,1848.203852232744
9,18100,1833.0074196806079
9,18200,1802.9146559474707
9,18300,1802.9146559474707
9,18400,1802.9146559474707
9,18500,1788.826135503252
9,18600,1788.826135503252
9,18700,1788.826135503252
9,18800,1788.826135503252
9,18900,1788.826135503252
9,19000,1788.826135503252
9,19100,1788.826135503252
9,19200,1788.826135503252
9,19300,1788.826135503252
9,19400,1788.826135503252
9,19500,1774.9919763042842
9,19600,1766.2463557031217
9,19700,1733.8327337444912
9,19800,1733.8327337444912
9,19900,1733.8327337444912
9,20000,1733.8327337444912
9,20100,1733.8327337444912
9,20200,1728.8344162649616
9,20300,1728.8344162649616
9,20400,1728.8344162649616
9,20500,1728.8344162649616
9,20600,1728.8344162649616
9,20700,1728.8344162649616
9,20800,1728.8344162649616
9,20900,1728.8344162649616
9,21000,1722.240196664155
9,21100,1706.3428509264413
9,21200,1706.3428509264413
9,21300,1706.3428509264413
9,21400,1693.7999526994895
9,21500,1693.7999526994895
9,21600,1693.7999526994895
9,21700,1693.7999526994895
9,21800,1693.7999526994895
9,21900,1693.7999526994895
9,22000,1693.7999526994895
9,22100,1693.7999526994895
9,22200,1693.7999526994895
9,22300,1693.7999526994895
9,22400,1693.7999526994895
9,22500,1693.7999526994895
9,22600,1693.7999526994895
9,22700,1693.7999526994895
9,22800,1693.7999526994895
9,22900,1693.7999526994895
9,23000,1693.0398271543925
9,23100,1690.489804181749
9,23200,1690.489804181749
9,23300,1690.489804181749
9,23400,1690.489804181749
9,23500,1690.489804181749
9,23600,1679.3441150954131
9,23700,1679.3441150954131
9,23800,1679.3441150954131
9,23900,1679.3441150954131
9,24000,1679.3441150954131
9,24100,1679.3441150954131
9,24200,1679.3441150954131
9,24300,1677.8266637909765
9,24400,1677.8266637909765
9,24500,1676.0811001805562
9,24600,1674.5165152732359
9,24700,1672.7709516628154
9,24800,1672.7709516628154
9,24900,1672.7709516628154
9,25000,1672.7709516628154
9,25100,1672.7709516628154
9,25200,1668.0005267023455
9,25300,1668.0005267023455
9,25400,1666.2549630919252
9,25500,1666.2549630919252
9,25600,1666.2549630919252
9,25700,1666.2549630919252
9,25800,1666.2549630919252
9,25900,1666.2549630919252
9,26000,1666.2549630919252
9,26100,1666.2549630919252
9,26200,1666.2549630919252
9,26300,1666.2549630919252
9,26400,1666.2549630919252
9,26500,1666.2549630919252
9,26600,1666.2549630919252
9,26700,1666.2549630919252
9,26800,1666.2549630919252
9,26900,1666.2549630919252
9,27000,1666.2549630919252
9,27100,1666.2549630919252
9,27200,1666.2549630919252
9,27300,1666.2549630919252
9,27400,1666.2549630919252
9,27500,1666.2549630919252
9,27600,1666.2549630919252
9,27700,1666.2549630919252
9,27800,1666.2549630919252
9,27900,1666.2549630919252
9,28000,1666.2549630919252
9,28100,1666.2549630919252
9,28200,1666.2549630919252
9,28300,1666.2549630919252
9,28400,1666.2549630919252
9,28500,1666.2549630919252
9,28600,1666.2549630919252
9,28700,1666.2549630919252
9,28800,1666.2549630919252
9,28900,1666.2549630919252
9,29000,1666.2549630919252
9,29100,1666.2549630919252
9,29200,1666.2549630919252
9,29300,1666.2549630919252
9,29400,1666.2549630919252
9,29500,1666.2549630919252
9,29600,1666.2549630919252
9,29700,1666.2549630919252
9,29800,1666.2549630919252
9,29900,1666.2549630919252
9,30000,1666.2549630919252
9,30100,1666.2549630919252
9,30200,1666.2549630919252
9,30300,1666.2549630919252
9,30400,1666.2549630919252
9,30500,1666.2549630919252
9,30600,1666.2549630919252
9,30700,1666.2549630919252
9,30800,1660.8228256435514
9,30900,1660.8228256435514
9,31000,1660.8228256435514
9,31100,1660.8228256435514
9,31200,1660.8228256435514
9,31300,1659.9253109910364
9,31400,1659.9253109910364
9,31500,1659.9253109910364
9,31600,1659.9253109910364
9,31700,1659.9253109910364
9,31800,1659.9253109910364
9,31900,1659.9253109910364
9,32000,1659.9253109910364
9,32100,1659.9253109910364
9,32200,1659.9253109910364
9,32300,1659.9253109910364
9,32400,1659.9253109910364
9,32500,1659.9253109910364
9,32600,1659.9253109910364
9,32700,1659.9253109910364
9,32800,1659.9253109910364
9,32900,1659.9253109910364
9,33000,1659.9253109910364
9,33100,1659.9253109910364
9,33200,1659.9253109910364
9,33300,1659.9253109910364
9,33400,1659.9253109910364
9,33500,1659.9253109910364
9,33600,1659.9253109910364
9,33700,1659.9253109910364
9,33800,1659.9253109910364
9,33900,1659.9253109910364
9,34000,1659.9253109910364
9,34100,1659.9253109910364
9,34200,1659.9253109910364
9,34300,1659.9253109910364
9,34400,1659.9253109910364
9,34500,1659.9253109910364
9,34600,1659.9253109910364
9,34700,1659.9253109910364
9,34800,1659.9253109910364
9,34900,1659.9253109910364
9,35000,1659.9253109910364
9,35100,1659.9253109910364
9,35200,1659.9253109910364
9,35300,1659.9253109910364
9,35400,1659.9253109910364
9,35500,1659.9253109910364
9,35600,1659.9253109910364
9,35700,1659.9253109910364
9,35800,1659.9253109910364
9,35900,1659.9253109910364
9,36000,1659.9253109910364
9,36100,1659.9253109910364
9,36200,1659.9253109910364
9,36300,1659.9253109910364
9,36400,1659.9253109910364
9,36500,1659.9253109910364
9,36600,1659.9253109910364
9,36700,1659.9253109910364
9,36800,1659.9253109910364
9,36900,1659.9253109910364
9,37000,1659.9253109910364
9,37100,1659.9253109910364
9,37200,1659.9253109910364
9,37300,1659.9253109910364
9,37400,1659.9253109910364
9,37500,1659.9253109910364
9,37600,1659.9253109910364
9,37700,1659.9253109910364
9,37800,1659.9253109910364
9,37900,1659.9253109910364
9,38000,1659.9253109910364
9,38100,1659.9253109910364
9,38200,1659.9253109910364
9,38300,1659.9253109910364
9,38400,1659.9253109910364
9,38500,1659.9253109910364
9,38600,1659.9253109910364
9,38700,1659.9253109910364
9,38800,1659.9253109910364
9,38900,1659.9253109910364
9,39000,1659.9253109910364
9,39100,1659.9253109910364
9,39200,1659.9253109910364
9,39300,1659.9253109910364
9,39400,1659.9253109910364
9,39500,1659.9253109910364
9,39600,1659.9253109910364
9,39700,1659.9253109910364
9,39800,1659.9253109910364
9,39900,1659.9253109910364
9,40000,1659.9253109910364
9,40100,1659.9253109910364
9,40200,1659.9253109910364
9,40300,1659.9253109910364
9,40400,1659.9253109910364
9,40500,1659.9253109910364
9,40600,1659.9253109910364
9,40700,1659.9253109910364
9,40800,1659.9253109910364
9,40900,1659.9253109910364
9,41000,1659.9253109910364
9,41100,1659.9253109910364
9,41200,1659.9253109910364
9,41300,1659.9253109910364
9,41400,1659.9253109910364
9,41500,1659.9253109910364
9,41600,1659.9253109910364
9,41700,1659.9253109910364
9,41800,1659.9253109910364
9,41900,1659.9253109910364
9,42000,1659.9253109910364
9,42100,1659.9253109910364
9,42200,1659.9253109910364
9,42300,1659.9253109910364
9,42400,1659.9253109910364
9,42500,1659.9253109910364
9,42600,1659.9253109910364
9,42700,1659.9253109910364
9,42800,1659.9253109910364
9,42900,1659.9253109910364
9,43000,1659.9253109910364
9,43100,1659.9253109910364
9,43200,1659.9253109910364
9,43300,1659.9253109910364
9,43400,1659.9253109910364
9,43500,1659.9253109910364
9,43600,1659.9253109910364
9,43700,1659.9253109910364
9,43800,1659.9253109910364
9,43900,1659.9253109910364
9,44000,1659.9253109910364
9,44100,1659.9253109910364
9,44200,1659.9253109910364
9,44300,1659.9253109910364
9,44400,1659.9253109910364
9,44500,1659.9253109910364
9,44600,1659.9253109910364
9,44700,1659.9253109910364
9,44800,1659.9253109910364
9,44900,1659.9253109910364
9,45000,1659.9253109910364
9,45100,1659.9253109910364
9,45200,1659.9253109910364
9,45300,1659.9253109910364
9,45400,1659.9253109910364
9,45500,1659.9253109910364
9,45600,1659.9253109910364
9,45700,1659.9253109910364
9,45800,1659.9253109910364
9,45900,1659.9253109910364
9,46000,1659.9253109910364
9,46100,1659.9253109910364
9,46200,1659.9253109910364
9,46300,1659.9253109910364
9,46400,1659.9253109910364
9,46500,1659.9253109910364
9,46600,1659.9253109910364
9,46700,1659.9253109910364
9,46800,1659.9253109910364
9,46900,1659.9253109910364
9,47000,1659.9253109910364
9,47100,1659.9253109910364
9,47200,1659.9253109910364
9,47300,1659.9253109910364
9,47400,1659.9253109910364
9,47500,1659.9253109910364
9,47600,1659.9253109910364
9,47700,1659.9253109910364
9,47800,1659.9253109910364
9,47900,1659.9253109910364
9,48000,1659.9253109910364
9,48100,1659.9253109910364
9,48200,1659.9253109910364
9,48300,1659.9253109910364
9,48400,1659.9253109910364
9,48500,1659.9253109910364
9,48600,1659.9253109910364
9,48700,1659.9253109910364
9,48800,1659.9253109910364
9,48900,1659.9253109910364
9,49000,1659.9253109910364
9,49100,1659.9253109910364
9,49200,1659.9253109910364
9,49300,1659.9253109910364
9,49400,1659.9253109910364
9,49500,1659.9253109910364
9,49600,1659.9253109910364
9,49700,1659.9253109910364
9,49800,1659.9253109910364
9,49900,1659.9253109910364
9,50000,1659.9253109910364
10,200,2467.847867944831
10,300,2467.847867944831
10,400,2467.847867944831
10,500,2437.6386744593883
10,600,2294.6333364108227
10,700,2274.521719675502
10,800,2274.521719675502
10,900,2274.521719675502
10,1000,2274.521719675502
10,1100,2274.521719675502
10,1200,2274.521719675502
10,1300,2159.6222875226754
10,1400,2159.6222875226754
10,1500,2159.6222875226754
10,1600,2159.6222875226754
10,1700,2150.23626897345
10,1800,2150.23626897345
10,1900,2150.23626897345
10,2000,2150.23626897345
10,2100,2116.1744760194197
10,2200,2116.1744760194197
10,2300,2116.1744760194197
10,2400,2116.1744760194197
10,2500,2116.1744760194197
10,2600,2116.1744760194197
10,2700,2116.1744760194197
10,2800,2104.9918021704284
10,2900,2104.9918021704284
10,3000,2104.9918021704284
10,3100,2104.9918021704284
10,3200,2104.9918021704284
10,3300,2104.9918021704284
10,3400,2104.9918021704284
10,3500,2099.3199290297334
10,3600,2092.7094168897647
10,3700,2092.7094168897647
10,3800,2092.7094168897647
10,3900,2092.7094168897647
10,4000,2092.7094168897647
10,4100,2092.7094168897647
10,4200,2021.2715991726993
10,4300,2021.2715991726993
10,4400,2021.2715991726993
10,4500,2021.2715991726993
10,4600,2021.2715991726993
10,4700,1979.1054189501954
10,4800,1979.1054189501954
10,4900,1979.1054189501954
10,5000,1966.1565578091363
10,5100,1966.1565578091363
10,5200,1966.1565578091363
10,5300,1966.1565578091363
10,5400,1966.1565578091363
10,5500,1966.1565578091363
10,5600,1966.1565578091363
10,5700,1966.1565578091363
10,5800,1966.1565578091363
10,5900,1966.1565578091363
10,6000,1966.1565578091363
10,6100,1966.1565578091363
10,6200,1966.1565578091363
10,6300,1966.1565578091363
10,6400,1966.1565578091363
10,6500,1966.1565578091363
10,6600,1966.1565578091363
10,6700,1966.1565578091363
10,6800,1966.1565578091363
10,6900,1908.8761205897872
10,7000,1908.8761205897872
10,7100,1908.8761205897872
10,7200,1908.8761205897872
10,7300,1908.8761205897872
10,7400,1908.8761205897872
10,7500,1908.8761205897872
10,7600,1908.8761205897872
10,7700,1908.8761205897872
10,7800,1908.8761205897872
10,7900,1908.8761205897872
10,8000,1908.8761205897872
10,8100,1908.8761205897872
10,8200,1908.8761205897872
10,8300,1908.8761205897872
10,8400,1908.8761205897872
10,8500,1908.8761205897872
10,8600,1908.8761205897872
10,8700,1908.8761205897872
10,8800,1908.8761205897872
10,8900,1908.8761205897872
10,9000,1908.8761205897872
10,9100,1908.8761205897872
10,9200,1908.8761205897872
10,9300,1908.8761205897872
10,9400,1908.8761205897872
10,9500,1908.8761205897872
10,9600,1908.8761205897872
10,9700,1908.8761205897872
10,9800,1888.2302418933982
10,9900,1888.2302418933982
10,10000,1835.4518731312342
10,10100,1835.4518731312342
10,10200,1835.4518731312342
10,10300,1835.4518731312342
10,10400,1835.4518731312342
10,10500,1835.4518731312342
10,10600,1835.4518731312342
10,10700,1835.4518731312342
10,10800,1835.4518731312342
10,10900,1835.4518731312342
10,11000,1835.4518731312342
10,11100,1835.4518731312342
10,11200,1835.4518731312342
10,11300,1771.6852947778193
10,11400,1771.6852947778193
10,11500,1771.6852947778193
10,11600,1771.6852947778193
10,11700,1771.6852947778193
10,11800,1771.6852947778193
10,11900,1771.6852947778193
10,12000,1771.6852947778193
10,12100,1771.6852947778193
10,12200,1771.6852947778193
10,12300,1771.6852947778193
10,12400,1771.6852947778193
10,12500,1771.6852947778193
10,12600,1771.6852947778193
10,12700,1771.6852947778193
10,12800,1771.6852947778193
10,12900,1771.6852947778193
10,13000,1741.9046199269956
10,13100,1741.9046199269956
10,13200,1741.9046199269956
10,13300,1741.9046199269956
10,13400,1741.9046199269956
10,13500,1726.563930258852
10,13600,1726.563930258852
10,13700,1726.563930258852
10,13800,1726.563930258852
10,13900,1726.563930258852
10,14000,1726.563930258852
10,14100,1726.563930258852
10,14200,1726.563930258852
10,14300,1726.563930258852
10,14400,1726.563930258852
10,14500,1726.563930258852
10,14600,1726.563930258852
10,14700,1726.563930258852
10,14800,1726.563930258852
10,14900,1726.563930258852
10,15000,1726.563930258852
10,15100,1726.563930258852
10,15200,1726.563930258852
10,15300,1717.0166708450706
10,15400,1717.0166708450706
10,15500,1717.0166708450706
10,15600,1717.0166708450706
10,15700,1717.0166708450706
10,15800,1717.0166708450706
10,15900,1685.267436441327
10,16000,1685.267436441327
10,16100,1685.267436441327
10,16200,1685.267436441327
10,16300,1685.267436441327
10,16400,1685.267436441327
10,16500,1664.874464739196
10,16600,1664.874464739196
10,16700,1643.1779546141279
10,16800,1643.1779546141279
10,16900,1643.1779546141279
10,17000,1643.1779546141279
10,17100,1643.1779546141279
10,17200,1643.1779546141279
10,17300,1643.1779546141279
10,17400,1643.1779546141279
10,17500,1643.1779546141279
10,17600,1643.1779546141279
10,17700,1643.1779546141279
10,17800,1643.1779546141279
10,17900,1643.1779546141279
10,18000,1643.1779546141279
10,18100,1641.7940537748136
10,18200,1641.7940537748136
10,18300,1641.7940537748136
10,18400,1614.0643412309028
10,18500,1614.0643412309028
10,18600,1614.0643412309028
10,18700,1593.7877748414467
10,18800,1592.4038740021324
10,18900,1592.4038740021324
10,19000,1590.6077305645763
10,19100,1590.6077305645763
10,19200,1590.6077305645763
10,19300,1590.6077305645763
10,19400,1590.6077305645763
10,19500,1590.6077305645763
10,19600,1590.6077305645763
10,19700,1590.6077305645763
10,19800,1590.6077305645763
10,19900,1590.6077305645763
10,20000,1590.6077305645763
10,20100,1590.6077305645763
10,20200,1590.6077305645763
10,20300,1590.6077305645763
10,20400,1590.6077305645763
10,20500,1585.1983985031725
10,20600,1585.1983985031725
10,20700,1585.1983985031725
10,20800,1585.1983985031725
10,20900,1585.1983985031725
10,21000,1584.2602226081694
10,21100,1584.2602226081694
10,21200,1584.2602226081694
10,21300,1584.2602226081694
10,21400,1581.0958263240645
10,21500,1581.0958263240645
10,21600,1581.0958263240645
10,21700,1581.0958263240645
10,21800,1581.0958263240645
10,21900,1581.0958263240645
10,22000,1581.0958263240645
10,22100,1581.0958263240645
10,22200,1581.0958263240645
10,22300,1581.0958263240645
10,22400,1581.0958263240645
10,22500,1581.0958263240645
10,22600,1581.0958263240645
10,22700,1581.0958263240645
10,22800,1581.0958263240645
10,22900,1581.0958263240645
10,23000,1581.0958263240645
10,23100,1581.0958263240645
10,23200,1581.0958263240645
10,23300,1581.0958263240645
10,23400,1581.0958263240645
10,23500,1581.0958263240645
10,23600,1581.0958263240645
10,23700,1581.0958263240645
10,23800,1581.0958263240645
10,23900,1581.0958263240645
10,24000,1581.0958263240645
10,24100,1581.0958263240645
10,24200,1581.0958263240645
10,24300,1581.0958263240645
10,24400,1581.0958263240645
10,24500,1581.0958263240645
10,24600,1581.0958263240645
10,24700,1581.0958263240645
10,24800,1581.0958263240645
10,24900,1581.0958263240645
10,25000,1581.0958263240645
10,25100,1581.0958263240645
10,25200,1581.0958263240645
10,25300,1581.0958263240645
10,25400,1581.0958263240645
10,25500,1581.0958263240645
10,25600,1581.0958263240645
10,25700,1581.0958263240645
10,25800,1581.0958263240645
10,25900,1581.0958263240645
10,26000,1581.0958263240645
10,26100,1581.0958263240645
10,26200,1581.0958263240645
10,26300,1581.0958263240645
10,26400,1581.0958263240645
10,26500,1581.0958263240645
10,26600,1581.0958263240645
10,26700,1581.0958263240645
10,26800,1581.0958263240645
10,26900,1581.0958263240645
10,27000,1581.0958263240645
10,27100,1581.0958263240645
10,27200,1581.0958263240645
10,27300,1581.0958263240645
10,27400,1581.0958263240645
10,27500,1581.0958263240645
10,27600,1581.0958263240645
10,27700,1581.0958263240645
10,27800,1581.0958263240645
10,27900,1581.0958263240645
10,28000,1581.0958263240645
10,28100,1581.0958263240645
10,28200,1581.0958263240645
10,28300,1581.0958263240645
10,28400,1581.0958263240645
10,28500,1581.0958263240645
10,28600,1581.0958263240645
10,28700,1581.0958263240645
10,28800,1581.0958263240645
10,28900,1581.0958263240645
10,29000,1581.0958263240645
10,29100,1581.0958263240645
10,29200,1581.0958263240645
10,29300,1581.0958263240645
10,29400,1581.0958263240645
10,29500,1581.0958263240645
10,29600,1581.0958263240645
10,29700,1581.0958263240645
10,29800,1581.0958263240645
10,29900,1581.0958263240645
10,30000,1581.0958263240645
10,30100,1581.0958263240645
10,30200,1581.0958263240645
10,30300,1581.0958263240645
10,30400,1581.0958263240645
10,30500,1581.0958263240645
10,30600,1581.0958263240645
10,30700,1581.0958263240645
10,30800,1581.0958263240645
10,30900,1581.0958263240645
10,31000,1581.0958263240645
10,31100,1581.0958263240645
10,31200,1581.0958263240645
10,31300,1581.0958263240645
10,31400,1581.0958263240645
10,31500,1581.0958263240645
10,31600,1581.0958263240645
10,31700,1581.0958263240645
10,31800,1581.0958263240645
10,31900,1581.0958263240645
10,32000,1581.0958263240645
10,32100,1581.0958263240645
10,32200,1581.0958263240645
10,32300,1581.0958263240645
10,32400,1581.0958263240645
10,32500,1581.0958263240645
10,32600,1581.0958263240645
10,32700,1581.0958263240645
10,32800,1581.0958263240645
10,32900,1581.0958263240645
10,33000,1581.0958263240645
10,33100,1581.0958263240645
10,33200,1581.0958263240645
10,33300,1581.0958263240645
10,33400,1581.0958263240645
10,33500,1581.0958263240645
10,33600,1581.0958263240645
10,33700,1581.0958263240645
10,33800,1581.0958263240645
10,33900,1581.0958263240645
10,34000,1581.0958263240645
10,34100,1581.0958263240645
10,34200,1581.0958263240645
10,34300,1581.0958263240645
10,34400,1581.0958263240645
10,34500,1581.0958263240645
10,34600,1581.0958263240645
10,34700,1581.0958263240645
10,34800,1581.0958263240645
10,34900,1581.0958263240645
10,35000,1581.0958263240645
10,35100,1581.0958263240645
10,35200,1581.0958263240645
10,35300,1581.0958263240645
10,35400,1581.0958263240645
10,35500,1581.0958263240645
10,35600,1581.0958263240645
10,35700,1581.0958263240645
10,35800,1581.0958263240645
10,35900,1581.0958263240645
10,36000,1581.0958263240645
10,36100,1581.0958263240645
10,36200,1581.0958263240645
10,36300,1581.0958263240645
10,36400,1581.0958263240645
10,36500,1581.0958263240645
10,36600,1581.0958263240645
10,36700,1581.0958263240645
10,36800,1581.0958263240645
10,36900,1581.0958263240645
10,37000,1581.0958263240645
10,37100,1581.0958263240645
10,37200,1581.0958263240645
10,37300,1581.0958263240645
10,37400,1581.0958263240645
10,37500,1581.0958263240645
10,37600,1581.0958263240645
10,37700,1581.0958263240645
10,37800,1581.0958263240645
10,37900,1581.0958263240645
10,38000,1581.0958263240645
10,38100,1581.0958263240645
10,38200,1581.0958263240645
10,38300,1581.0958263240645
10,38400,1581.0958263240645
10,38500,1581.0958263240645
10,38600,1581.0958263240645
10,38700,1581.0958263240645
10,38800,1581.0958263240645
10,38900,1581.0958263240645
10,39000,1581.0958263240645
10,39100,1581.0958263240645
10,39200,1581.0958263240645
10,39300,1581.0958263240645
10,39400,1581.0958263240645
10,39500,1581.0958263240645
10,39600,1581.0958263240645
10,39700,1581.0958263240645
10,39800,1581.0958263240645
10,39900,1581.0958263240645
10,40000,1581.0958263240645
10,40100,1581.0958263240645
10,40200,1581.0958263240645
10,40300,1581.0958263240645
10,40400,1581.0958263240645
10,40500,1581.0958263240645
10,40600,1581.0958263240645
10,40700,1581.0958263240645
10,40800,1581.0958263240645
10,40900,1581.0958263240645
10,41000,1581.0958263240645
10,41100,1581.0958263240645
10,41200,1581.0958263240645
10,41300,1581.0958263240645
10,41400,1581.0958263240645
10,41500,1581.0958263240645
10,41600,1581.0958263240645
10,41700,1581.0958263240645
10,41800,1581.0958263240645
10,41900,1581.0958263240645
10,42000,1581.0958263240645
10,42100,1581.0958263240645
10,42200,1581.0958263240645
10,42300,1581.0958263240645
10,42400,1581.0958263240645
10,42500,1581.0958263240645
10,42600,1581.0958263240645
10,42700,1581.0958263240645
10,42800,1581.0958263240645
10,42900,1581.0958263240645
10,43000,1581.0958263240645
10,43100,1581.0958263240645
10,43200,1581.0958263240645
10,43300,1581.0958263240645
10,43400,1581.0958263240645
10,43500,1581.0958263240645
10,43600,1581.0958263240645
10,43700,1581.0958263240645
10,43800,1581.0958263240645
10,43900,1581.0958263240645
10,44000,1581.0958263240645
10,44100,1581.0958263240645
10,44200,1581.0958263240645
10,44300,1581.0958263240645
10,44400,1581.0958263240645
10,44500,1581.0958263240645
10,44600,1581.0958263240645
10,44700,1581.0958263240645
10,44800,1581.0958263240645
10,44900,1581.0958263240645
10,45000,1581.0958263240645
10,45100,1581.0958263240645
10,45200,1581.0958263240645
10,45300,1581.0958263240645
10,45400,1581.0958263240645
10,45500,1581.0958263240645
10,45600,1581.0958263240645
10,45700,1581.0958263240645
10,45800,1581.0958263240645
10,45900,1581.0958263240645
10,46000,1581.0958263240645
10,46100,1581.0958263240645
10,46200,1581.0958263240645
10,46300,1581.0958263240645
10,46400,1581.0958263240645
10,46500,1581.0958263240645
10,46600,1581.0958263240645
10,46700,1581.0958263240645
10,46800,1581.0958263240645
10,46900,1581.0958263240645
10,47000,1581.0958263240645
10,47100,1581.0958263240645
10,47200,1581.0958263240645
10,47300,1581.0958263240645
10,47400,1581.0958263240645
10,47500,1581.0958263240645
10,47600,1581.0958263240645
10,47700,1581.0958263240645
10,47800,1581.0958263240645
10,47900,1581.0958263240645
10,48000,1581.0958263240645
10,48100,1581.0958263240645
10,48200,1581.0958263240645
10,48300,1581.0958263240645
10,48400,1581.0958263240645
10,48500,1581.0958263240645
10,48600,1581.0958263240645
10,48700,1581.0958263240645
10,48800,1581.0958263240645
10,48900,1581.0958263240645
10,49000,1581.0958263240645
10,49100,1581.0958263240645
10,49200,1581.0958263240645
10,49300,1581.0958263240645
10,49400,1581.0958263240645
10,49500,1581.0958263240645
10,49600,1581.0958263240645
10,49700,1581.0958263240645
10,49800,1581.0958263240645
10,49900,1581.0958263240645
10,50000,1581.0958263240645
11,200,2446.035846301563
11,300,2410.2822174636885
11,400,2324.848843339684
11,500,2324.848843339684
11,600,2324.848843339684
11,700,2324.848843339684
11,800,2324.848843339684
11,900,2324.848843339684
11,1000,2324.848843339684
11,1100,2324.848843339684
11,1200,2324.848843339684
11,1300,2324.848843339684
11,1400,2324.848843339684
11,1500,2324.848843339684
11,1600,2324.848843339684
11,1700,2324.848843339684
11,1800,2324.848843339684
11,1900,2324.848843339684
11,2000,2324.848843339684
11,2100,2324.848843339684
11,2200,2324.848843339684
11,2300,2324.848843339684
11,2400,2324.848843339684
11,2500,2324.848843339684
11,2600,2324.848843339684
11,2700,2324.848843339684
11,2800,2324.848843339684
11,2900,2324.848843339684
11,3000,2324.848843339684
11,3100,2324.848843339684
11,3200,2324.848843339684
11,3300,2324.848843339684
11,3400,2324.848843339684
11,3500,2324.848843339684
11,3600,2283.2940305656953
11,3700,2283.2940305656953
11,3800,2283.2940305656953
11,3900,2278.7597852484055
11,4000,2278.7597852484055
11,4100,2278.7597852484055
11,4200,2278.7597852484055
11,4300,2278.7597852484055
11,4400,2278.7597852484055
11,4500,2278.7597852484055
11,4600,2278.7597852484055
11,4700,2278.7597852484055
11,4800,2278.7597852484055
11,4900,2278.7597852484055
11,5000,2278.7597852484055
11,5100,2278.7597852484055
11,5200,2278.7597852484055
11,5300,2278.7597852484055
11,5400,2278.7597852484055
11,5500,2278.7597852484055
11,5600,2278.7597852484055
11,5700,2278.7597852484055
11,5800,2278.7597852484055
11,5900,2278.7597852484055
11,6000,2278.7597852484055
11,6100,2278.7597852484055
11,6200,2278.7597852484055
11,6300,2278.7597852484055
11,6400,2278.7597852484055
11,6500,2278.7597852484055
11,6600,2278.7597852484055
11,6700,2278.7597852484055
11,6800,2278.7597852484055
11,6900,2278.7597852484055
11,7000,2278.7597852484055
11,7100,2278.7597852484055
11,7200,2278.7597852484055
11,7300,2278.7597852484055
11,7400,2263.3389899781346
11,7500,2263.3389899781346
11,7600,2263.3389899781346
11,7700,2263.3389899781346
11,7800,2249.227561910537
11,7900,2130.9164140260423
11,8000,2130.9164140260423
11,8100,2130.9164140260423
11,8200,2130.9164140260423
11,8300,2130.9164140260423
11,8400,2130.9164140260423
11,8500,2130.9164140260423
11,8600,2130.9164140260423
11,8700,2130.9164140260423
11,8800,2130.9164140260423
11,8900,2130.9164140260423
11,9000,2130.9164140260423
11,9100,2130.9164140260423
11,9200,2130.9164140260423
11,9300,2130.9164140260423
11,9400,2130.9164140260423
11,9500,2130.9164140260423
11,9600,2130.9164140260423
11,9700,2127.0376088306775
11,9800,2127.0376088306775
11,9900,2127.0376088306775
11,10000,2127.0376088306775
11,10100,2127.0376088306775
11,10200,2127.0376088306775
11,10300,2127.0376088306775
11,10400,2127.0376088306775
11,10500,2088.0887457207346
11,10600,2088.0887457207346
11,10700,2088.0887457207346
11,10800,2088.0887457207346
11,10900,2088.0887457207346
11,11000,2088.0887457207346
11,11100,2088.0887457207346
11,11200,2088.0887457207346
11,11300,2082.573233163518
11,11400,2082.573233163518
11,11500,2082.573233163518
11,11600,2082.573233163518
11,11700,2082.573233163518
11,11800,2082.573233163518
11,11900,2082.573233163518
11,12000,2082.573233163518
11,12100,2082.573233163518
11,12200,2082.573233163518
11,12300,2082.573233163518
11,12400,2082.573233163518
11,12500,2082.573233163518
11,12600,2082.573233163518
11,12700,2080.976729069628
11,12800,2080.976729069628
11,12900,2080.976729069628
11,13000,2080.976729069628
11,13100,2080.976729069628
11,13200,2080.976729069628
11,13300,2080.976729069628
11,13400,2080.976729069628
11,13500,2078.937421157913
11,13600,2078.937421157913
11,13700,2072.4455403711368
11,13800,2072.4455403711368
11,13900,2072.4455403711368
11,14000,2072.4455403711368
11,14100,2069.9894740706472
11,14200,2063.589563805715
11,14300,2063.589563805715
11,14400,2062.057187294673
11,14500,2062.057187294673
11,14600,2057.3519745027756
11,14700,2057.3519745027756
11,14800,2057.3519745027756
11,14900,2057.3519745027756
11,15000,2057.3519745027756
11,15100,2057.186832709529
11,15200,2048.3343673501827
11,15300,2048.3343673501827
11,15400,2048.3343673501827
11,15500,2048.3343673501827
11,15600,2046.1916479928307
11,15700,2046.1916479928307
11,15800,2046.1916479928307
11,15900,2046.1916479928307
11,16000,2046.1916479928307
11,16100,2046.1916479928307
11,16200,2021.8951529095655
11,16300,2011.1352791509285
11,16400,2011.1352791509285
11,16500,2011.1352791509285
11,16600,2011.1352791509285
11,16700,2011.1352791509285
11,16800,2011.1352791509285
11,16900,2011.1352791509285
11,17000,2011.1352791509285
11,17100,2011.1352791509285
11,17200,2011.1352791509285
11,17300,2011.1352791509285
11,17400,2011.1352791509285
11,17500,2011.1352791509285
11,17600,1967.1282971934045
11,17700,1967.1282971934045
11,17800,1967.1282971934045
11,17900,1967.1282971934045
11,18000,1967.1282971934045
11,18100,1967.1282971934045
11,18200,1967.1282971934045
11,18300,1965.8670585416137
11,18400,1965.8670585416137
11,18500,1965.8670585416137
11,18600,1965.8670585416137
11,18700,1965.8670585416137
11,18800,1965.8670585416137
11,18900,1944.6253218624922
11,19000,1943.3640832107014
11,19100,1943.3640832107014
11,19200,1943.3640832107014
11,19300,1943.3640832107014
11,19400,1943.3640832107014
11,19500,1943.3640832107014
11,19600,1943.3640832107014
11,19700,1943.3640832107014
11,19800,1943.3640832107014
11,19900,1943.3640832107014
11,20000,1943.3640832107014
11,20100,1943.3640832107014
11,20200,1943.3640832107014
11,20300,1943.3640832107014
11,20400,1943.3640832107014
11,20500,1943.3640832107014
11,20600,1943.3640832107014
11,20700,1943.3640832107014
11,20800,1943.3640832107014
11,20900,1943.3640832107014
11,21000,1943.3640832107014
11,21100,1943.3640832107014
11,21200,1943.3640832107014
11,21300,1943.3640832107014
11,21400,1943.3640832107014
11,21500,1943.3640832107014
11,21600,1943.3640832107014
11,21700,1943.3640832107014
11,21800,1943.3640832107014
11,21900,1943.3640832107014
11,22000,1943.3640832107014
11,22100,1943.3640832107014
11,22200,1943.3640832107014
11,22300,1943.3640832107014
11,22400,1943.3640832107014
11,22500,1943.3640832107014
11,22600,1943.3640832107014
11,22700,1943.3640832107014
11,22800,1943.3640832107014
11,22900,1943.3640832107014
11,23000,1943.3640832107014
11,23100,1943.3640832107014
11,23200,1943.3640832107014
11,23300,1943.3640832107014
11,23400,1943.3640832107014
11,23500,1943.3640832107014
11,23600,1943.3640832107014
11,23700,1943.3640832107014
11,23800,1943.3640832107014
11,23900,1943.3640832107014
11,24000,1943.3640832107014
11,24100,1943.3640832107014
11,24200,1870.1443237334172
11,24300,1870.1443237334172
11,24400,1870.1443237334172
11,24500,1870.1443237334172
11,24600,1870.1443237334172
11,24700,1870.1443237334172
11,24800,1870.1443237334172
11,24900,1870.1443237334172
11,25000,1870.1443237334172
11,25100,1870.1443237334172
11,25200,1870.1443237334172
11,25300,1870.1443237334172
11,25400,1870.1443237334172
11,25500,1870.1443237334172
11,25600,1870.1443237334172
11,25700,1870.1443237334172
11,25800,1870.1443237334172
11,25900,1870.1443237334172
11,26000,1870.1443237334172
11,26100,1870.1443237334172
11,26200,1870.1443237334172
11,26300,1870.1443237334172
11,26400,1870.1443237334172
11,26500,1870.1443237334172
11,26600,1870.1443237334172
11,26700,1870.1443237334172
11,26800,1852.4416135189745
11,26900,1852.4416135189745
11,27000,1852.4416135189745
11,27100,1852.4416135189745
11,27200,1852.4416135189745
11,27300,1852.4416135189745
11,27400,1852.4416135189745
11,27500,1852.4416135189745
11,27600,1852.4416135189745
11,27700,1852.4416135189745
11,27800,1852.4416135189745
11,27900,1852.4416135189745
11,28000,1852.4416135189745
11,28100,1852.4416135189745
11,28200,1852.4416135189745
11,28300,1852.4416135189745
11,28400,1852.4416135189745
11,28500,1852.4416135189745
11,28600,1852.4416135189745
11,28700,1852.4416135189745
11,28800,1852.4416135189745
11,28900,1852.4416135189745
11,29000,1852.4416135189745
11,29100,1852.4416135189745
11,29200,1852.4416135189745
11,29300,1852.4416135189745
11,29400,1852.4416135189745
11,29500,1852.4416135189745
11,29600,1852.4416135189745
11,29700,1852.4416135189745
11,29800,1852.4416135189745
11,29900,1852.4416135189745
11,30000,1852.4416135189745
11,30100,1852.4416135189745
11,30200,1852.4416135189745
11,30300,1852.4416135189745
11,30400,1852.4416135189745
11,30500,1852.4416135189745
11,30600,1852.4416135189745
11,30700,1852.4416135189745
11,30800,1852.4416135189745
11,30900,1852.4416135189745
11,31000,1852.4416135189745
11,31100,1852.4416135189745
11,31200,1852.4416135189745
11,31300,1852.4416135189745
11,31400,1852.4416135189745
11,31500,1852.4416135189745
11,31600,1852.4416135189745
11,31700,1852.4416135189745
11,31800,1852.4416135189745
11,31900,1852.4416135189745
11,32000,1852.4416135189745
11,32100,1852.4416135189745
11,32200,1852.4416135189745
11,32300,1852.4416135189745
11,32400,1852.4416135189745
11,32500,1852.4416135189745
11,32600,1852.4416135189745
11,32700,1852.4416135189745
11,32800,1852.4416135189745
11,32900,1852.4416135189745
11,33000,1852.4416135189745
11,33100,1852.4416135189745
11,33200,1852.4416135189745
11,33300,1852.4416135189745
11,33400,1852.4416135189745
11,33500,1852.4416135189745
11,33600,1852.4416135189745
11,33700,1852.4416135189745
11,33800,1852.4416135189745
11,33900,1852.4416135189745
11,34000,1852.4416135189745
11,34100,1852.4416135189745
11,34200,1852.4416135189745
11,34300,1852.4416135189745
11,34400,1852.4416135189745
11,34500,1852.4416135189745
11,34600,1852.4416135189745
11,34700,1852.4416135189745
11,34800,1852.4416135189745
11,34900,1852.4416135189745
11,35000,1852.4416135189745
11,35100,1852.4416135189745
11,35200,1852.4416135189745
11,35300,1852.4416135189745
11,35400,1852.4416135189745
11,35500,1852.4416135189745
11,35600,1852.4416135189745
11,35700,1852.4416135189745
11,35800,1852.4416135189745
11,35900,1852.4416135189745
11,36000,1852.4416135189745
11,36100,1852.4416135189745
11,36200,1852.4416135189745
11,36300,1852.4416135189745
11,36400,1852.4416135189745
11,36500,1852.4416135189745
11,36600,1852.4416135189745
11,36700,1852.4416135189745
11,36800,1852.4416135189745
11,36900,1852.4416135189745
11,37000,1852.4416135189745
11,37100,1852.4416135189745
11,37200,1852.4416135189745
11,37300,1852.4416135189745
11,37400,1852.4416135189745
11,37500,1852.4416135189745
11,37600,1852.4416135189745
11,37700,1852.4416135189745
11,37800,1852.4416135189745
11,37900,1852.4416135189745
11,38000,1852.4416135189745
11,38100,1852.4416135189745
11,38200,1852.4416135189745
11,38300,1852.4416135189745
11,38400,1852.4416135189745
11,38500,1852.4416135189745
11,38600,1852.4416135189745
11,38700,1852.4416135189745
11,38800,1852.4416135189745
11,38900,1852.4416135189745
11,39000,1852.4416135189745
11,39100,1852.4416135189745
11,39200,1852.4416135189745
11,39300,1852.4416135189745
11,39400,1852.4416135189745
11,39500,1852.4416135189745
11,39600,1852.4416135189745
11,39700,1852.4416135189745
11,39800,1852.4416135189745
11,39900,1852.4416135189745
11,40000,1852.4416135189745
11,40100,1852.4416135189745
11,40200,1852.4416135189745
11,40300,1852.4416135189745
11,40400,1852.4416135189745
11,40500,1852.4416135189745
11,40600,1852.4416135189745
11,40700,1852.4416135189745
11,40800,1852.4416135189745
11,40900,1852.4416135189745
11,41000,1852.4416135189745
11,41100,1852.4416135189745
11,41200,1852.4416135189745
11,41300,1852.4416135189745
11,41400,1852.4416135189745
11,41500,1852.4416135189745
11,41600,1852.4416135189745
11,41700,1852.4416135189745
11,41800,1852.4416135189745
11,41900,1852.4416135189745
11,42000,1852.4416135189745
11,42100,1852.4416135189745
11,42200,1852.4416135189745
11,42300,1852.4416135189745
11,42400,1852.4416135189745
11,42500,1852.4416135189745
11,42600,1852.4416135189745
11,42700,1852.4416135189745
11,42800,1852.4416135189745
11,42900,1852.4416135189745
11,43000,1852.4416135189745
11,43100,1852.4416135189745
11,43200,1852.4416135189745
11,43300,1852.4416135189745
11,43400,1852.4416135189745
11,43500,1852.4416135189745
11,43600,1852.4416135189745
11,43700,1852.4416135189745
11,43800,1852.4416135189745
11,43900,1852.4416135189745
11,44000,1852.4416135189745
11,44100,1852.4416135189745
11,44200,1852.4416135189745
11,44300,1852.4416135189745
11,44400,1852.4416135189745
11,44500,1852.4416135189745
11,44600,1852.4416135189745
11,44700,1852.4416135189745
11,44800,1852.4416135189745
11,44900,1852.4416135189745
11,45000,1852.4416135189745
11,45100,1852.4416135189745
11,45200,1852.4416135189745
11,45300,1852.4416135189745
11,45400,1852.4416135189745
11,45500,1852.4416135189745
11,45600,1852.4416135189745
11,45700,1852.4416135189745
11,45800,1852.4416135189745
11,45900,1852.4416135189745
11,46000,1852.4416135189745
11,46100,1852.4416135189745
11,46200,1852.4416135189745
11,46300,1852.4416135189745
11,46400,1852.4416135189745
11,46500,1852.4416135189745
11,46600,1852.4416135189745
11,46700,1852.4416135189745
11,46800,1852.4416135189745
11,46900,1852.4416135189745
11,47000,1852.4416135189745
11,47100,1852.4416135189745
11,47200,1852.4416135189745
11,47300,1852.4416135189745
11,47400,1852.4416135189745
11,47500,1852.4416135189745
11,47600,1852.4416135189745
11,47700,1852.4416135189745
11,47800,1852.4416135189745
11,47900,1852.4416135189745
11,48000,1852.4416135189745
11,48100,1852.4416135189745
11,48200,1852.4416135189745
11,48300,1852.4416135189745
11,48400,1852.4416135189745
11,48500,1852.4416135189745
11,48600,1852.4416135189745
11,48700,1852.4416135189745
11,48800,1852.4416135189745
11,48900,1852.4416135189745
11,49000,1852.4416135189745
11,49100,1852.4416135189745
11,49200,1852.4416135189745
11,49300,1852.4416135189745
11,49400,1852.4416135189745
11,49500,1852.4416135189745
11,49600,1852.4416135189745
11,49700,1852.4416135189745
11,49800,1852.4416135189745
11,49900,1852.4416135189745
11,50000,1852.4416135189745
12,200,2551.6855375525565
12,300,2516.054156787492
12,400,2477.1494207382107
12,500,2477.1494207382107
12,600,2477.1494207382107
12,700,2477.1494207382107
12,800,2477.1494207382107
12,900,2477.1494207382107
12,1000,2464.9027788352573
12,1100,2404.0828140970643
12,1200,2404.0828140970643
12,1300,2404.0828140970643
12,1400,2404.0828140970643
12,1500,2368.6247661046623
12,1600,2368.6247661046623
12,1700,2368.6247661046623
12,1800,2368.6247661046623
12,1900,2362.599436136635
12,2000,2362.599436136635
12,2100,2362.599436136635
12,2200,2362.599436136635
12,2300,2351.763650374781
12,2400,2351.763650374781
12,2500,2351.763650374781
12,2600,2351.763650374781
12,2700,2300.3061233062317
12,2800,2300.3061233062317
12,2900,2274.323789855048
12,3000,2274.323789855048
12,3100,2274.323789855048
12,3200,2261.7058597098558
12,3300,2261.7058597098558
12,3400,2259.491320195709
12,3500,2253.7166457624417
12,3600,2253.7166457624417
12,3700,2253.7166457624417
12,3800,2253.7166457624417
12,3900,2253.7166457624417
12,4000,2253.7166457624417
12,4100,2253.7166457624417
12,4200,2253.7166457624417
12,4300,2253.7166457624417
12,4400,2253.7166457624417
12,4500,2253.7166457624417
12,4600,2253.7166457624417
12,4700,2253.7166457624417
12,4800,2253.7166457624417
12,4900,2253.7166457624417
12,5000,2194.947708833236
12,5100,2194.947708833236
12,5200,2194.947708833236
12,5300,2194.947708833236
12,5400,2194.947708833236
12,5500,2194.947708833236
12,5600,2194.947708833236
12,5700,2194.947708833236
12,5800,2194.947708833236
12,5900,2194.947708833236
12,6000,2194.947708833236
12,6100,2194.947708833236
12,6200,2194.947708833236
12,6300,2194.947708833236
12,6400,2194.947708833236
12,6500,2194.947708833236
12,6600,2194.947708833236
12,6700,2194.947708833236
12,6800,2194.947708833236
12,6900,2194.947708833236
12,7000,2194.947708833236
12,7100,2194.947708833236
12,7200,2194.947708833236
12,7300,2194.947708833236
12,7400,2194.947708833236
12,7500,2194.947708833236
12,7600,2194.947708833236
12,7700,2194.947708833236
12,7800,2194.947708833236
12,7900,2194.947708833236
12,8000,2194.947708833236
12,8100,2194.947708833236
12,8200,2194.947708833236
12,8300,2194.947708833236
12,8400,2194.947708833236
12,8500,2192.6772519991714
12,8600,2192.6772519991714
12,8700,2192.6772519991714
12,8800,2192.6772519991714
12,8900,2192.6772519991714
12,9000,2192.6772519991714
12,9100,2192.6772519991714
12,9200,2177.16252244762
12,9300,2177.16252244762
12,9400,2177.16252244762
12,9500,2171.7028378505256
12,9600,2108.52819305849
12,9700,2108.52819305849
12,9800,2108.52819305849
12,9900,2108.52819305849
12,10000,2108.52819305849
12,10100,2108.52819305849
12,10200,2108.52819305849
12,10300,2108.52819305849
12,10400,2108.52819305849
12,10500,2108.52819305849
12,10600,2075.9955569254644
12,10700,2075.9955569254644
12,10800,2075.9955569254644
12,10900,2075.9955569254644
12,11000,2060.4853582998157
12,11100,2060.4853582998157
12,11200,2050.2156255707905
12,11300,2050.2156255707905
12,11400,2050.2156255707905
12,11500,2050.2156255707905
12,11600,2050.2156255707905
12,11700,2050.2156255707905
12,11800,2050.2156255707905
12,11900,2050.2156255707905
12,12000,2050.2156255707905
12,12100,2050.2156255707905
12,12200,1989.7458062491555
12,12300,1989.7458062491555
12,12400,1989.7458062491555
12,12500,1989.7458062491555
12,12600,1989.7458062491555
12,12700,1989.7458062491555
12,12800,1989.7458062491555
12,12900,1972.8038869279844
12,13000,1972.8038869279844
12,13100,1972.8038869279844
12,13200,1957.3686323688496
12,13300,1957.3686323688496
12,13400,1957.3686323688496
12,13500,1957.3686323688496
12,13600,1917.2178108750568
12,13700,1917.2178108750568
12,13800,1917.2178108750568
12,13900,1917.2178108750568
12,14000,1917.2178108750568
12,14100,1917.2178108750568
12,14200,1917.2178108750568
12,14300,1917.2178108750568
12,14400,1917.2178108750568
12,14500,1917.2178108750568
12,14600,1917.2178108750568
12,14700,1910.3755720305853
12,14800,1891.6871118963234
12,14900,1891.6871118963234
12,15000,1891.6871118963234
12,15100,1859.676805703759
12,15200,1852.501534993474
12,15300,1852.501534993474
12,15400,1831.0315128382076
12,15500,1804.5131349322933
12,15600,1804.5131349322933
12,15700,1804.5131349322933
12,15800,1804.5131349322933
12,15900,1804.5131349322933
12,16000,1804.5131349322933
12,16100,1804.5131349322933
12,16200,1804.5131349322933
12,16300,1804.5131349322933
12,16400,1804.5131349322933
12,16500,1804.5131349322933
12,16600,1804.5131349322933
12,16700,1804.5131349322933
12,16800,1804.5131349322933
12,16900,1804.5131349322933
12,17000,1804.5131349322933
12,17100,1761.677471123331
12,17200,1761.677471123331
12,17300,1761.677471123331
12,17400,1761.677471123331
12,17500,1754.804027869495
12,17600,1754.804027869495
12,17700,1754.804027869495
12,17800,1754.804027869495
12,17900,1754.804027869495
12,18000,1710.604118471028
12,18100,1710.604118471028
12,18200,1659.9922421996387
12,18300,1659.9922421996387
12,18400,1659.9922421996387
12,18500,1648.3729283258363
12,18600,1648.3729283258363
12,18700,1638.0736314490841
12,18800,1638.0736314490841
12,18900,1638.0736314490841
12,19000,1638.0736314490841
12,19100,1638.0736314490841
12,19200,1638.0736314490841
12,19300,1638.0736314490841
12,19400,1638.0736314490841
12,19500,1638.0736314490841
12,19600,1638.0736314490841
12,19700,1638.0736314490841
12,19800,1638.0736314490841
12,19900,1638.0736314490841
12,20000,1638.0736314490841
12,20100,1638.0736314490841
12,20200,1638.0736314490841
12,20300,1638.0736314490841
12,20400,1636.244699055567
12,20500,1636.244699055567
12,20600,1636.244699055567
12,20700,1635.8292940131523
12,20800,1635.8292940131523
12,20900,1635.8292940131523
12,21000,1635.8292940131523
12,21100,1635.8292940131523
12,21200,1635.8292940131523
12,21300,1635.8292940131523
12,21400,1633.826039720418
12,21500,1616.2915250990004
12,21600,1616.2915250990004
12,21700,1616.2915250990004
12,21800,1616.2915250990004
12,21900,1613.2043557785278
12,22000,1613.2043557785278
12,22100,1613.2043557785278
12,22200,1613.2043557785278
12,22300,1604.089084654058
12,22400,1604.089084654058
12,22500,1604.089084654058
12,22600,1604.089084654058
12,22700,1604.089084654058
12,22800,1604.089084654058
12,22900,1604.089084654058
12,23000,1604.089084654058
12,23100,1601.6058576623495
12,23200,1601.6058576623495
12,23300,1601.6058576623495
12,23400,1601.6058576623495
12,23500,1601.6058576623495
12,23600,1601.6058576623495
12,23700,1601.6058576623495
12,23800,1601.6058576623495
12,23900,1601.6058576623495
12,24000,1601.6058576623495
12,24100,1601.6058576623495
12,24200,1601.6058576623495
12,24300,1601.6058576623495
12,24400,1601.6058576623495
12,24500,1601.6058576623495
12,24600,1601.6058576623495
12,24700,1601.6058576623495
12,24800,1601.6058576623495
12,24900,1600.6505909149914
12,25000,1600.6505909149914
12,25100,1600.6505909149914
12,25200,1600.6505909149914
12,25300,1600.6505909149914
12,25400,1592.642408724543
12,25500,1592.642408724543
12,25600,1592.642408724543
12,25700,1592.642408724543
12,25800,1592.642408724543
12,25900,1592.642408724543
12,26000,1592.642408724543
12,26100,1592.642408724543
12,26200,1592.642408724543
12,26300,1592.642408724543
12,26400,1592.642408724543
12,26500,1592.642408724543
12,26600,1592.642408724543
12,26700,1592.642408724543
12,26800,1592.642408724543
12,26900,1592.642408724543
12,27000,1592.642408724543
12,27100,1588.6140889128028
12,27200,1559.5272377456592
12,27300,1559.5272377456592
12,27400,1559.5272377456592
12,27500,1559.5272377456592
12,27600,1556.857329090316
12,27700,1556.857329090316
12,27800,1556.857329090316
12,27900,1556.857329090316
12,28000,1556.857329090316
12,28100,1548.8491468998675
12,28200,1548.8491468998675
12,28300,1548.8491468998675
12,28400,1548.568865266477
12,28500,1544.0372127997477
12,28600,1544.0372127997477
12,28700,1544.0372127997477
12,28800,1544.0372127997477
12,28900,1544.0372127997477
12,29000,1544.0372127997477
12,29100,1544.0372127997477
12,29200,1544.0372127997477
12,29300,1544.0372127997477
12,29400,1544.0372127997477
12,29500,1544.0372127997477
12,29600,1544.0372127997477
12,29700,1544.0372127997477
12,29800,1544.0372127997477
12,29900,1544.0372127997477
12,30000,1544.0372127997477
12,30100,1544.0372127997477
12,30200,1544.0372127997477
12,30300,1544.0372127997477
12,30400,1544.0372127997477
12,30500,1544.0372127997477
12,30600,1544.0372127997477
12,30700,1544.0372127997477
12,30800,1544.0372127997477
12,30900,1544.0372127997477
12,31000,1544.0372127997477
12,31100,1544.0372127997477
12,31200,1544.0372127997477
12,31300,1544.0372127997477
12,31400,1544.0372127997477
12,31500,1544.0372127997477
12,31600,1544.0372127997477
12,31700,1544.0372127997477
12,31800,1544.0372127997477
12,31900,1544.0372127997477
12,32000,1544.0372127997477
12,32100,1544.0372127997477
12,32200,1544.0372127997477
12,32300,1544.0372127997477
12,32400,1544.0372127997477
12,32500,1544.0372127997477
12,32600,1544.0372127997477
12,32700,1544.0372127997477
12,32800,1544.0372127997477
12,32900,1544.0372127997477
12,33000,1544.0372127997477
12,33100,1544.0372127997477
12,33200,1544.0372127997477
12,33300,1544.0372127997477
12,33400,1544.0372127997477
12,33500,1544.0372127997477
12,33600,1544.0372127997477
12,33700,1544.0372127997477
12,33800,1544.0372127997477
12,33900,1544.0372127997477
12,34000,1544.0372127997477
12,34100,1544.0372127997477
12,34200,1544.0372127997477
12,34300,1544.0372127997477
12,34400,1544.0372127997477
12,34500,1544.0372127997477
12,34600,1544.0372127997477
12,34700,1544.0372127997477
12,34800,1544.0372127997477
12,34900,1544.0372127997477
12,35000,1544.0372127997477
12,35100,1544.0372127997477
12,35200,1544.0372127997477
12,35300,1544.0372127997477
12,35400,1544.0372127997477
12,35500,1544.0372127997477
12,35600,1544.0372127997477
12,35700,1544.0372127997477
12,35800,1544.0372127997477
12,35900,1544.0372127997477
12,36000,1544.0372127997477
12,36100,1544.0372127997477
12,36200,1544.0372127997477
12,36300,1544.0372127997477
12,36400,1544.0372127997477
12,36500,1544.0372127997477
12,36600,1544.0372127997477
12,36700,1544.0372127997477
12,36800,1544.0372127997477
12,36900,1544.0372127997477
12,37000,1544.0372127997477
12,37100,1544.0372127997477
12,37200,1544.0372127997477
12,37300,1544.0372127997477
12,37400,1544.0372127997477
12,37500,1544.0372127997477
12,37600,1544.0372127997477
12,37700,1544.0372127997477
12,37800,1544.0372127997477
12,37900,1544.0372127997477
12,38000,1544.0372127997477
12,38100,1544.0372127997477
12,38200,1544.0372127997477
12,38300,1544.0372127997477
12,38400,1544.0372127997477
12,38500,1544.0372127997477
12,38600,1544.0372127997477
12,38700,1544.0372127997477
12,38800,1544.0372127997477
12,38900,1544.0372127997477
12,39000,1544.0372127997477
12,39100,1544.0372127997477
12,39200,1544.0372127997477
12,39300,1544.0372127997477
12,39400,1544.0372127997477
12,39500,1544.0372127997477
12,39600,1544.0372127997477
12,39700,1544.0372127997477
12,39800,1544.0372127997477
12,39900,1544.0372127997477
12,40000,1544.0372127997477
12,40100,1544.0372127997477
12,40200,1544.0372127997477
12,40300,1544.0372127997477
12,40400,1544.0372127997477
12,40500,1544.0372127997477
12,40600,1544.0372127997477
12,40700,1544.0372127997477
12,40800,1544.0372127997477
12,40900,1544.0372127997477
12,41000,1544.0372127997477
12,41100,1544.0372127997477
12,41200,1544.0372127997477
12,41300,1544.0372127997477
12,41400,1544.0372127997477
12,41500,1544.0372127997477
12,41600,1544.0372127997477
12,41700,1544.0372127997477
12,41800,1544.0372127997477
12,41900,1544.0372127997477
12,42000,1544.0372127997477
12,42100,1544.0372127997477
12,42200,1544.0372127997477
12,42300,1544.0372127997477
12,42400,1544.0372127997477
12,42500,1544.0372127997477
12,42600,1544.0372127997477
12,42700,1544.0372127997477
12,42800,1544.0372127997477
12,42900,1544.0372127997477
12,43000,1544.0372127997477
12,43100,1544.0372127997477
12,43200,1544.0372127997477
12,43300,1544.0372127997477
12,43400,1544.0372127997477
12,43500,1544.0372127997477
12,43600,1544.0372127997477
12,43700,1544.0372127997477
12,43800,1544.0372127997477
12,43900,1544.0372127997477
12,44000,1544.0372127997477
12,44100,1544.0372127997477
12,44200,1544.0372127997477
12,44300,1544.0372127997477
12,44400,1544.0372127997477
12,44500,1544.0372127997477
12,44600,1544.0372127997477
12,44700,1544.0372127997477
12,44800,1544.0372127997477
12,44900,1544.0372127997477
12,45000,1544.0372127997477
12,45100,1544.0372127997477
12,45200,1544.0372127997477
12,45300,1544.0372127997477
12,45400,1544.0372127997477
12,45500,1544.0372127997477
12,45600,1544.0372127997477
12,45700,1544.0372127997477
12,45800,1544.0372127997477
12,45900,1544.0372127997477
12,46000,1544.0372127997477
12,46100,1544.0372127997477
12,46200,1544.0372127997477
12,46300,1544.0372127997477
12,46400,1544.0372127997477
12,46500,1544.0372127997477
12,46600,1544.0372127997477
12,46700,1544.0372127997477
12,46800,1544.0372127997477
12,46900,1544.0372127997477
12,47000,1544.0372127997477
12,47100,1544.0372127997477
12,47200,1544.0372127997477
12,47300,1544.0372127997477
12,47400,1544.0372127997477
12,47500,1544.0372127997477
12,47600,1544.0372127997477
12,47700,1544.0372127997477
12,47800,1544.0372127997477
12,47900,1544.0372127997477
12,48000,1544.0372127997477
12,48100,1544.0372127997477
12,48200,1544.0372127997477
12,48300,1544.0372127997477
12,48400,1544.0372127997477
12,48500,1544.0372127997477
12,48600,1544.0372127997477
12,48700,1544.0372127997477
12,48800,1544.0372127997477
12,48900,1544.0372127997477
12,49000,1544.0372127997477
12,49100,1544.0372127997477
12,49200,1544.0372127997477
12,49300,1544.0372127997477
12,49400,1544.0372127997477
12,49500,1544.0372127997477
12,49600,1544.0372127997477
12,49700,1544.0372127997477
12,49800,1544.0372127997477
12,49900,1544.0372127997477
12,50000,1544.0372127997477
13,200,2373.437446483113
13,300,2373.437446483113
13,400,2373.437446483113
13,500,2373.437446483113
13,600,2373.437446483113
13,700,2373.437446483113
13,800,2373.437446483113
13,900,2373.437446483113
13,1000,2373.437446483113
13,1100,2373.437446483113
13,1200,2373.437446483113
13,1300,2373.437446483113
13,1400,2373.437446483113
13,1500,2373.437446483113
13,1600,2373.437446483113
13,1700,2373.437446483113
13,1800,2373.437446483113
13,1900,2373.437446483113
13,2000,2373.437446483113
13,2100,2373.437446483113
13,2200,2355.8924872405914
13,2300,2355.8924872405914
13,2400,2355.8924872405914
13,2500,2355.8924872405914
13,2600,2355.8924872405914
13,2700,2355.8924872405914
13,2800,2355.8924872405914
13,2900,2355.8924872405914
13,3000,2355.8924872405914
13,3100,2355.8924872405914
13,3200,2355.8924872405914
13,3300,2355.8924872405914
13,3400,2355.8924872405914
13,3500,2355.8924872405914
13,3600,2355.8924872405914
13,3700,2355.8924872405914
13,3800,2355.8924872405914
13,3900,2355.8924872405914
13,4000,2355.8924872405914
13,4100,2355.8924872405914
13,4200,2225.382410241081
13,4300,2225.382410241081
13,4400,2225.382410241081
13,4500,2225.382410241081
13,4600,2225.382410241081
13,4700,2225.382410241081
13,4800,2225.382410241081
13,4900,2225.382410241081
13,5000,2225.382410241081
13,5100,2225.382410241081
13,5200,2225.382410241081
13,5300,2225.382410241081
13,5400,2225.382410241081
13,5500,2225.382410241081
13,5600,2225.382410241081
13,5700,2225.382410241081
13,5800,2225.382410241081
13,5900,2225.382410241081
13,6000,2225.382410241081
13,6100,2225.382410241081
13,6200,2225.382410241081
13,6300,2225.382410241081
13,6400,2225.382410241081
13,6500,2225.382410241081
13,6600,2225.382410241081
13,6700,2165.495161118454
13,6800,2165.495161118454
13,6900,2165.495161118454
13,7000,2165.495161118454
13,7100,2165.495161118454
13,7200,2165.495161118454
13,7300,2165.495161118454
13,7400,2165.495161118454
13,7500,2165.495161118454
13,7600,2165.495161118454
13,7700,2165.495161118454
13,7800,2135.9158791739474
13,7900,2135.9158791739474
13,8000,2135.9158791739474
13,8100,2135.9158791739474
13,8200,2135.9158791739474
13,8300,2135.9158791739474
13,8400,2135.9158791739474
13,8500,2135.9158791739474
13,8600,2135.9158791739474
13,8700,2135.9158791739474
13,8800,2135.9158791739474
13,8900,2135.9158791739474
13,9000,2135.9158791739474
13,9100,2135.9158791739474
13,9200,2135.9158791739474
13,9300,2135.9158791739474
13,9400,2135.9158791739474
13,9500,2135.9158791739474
13,9600,2119.4138284586206
13,9700,2119.4138284586206
13,9800,2119.4138284586206
13,9900,2119.4138284586206
13,10000,2057.0191375433706
13,10100,2057.0191375433706
13,10200,2057.0191375433706
13,10300,2057.0191375433706
13,10400,2057.0191375433706
13,10500,2057.0191375433706
13,10600,2057.0191375433706
13,10700,2057.0191375433706
13,10800,2057.0191375433706
13,10900,2057.0191375433706
13,11000,2057.0191375433706
13,11100,2011.2130258267212
13,11200,2011.2130258267212
13,11300,2011.2130258267212
13,11400,2011.2130258267212
13,11500,2011.2130258267212
13,11600,1988.8420211926773
13,11700,1988.8420211926773
13,11800,1988.8420211926773
13,11900,1988.8420211926773
13,12000,1988.8420211926773
13,12100,1988.8420211926773
13,12200,1988.8420211926773
13,12300,1988.8420211926773
13,12400,1988.8420211926773
13,12500,1988.8420211926773
13,12600,1988.8420211926773
13,12700,1988.8420211926773
13,12800,1988.8420211926773
13,12900,1983.9985414850698
13,13000,1983.9985414850698
13,13100,1983.9985414850698
13,13200,1983.9985414850698
13,13300,1983.9985414850698
13,13400,1983.9985414850698
13,13500,1983.9985414850698
13,13600,1965.139330609672
13,13700,1965.139330609672
13,13800,1965.139330609672
13,13900,1965.139330609672
13,14000,1933.3673980976505
13,14100,1929.7058029263158
13,14200,1929.7058029263158
13,14300,1929.7058029263158
13,14400,1929.7058029263158
13,14500,1919.2543644541906
13,14600,1919.2543644541906
13,14700,1919.2543644541906
13,14800,1919.2543644541906
13,14900,1919.2543644541906
13,15000,1919.2543644541906
13,15100,1919.2543644541906
13,15200,1919.2543644541906
13,15300,1919.2543644541906
13,15400,1919.2543644541906
13,15500,1914.9027826016309
13,15600,1911.5800486766907
13,15700,1911.5800486766907
13,15800,1911.5800486766907
13,15900,1900.7798404740115
13,16000,1900.7798404740115
13,16100,1886.3682656706005
13,16200,1857.8959040249679
13,16300,1857.8959040249679
13,16400,1857.8959040249679
13,16500,1857.8959040249679
13,16600,1857.8959040249679
13,16700,1857.8959040249679
13,16800,1857.8959040249679
13,16900,1857.8959040249679
13,17000,1833.1990510625483
13,17100,1833.1990510625483
13,17200,1833.1990510625483
13,17300,1833.1990510625483
13,17400,1833.1990510625483
13,17500,1833.1990510625483
13,17600,1833.1990510625483
13,17700,1833.1990510625483
13,17800,1833.1990510625483
13,17900,1833.1990510625483
13,18000,1814.7400723684482
13,18100,1814.7400723684482
13,18200,1814.7400723684482
13,18300,1814.7400723684482
13,18400,1774.7744821722795
13,18500,1774.7744821722795
13,18600,1774.7744821722795
13,18700,1774.7744821722795
13,18800,1721.056088472766
13,18900,1721.056088472766
13,19000,1721.056088472766
13,19100,1721.056088472766
13,19200,1721.056088472766
13,19300,1721.056088472766
13,19400,1706.7943098022256
13,19500,1706.7943098022256
13,19600,1706.7943098022256
13,19700,1706.7943098022256
13,19800,1706.7943098022256
13,19900,1706.7943098022256
13,20000,1706.7943098022256
13,20100,1706.7943098022256
13,20200,1706.7943098022256
13,20300,1631.530517739303
13,20400,1627.9138831803093
13,20500,1627.9138831803093
13,20600,1627.9138831803093
13,20700,1627.9138831803093
13,20800,1627.9138831803093
13,20900,1626.0004162896062
13,21000,1615.9642965074881
13,21100,1615.9642965074881
13,21200,1615.9642965074881
13,21300,1615.9642965074881
13,21400,1615.9642965074881
13,21500,1615.9642965074881
13,21600,1615.9642965074881
13,21700,1612.4264775957708
13,21800,1612.4264775957708
13,21900,1612.4264775957708
13,22000,1612.4264775957708
13,22100,1612.4264775957708
13,22200,1612.4264775957708
13,22300,1612.4264775957708
13,22400,1612.4264775957708
13,22500,1612.4264775957708
13,22600,1612.4264775957708
13,22700,1612.4264775957708
13,22800,1612.4264775957708
13,22900,1612.4264775957708
13,23000,1612.4264775957708
13,23100,1612.4264775957708
13,23200,1612.4264775957708
13,23300,1588.4176776596755
13,23400,1578.5328300880788
13,23500,1573.8007368562412
13,23600,1573.8007368562412
13,23700,1573.8007368562412
13,23800,1573.8007368562412
13,23900,1573.8007368562412
13,24000,1573.8007368562412
13,24100,1573.8007368562412
13,24200,1573.8007368562412
13,24300,1573.8007368562412
13,24400,1573.8007368562412
13,24500,1573.8007368562412
13,24600,1573.8007368562412
13,24700,1573.7425665064543
13,24800,1573.7425665064543
13,24900,1573.7425665064543
13,25000,1573.7425665064543
13,25100,1573.7425665064543
13,25200,1573.7425665064543
13,25300,1573.7425665064543
13,25400,1573.7425665064543
13,25500,1573.7425665064543
13,25600,1561.4999662323448
13,25700,1561.4999662323448
13,25800,1561.4999662323448
13,25900,1561.4999662323448
13,26000,1561.4999662323448
13,26100,1561.4999662323448
13,26200,1561.4999662323448
13,26300,1561.4999662323448
13,26400,1561.4999662323448
13,26500,1561.4999662323448
13,26600,1560.4387997811255
13,26700,1560.4387997811255
13,26800,1560.4387997811255
13,26900,1560.4387997811255
13,27000,1560.4387997811255
13,27100,1560.4387997811255
13,27200,1560.4387997811255
13,27300,1560.4387997811255
13,27400,1560.4387997811255
13,27500,1560.4387997811255
13,27600,1560.4387997811255
13,27700,1560.4387997811255
13,27800,1560.4387997811255
13,27900,1560.4387997811255
13,28000,1560.4387997811255
13,28100,1560.4387997811255
13,28200,1560.4387997811255
13,28300,1560.4387997811255
13,28400,1560.4387997811255
13,28500,1560.4387997811255
13,28600,1560.4387997811255
13,28700,1560.4387997811255
13,28800,1560.4387997811255
13,28900,1560.4387997811255
13,29000,1560.4387997811255
13,29100,1560.4387997811255
13,29200,1560.4387997811255
13,29300,1560.4387997811255
13,29400,1560.4387997811255
13,29500,1560.4387997811255
13,29600,1560.4387997811255
13,29700,1560.4387997811255
13,29800,1560.4387997811255
13,29900,1560.4387997811255
13,30000,1560.4387997811255
13,30100,1560.4387997811255
13,30200,1560.4387997811255
13,30300,1560.4387997811255
13,30400,1560.4387997811255
13,30500,1560.4387997811255
13,30600,1560.4387997811255
13,30700,1560.4387997811255
13,30800,1560.4387997811255
13,30900,1560.4387997811255
13,31000,1560.4387997811255
13,31100,1560.4387997811255
13,31200,1560.4387997811255
13,31300,1560.4387997811255
13,31400,1560.4387997811255
13,31500,1560.4387997811255
13,31600,1560.4387997811255
13,31700,1560.4387997811255
13,31800,1560.4387997811255
13,31900,1560.4387997811255
13,32000,1560.4387997811255
13,32100,1560.4387997811255
13,32200,1560.4387997811255
13,32300,1560.4387997811255
13,32400,1560.4387997811255
13,32500,1560.4387997811255
13,32600,1560.4387997811255
13,32700,1560.4387997811255
13,32800,1560.4387997811255
13,32900,1560.4387997811255
13,33000,1560.4387997811255
13,33100,1560.4387997811255
13,33200,1560.4387997811255
13,33300,1560.4387997811255
13,33400,1560.4387997811255
13,33500,1560.4387997811255
13,33600,1560.4387997811255
13,33700,1560.4387997811255
13,33800,1560.4387997811255
13,33900,1560.4387997811255
13,34000,1560.4387997811255
13,34100,1560.4387997811255
13,34200,1560.4387997811255
13,34300,1560.4387997811255
13,34400,1560.4387997811255
13,34500,1560.4387997811255
13,34600,1560.4387997811255
13,34700,1560.4387997811255
13,34800,1560.4387997811255
13,34900,1560.4387997811255
13,35000,1560.4387997811255
13,35100,1560.4387997811255
13,35200,1560.4387997811255
13,35300,1560.4387997811255
13,35400,1560.4387997811255
13,35500,1560.4387997811255
13,35600,1560.4387997811255
13,35700,1560.4387997811255
13,35800,1560.4387997811255
13,35900,1560.4387997811255
13,36000,1560.4387997811255
13,36100,1560.4387997811255
13,36200,1560.4387997811255
13,36300,1560.4387997811255
13,36400,1560.4387997811255
13,36500,1560.4387997811255
13,36600,1560.4387997811255
13,36700,1560.4387997811255
13,36800,1560.4387997811255
13,36900,1560.4387997811255
13,37000,1560.4387997811255
13,37100,1560.4387997811255
13,37200,1560.4387997811255
13,37300,1560.4387997811255
13,37400,1560.4387997811255
13,37500,1560.4387997811255
13,37600,1560.4387997811255
13,37700,1560.4387997811255
13,37800,1560.4387997811255
13,37900,1560.4387997811255
13,38000,1560.4387997811255
13,38100,1560.4387997811255
13,38200,1560.4387997811255
13,38300,1560.4387997811255
13,38400,1560.4387997811255
13,38500,1560.4387997811255
13,38600,1560.4387997811255
13,38700,1560.4387997811255
13,38800,1560.4387997811255
13,38900,1560.4387997811255
13,39000,1560.4387997811255
13,39100,1560.4387997811255
13,39200,1560.4387997811255
13,39300,1560.4387997811255
13,39400,1560.4387997811255
13,39500,1560.4387997811255
13,39600,1560.4387997811255
13,39700,1560.4387997811255
13,39800,1560.4387997811255
13,39900,1560.4387997811255
13,40000,1560.4387997811255
13,40100,1560.4387997811255
13,40200,1560.4387997811255
13,40300,1560.4387997811255
13,40400,1560.4387997811255
13,40500,1560.4387997811255
13,40600,1560.4387997811255
13,40700,1560.4387997811255
13,40800,1560.4387997811255
13,40900,1560.4387997811255
13,41000,1560.4387997811255
13,41100,1560.4387997811255
13,41200,1560.4387997811255
13,41300,1560.4387997811255
13,41400,1560.4387997811255
13,41500,1560.4387997811255
13,41600,1560.4387997811255
13,41700,1560.4387997811255
13,41800,1560.4387997811255
13,41900,1560.4387997811255
13,42000,1560.4387997811255
13,42100,1560.4387997811255
13,42200,1560.4387997811255
13,42300,1560.4387997811255
13,42400,1560.4387997811255
13,42500,1560.4387997811255
13,42600,1560.4387997811255
13,42700,1560.4387997811255
13,42800,1560.4387997811255
13,42900,1560.4387997811255
13,43000,1560.4387997811255
13,43100,1560.4387997811255
13,43200,1560.4387997811255
13,43300,1560.4387997811255
13,43400,1560.4387997811255
13,43500,1560.4387997811255
13,43600,1560.4387997811255
13,43700,1560.4387997811255
13,43800,1560.4387997811255
13,43900,1560.4387997811255
13,44000,1560.4387997811255
13,44100,1560.4387997811255
13,44200,1560.4387997811255
13,44300,1560.4387997811255
13,44400,1560.4387997811255
13,44500,1560.4387997811255
13,44600,1560.4387997811255
13,44700,1560.4387997811255
13,44800,1560.4387997811255
13,44900,1560.4387997811255
13,45000,1560.4387997811255
13,45100,1560.4387997811255
13,45200,1560.4387997811255
13,45300,1560.4387997811255
13,45400,1560.4387997811255
13,45500,1560.4387997811255
13,45600,1560.4387997811255
13,45700,1560.4387997811255
13,45800,1560.4387997811255
13,45900,1560.4387997811255
13,46000,1560.4387997811255
13,46100,1560.4387997811255
13,46200,1560.4387997811255
13,46300,1560.4387997811255
13,46400,1560.4387997811255
13,46500,1560.4387997811255
13,46600,1560.4387997811255
13,46700,1560.4387997811255
13,46800,1560.4387997811255
13,46900,1560.4387997811255
13,47000,1560.4387997811255
13,47100,1560.4387997811255
13,47200,1560.4387997811255
13,47300,1560.4387997811255
13,47400,1560.4387997811255
13,47500,1560.4387997811255
13,47600,1560.4387997811255
13,47700,1560.4387997811255
13,47800,1560.4387997811255
13,47900,1560.4387997811255
13,48000,1560.4387997811255
13,48100,1560.4387997811255
13,48200,1560.4387997811255
13,48300,1560.4387997811255
13,48400,1560.4387997811255
13,48500,1560.4387997811255
13,48600,1560.4387997811255
13,48700,1560.4387997811255
13,48800,1560.4387997811255
13,48900,1560.4387997811255
13,49000,1560.4387997811255
13,49100,1560.4387997811255
13,49200,1560.4387997811255
13,49300,1560.4387997811255
13,49400,1560.4387997811255
13,49500,1560.4387997811255
13,49600,1560.4387997811255
13,49700,1560.4387997811255
13,49800,1560.4387997811255
13,49900,1560.4387997811255
13,50000,1560.4387997811255
14,200,2516.5932670237107
14,300,2434.0695078906692
14,400,2434.0695078906692
14,500,2434.0695078906692
14,600,2434.0695078906692
14,700,2434.0695078906692
14,800,2434.0695078906692
14,900,2434.0695078906692
14,1000,2434.0695078906692
14,1100,2434.0695078906692
14,1200,2410.638109105697
14,1300,2410.638109105697
14,1400,2410.638109105697
14,1500,2410.638109105697
14,1600,2410.638109105697
14,1700,2410.638109105697
14,1800,2410.638109105697
14,1900,2410.638109105697
14,2000,2410.638109105697
14,2100,2410.638109105697
14,2200,2410.638109105697
14,2300,2410.638109105697
14,2400,2410.638109105697
14,2500,2410.638109105697
14,2600,2410.638109105697
14,2700,2288.539639807448
14,2800,2288.539639807448
14,2900,2288.539639807448
14,3000,2288.539639807448
14,3100,2288.539639807448
14,3200,2288.539639807448
14,3300,2288.539639807448
14,3400,2288.539639807448
14,3500,2288.539639807448
14,3600,2288.539639807448
14,3700,2288.539639807448
14,3800,2288.539639807448
14,3900,2288.539639807448
14,4000,2288.539639807448
14,4100,2288.539639807448
14,4200,2288.539639807448
14,4300,2288.539639807448
14,4400,2288.539639807448
14,4500,2288.539639807448
14,4600,2288.539639807448
14,4700,2288.539639807448
14,4800,2288.539639807448
14,4900,2288.539639807448
14,5000,2288.539639807448
14,5100,2288.539639807448
14,5200,2288.539639807448
14,5300,2288.539639807448
14,5400,2288.539639807448
14,5500,2288.539639807448
14,5600,2288.539639807448
14,5700,2288.539639807448
14,5800,2288.539639807448
14,5900,2288.539639807448
14,6000,2288.539639807448
14,6100,2288.539639807448
14,6200,2288.539639807448
14,6300,2288.539639807448
14,6400,2288.539639807448
14,6500,2288.539639807448
14,6600,2288.539639807448
14,6700,2288.539639807448
14,6800,2288.539639807448
14,6900,2288.539639807448
14,7000,2288.539639807448
14,7100,2288.539639807448
14,7200,2288.539639807448
14,7300,2245.6274597715883
14,7400,2245.6274597715883
14,7500,2245.6274597715883
14,7600,2245.6274597715883
14,7700,2245.6274597715883
14,7800,2245.6274597715883
14,7900,2226.4413584245967
14,8000,2226.4413584245967
14,8100,2226.4413584245967
14,8200,2226.4413584245967
14,8300,2226.4413584245967
14,8400,2226.4413584245967
14,8500,2226.4413584245967
14,8600,2226.4413584245967
14,8700,2226.4413584245967
14,8800,2226.4413584245967
14,8900,2226.4413584245967
14,9000,2226.4413584245967
14,9100,2226.4413584245967
14,9200,2205.611304371123
14,9300,2205.611304371123
14,9400,2147.3443636661677
14,9500,2147.3443636661677
14,9600,2147.3443636661677
14,9700,2147.3443636661677
14,9800,2147.3443636661677
14,9900,2127.9984348587814
14,10000,2127.9984348587814
14,10100,2127.9984348587814
14,10200,2089.9559821787125
14,10300,2089.9559821787125
14,10400,2008.5755616496963
14,10500,2008.5755616496963
14,10600,1981.8430416340625
14,10700,1981.8430416340625
14,10800,1981.8430416340625
14,10900,1981.8430416340625
14,11000,1981.8430416340625
14,11100,1981.8430416340625
14,11200,1981.8430416340625
14,11300,1981.8430416340625
14,11400,1969.989937244312
14,11500,1928.1181576994964
14,11600,1928.1181576994964
14,11700,1928.1181576994964
14,11800,1905.7594062103976
14,11900,1866.5721425481106
14,12000,1866.5721425481106
14,12100,1866.5721425481106
14,12200,1866.5721425481106
14,12300,1866.5721425481106
14,12400,1866.5721425481106
14,12500,1866.5721425481106
14,12600,1866.5721425481106
14,12700,1866.5721425481106
14,12800,1866.5721425481106
14,12900,1866.5721425481106
14,13000,1866.5721425481106
14,13100,1866.5721425481106
14,13200,1866.5721425481106
14,13300,1866.5721425481106
14,13400,1823.6022844142117
14,13500,1789.5215454269191
14,13600,1789.5215454269191
14,13700,1789.5215454269191
14,13800,1789.5215454269191
14,13900,1761.2723426431403
14,14000,1761.2723426431403
14,14100,1761.2723426431403
14,14200,1761.2723426431403
14,14300,1752.2525019176123
14,14400,1752.2525019176123
14,14500,1752.2525019176123
14,14600,1752.2525019176123
14,14700,1752.2525019176123
14,14800,1752.2525019176123
14,14900,1752.2525019176123
14,15000,1752.2525019176123
14,15100,1752.2525019176123
14,15200,1752.2525019176123
14,15300,1752.2525019176123
14,15400,1752.2525019176123
14,15500,1752.2525019176123
14,15600,1752.2525019176123
14,15700,1752.2525019176123
14,15800,1752.2525019176123
14,15900,1752.2525019176123
14,16000,1752.2525019176123
14,16100,1699.9847060358597
14,16200,1699.9847060358597
14,16300,1699.9847060358597
14,16400,1699.9847060358597
14,16500,1699.9847060358597
14,16600,1699.9847060358597
14,16700,1699.9847060358597
14,16800,1699.9847060358597
14,16900,1699.9847060358597
14,17000,1699.9847060358597
14,17100,1699.9847060358597
14,17200,1698.4606015363292
14,17300,1670.8813996623153
14,17400,1670.8813996623153
14,17500,1670.8813996623153
14,17600,1670.8813996623153
14,17700,1670.8813996623153
14,17800,1670.8813996623153
14,17900,1670.8813996623153
14,18000,1670.8813996623153
14,18100,1670.8813996623153
14,18200,1670.8813996623153
14,18300,1670.8813996623153
14,18400,1670.8813996623153
14,18500,1670.8813996623153
14,18600,1670.8813996623153
14,18700,1663.0714574008666
14,18800,1663.0714574008666
14,18900,1647.5091730502522
14,19000,1641.2854197111023
14,19100,1641.2854197111023
14,19200,1641.2854197111023
14,19300,1639.833169912019
14,19400,1616.8781345626471
14,19500,1616.8781345626471
14,19600,1616.8781345626471
14,19700,1616.8781345626471
14,19800,1615.4258847635638
14,19900,1615.4258847635638
14,20000,1615.4258847635638
14,20100,1615.4258847635638
14,20200,1615.4258847635638
14,20300,1615.4258847635638
14,20400,1615.4258847635638
14,20500,1615.4258847635638
14,20600,1615.4258847635638
14,20700,1615.4258847635638
14,20800,1615.4258847635638
14,20900,1615.4258847635638
14,21000,1615.4258847635638
14,21100,1615.4258847635638
14,21200,1615.4258847635638
14,21300,1615.4258847635638
14,21400,1615.4258847635638
14,21500,1615.4258847635638
14,21600,1615.4258847635638
14,21700,1615.4258847635638
14,21800,1615.4258847635638
14,21900,1615.4258847635638
14,22000,1615.4258847635638
14,22100,1608.9555008470988
14,22200,1608.9555008470988
14,22300,1608.3066333552192
14,22400,1594.5245620838837
14,22500,1594.5245620838837
14,22600,1593.875694592004
14,22700,1593.875694592004
14,22800,1593.875694592004
14,22900,1593.875694592004
14,23000,1593.875694592004
14,23100,1593.875694592004
14,23200,1593.875694592004
14,23300,1593.875694592004
14,23400,1593.875694592004
14,23500,1593.875694592004
14,23600,1593.875694592004
14,23700,1593.875694592004
14,23800,1593.875694592004
14,23900,1593.875694592004
14,24000,1591.4190532850694
14,24100,1591.4190532850694
14,24200,1591.4190532850694
14,24300,1574.743385449814
14,24400,1574.743385449814
14,24500,1574.743385449814
14,24600,1574.743385449814
14,24700,1574.743385449814
14,24800,1574.743385449814
14,24900,1574.743385449814
14,25000,1574.743385449814
14,25100,1574.743385449814
14,25200,1574.743385449814
14,25300,1574.743385449814
14,25400,1574.743385449814
14,25500,1574.743385449814
14,25600,1574.743385449814
14,25700,1574.743385449814
14,25800,1574.743385449814
14,25900,1574.743385449814
14,26000,1574.743385449814
14,26100,1574.743385449814
14,26200,1574.743385449814
14,26300,1574.743385449814
14,26400,1574.743385449814
14,26500,1574.743385449814
14,26600,1574.743385449814
14,26700,1574.743385449814
14,26800,1574.743385449814
14,26900,1574.743385449814
14,27000,1574.743385449814
14,27100,1574.743385449814
14,27200,1574.743385449814
14,27300,1574.743385449814
14,27400,1574.743385449814
14,27500,1574.743385449814
14,27600,1574.743385449814
14,27700,1574.743385449814
14,27800,1574.743385449814
14,27900,1574.743385449814
14,28000,1574.743385449814
14,28100,1574.743385449814
14,28200,1574.743385449814
14,28300,1574.743385449814
14,28400,1574.743385449814
14,28500,1574.743385449814
14,28600,1574.743385449814
14,28700,1574.743385449814
14,28800,1574.743385449814
14,28900,1574.743385449814
14,29000,1574.743385449814
14,29100,1574.743385449814
14,29200,1574.743385449814
14,29300,1574.743385449814
14,29400,1574.743385449814
14,29500,1574.743385449814
14,29600,1574.743385449814
14,29700,1574.743385449814
14,29800,1574.743385449814
14,29900,1574.743385449814
14,30000,1574.743385449814
14,30100,1574.743385449814
14,30200,1574.743385449814
14,30300,1574.743385449814
14,30400,1574.743385449814
14,30500,1574.743385449814
14,30600,1574.743385449814
14,30700,1574.743385449814
14,30800,1574.743385449814
14,30900,1574.743385449814
14,31000,1574.743385449814
14,31100,1574.743385449814
14,31200,1574.743385449814
14,31300,1574.743385449814
14,31400,1574.743385449814
14,31500,1574.743385449814
14,31600,1574.743385449814
14,31700,1574.743385449814
14,31800,1574.743385449814
14,31900,1574.743385449814
14,32000,1574.743385449814
14,32100,1574.743385449814
14,32200,1574.743385449814
14,32300,1574.743385449814
14,32400,1574.743385449814
14,32500,1574.743385449814
14,32600,1574.743385449814
14,32700,1574.743385449814
14,32800,1574.743385449814
14,32900,1574.743385449814
14,33000,1574.743385449814
14,33100,1574.743385449814
14,33200,1574.743385449814
14,33300,1574.743385449814
14,33400,1574.743385449814
14,33500,1574.743385449814
14,33600,1574.743385449814
14,33700,1574.743385449814
14,33800,1574.743385449814
14,33900,1574.743385449814
14,34000,1574.743385449814
14,34100,1574.743385449814
14,34200,1574.743385449814
14,34300,1574.743385449814
14,34400,1574.743385449814
14,34500,1574.743385449814
14,34600,1574.743385449814
14,34700,1574.743385449814
14,34800,1574.743385449814
14,34900,1574.743385449814
14,35000,1574.743385449814
14,35100,1574.743385449814
14,35200,1574.743385449814
14,35300,1574.743385449814
14,35400,1574.743385449814
14,35500,1574.743385449814
14,35600,1574.743385449814
14,35700,1574.743385449814
14,35800,1574.743385449814
14,35900,1574.743385449814
14,36000,1574.743385449814
14,36100,1574.743385449814
14,36200,1574.743385449814
14,36300,1574.743385449814
14,36400,1574.743385449814
14,36500,1574.743385449814
14,36600,1574.743385449814
14,36700,1574.743385449814
14,36800,1574.743385449814
14,36900,1574.743385449814
14,37000,1574.743385449814
14,37100,1574.743385449814
14,37200,1574.743385449814
14,37300,1574.743385449814
14,37400,1574.743385449814
14,37500,1574.743385449814
14,37600,1574.743385449814
14,37700,1574.743385449814
14,37800,1574.743385449814
14,37900,1574.743385449814
14,38000,1574.743385449814
14,38100,1574.743385449814
14,38200,1574.743385449814
14,38300,1574.743385449814
14,38400,1574.743385449814
14,38500,1574.743385449814
14,38600,1574.743385449814
14,38700,1574.743385449814
14,38800,1574.743385449814
14,38900,1574.743385449814
14,39000,1574.743385449814
14,39100,1574.743385449814
14,39200,1574.743385449814
14,39300,1574.743385449814
14,39400,1574.743385449814
14,39500,1574.743385449814
14,39600,1574.743385449814
14,39700,1574.743385449814
14,39800,1574.743385449814
14,39900,1574.743385449814
14,40000,1574.743385449814
14,40100,1574.743385449814
14,40200,1574.743385449814
14,40300,1574.743385449814
14,40400,1574.743385449814
14,40500,1574.743385449814
14,40600,1574.743385449814
14,40700,1574.743385449814
14,40800,1574.743385449814
14,40900,1574.743385449814
14,41000,1574.743385449814
14,41100,1574.743385449814
14,41200,1574.743385449814
14,41300,1574.743385449814
14,41400,1574.743385449814
14,41500,1574.743385449814
14,41600,1574.743385449814
14,41700,1574.743385449814
14,41800,1574.743385449814
14,41900,1574.743385449814
14,42000,1574.743385449814
14,42100,1574.743385449814
14,42200,1574.743385449814
14,42300,1574.743385449814
14,42400,1574.743385449814
14,42500,1574.743385449814
14,42600,1574.743385449814
14,42700,1574.743385449814
14,42800,1574.743385449814
14,42900,1574.743385449814
14,43000,1574.743385449814
14,43100,1574.743385449814
14,43200,1574.743385449814
14,43300,1574.743385449814
14,43400,1574.743385449814
14,43500,1574.743385449814
14,43600,1574.743385449814
14,43700,1574.743385449814
14,43800,1574.743385449814
14,43900,1574.743385449814
14,44000,1574.743385449814
14,44100,1574.743385449814
14,44200,1574.743385449814
14,44300,1574.743385449814
14,44400,1574.743385449814
14,44500,1574.743385449814
14,44600,1574.743385449814
14,44700,1574.743385449814
14,44800,1574.743385449814
14,44900,1574.743385449814
14,45000,1574.743385449814
14,45100,1574.743385449814
14,45200,1574.743385449814
14,45300,1574.743385449814
14,45400,1574.743385449814
14,45500,1574.743385449814
14,45600,1574.743385449814
14,45700,1574.743385449814
14,45800,1574.743385449814
14,45900,1574.743385449814
14,46000,1574.743385449814
14,46100,1574.743385449814
14,46200,1574.743385449814
14,46300,1574.743385449814
14,46400,1574.743385449814
14,46500,1574.743385449814
14,46600,1574.743385449814
14,46700,1574.743385449814
14,46800,1574.743385449814
14,46900,1574.743385449814
14,47000,1574.743385449814
14,47100,1574.743385449814
14,47200,1574.743385449814
14,47300,1574.743385449814
14,47400,1574.743385449814
14,47500,1574.743385449814
14,47600,1574.743385449814
14,47700,1574.743385449814
14,47800,1574.743385449814
14,47900,1574.743385449814
14,48000,1574.743385449814
14,48100,1574.743385449814
14,48200,1574.743385449814
14,48300,1574.743385449814
14,48400,1574.743385449814
14,48500,1574.743385449814
14,48600,1574.743385449814
14,48700,1574.743385449814
14,48800,1574.743385449814
14,48900,1574.743385449814
14,49000,1574.743385449814
14,49100,1574.743385449814
14,49200,1574.743385449814
14,49300,1574.743385449814
14,49400,1574.743385449814
14,49500,1574.743385449814
14,49600,1574.743385449814
14,49700,1574.743385449814
14,49800,1574.743385449814
14,49900,1574.743385449814
14,50000,1574.743385449814
15,200,2560.0653789431685
15,300,2560.0653789431685
15,400,2560.0653789431685
15,500,2514.20310659509
15,600,2514.20310659509
15,700,2439.12555150152
15,800,2439.12555150152
15,900,2439.12555150152
15,1000,2439.12555150152
15,1100,2439.12555150152
15,1200,2439.12555150152
15,1300,2439.12555150152
15,1400,2439.12555150152
15,1500,2439.12555150152
15,1600,2347.1115712363326
15,1700,2347.1115712363326
15,1800,2347.1115712363326
15,1900,2341.301184998415
15,2000,2341.301184998415
15,2100,2341.301184998415
15,2200,2341.301184998415
15,2300,2341.301184998415
15,2400,2341.301184998415
15,2500,2341.301184998415
15,2600,2341.301184998415
15,2700,2341.301184998415
15,2800,2301.4993746437535
15,2900,2301.4993746437535
15,3000,2301.4993746437535
15,3100,2301.4993746437535
15,3200,2301.4993746437535
15,3300,2301.4993746437535
15,3400,2301.4993746437535
15,3500,2301.4993746437535
15,3600,2301.4993746437535
15,3700,2301.4993746437535
15,3800,2301.4993746437535
15,3900,2255.5775812127654
15,4000,2255.5775812127654
15,4100,2255.5775812127654
15,4200,2247.859331408535
15,4300,2247.859331408535
15,4400,2247.859331408535
15,4500,2247.859331408535
15,4600,2247.859331408535
15,4700,2247.859331408535
15,4800,2247.859331408535
15,4900,2247.859331408535
15,5000,2247.859331408535
15,5100,2247.859331408535
15,5200,2247.859331408535
15,5300,2247.859331408535
15,5400,2247.859331408535
15,5500,2247.859331408535
15,5600,2247.859331408535
15,5700,2247.859331408535
15,5800,2247.859331408535
15,5900,2247.859331408535
15,6000,2247.859331408535
15,6100,2247.859331408535
15,6200,2247.859331408535
15,6300,2247.859331408535
15,6400,2247.859331408535
15,6500,2247.859331408535
15,6600,2247.859331408535
15,6700,2247.859331408535
15,6800,2247.859331408535
15,6900,2247.859331408535
15,7000,2247.859331408535
15,7100,2247.859331408535
15,7200,2247.859331408535
15,7300,2247.859331408535
15,7400,2169.0832927660394
15,7500,2169.0832927660394
15,7600,2169.0832927660394
15,7700,2169.0832927660394
15,7800,2169.0832927660394
15,7900,2169.0832927660394
15,8000,2169.0832927660394
15,8100,2169.0832927660394
15,8200,2169.0832927660394
15,8300,2169.0832927660394
15,8400,2169.0832927660394
15,8500,2169.0832927660394
15,8600,2142.4081118144595
15,8700,2142.4081118144595
15,8800,2142.4081118144595
15,8900,2142.4081118144595
15,9000,2142.4081118144595
15,9100,2142.4081118144595
15,9200,2142.4081118144595
15,9300,2142.4081118144595
15,9400,2142.4081118144595
15,9500,2142.4081118144595
15,9600,2142.4081118144595
15,9700,2142.4081118144595
15,9800,2142.4081118144595
15,9900,2142.4081118144595
15,10000,2142.4081118144595
15,10100,2142.4081118144595
15,10200,2142.4081118144595
15,10300,2142.4081118144595
15,10400,2081.230810431038
15,10500,2081.230810431038
15,10600,2081.230810431038
15,10700,2081.230810431038
15,10800,2081.230810431038
15,10900,2081.230810431038
15,11000,2081.230810431038
15,11100,2081.230810431038
15,11200,2081.230810431038
15,11300,2081.230810431038
15,11400,2081.230810431038
15,11500,2081.230810431038
15,11600,2033.3826535063083
15,11700,2033.3826535063083
15,11800,1996.1147415234595
15,11900,1996.1147415234595
15,12000,1996.1147415234595
15,12100,1996.1147415234595
15,12200,1996.1147415234595
15,12300,1996.1147415234595
15,12400,1996.1147415234595
15,12500,1996.1147415234595
15,12600,1996.1147415234595
15,12700,1942.3864912661543
15,12800,1942.3864912661543
15,12900,1942.3864912661543
15,13000,1942.3864912661543
15,13100,1925.0484804897783
15,13200,1925.0484804897783
15,13300,1925.0484804897783
15,13400,1842.0807335230481
15,13500,1842.0807335230481
15,13600,1842.0807335230481
15,13700,1842.0807335230481
15,13800,1842.0807335230481
15,13900,1842.0807335230481
15,14000,1839.3388942972522
15,14100,1839.3388942972522
15,14200,1839.3388942972522
15,14300,1839.3388942972522
15,14400,1839.3388942972522
15,14500,1839.3388942972522
15,14600,1839.3388942972522
15,14700,1839.3388942972522
15,14800,1839.3388942972522
15,14900,1839.3388942972522
15,15000,1839.3388942972522
15,15100,1839.3388942972522
15,15200,1839.3388942972522
15,15300,1837.232927383346
15,15400,1823.559999442264
15,15500,1823.559999442264
15,15600,1823.559999442264
15,15700,1823.559999442264
15,15800,1823.559999442264
15,15900,1823.559999442264
15,16000,1823.559999442264
15,16100,1811.7649004253542
15,16200,1811.7649004253542
15,16300,1811.7649004253542
15,16400,1811.7649004253542
15,16500,1811.7649004253542
15,16600,1811.7649004253542
15,16700,1811.7649004253542
15,16800,1811.7649004253542
15,16900,1811.7649004253542
15,17000,1811.7649004253542
15,17100,1811.7649004253542
15,17200,1811.7649004253542
15,17300,1777.175523286561
15,17400,1777.175523286561
15,17500,1777.175523286561
15,17600,1777.175523286561
15,17700,1776.472747291167
15,17800,1776.472747291167
15,17900,1776.472747291167
15,18000,1776.472747291167
15,18100,1762.8171593567702
15,18200,1762.8171593567702
15,18300,1760.40603308275
15,18400,1760.40603308275
15,18500,1760.40603308275
15,18600,1760.40603308275
15,18700,1758.9452866104682
15,18800,1758.9452866104682
15,18900,1758.9452866104682
15,19000,1758.9452866104682
15,19100,1753.913268672308
15,19200,1753.913268672308
15,19300,1752.412259381885
15,19400,1752.412259381885
15,19500,1752.412259381885
15,19600,1750.2833018265394
15,19700,1750.2833018265394
15,19800,1722.8478584224222
15,19900,1722.8478584224222
15,20000,1722.8478584224222
15,20100,1722.8478584224222
15,20200,1722.8478584224222
15,20300,1722.8478584224222
15,20400,1722.8478584224222
15,20500,1722.8478584224222
15,20600,1722.8478584224222
15,20700,1722.8478584224222
15,20800,1722.8478584224222
15,20900,1722.8478584224222
15,21000,1722.8478584224222
15,21100,1719.3387251846564
15,21200,1719.3387251846564
15,21300,1719.3387251846564
15,21400,1718.5131786776412
15,21500,1718.5131786776412
15,21600,1718.5131786776412
15,21700,1718.5131786776412
15,21800,1718.5131786776412
15,21900,1714.0381141489927
15,22000,1691.2504953646326
15,22100,1691.2504953646326
15,22200,1674.4865133611456
15,22300,1674.4865133611456
15,22400,1674.4865133611456
15,22500,1674.4865133611456
15,22600,1667.521700703271
15,22700,1667.521700703271
15,22800,1667.521700703271
15,22900,1667.521700703271
15,23000,1667.521700703271
15,23100,1656.3240537145139
15,23200,1656.3240537145139
15,23300,1656.3240537145139
15,23400,1656.3240537145139
15,23500,1656.3240537145139
15,23600,1656.3240537145139
15,23700,1656.3240537145139
15,23800,1656.3240537145139
15,23900,1656.3240537145139
15,24000,1656.3240537145139
15,24100,1656.3240537145139
15,24200,1647.15575163032
15,24300,1647.15575163032
15,24400,1647.15575163032
15,24500,1647.15575163032
15,24600,1647.15575163032
15,24700,1647.15575163032
15,24800,1646.4885689162156
15,24900,1646.4885689162156
15,25000,1646.4885689162156
15,25100,1646.4885689162156
15,25200,1646.4885689162156
15,25300,1646.4885689162156
15,25400,1646.4885689162156
15,25500,1646.4885689162156
15,25600,1646.4885689162156
15,25700,1639.2451080717806
15,25800,1639.2451080717806
15,25900,1639.2451080717806
15,26000,1639.2451080717806
15,26100,1639.2451080717806
15,26200,1639.2451080717806
15,26300,1639.2451080717806
15,26400,1639.2451080717806
15,26500,1639.2451080717806
15,26600,1639.2451080717806
15,26700,1639.2451080717806
15,26800,1639.2451080717806
15,26900,1639.2451080717806
15,27000,1639.2451080717806
15,27100,1639.2451080717806
15,27200,1639.2451080717806
15,27300,1639.2451080717806
15,27400,1639.2451080717806
15,27500,1639.2451080717806
15,27600,1639.2451080717806
15,27700,1639.2451080717806
15,27800,1639.2451080717806
15,27900,1639.2451080717806
15,28000,1639.2451080717806
15,28100,1639.2451080717806
15,28200,1639.2451080717806
15,28300,1639.2451080717806
15,28400,1638.341433152857
15,28500,1638.341433152857
15,28600,1638.341433152857
15,28700,1638.341433152857
15,28800,1638.341433152857
15,28900,1638.341433152857
15,29000,1638.341433152857
15,29100,1638.341433152857
15,29200,1638.341433152857
15,29300,1638.341433152857
15,29400,1638.341433152857
15,29500,1638.341433152857
15,29600,1638.341433152857
15,29700,1638.341433152857
15,29800,1638.341433152857
15,29900,1638.341433152857
15,30000,1638.341433152857
15,30100,1638.341433152857
15,30200,1638.341433152857
15,30300,1638.341433152857
15,30400,1638.341433152857
15,30500,1638.341433152857
15,30600,1638.341433152857
15,30700,1638.341433152857
15,30800,1638.341433152857
15,30900,1638.341433152857
15,31000,1638.341433152857
15,31100,1638.341433152857
15,31200,1638.341433152857
15,31300,1638.341433152857
15,31400,1638.341433152857
15,31500,1638.341433152857
15,31600,1638.341433152857
15,31700,1638.341433152857
15,31800,1638.341433152857
15,31900,1638.341433152857
15,32000,1638.341433152857
15,32100,1638.341433152857
15,32200,1638.341433152857
15,32300,1638.341433152857
15,32400,1638.341433152857
15,32500,1616.4625715656039
15,32600,1616.4625715656039
15,32700,1616.4625715656039
15,32800,1616.4625715656039
15,32900,1616.4625715656039
15,33000,1616.4625715656039
15,33100,1616.4625715656039
15,33200,1616.4625715656039
15,33300,1616.4625715656039
15,33400,1616.4625715656039
15,33500,1616.4625715656039
15,33600,1616.4625715656039
15,33700,1616.4625715656039
15,33800,1616.4625715656039
15,33900,1616.4625715656039
15,34000,1616.4625715656039
15,34100,1616.4625715656039
15,34200,1616.4625715656039
15,34300,1616.4625715656039
15,34400,1616.4625715656039
15,34500,1616.4625715656039
15,34600,1616.4625715656039
15,34700,1616.4625715656039
15,34800,1616.4625715656039
15,34900,1616.4625715656039
15,35000,1616.4625715656039
15,35100,1616.4625715656039
15,35200,1616.4625715656039
15,35300,1616.4625715656039
15,35400,1616.4625715656039
15,35500,1616.4625715656039
15,35600,1616.4625715656039
15,35700,1616.4625715656039
15,35800,1616.4625715656039
15,35900,1616.4625715656039
15,36000,1616.4625715656039
15,36100,1616.4625715656039
15,36200,1616.4625715656039
15,36300,1616.4625715656039
15,36400,1616.4625715656039
15,36500,1616.4625715656039
15,36600,1616.4625715656039
15,36700,1616.4625715656039
15,36800,1616.4625715656039
15,36900,1616.4625715656039
15,37000,1616.4625715656039
15,37100,1616.4625715656039
15,37200,1616.4625715656039
15,37300,1616.4625715656039
15,37400,1616.4625715656039
15,37500,1587.9090089880758
15,37600,1587.9090089880758
15,37700,1587.9090089880758
15,37800,1587.9090089880758
15,37900,1587.9090089880758
15,38000,1587.9090089880758
15,38100,1587.9090089880758
15,38200,1587.9090089880758
15,38300,1587.9090089880758
15,38400,1587.9090089880758
15,38500,1587.9090089880758
15,38600,1587.9090089880758
15,38700,1587.9090089880758
15,38800,1587.9090089880758
15,38900,1587.9090089880758
15,39000,1587.9090089880758
15,39100,1587.9090089880758
15,39200,1587.9090089880758
15,39300,1587.9090089880758
15,39400,1587.9090089880758
15,39500,1587.9090089880758
15,39600,1587.9090089880758
15,39700,1587.9090089880758
15,39800,1587.9090089880758
15,39900,1587.9090089880758
15,40000,1587.9090089880758
15,40100,1587.9090089880758
15,40200,1587.9090089880758
15,40300,1587.9090089880758
15,40400,1587.9090089880758
15,40500,1587.9090089880758
15,40600,1587.9090089880758
15,40700,1587.9090089880758
15,40800,1587.9090089880758
15,40900,1587.9090089880758
15,41000,1587.9090089880758
15,41100,1587.9090089880758
15,41200,1587.9090089880758
15,41300,1587.9090089880758
15,41400,1587.9090089880758
15,41500,1587.9090089880758
15,41600,1587.9090089880758
15,41700,1587.9090089880758
15,41800,1587.9090089880758
15,41900,1587.9090089880758
15,42000,1587.9090089880758
15,42100,1587.9090089880758
15,42200,1587.9090089880758
15,42300,1587.9090089880758
15,42400,1587.9090089880758
15,42500,1587.9090089880758
15,42600,1587.9090089880758
15,42700,1587.9090089880758
15,42800,1587.9090089880758
15,42900,1587.9090089880758
15,43000,1587.9090089880758
15,43100,1587.9090089880758
15,43200,1587.9090089880758
15,43300,1587.9090089880758
15,43400,1587.9090089880758
15,43500,1587.9090089880758
15,43600,1587.9090089880758
15,43700,1587.9090089880758
15,43800,1587.9090089880758
15,43900,1587.9090089880758
15,44000,1587.9090089880758
15,44100,1587.9090089880758
15,44200,1587.9090089880758
15,44300,1587.9090089880758
15,44400,1587.9090089880758
15,44500,1587.9090089880758
15,44600,1587.9090089880758
15,44700,1587.9090089880758
15,44800,1587.9090089880758
15,44900,1587.9090089880758
15,45000,1587.9090089880758
15,45100,1587.9090089880758
15,45200,1587.9090089880758
15,45300,1587.9090089880758
15,45400,1587.9090089880758
15,45500,1587.9090089880758
15,45600,1587.9090089880758
15,45700,1587.9090089880758
15,45800,1587.9090089880758
15,45900,1587.9090089880758
15,46000,1587.9090089880758
15,46100,1587.9090089880758
15,46200,1587.9090089880758
15,46300,1587.9090089880758
15,46400,1587.9090089880758
15,46500,1587.9090089880758
15,46600,1587.9090089880758
15,46700,1587.9090089880758
15,46800,1587.9090089880758
15,46900,1587.9090089880758
15,47000,1587.9090089880758
15,47100,1587.9090089880758
15,47200,1587.9090089880758
15,47300,1587.9090089880758
15,47400,1587.9090089880758
15,47500,1587.9090089880758
15,47600,1587.9090089880758
15,47700,1587.9090089880758
15,47800,1587.9090089880758
15,47900,1587.9090089880758
15,48000,1587.9090089880758
15,48100,1587.9090089880758
15,48200,1587.9090089880758
15,48300,1587.9090089880758
15,48400,1587.9090089880758
15,48500,1587.9090089880758
15,48600,1587.9090089880758
15,48700,1587.9090089880758
15,48800,1587.9090089880758
15,48900,1587.9090089880758
15,49000,1587.9090089880758
15,49100,1587.9090089880758
15,49200,1587.9090089880758
15,49300,1587.9090089880758
15,49400,1587.9090089880758
15,49500,1587.9090089880758
15,49600,1587.9090089880758
15,49700,1587.9090089880758
15,49800,1587.9090089880758
15,49900,1587.9090089880758
15,50000,1587.9090089880758
16,200,2548.918658201356
16,300,2548.918658201356
16,400,2487.9088979520775
16,500,2440.431032775509
16,600,2440.431032775509
16,700,2440.431032775509
16,800,2440.431032775509
16,900,2440.431032775509
16,1000,2338.2029342110786
16,1100,2338.2029342110786
16,1200,2338.2029342110786
16,1300,2338.2029342110786
16,1400,2338.2029342110786
16,1500,2338.2029342110786
16,1600,2338.2029342110786
16,1700,2270.5519409935036
16,1800,2270.5519409935036
16,1900,2270.5519409935036
16,2000,2270.5519409935036
16,2100,2270.5519409935036
16,2200,2270.5519409935036
16,2300,2270.5519409935036
16,2400,2270.5519409935036
16,2500,2270.5519409935036
16,2600,2270.5519409935036
16,2700,2270.5519409935036
16,2800,2270.5519409935036
16,2900,2270.5519409935036
16,3000,2270.5519409935036
16,3100,2270.5519409935036
16,3200,2270.5519409935036
16,3300,2270.5519409935036
16,3400,2270.5519409935036
16,3500,2270.5519409935036
16,3600,2270.5519409935036
16,3700,2270.5519409935036
16,3800,2270.5519409935036
16,3900,2270.5519409935036
16,4000,2270.5519409935036
16,4100,2270.5519409935036
16,4200,2270.5519409935036
16,4300,2270.5519409935036
16,4400,2270.5519409935036
16,4500,2270.5519409935036
16,4600,2270.5519409935036
16,4700,2270.5519409935036
16,4800,2270.5519409935036
16,4900,2270.5519409935036
16,5000,2270.5519409935036
16,5100,2270.5519409935036
16,5200,2270.5519409935036
16,5300,2270.5519409935036
16,5400,2270.5519409935036
16,5500,2270.5519409935036
16,5600,2270.5519409935036
16,5700,2270.5519409935036
16,5800,2270.5519409935036
16,5900,2270.5519409935036
16,6000,2270.5519409935036
16,6100,2270.5519409935036
16,6200,2270.5519409935036
16,6300,2221.66929192405
16,6400,2221.66929192405
16,6500,2221.66929192405
16,6600,2221.66929192405
16,6700,2221.66929192405
16,6800,2221.66929192405
16,6900,2221.66929192405
16,7000,2221.66929192405
16,7100,2221.66929192405
16,7200,2221.66929192405
16,7300,2221.66929192405
16,7400,2221.66929192405
16,7500,2221.66929192405
16,7600,2221.66929192405
16,7700,2221.66929192405
16,7800,2221.66929192405
16,7900,2221.66929192405
16,8000,2221.66929192405
16,8100,2221.66929192405
16,8200,2210.9160468748196
16,8300,2210.9160468748196
16,8400,2210.9160468748196
16,8500,2210.9160468748196
16,8600,2210.9160468748196
16,8700,2210.9160468748196
16,8800,2210.9160468748196
16,8900,2210.9160468748196
16,9000,2210.9160468748196
16,9100,2210.9160468748196
16,9200,2210.9160468748196
16,9300,2210.9160468748196
16,9400,2171.496330892639
16,9500,2171.496330892639
16,9600,2171.496330892639
16,9700,2171.496330892639
16,9800,2171.496330892639
16,9900,2171.496330892639
16,10000,2171.496330892639
16,10100,2171.496330892639
16,10200,2171.496330892639
16,10300,2096.4811833142658
16,10400,2096.4811833142658
16,10500,2096.4811833142658
16,10600,2096.4811833142658
16,10700,2096.4811833142658
16,10800,2096.4811833142658
16,10900,2096.4811833142658
16,11000,2096.4811833142658
16,11100,2096.4811833142658
16,11200,2096.4811833142658
16,11300,2096.4811833142658
16,11400,2096.4811833142658
16,11500,2096.4811833142658
16,11600,2096.4811833142658
16,11700,2096.4811833142658
16,11800,2061.92931041809
16,11900,2061.92931041809
16,12000,2061.92931041809
16,12100,2061.92931041809
16,12200,2061.92931041809
16,12300,2061.92931041809
16,12400,2061.92931041809
16,12500,2061.92931041809
16,12600,1978.7230415338618
16,12700,1978.7230415338618
16,12800,1978.7230415338618
16,12900,1978.7230415338618
16,13000,1978.7230415338618
16,13100,1978.7230415338618
16,13200,1978.7230415338618
16,13300,1978.7230415338618
16,13400,1978.7230415338618
16,13500,1978.7230415338618
16,13600,1978.7230415338618
16,13700,1978.7230415338618
16,13800,1978.7230415338618
16,13900,1955.9286001288324
16,14000,1955.9286001288324
16,14100,1955.9286001288324
16,14200,1955.9286001288324
16,14300,1955.9286001288324
16,14400,1955.9286001288324
16,14500,1955.9286001288324
16,14600,1955.9286001288324
16,14700,1955.9286001288324
16,14800,1955.9286001288324
16,14900,1955.9286001288324
16,15000,1939.5887972267078
16,15100,1939.5887972267078
16,15200,1939.5887972267078
16,15300,1939.5887972267078
16,15400,1939.5887972267078
16,15500,1939.5887972267078
16,15600,1926.3249302392082
16,15700,1926.3249302392082
16,15800,1926.3249302392082
16,15900,1926.3249302392082
16,16000,1926.3249302392082
16,16100,1926.3249302392082
16,16200,1926.3249302392082
16,16300,1926.3249302392082
16,16400,1926.3249302392082
16,16500,1926.3249302392082
16,16600,1926.3249302392082
16,16700,1926.3249302392082
16,16800,1926.3249302392082
16,16900,1926.3249302392082
16,17000,1926.3249302392082
16,17100,1926.3249302392082
16,17200,1926.3249302392082
16,17300,1926.3249302392082
16,17400,1926.3249302392082
16,17500,1926.3249302392082
16,17600,1926.3249302392082
16,17700,1926.3249302392082
16,17800,1926.3249302392082
16,17900,1926.3249302392082
16,18000,1926.3249302392082
16,18100,1926.3249302392082
16,18200,1926.3249302392082
16,18300,1926.3249302392082
16,18400,1926.3249302392082
16,18500,1926.3249302392082
16,18600,1926.3249302392082
16,18700,1926.3249302392082
16,18800,1926.3249302392082
16,18900,1926.3249302392082
16,19000,1926.3249302392082
16,19100,1922.15454646739
16,19200,1897.6008887062735
16,19300,1897.6008887062735
16,19400,1897.6008887062735
16,19500,1897.6008887062735
16,19600,1897.6008887062735
16,19700,1897.6008887062735
16,19800,1897.6008887062735
16,19900,1897.6008887062735
16,20000,1897.6008887062735
16,20100,1897.6008887062735
16,20200,1897.6008887062735
16,20300,1897.6008887062735
16,20400,1897.6008887062735
16,20500,1897.6008887062735
16,20600,1897.6008887062735
16,20700,1897.6008887062735
16,20800,1897.6008887062735
16,20900,1897.6008887062735
16,21000,1897.6008887062735
16,21100,1897.6008887062735
16,21200,1897.6008887062735
16,21300,1897.6008887062735
16,21400,1897.6008887062735
16,21500,1897.6008887062735
16,21600,1897.6008887062735
16,21700,1897.6008887062735
16,21800,1897.6008887062735
16,21900,1897.6008887062735
16,22000,1897.6008887062735
16,22100,1897.6008887062735
16,22200,1897.6008887062735
16,22300,1897.6008887062735
16,22400,1897.6008887062735
16,22500,1897.6008887062735
16,22600,1897.6008887062735
16,22700,1897.6008887062735
16,22800,1897.6008887062735
16,22900,1897.6008887062735
16,23000,1897.6008887062735
16,23100,1897.6008887062735
16,23200,1897.6008887062735
16,23300,1897.6008887062735
16,23400,1897.6008887062735
16,23500,1897.6008887062735
16,23600,1882.074118757887
16,23700,1882.074118757887
16,23800,1882.074118757887
16,23900,1882.074118757887
16,24000,1882.074118757887
16,24100,1882.074118757887
16,24200,1882.074118757887
16,24300,1882.074118757887
16,24400,1882.074118757887
16,24500,1882.074118757887
16,24600,1882.074118757887
16,24700,1882.074118757887
16,24800,1882.074118757887
16,24900,1882.074118757887
16,25000,1882.074118757887
16,25100,1869.214648882753
16,25200,1869.214648882753
16,25300,1869.214648882753
16,25400,1869.214648882753
16,25500,1869.214648882753
16,25600,1869.214648882753
16,25700,1869.214648882753
16,25800,1869.214648882753
16,25900,1869.214648882753
16,26000,1869.214648882753
16,26100,1869.214648882753
16,26200,1869.214648882753
16,26300,1869.214648882753
16,26400,1869.214648882753
16,26500,1869.214648882753
16,26600,1869.214648882753
16,26700,1869.214648882753
16,26800,1869.214648882753
16,26900,1869.214648882753
16,27000,1869.214648882753
16,27100,1869.214648882753
16,27200,1869.214648882753
16,27300,1869.214648882753
16,27400,1869.214648882753
16,27500,1869.214648882753
16,27600,1869.214648882753
16,27700,1869.214648882753
16,27800,1869.214648882753
16,27900,1869.214648882753
16,28000,1869.214648882753
16,28100,1869.214648882753
16,28200,1869.214648882753
16,28300,1869.214648882753
16,28400,1861.313967468596
16,28500,1861.313967468596
16,28600,1861.313967468596
16,28700,1861.313967468596
16,28800,1861.313967468596
16,28900,1861.313967468596
16,29000,1861.313967468596
16,29100,1861.313967468596
16,29200,1861.313967468596
16,29300,1861.313967468596
16,29400,1861.313967468596
16,29500,1861.313967468596
16,29600,1861.313967468596
16,29700,1861.313967468596
16,29800,1861.313967468596
16,29900,1861.313967468596
16,30000,1861.313967468596
16,30100,1861.313967468596
16,30200,1861.313967468596
16,30300,1861.313967468596
16,30400,1861.313967468596
16,30500,1861.313967468596
16,30600,1861.313967468596
16,30700,1861.313967468596
16,30800,1861.313967468596
16,30900,1861.313967468596
16,31000,1861.313967468596
16,31100,1861.313967468596
16,31200,1861.313967468596
16,31300,1861.313967468596
16,31400,1861.313967468596
16,31500,1861.313967468596
16,31600,1861.313967468596
16,31700,1861.313967468596
16,31800,1861.313967468596
16,31900,1861.313967468596
16,32000,1861.313967468596
16,32100,1861.313967468596
16,32200,1861.313967468596
16,32300,1861.313967468596
16,32400,1861.313967468596
16,32500,1861.313967468596
16,32600,1861.313967468596
16,32700,1861.313967468596
16,32800,1861.313967468596
16,32900,1861.313967468596
16,33000,1861.313967468596
16,33100,1861.313967468596
16,33200,1861.313967468596
16,33300,1861.313967468596
16,33400,1861.313967468596
16,33500,1861.313967468596
16,33600,1861.313967468596
16,33700,1861.313967468596
16,33800,1861.313967468596
16,33900,1861.313967468596
16,34000,1861.313967468596
16,34100,1861.313967468596
16,34200,1861.313967468596
16,34300,1861.313967468596
16,34400,1861.313967468596
16,34500,1861.313967468596
16,34600,1861.313967468596
16,34700,1861.313967468596
16,34800,1861.313967468596
16,34900,1861.313967468596
16,35000,1861.313967468596
16,35100,1861.313967468596
16,35200,1861.313967468596
16,35300,1861.313967468596
16,35400,1861.313967468596
16,35500,1861.313967468596
16,35600,1861.313967468596
16,35700,1861.313967468596
16,35800,1861.313967468596
16,35900,1861.313967468596
16,36000,1861.313967468596
16,36100,1861.313967468596
16,36200,1861.313967468596
16,36300,1861.313967468596
16,36400,1861.313967468596
16,36500,1861.313967468596
16,36600,1861.313967468596
16,36700,1861.313967468596
16,36800,1861.313967468596
16,36900,1861.313967468596
16,37000,1861.313967468596
16,37100,1861.313967468596
16,37200,1861.313967468596
16,37300,1861.313967468596
16,37400,1861.313967468596
16,37500,1861.313967468596
16,37600,1861.313967468596
16,37700,1861.313967468596
16,37800,1861.313967468596
16,37900,1861.313967468596
16,38000,1861.313967468596
16,38100,1861.313967468596
16,38200,1861.313967468596
16,38300,1861.313967468596
16,38400,1861.313967468596
16,38500,1861.313967468596
16,38600,1861.313967468596
16,38700,1861.313967468596
16,38800,1861.313967468596
16,38900,1861.313967468596
16,39000,1861.313967468596
16,39100,1861.313967468596
16,39200,1861.313967468596
16,39300,1861.313967468596
16,39400,1861.313967468596
16,39500,1861.313967468596
16,39600,1861.313967468596
16,39700,1861.313967468596
16,39800,1861.313967468596
16,39900,1861.313967468596
16,40000,1861.313967468596
16,40100,1861.313967468596
16,40200,1861.313967468596
16,40300,1861.313967468596
16,40400,1861.313967468596
16,40500,1861.313967468596
16,40600,1861.313967468596
16,40700,1861.313967468596
16,40800,1861.313967468596
16,40900,1861.313967468596
16,41000,1861.313967468596
16,41100,1861.313967468596
16,41200,1861.313967468596
16,41300,1861.313967468596
16,41400,1858.5236416568248
16,41500,1858.5236416568248
16,41600,1842.9337483337652
16,41700,1842.9337483337652
16,41800,1842.9337483337652
16,41900,1842.9337483337652
16,42000,1842.9337483337652
16,42100,1842.9337483337652
16,42200,1842.9337483337652
16,42300,1842.9337483337652
16,42400,1842.9337483337652
16,42500,1842.9337483337652
16,42600,1842.9337483337652
16,42700,1842.9337483337652
16,42800,1842.9337483337652
16,42900,1842.9337483337652
16,43000,1842.9337483337652
16,43100,1842.9337483337652
16,43200,1842.9337483337652
16,43300,1842.9337483337652
16,43400,1842.9337483337652
16,43500,1842.9337483337652
16,43600,1842.9337483337652
16,43700,1842.9337483337652
16,43800,1842.9337483337652
16,43900,1842.9337483337652
16,44000,1842.9337483337652
16,44100,1842.9337483337652
16,44200,1842.9337483337652
16,44300,1842.9337483337652
16,44400,1842.9337483337652
16,44500,1842.9337483337652
16,44600,1842.9337483337652
16,44700,1842.9337483337652
16,44800,1842.9337483337652
16,44900,1842.9337483337652
16,45000,1842.9337483337652
16,45100,1842.9337483337652
16,45200,1842.9337483337652
16,45300,1842.9337483337652
16,45400,1842.9337483337652
16,45500,1842.9337483337652
16,45600,1842.9337483337652
16,45700,1842.9337483337652
16,45800,1842.9337483337652
16,45900,1842.9337483337652
16,46000,1842.9337483337652
16,46100,1842.9337483337652
16,46200,1842.9337483337652
16,46300,1842.9337483337652
16,46400,1842.9337483337652
16,46500,1842.9337483337652
16,46600,1842.9337483337652
16,46700,1842.9337483337652
16,46800,1842.9337483337652
16,46900,1842.9337483337652
16,47000,1842.9337483337652
16,47100,1842.9337483337652
16,47200,1842.9337483337652
16,47300,1842.9337483337652
16,47400,1842.9337483337652
16,47500,1842.9337483337652
16,47600,1842.9337483337652
16,47700,1842.9337483337652
16,47800,1842.9337483337652
16,47900,1842.9337483337652
16,48000,1842.9337483337652
16,48100,1842.9337483337652
16,48200,1842.9337483337652
16,48300,1842.9337483337652
16,48400,1842.9337483337652
16,48500,1842.9337483337652
16,48600,1842.9337483337652
16,48700,1842.9337483337652
16,48800,1842.9337483337652
16,48900,1842.9337483337652
16,49000,1842.9337483337652
16,49100,1842.9337483337652
16,49200,1842.9337483337652
16,49300,1842.9337483337652
16,49400,1842.9337483337652
16,49500,1842.9337483337652
16,49600,1842.9337483337652
16,49700,1842.9337483337652
16,49800,1842.9337483337652
16,49900,1842.9337483337652
16,50000,1842.9337483337652
17,200,2465.092865228828
17,300,2465.092865228828
17,400,2465.092865228828
17,500,2465.092865228828
17,600,2465.092865228828
17,700,2457.5934046708485
17,800,2457.5934046708485
17,900,2457.5934046708485
17,1000,2322.4944290101776
17,1100,2322.4944290101776
17,1200,2322.4944290101776
17,1300,2322.4944290101776
17,1400,2319.0906815463914
17,1500,2319.0906815463914
17,1600,2319.0906815463914
17,1700,2319.0906815463914
17,1800,2319.0906815463914
17,1900,2319.0906815463914
17,2000,2319.0906815463914
17,2100,2319.0906815463914
17,2200,2319.0906815463914
17,2300,2319.0906815463914
17,2400,2291.4874415443464
17,2500,2291.4874415443464
17,2600,2291.4874415443464
17,2700,2291.4874415443464
17,2800,2291.4874415443464
17,2900,2277.7086065722706
17,3000,2277.7086065722706
17,3100,2277.7086065722706
17,3200,2277.7086065722706
17,3300,2277.7086065722706
17,3400,2277.7086065722706
17,3500,2266.8156310060085
17,3600,2266.8156310060085
17,3700,2266.8156310060085
17,3800,2266.8156310060085
17,3900,2266.8156310060085
17,4000,2266.8156310060085
17,4100,2266.8156310060085
17,4200,2266.8156310060085
17,4300,2266.8156310060085
17,4400,2266.8156310060085
17,4500,2266.8156310060085
17,4600,2266.8156310060085
17,4700,2266.8156310060085
17,4800,2266.8156310060085
17,4900,2266.8156310060085
17,5000,2266.8156310060085
17,5100,2266.8156310060085
17,5200,2266.8156310060085
17,5300,2266.8156310060085
17,5400,2266.8156310060085
17,5500,2266.8156310060085
17,5600,2266.8156310060085
17,5700,2266.8156310060085
17,5800,2266.8156310060085
17,5900,2266.8156310060085
17,6000,2266.8156310060085
17,6100,2266.8156310060085
17,6200,2266.8156310060085
17,6300,2266.8156310060085
17,6400,2266.8156310060085
17,6500,2266.8156310060085
17,6600,2258.779669667465
17,6700,2227.2163475148072
17,6800,2227.2163475148072
17,6900,2227.2163475148072
17,7000,2227.2163475148072
17,7100,2227.2163475148072
17,7200,2227.2163475148072
17,7300,2227.2163475148072
17,7400,2227.2163475148072
17,7500,2227.2163475148072
17,7600,2227.2163475148072
17,7700,2227.2163475148072
17,7800,2227.2163475148072
17,7900,2227.2163475148072
17,8000,2227.2163475148072
17,8100,2227.2163475148072
17,8200,2227.2163475148072
17,8300,2227.2163475148072
17,8400,2227.2163475148072
17,8500,2171.1589857821164
17,8600,2171.1589857821164
17,8700,2171.1589857821164
17,8800,2171.1589857821164
17,8900,2171.1589857821164
17,9000,2171.1589857821164
17,9100,2171.1589857821164
17,9200,2171.1589857821164
17,9300,2171.1589857821164
17,9400,2171.1589857821164
17,9500,2171.1589857821164
17,9600,2171.1589857821164
17,9700,2171.1589857821164
17,9800,2171.1589857821164
17,9900,2171.1589857821164
17,10000,2171.1589857821164
17,10100,2171.1589857821164
17,10200,2171.1589857821164
17,10300,2171.1589857821164
17,10400,2171.1589857821164
17,10500,2171.1589857821164
17,10600,2171.1589857821164
17,10700,2171.1589857821164
17,10800,2171.1589857821164
17,10900,2171.1589857821164
17,11000,2171.1589857821164
17,11100,2168.987894572527
17,11200,2168.987894572527
17,11300,2168.987894572527
17,11400,2168.987894572527
17,11500,2168.987894572527
17,11600,2168.987894572527
17,11700,2168.987894572527
17,11800,2168.987894572527
17,11900,2168.987894572527
17,12000,2168.987894572527
17,12100,2168.987894572527
17,12200,2168.987894572527
17,12300,2168.987894572527
17,12400,2168.987894572527
17,12500,2168.987894572527
17,12600,2168.987894572527
17,12700,2168.987894572527
17,12800,2168.987894572527
17,12900,2109.299150491239
17,13000,2109.299150491239
17,13100,2109.299150491239
17,13200,2109.299150491239
17,13300,2109.299150491239
17,13400,2109.299150491239
17,13500,2109.299150491239
17,13600,2109.299150491239
17,13700,2109.299150491239
17,13800,2109.299150491239
17,13900,2109.299150491239
17,14000,2109.299150491239
17,14100,2109.299150491239
17,14200,2109.299150491239
17,14300,2109.299150491239
17,14400,2109.299150491239
17,14500,2109.299150491239
17,14600,2109.299150491239
17,14700,2109.299150491239
17,14800,2066.194589659355
17,14900,2066.194589659355
17,15000,2066.194589659355
17,15100,2066.194589659355
17,15200,2066.194589659355
17,15300,2066.194589659355
17,15400,2066.194589659355
17,15500,2066.194589659355
17,15600,2063.9247301886235
17,15700,2063.9247301886235
17,15800,2063.9247301886235
17,15900,2063.9247301886235
17,16000,2063.9247301886235
17,16100,2063.9247301886235
17,16200,2063.9247301886235
17,16300,2063.9247301886235
17,16400,2063.9247301886235
17,16500,1992.1773517313447
17,16600,1992.1773517313447
17,16700,1992.1773517313447
17,16800,1992.1773517313447
17,16900,1992.1773517313447
17,17000,1992.1773517313447
17,17100,1952.0554250000648
17,17200,1952.0554250000648
17,17300,1952.0554250000648
17,17400,1922.0134677974631
17,17500,1922.0134677974631
17,17600,1922.0134677974631
17,17700,1922.0134677974631
17,17800,1922.0134677974631
17,17900,1922.0134677974631
17,18000,1922.0134677974631
17,18100,1922.0134677974631
17,18200,1922.0134677974631
17,18300,1922.0134677974631
17,18400,1922.0134677974631
17,18500,1922.0134677974631
17,18600,1922.0134677974631
17,18700,1922.0134677974631
17,18800,1922.0134677974631
17,18900,1922.0134677974631
17,19000,1922.0134677974631
17,19100,1922.0134677974631
17,19200,1922.0134677974631
17,19300,1922.0134677974631
17,19400,1922.0134677974631
17,19500,1922.0134677974631
17,19600,1922.0134677974631
17,19700,1922.0134677974631
17,19800,1922.0134677974631
17,19900,1922.0134677974631
17,20000,1922.0134677974631
17,20100,1891.9294645825923
17,20200,1891.9294645825923
17,20300,1891.9294645825923
17,20400,1891.9294645825923
17,20500,1884.260719876757
17,20600,1884.260719876757
17,20700,1884.260719876757
17,20800,1884.260719876757
17,20900,1878.6482658035834
17,21000,1878.6482658035834
17,21100,1878.6482658035834
17,21200,1878.6482658035834
17,21300,1878.6482658035834
17,21400,1878.6482658035834
17,21500,1878.6482658035834
17,21600,1878.6482658035834
17,21700,1878.6482658035834
17,21800,1876.5742345241488
17,21900,1876.5742345241488
17,22000,1867.3396840764258
17,22100,1867.3396840764258
17,22200,1867.3396840764258
17,22300,1867.3396840764258
17,22400,1867.3396840764258
17,22500,1867.3396840764258
17,22600,1867.3396840764258
17,22700,1862.9848814670195
17,22800,1862.9848814670195
17,22900,1862.9848814670195
17,23000,1862.9848814670195
17,23100,1862.9848814670195
17,23200,1862.9848814670195
17,23300,1862.9848814670195
17,23400,1862.9848814670195
17,23500,1858.880542570423
17,23600,1843.509873005851
17,23700,1843.509873005851
17,23800,1843.509873005851
17,23900,1843.509873005851
17,24000,1843.509873005851
17,24100,1843.509873005851
17,24200,1843.509873005851
17,24300,1843.509873005851
17,24400,1843.509873005851
17,24500,1843.509873005851
17,24600,1843.509873005851
17,24700,1843.509873005851
17,24800,1843.509873005851
17,24900,1836.3186632127042
17,25000,1836.3186632127042
17,25100,1836.3186632127042
17,25200,1836.3186632127042
17,25300,1836.3186632127042
17,25400,1836.3186632127042
17,25500,1836.3186632127042
17,25600,1836.3186632127042
17,25700,1836.3186632127042
17,25800,1820.2241154133947
17,25900,1786.786520125071
17,26000,1786.786520125071
17,26100,1785.266176714515
17,26200,1779.492203982191
17,26300,1779.492203982191
17,26400,1779.492203982191
17,26500,1779.492203982191
17,26600,1779.492203982191
17,26700,1779.492203982191
17,26800,1779.492203982191
17,26900,1779.492203982191
17,27000,1779.492203982191
17,27100,1779.492203982191
17,27200,1779.492203982191
17,27300,1779.492203982191
17,27400,1779.492203982191
17,27500,1779.492203982191
17,27600,1779.492203982191
17,27700,1779.492203982191
17,27800,1779.492203982191
17,27900,1779.492203982191
17,28000,1773.4965344748487
17,28100,1773.4965344748487
17,28200,1773.4965344748487
17,28300,1773.4965344748487
17,28400,1773.4965344748487
17,28500,1773.4965344748487
17,28600,1757.9885663781827
17,28700,1757.9885663781827
17,28800,1757.9885663781827
17,28900,1757.9885663781827
17,29000,1756.697586858226
17,29100,1756.697586858226
17,29200,1756.697586858226
17,29300,1756.697586858226
17,29400,1756.697586858226
17,29500,1756.697586858226
17,29600,1756.697586858226
17,29700,1756.697586858226
17,29800,1756.697586858226
17,29900,1756.697586858226
17,30000,1756.697586858226
17,30100,1739.4203154773095
17,30200,1733.8078614041358
17,30300,1733.8078614041358
17,30400,1733.8078614041358
17,30500,1733.8078614041358
17,30600,1733.8078614041358
17,30700,1733.8078614041358
17,30800,1733.8078614041358
17,30900,1733.8078614041358
17,31000,1733.8078614041358
17,31100,1733.8078614041358
17,31200,1733.8078614041358
17,31300,1733.8078614041358
17,31400,1733.8078614041358
17,31500,1733.8078614041358
17,31600,1733.7076054917982
17,31700,1733.7076054917982
17,31800,1733.7076054917982
17,31900,1733.7076054917982
17,32000,1733.7076054917982
17,32100,1733.7076054917982
17,32200,1733.7076054917982
17,32300,1733.7076054917982
17,32400,1733.7076054917982
17,32500,1733.7076054917982
17,32600,1733.7076054917982
17,32700,1733.7076054917982
17,32800,1733.7076054917982
17,32900,1733.7076054917982
17,33000,1733.7076054917982
17,33100,1733.7076054917982
17,33200,1733.7076054917982
17,33300,1733.7076054917982
17,33400,1733.7076054917982
17,33500,1733.7076054917982
17,33600,1733.7076054917982
17,33700,1733.7076054917982
17,33800,1733.7076054917982
17,33900,1733.7076054917982
17,34000,1733.7076054917982
17,34100,1733.7076054917982
17,34200,1733.7076054917982
17,34300,1733.7076054917982
17,34400,1733.7076054917982
17,34500,1733.7076054917982
17,34600,1733.7076054917982
17,34700,1733.7076054917982
17,34800,1733.7076054917982
17,34900,1733.7076054917982
17,35000,1733.7076054917982
17,35100,1733.7076054917982
17,35200,1733.7076054917982
17,35300,1733.7076054917982
17,35400,1733.7076054917982
17,35500,1733.7076054917982
17,35600,1733.7076054917982
17,35700,1733.7076054917982
17,35800,1733.7076054917982
17,35900,1733.7076054917982
17,36000,1733.7076054917982
17,36100,1733.7076054917982
17,36200,1733.7076054917982
17,36300,1733.7076054917982
17,36400,1733.7076054917982
17,36500,1733.7076054917982
17,36600,1733.7076054917982
17,36700,1733.7076054917982
17,36800,1733.7076054917982
17,36900,1733.7076054917982
17,37000,1733.7076054917982
17,37100,1733.7076054917982
17,37200,1733.7076054917982
17,37300,1733.7076054917982
17,37400,1733.7076054917982
17,37500,1733.7076054917982
17,37600,1733.7076054917982
17,37700,1733.7076054917982
17,37800,1733.7076054917982
17,37900,1733.7076054917982
17,38000,1733.7076054917982
17,38100,1733.7076054917982
17,38200,1733.7076054917982
17,38300,1733.7076054917982
17,38400,1733.7076054917982
17,38500,1733.7076054917982
17,38600,1733.7076054917982
17,38700,1733.7076054917982
17,38800,1733.7076054917982
17,38900,1733.7076054917982
17,39000,1733.7076054917982
17,39100,1733.7076054917982
17,39200,1733.7076054917982
17,39300,1733.7076054917982
17,39400,1733.7076054917982
17,39500,1733.7076054917982
17,39600,1733.7076054917982
17,39700,1733.7076054917982
17,39800,1733.7076054917982
17,39900,1733.7076054917982
17,40000,1733.7076054917982
17,40100,1733.7076054917982
17,40200,1733.7076054917982
17,40300,1733.7076054917982
17,40400,1733.7076054917982
17,40500,1733.7076054917982
17,40600,1733.7076054917982
17,40700,1733.7076054917982
17,40800,1733.7076054917982
17,40900,1733.7076054917982
17,41000,1733.7076054917982
17,41100,1733.7076054917982
17,41200,1733.7076054917982
17,41300,1733.7076054917982
17,41400,1733.7076054917982
17,41500,1733.7076054917982
17,41600,1733.7076054917982
17,41700,1733.7076054917982
17,41800,1733.7076054917982
17,41900,1733.7076054917982
17,42000,1733.7076054917982
17,42100,1733.7076054917982
17,42200,1733.7076054917982
17,42300,1733.7076054917982
17,42400,1733.7076054917982
17,42500,1733.7076054917982
17,42600,1733.7076054917982
17,42700,1733.7076054917982
17,42800,1733.7076054917982
17,42900,1733.7076054917982
17,43000,1733.7076054917982
17,43100,1733.7076054917982
17,43200,1733.7076054917982
17,43300,1733.7076054917982
17,43400,1733.7076054917982
17,43500,1733.7076054917982
17,43600,1733.7076054917982
17,43700,1733.7076054917982
17,43800,1733.7076054917982
17,43900,1733.7076054917982
17,44000,1733.7076054917982
17,44100,1733.7076054917982
17,44200,1733.7076054917982
17,44300,1733.7076054917982
17,44400,1733.7076054917982
17,44500,1733.7076054917982
17,44600,1733.7076054917982
17,44700,1733.7076054917982
17,44800,1733.7076054917982
17,44900,1733.7076054917982
17,45000,1733.7076054917982
17,45100,1733.7076054917982
17,45200,1733.7076054917982
17,45300,1733.7076054917982
17,45400,1733.7076054917982
17,45500,1733.7076054917982
17,45600,1733.7076054917982
17,45700,1733.7076054917982
17,45800,1733.7076054917982
17,45900,1733.7076054917982
17,46000,1733.7076054917982
17,46100,1733.7076054917982
17,46200,1733.7076054917982
17,46300,1733.7076054917982
17,46400,1733.7076054917982
17,46500,1733.7076054917982
17,46600,1733.7076054917982
17,46700,1733.7076054917982
17,46800,1733.7076054917982
17,46900,1733.7076054917982
17,47000,1733.7076054917982
17,47100,1733.7076054917982
17,47200,1733.7076054917982
17,47300,1733.7076054917982
17,47400,1733.7076054917982
17,47500,1733.7076054917982
17,47600,1733.7076054917982
17,47700,1733.7076054917982
17,47800,1733.7076054917982
17,47900,1733.7076054917982
17,48000,1733.7076054917982
17,48100,1733.7076054917982
17,48200,1733.7076054917982
17,48300,1733.7076054917982
17,48400,1733.7076054917982
17,48500,1733.7076054917982
17,48600,1733.7076054917982
17,48700,1733.7076054917982
17,48800,1733.7076054917982
17,48900,1733.7076054917982
17,49000,1733.7076054917982
17,49100,1733.7076054917982
17,49200,1733.7076054917982
17,49300,1733.7076054917982
17,49400,1733.7076054917982
17,49500,1733.7076054917982
17,49600,1733.7076054917982
17,49700,1733.7076054917982
17,49800,1733.7076054917982
17,49900,1733.7076054917982
17,50000,1733.7076054917982
18,200,2400.5100293785226
18,300,2400.5100293785226
18,400,2400.5100293785226
18,500,2400.5100293785226
18,600,2380.4406000451163
18,700,2380.4406000451163
18,800,2380.4406000451163
18,900,2380.4406000451163
18,1000,2380.4406000451163
18,1100,2380.4406000451163
18,1200,2380.4406000451163
18,1300,2380.4406000451163
18,1400,2380.4406000451163
18,1500,2380.4406000451163
18,1600,2380.4406000451163
18,1700,2380.4406000451163
18,1800,2380.4406000451163
18,1900,2380.4406000451163
18,2000,2380.4406000451163
18,2100,2380.4406000451163
18,2200,2380.4406000451163
18,2300,2380.4406000451163
18,2400,2380.4406000451163
18,2500,2380.4406000451163
18,2600,2380.4406000451163
18,2700,2380.4406000451163
18,2800,2380.4406000451163
18,2900,2380.4406000451163
18,3000,2380.4406000451163
18,3100,2380.4406000451163
18,3200,2380.4406000451163
18,3300,2380.4406000451163
18,3400,2380.4406000451163
18,3500,2380.4406000451163
18,3600,2380.4406000451163
18,3700,2380.4406000451163
18,3800,2380.4406000451163
18,3900,2380.4406000451163
18,4000,2366.3703318219464
18,4100,2366.3703318219464
18,4200,2366.3703318219464
18,4300,2366.3703318219464
18,4400,2366.3703318219464
18,4500,2366.3703318219464
18,4600,2337.529151316035
18,4700,2337.529151316035
18,4800,2337.529151316035
18,4900,2337.529151316035
18,5000,2337.529151316035
18,5100,2337.529151316035
18,5200,2337.529151316035
18,5300,2335.1408073880966
18,5400,2335.1408073880966
18,5500,2335.1408073880966
18,5600,2335.1408073880966
18,5700,2335.1408073880966
18,5800,2335.1408073880966
18,5900,2335.1408073880966
18,6000,2297.297400705502
18,6100,2297.297400705502
18,6200,2297.297400705502
18,6300,2297.297400705502
18,6400,2297.297400705502
18,6500,2297.297400705502
18,6600,2297.297400705502
18,6700,2297.297400705502
18,6800,2297.297400705502
18,6900,2297.297400705502
18,7000,2297.297400705502
18,7100,2297.297400705502
18,7200,2220.8710401873
18,7300,2220.8710401873
18,7400,2220.8710401873
18,7500,2220.8710401873
18,7600,2220.8710401873
18,7700,2220.8710401873
18,7800,2220.8710401873
18,7900,2220.8710401873
18,8000,2205.660676262001
18,8100,2205.660676262001
18,8200,2205.660676262001
18,8300,2205.660676262001
18,8400,2205.660676262001
18,8500,2205.660676262001
18,8600,2205.660676262001
18,8700,2205.660676262001
18,8800,2205.660676262001
18,8900,2205.660676262001
18,9000,2202.3160791983614
18,9100,2202.3160791983614
18,9200,2202.3160791983614
18,9300,2202.3160791983614
18,9400,2188.42862479568
18,9500,2188.42862479568
18,9600,2188.42862479568
18,9700,2180.35622138482
18,9800,2180.35622138482
18,9900,2180.35622138482
18,10000,2167.642088203699
18,10100,2167.642088203699
18,10200,2167.642088203699
18,10300,2167.642088203699
18,10400,2167.642088203699
18,10500,2167.642088203699
18,10600,2166.361767283007
18,10700,2160.3728110844813
18,10800,2160.3728110844813
18,10900,2160.3728110844813
18,11000,2139.945792653321
18,11100,2139.945792653321
18,11200,2139.945792653321
18,11300,2114.505370809081
18,11400,2114.505370809081
18,11500,2114.505370809081
18,11600,2114.505370809081
18,11700,2114.505370809081
18,11800,2114.505370809081
18,11900,2114.505370809081
18,12000,2114.505370809081
18,12100,2114.505370809081
18,12200,2114.505370809081
18,12300,2061.840524783378
18,12400,2061.840524783378
18,12500,2061.840524783378
18,12600,2061.840524783378
18,12700,2061.840524783378
18,12800,2061.840524783378
18,12900,2061.840524783378
18,13000,2061.840524783378
18,13100,2061.840524783378
18,13200,2061.840524783378
18,13300,2061.840524783378
18,13400,2061.840524783378
18,13500,2061.840524783378
18,13600,2061.840524783378
18,13700,2061.840524783378
18,13800,2061.840524783378
18,13900,2061.840524783378
18,14000,2061.840524783378
18,14100,2061.840524783378
18,14200,2061.840524783378
18,14300,2061.840524783378
18,14400,2061.840524783378
18,14500,2061.840524783378
18,14600,2061.840524783378
18,14700,2061.840524783378
18,14800,2061.840524783378
18,14900,2061.840524783378
18,15000,2061.840524783378
18,15100,2061.840524783378
18,15200,2061.840524783378
18,15300,2061.840524783378
18,15400,2061.840524783378
18,15500,2061.840524783378
18,15600,2049.2475744859885
18,15700,2049.2475744859885
18,15800,2049.2475744859885
18,15900,2049.2475744859885
18,16000,2049.2475744859885
18,16100,2049.2475744859885
18,16200,2049.2475744859885
18,16300,2049.2475744859885
18,16400,2049.2475744859885
18,16500,2049.2475744859885
18,16600,2049.2475744859885
18,16700,2049.2475744859885
18,16800,2049.2475744859885
18,16900,2049.2475744859885
18,17000,2049.2475744859885
18,17100,2049.2475744859885
18,17200,2049.2475744859885
18,17300,2049.2475744859885
18,17400,2049.2475744859885
18,17500,2049.2475744859885
18,17600,2049.2475744859885
18,17700,2049.2475744859885
18,17800,2049.2475744859885
18,17900,2049.2475744859885
18,18000,2049.2475744859885
18,18100,2049.2475744859885
18,18200,2049.2475744859885
18,18300,2049.2475744859885
18,18400,2049.2475744859885
18,18500,2049.2475744859885
18,18600,2049.2475744859885
18,18700,2049.2475744859885
18,18800,2049.2475744859885
18,18900,2049.2475744859885
18,19000,2041.8739852353715
18,19100,2041.8739852353715
18,19200,2041.8739852353715
18,19300,2041.8739852353715
18,19400,2041.8739852353715
18,19500,2041.8739852353715
18,19600,2041.8739852353715
18,19700,2041.8739852353715
18,19800,2041.8739852353715
18,19900,2041.8739852353715
18,20000,2036.0353849497806
18,20100,2023.168183969572
18,20200,2023.168183969572
18,20300,2023.168183969572
18,20400,2023.168183969572
18,20500,2023.168183969572
18,20600,2023.168183969572
18,20700,2023.168183969572
18,20800,2023.168183969572
18,20900,2023.168183969572
18,21000,2023.168183969572
18,21100,2009.4409650416987
18,21200,2009.4409650416987
18,21300,2009.4409650416987
18,21400,2009.4409650416987
18,21500,1992.5795156807674
18,21600,1992.5795156807674
18,21700,1992.5795156807674
18,21800,1992.5795156807674
18,21900,1992.5795156807674
18,22000,1992.5795156807674
18,22100,1961.900919695861
18,22200,1961.900919695861
18,22300,1961.900919695861
18,22400,1961.900919695861
18,22500,1961.900919695861
18,22600,1961.900919695861
18,22700,1961.900919695861
18,22800,1961.900919695861
18,22900,1961.900919695861
18,23000,1961.900919695861
18,23100,1961.900919695861
18,23200,1961.900919695861
18,23300,1961.900919695861
18,23400,1961.900919695861
18,23500,1961.900919695861
18,23600,1961.900919695861
18,23700,1961.900919695861
18,23800,1953.9199009372164
18,23900,1953.9199009372164
18,24000,1953.9199009372164
18,24100,1953.9199009372164
18,24200,1953.9199009372164
18,24300,1953.9199009372164
18,24400,1953.9199009372164
18,24500,1953.9199009372164
18,24600,1953.9199009372164
18,24700,1953.9199009372164
18,24800,1953.9199009372164
18,24900,1953.9199009372164
18,25000,1953.9199009372164
18,25100,1953.9199009372164
18,25200,1953.9199009372164
18,25300,1953.9199009372164
18,25400,1947.3660572093254
18,25500,1947.3660572093254
18,25600,1947.3660572093254
18,25700,1947.3660572093254
18,25800,1947.3660572093254
18,25900,1947.3660572093254
18,26000,1947.3660572093254
18,26100,1947.3660572093254
18,26200,1947.3660572093254
18,26300,1947.3660572093254
18,26400,1947.3660572093254
18,26500,1947.3660572093254
18,26600,1947.3660572093254
18,26700,1947.3660572093254
18,26800,1947.3660572093254
18,26900,1947.3660572093254
18,27000,1947.3660572093254
18,27100,1947.3660572093254
18,27200,1947.3660572093254
18,27300,1947.3660572093254
18,27400,1947.3660572093254
18,27500,1947.3660572093254
18,27600,1947.3660572093254
18,27700,1947.3660572093254
18,27800,1947.3660572093254
18,27900,1947.3660572093254
18,28000,1947.3660572093254
18,28100,1947.3660572093254
18,28200,1947.3660572093254
18,28300,1947.3660572093254
18,28400,1947.3660572093254
18,28500,1947.3660572093254
18,28600,1947.3660572093254
18,28700,1947.3660572093254
18,28800,1931.4669757808422
18,28900,1919.4139253498154
18,29000,1919.4139253498154
18,29100,1919.4139253498154
18,29200,1919.4139253498154
18,29300,1919.4139253498154
18,29400,1919.4139253498154
18,29500,1919.4139253498154
18,29600,1919.4139253498154
18,29700,1919.4139253498154
18,29800,1919.4139253498154
18,29900,1919.4139253498154
18,30000,1919.4139253498154
18,30100,1919.4139253498154
18,30200,1919.4139253498154
18,30300,1919.4139253498154
18,30400,1919.4139253498154
18,30500,1919.4139253498154
18,30600,1919.4139253498154
18,30700,1919.4139253498154
18,30800,1919.4139253498154
18,30900,1919.4139253498154
18,31000,1919.4139253498154
18,31100,1919.4139253498154
18,31200,1919.4139253498154
18,31300,1919.4139253498154
18,31400,1919.4139253498154
18,31500,1919.4139253498154
18,31600,1919.4139253498154
18,31700,1919.4139253498154
18,31800,1919.4139253498154
18,31900,1919.4139253498154
18,32000,1919.4139253498154
18,32100,1919.4139253498154
18,32200,1919.4139253498154
18,32300,1919.4139253498154
18,32400,1919.4139253498154
18,32500,1919.4139253498154
18,32600,1919.4139253498154
18,32700,1919.4139253498154
18,32800,1919.4139253498154
18,32900,1919.4139253498154
18,33000,1919.4139253498154
18,33100,1919.4139253498154
18,33200,1919.4139253498154
18,33300,1919.4139253498154
18,33400,1919.4139253498154
18,33500,1919.4139253498154
18,33600,1919.4139253498154
18,33700,1919.4139253498154
18,33800,1919.4139253498154
18,33900,1919.4139253498154
18,34000,1919.4139253498154
18,34100,1919.4139253498154
18,34200,1919.4139253498154
18,34300,1919.4139253498154
18,34400,1919.4139253498154
18,34500,1919.4139253498154
18,34600,1919.4139253498154
18,34700,1919.4139253498154
18,34800,1919.4139253498154
18,34900,1919.4139253498154
18,35000,1919.4139253498154
18,35100,1919.4139253498154
18,35200,1919.4139253498154
18,35300,1919.4139253498154
18,35400,1919.4139253498154
18,35500,1919.4139253498154
18,35600,1919.4139253498154
18,35700,1919.4139253498154
18,35800,1919.4139253498154
18,35900,1915.1670448803766
18,36000,1915.1670448803766
18,36100,1915.1670448803766
18,36200,1915.1670448803766
18,36300,1915.1670448803766
18,36400,1915.1670448803766
18,36500,1915.1670448803766
18,36600,1915.1670448803766
18,36700,1915.1670448803766
18,36800,1915.1670448803766
18,36900,1915.1670448803766
18,37000,1915.1670448803766
18,37100,1915.1670448803766
18,37200,1915.1670448803766
18,37300,1915.1670448803766
18,37400,1915.1670448803766
18,37500,1915.1670448803766
18,37600,1915.1670448803766
18,37700,1915.1670448803766
18,37800,1915.1670448803766
18,37900,1915.1670448803766
18,38000,1915.1670448803766
18,38100,1915.1670448803766
18,38200,1915.1670448803766
18,38300,1915.1670448803766
18,38400,1915.1670448803766
18,38500,1915.1670448803766
18,38600,1905.6606192455986
18,38700,1905.6606192455986
18,38800,1903.9498840965264
18,38900,1903.9498840965264
18,39000,1903.9498840965264
18,39100,1903.9498840965264
18,39200,1903.9498840965264
18,39300,1903.9498840965264
18,39400,1890.7054713974162
18,39500,1890.7054713974162
18,39600,1890.7054713974162
18,39700,1890.7054713974162
18,39800,1887.3104171163404
18,39900,1884.4173405528663
18,40000,1884.4173405528663
18,40100,1884.4173405528663
18,40200,1884.4173405528663
18,40300,1884.4173405528663
18,40400,1884.4173405528663
18,40500,1884.4173405528663
18,40600,1884.4173405528663
18,40700,1884.4173405528663
18,40800,1884.4173405528663
18,40900,1884.4173405528663
18,41000,1884.4173405528663
18,41100,1884.4173405528663
18,41200,1884.4173405528663
18,41300,1884.4173405528663
18,41400,1884.4173405528663
18,41500,1884.4173405528663
18,41600,1884.4173405528663
18,41700,1884.4173405528663
18,41800,1884.4173405528663
18,41900,1884.4173405528663
18,42000,1884.4173405528663
18,42100,1884.4173405528663
18,42200,1884.4173405528663
18,42300,1884.4173405528663
18,42400,1884.4173405528663
18,42500,1884.4173405528663
18,42600,1884.4173405528663
18,42700,1884.4173405528663
18,42800,1884.4173405528663
18,42900,1884.4173405528663
18,43000,1884.4173405528663
18,43100,1884.4173405528663
18,43200,1884.4173405528663
18,43300,1884.4173405528663
18,43400,1884.4173405528663
18,43500,1884.4173405528663
18,43600,1884.4173405528663
18,43700,1884.4173405528663
18,43800,1884.4173405528663
18,43900,1884.4173405528663
18,44000,1884.4173405528663
18,44100,1884.4173405528663
18,44200,1884.4173405528663
18,44300,1884.4173405528663
18,44400,1884.4173405528663
18,44500,1884.4173405528663
18,44600,1884.4173405528663
18,44700,1884.4173405528663
18,44800,1884.4173405528663
18,44900,1884.4173405528663
18,45000,1884.4173405528663
18,45100,1884.4173405528663
18,45200,1884.4173405528663
18,45300,1884.4173405528663
18,45400,1884.4173405528663
18,45500,1884.4173405528663
18,45600,1884.4173405528663
18,45700,1884.4173405528663
18,45800,1884.4173405528663
18,45900,1884.4173405528663
18,46000,1884.4173405528663
18,46100,1884.4173405528663
18,46200,1884.4173405528663
18,46300,1884.4173405528663
18,46400,1884.4173405528663
18,46500,1884.4173405528663
18,46600,1884.4173405528663
18,46700,1884.4173405528663
18,46800,1884.4173405528663
18,46900,1884.4173405528663
18,47000,1884.4173405528663
18,47100,1884.4173405528663
18,47200,1884.4173405528663
18,47300,1884.4173405528663
18,47400,1884.4173405528663
18,47500,1884.4173405528663
18,47600,1884.4173405528663
18,47700,1884.4173405528663
18,47800,1884.4173405528663
18,47900,1884.4173405528663
18,48000,1884.4173405528663
18,48100,1884.4173405528663
18,48200,1884.4173405528663
18,48300,1884.4173405528663
18,48400,1884.4173405528663
18,48500,1884.4173405528663
18,48600,1884.4173405528663
18,48700,1884.4173405528663
18,48800,1884.4173405528663
18,48900,1884.4173405528663
18,49000,1884.4173405528663
18,49100,1884.4173405528663
18,49200,1884.4173405528663
18,49300,1884.4173405528663
18,49400,1884.4173405528663
18,49500,1884.4173405528663
18,49600,1884.4173405528663
18,49700,1873.730956111636
18,49800,1865.8371269447846
18,49900,1865.8371269447846
18,50000,1864.2254688670228
19,200,2475.963341682877
19,300,2475.963341682877
19,400,2467.8156132590057
19,500,2347.22520928918
19,600,2347.22520928918
19,700,2327.685449525696
19,800,2327.685449525696
19,900,2327.685449525696
19,1000,2327.685449525696
19,1100,2327.685449525696
19,1200,2267.308502639531
19,1300,2267.308502639531
19,1400,2267.308502639531
19,1500,2267.308502639531
19,1600,2267.308502639531
19,1700,2267.308502639531
19,1800,2267.308502639531
19,1900,2267.308502639531
19,2000,2227.28981013745
19,2100,2227.28981013745
19,2200,2227.28981013745
19,2300,2227.28981013745
19,2400,2227.28981013745
19,2500,2227.28981013745
19,2600,2227.28981013745
19,2700,2227.28981013745
19,2800,2227.28981013745
19,2900,2173.8453073338646
19,3000,2173.8453073338646
19,3100,2173.8453073338646
19,3200,2173.8453073338646
19,3300,2173.8453073338646
19,3400,2173.8453073338646
19,3500,2173.8453073338646
19,3600,2173.8453073338646
19,3700,2173.8453073338646
19,3800,2173.8453073338646
19,3900,2173.8453073338646
19,4000,2173.8453073338646
19,4100,2173.8453073338646
19,4200,2121.7346852388987
19,4300,2121.7346852388987
19,4400,2121.7346852388987
19,4500,2121.7346852388987
19,4600,1932.0806279460137
19,4700,1932.0806279460137
19,4800,1932.0806279460137
19,4900,1932.0806279460137
19,5000,1932.0806279460137
19,5100,1932.0806279460137
19,5200,1932.0806279460137
19,5300,1932.0806279460137
19,5400,1881.150507820334
19,5500,1881.150507820334
19,5600,1881.150507820334
19,5700,1881.150507820334
19,5800,1881.150507820334
19,5900,1881.150507820334
19,6000,1881.150507820334
19,6100,1881.150507820334
19,6200,1881.150507820334
19,6300,1881.150507820334
19,6400,1881.150507820334
19,6500,1881.150507820334
19,6600,1881.150507820334
19,6700,1881.150507820334
19,6800,1881.150507820334
19,6900,1881.150507820334
19,7000,1881.150507820334
19,7100,1881.150507820334
19,7200,1881.150507820334
19,7300,1881.150507820334
19,7400,1881.150507820334
19,7500,1880.4634981153433
19,7600,1880.4634981153433
19,7700,1880.4634981153433
19,7800,1880.4634981153433
19,7900,1880.4634981153433
19,8000,1880.4634981153433
19,8100,1880.4634981153433
19,8200,1874.760497405817
19,8300,1874.760497405817
19,8400,1874.760497405817
19,8500,1874.760497405817
19,8600,1874.760497405817
19,8700,1874.760497405817
19,8800,1854.960051179527
19,8900,1781.610261080682
19,9000,1781.610261080682
19,9100,1781.610261080682
19,9200,1781.610261080682
19,9300,1781.610261080682
19,9400,1781.610261080682
19,9500,1781.610261080682
19,9600,1781.610261080682
19,9700,1781.610261080682
19,9800,1781.610261080682
19,9900,1781.610261080682
19,10000,1754.3320863203755
19,10100,1754.3320863203755
19,10200,1754.3320863203755
19,10300,1744.473607567838
19,10400,1744.473607567838
19,10500,1744.473607567838
19,10600,1744.473607567838
19,10700,1726.3953254052892
19,10800,1726.3953254052892
19,10900,1714.5816607967952
19,11000,1714.5816607967952
19,11100,1714.5816607967952
19,11200,1714.5816607967952
19,11300,1714.5816607967952
19,11400,1714.5816607967952
19,11500,1714.5816607967952
19,11600,1714.5816607967952
19,11700,1714.5816607967952
19,11800,1714.5816607967952
19,11900,1714.5816607967952
19,12000,1714.5816607967952
19,12100,1714.5816607967952
19,12200,1714.5816607967952
19,12300,1714.5816607967952
19,12400,1714.5816607967952
19,12500,1714.5816607967952
19,12600,1714.5816607967952
19,12700,1711.8145174353053
19,12800,1711.8145174353053
19,12900,1671.620300855255
19,13000,1671.620300855255
19,13100,1671.620300855255
19,13200,1671.620300855255
19,13300,1658.2185875473751
19,13400,1658.2185875473751
19,13500,1658.2185875473751
19,13600,1658.2185875473751
19,13700,1658.2185875473751
19,13800,1658.2185875473751
19,13900,1658.2185875473751
19,14000,1658.2185875473751
19,14100,1658.2185875473751
19,14200,1658.2185875473751
19,14300,1658.2185875473751
19,14400,1658.2185875473751
19,14500,1658.2185875473751
19,14600,1658.2185875473751
19,14700,1658.2185875473751
19,14800,1658.2185875473751
19,14900,1658.2185875473751
19,15000,1658.2185875473751
19,15100,1658.2185875473751
19,15200,1658.2185875473751
19,15300,1658.2185875473751
19,15400,1658.2185875473751
19,15500,1658.2185875473751
19,15600,1658.2185875473751
19,15700,1658.2185875473751
19,15800,1658.2185875473751
19,15900,1658.2185875473751
19,16000,1658.2185875473751
19,16100,1658.2185875473751
19,16200,1658.2185875473751
19,16300,1658.2185875473751
19,16400,1658.2185875473751
19,16500,1658.2185875473751
19,16600,1658.2185875473751
19,16700,1658.2185875473751
19,16800,1658.2185875473751
19,16900,1658.2185875473751
19,17000,1658.2185875473751
19,17100,1658.2185875473751
19,17200,1658.2185875473751
19,17300,1658.2185875473751
19,17400,1658.2185875473751
19,17500,1658.2185875473751
19,17600,1658.2185875473751
19,17700,1658.2185875473751
19,17800,1658.2185875473751
19,17900,1658.2185875473751
19,18000,1658.2185875473751
19,18100,1658.2185875473751
19,18200,1658.2185875473751
19,18300,1658.2185875473751
19,18400,1658.2185875473751
19,18500,1658.2185875473751
19,18600,1658.2185875473751
19,18700,1658.2185875473751
19,18800,1658.2185875473751
19,18900,1658.2185875473751
19,19000,1658.2185875473751
19,19100,1658.2185875473751
19,19200,1658.2185875473751
19,19300,1658.2185875473751
19,19400,1658.2185875473751
19,19500,1658.2185875473751
19,19600,1658.2185875473751
19,19700,1658.2185875473751
19,19800,1658.2185875473751
19,19900,1658.2185875473751
19,20000,1658.2185875473751
19,20100,1658.2185875473751
19,20200,1658.2185875473751
19,20300,1658.2185875473751
19,20400,1658.2185875473751
19,20500,1658.2185875473751
19,20600,1658.2185875473751
19,20700,1658.2185875473751
19,20800,1658.2185875473751
19,20900,1658.2185875473751
19,21000,1658.2185875473751
19,21100,1658.2185875473751
19,21200,1658.2185875473751
19,21300,1656.1598879178284
19,21400,1656.1598879178284
19,21500,1656.1598879178284
19,21600,1656.1598879178284
19,21700,1656.1598879178284
19,21800,1656.1598879178284
19,21900,1656.1598879178284
19,22000,1656.1598879178284
19,22100,1656.1598879178284
19,22200,1656.1598879178284
19,22300,1656.1598879178284
19,22400,1656.1598879178284
19,22500,1656.1598879178284
19,22600,1656.1598879178284
19,22700,1656.1598879178284
19,22800,1656.1598879178284
19,22900,1656.1598879178284
19,23000,1656.1598879178284
19,23100,1656.1598879178284
19,23200,1656.1598879178284
19,23300,1656.1598879178284
19,23400,1656.1598879178284
19,23500,1656.1598879178284
19,23600,1656.1598879178284
19,23700,1656.1598879178284
19,23800,1656.1598879178284
19,23900,1656.1598879178284
19,24000,1656.1598879178284
19,24100,1656.1598879178284
19,24200,1656.1598879178284
19,24300,1656.1598879178284
19,24400,1656.1598879178284
19,24500,1656.1598879178284
19,24600,1656.1598879178284
19,24700,1656.1598879178284
19,24800,1656.1598879178284
19,24900,1656.1598879178284
19,25000,1656.1598879178284
19,25100,1656.1598879178284
19,25200,1656.1598879178284
19,25300,1656.1598879178284
19,25400,1656.1598879178284
19,25500,1656.1598879178284
19,25600,1656.1598879178284
19,25700,1656.1598879178284
19,25800,1656.1598879178284
19,25900,1656.1598879178284
19,26000,1656.1598879178284
19,26100,1656.1598879178284
19,26200,1656.1598879178284
19,26300,1656.1598879178284
19,26400,1656.1598879178284
19,26500,1656.1598879178284
19,26600,1656.1598879178284
19,26700,1656.1598879178284
19,26800,1656.1598879178284
19,26900,1656.1598879178284
19,27000,1656.1598879178284
19,27100,1656.1598879178284
19,27200,1656.1598879178284
19,27300,1656.1598879178284
19,27400,1656.1598879178284
19,27500,1656.1598879178284
19,27600,1656.1598879178284
19,27700,1656.1598879178284
19,27800,1656.1598879178284
19,27900,1656.1598879178284
19,28000,1656.1598879178284
19,28100,1656.1598879178284
19,28200,1656.1598879178284
19,28300,1656.1598879178284
19,28400,1656.1598879178284
19,28500,1656.1598879178284
19,28600,1656.1598879178284
19,28700,1656.1598879178284
19,28800,1656.1598879178284
19,28900,1656.1598879178284
19,29000,1656.1598879178284
19,29100,1656.1598879178284
19,29200,1656.1598879178284
19,29300,1656.1598879178284
19,29400,1656.1598879178284
19,29500,1656.1598879178284
19,29600,1656.1598879178284
19,29700,1656.1598879178284
19,29800,1656.1598879178284
19,29900,1656.1598879178284
19,30000,1656.1598879178284
19,30100,1656.1598879178284
19,30200,1656.1598879178284
19,30300,1656.1598879178284
19,30400,1656.1598879178284
19,30500,1656.1598879178284
19,30600,1656.1598879178284
19,30700,1656.1598879178284
19,30800,1656.1598879178284
19,30900,1656.1598879178284
19,31000,1656.1598879178284
19,31100,1656.1598879178284
19,31200,1656.1598879178284
19,31300,1656.1598879178284
19,31400,1656.1598879178284
19,31500,1656.1598879178284
19,31600,1656.1598879178284
19,31700,1656.1598879178284
19,31800,1656.1598879178284
19,31900,1656.1598879178284
19,32000,1656.1598879178284
19,32100,1656.1598879178284
19,32200,1656.1598879178284
19,32300,1656.1598879178284
19,32400,1656.1598879178284
19,32500,1656.1598879178284
19,32600,1656.1598879178284
19,32700,1656.1598879178284
19,32800,1656.1598879178284
19,32900,1656.1598879178284
19,33000,1656.1598879178284
19,33100,1656.1598879178284
19,33200,1656.1598879178284
19,33300,1656.1598879178284
19,33400,1656.1598879178284
19,33500,1656.1598879178284
19,33600,1656.1598879178284
19,33700,1656.1598879178284
19,33800,1656.1598879178284
19,33900,1656.1598879178284
19,34000,1656.1598879178284
19,34100,1656.1598879178284
19,34200,1656.1598879178284
19,34300,1656.1598879178284
19,34400,1656.1598879178284
19,34500,1656.1598879178284
19,34600,1656.1598879178284
19,34700,1656.1598879178284
19,34800,1656.1598879178284
19,34900,1656.1598879178284
19,35000,1656.1598879178284
19,35100,1656.1598879178284
19,35200,1656.1598879178284
19,35300,1656.1598879178284
19,35400,1656.1598879178284
19,35500,1656.1598879178284
19,35600,1656.1598879178284
19,35700,1656.1598879178284
19,35800,1656.1598879178284
19,35900,1656.1598879178284
19,36000,1656.1598879178284
19,36100,1656.1598879178284
19,36200,1656.1598879178284
19,36300,1656.1598879178284
19,36400,1656.1598879178284
19,36500,1656.1598879178284
19,36600,1656.1598879178284
19,36700,1656.1598879178284
19,36800,1656.1598879178284
19,36900,1656.1598879178284
19,37000,1656.1598879178284
19,37100,1656.1598879178284
19,37200,1656.1598879178284
19,37300,1656.1598879178284
19,37400,1656.1598879178284
19,37500,1656.1598879178284
19,37600,1656.1598879178284
19,37700,1656.1598879178284
19,37800,1656.1598879178284
19,37900,1656.1598879178284
19,38000,1656.1598879178284
19,38100,1656.1598879178284
19,38200,1656.1598879178284
19,38300,1656.1598879178284
19,38400,1656.1598879178284
19,38500,1656.1598879178284
19,38600,1656.1598879178284
19,38700,1656.1598879178284
19,38800,1656.1598879178284
19,38900,1656.1598879178284
19,39000,1656.1598879178284
19,39100,1656.1598879178284
19,39200,1656.1598879178284
19,39300,1656.1598879178284
19,39400,1656.1598879178284
19,39500,1656.1598879178284
19,39600,1656.1598879178284
19,39700,1656.1598879178284
19,39800,1656.1598879178284
19,39900,1656.1598879178284
19,40000,1656.1598879178284
19,40100,1656.1598879178284
19,40200,1656.1598879178284
19,40300,1656.1598879178284
19,40400,1656.1598879178284
19,40500,1656.1598879178284
19,40600,1656.1598879178284
19,40700,1656.1598879178284
19,40800,1656.1598879178284
19,40900,1656.1598879178284
19,41000,1656.1598879178284
19,41100,1656.1598879178284
19,41200,1656.1598879178284
19,41300,1656.1598879178284
19,41400,1656.1598879178284
19,41500,1656.1598879178284
19,41600,1656.1598879178284
19,41700,1656.1598879178284
19,41800,1656.1598879178284
19,41900,1656.1598879178284
19,42000,1656.1598879178284
19,42100,1656.1598879178284
19,42200,1656.1598879178284
19,42300,1656.1598879178284
19,42400,1656.1598879178284
19,42500,1656.1598879178284
19,42600,1656.1598879178284
19,42700,1656.1598879178284
19,42800,1656.1598879178284
19,42900,1656.1598879178284
19,43000,1656.1598879178284
19,43100,1656.1598879178284
19,43200,1656.1598879178284
19,43300,1656.1598879178284
19,43400,1656.1598879178284
19,43500,1656.1598879178284
19,43600,1656.1598879178284
19,43700,1656.1598879178284
19,43800,1656.1598879178284
19,43900,1656.1598879178284
19,44000,1656.1598879178284
19,44100,1656.1598879178284
19,44200,1656.1598879178284
19,44300,1656.1598879178284
19,44400,1656.1598879178284
19,44500,1656.1598879178284
19,44600,1656.1598879178284
19,44700,1656.1598879178284
19,44800,1656.1598879178284
19,44900,1656.1598879178284
19,45000,1656.1598879178284
19,45100,1656.1598879178284
19,45200,1656.1598879178284
19,45300,1656.1598879178284
19,45400,1656.1598879178284
19,45500,1656.1598879178284
19,45600,1656.1598879178284
19,45700,1656.1598879178284
19,45800,1656.1598879178284
19,45900,1656.1598879178284
19,46000,1656.1598879178284
19,46100,1656.1598879178284
19,46200,1656.1598879178284
19,46300,1656.1598879178284
19,46400,1656.1598879178284
19,46500,1656.1598879178284
19,46600,1656.1598879178284
19,46700,1656.1598879178284
19,46800,1656.1598879178284
19,46900,1656.1598879178284
19,47000,1656.1598879178284
19,47100,1656.1598879178284
19,47200,1656.1598879178284
19,47300,1656.1598879178284
19,47400,1656.1598879178284
19,47500,1656.1598879178284
19,47600,1656.1598879178284
19,47700,1656.1598879178284
19,47800,1656.1598879178284
19,47900,1656.1598879178284
19,48000,1656.1598879178284
19,48100,1656.1598879178284
19,48200,1656.1598879178284
19,48300,1656.1598879178284
19,48400,1656.1598879178284
19,48500,1656.1598879178284
19,48600,1656.1598879178284
19,48700,1656.1598879178284
19,48800,1656.1598879178284
19,48900,1656.1598879178284
19,49000,1656.1598879178284
19,49100,1656.1598879178284
19,49200,1656.1598879178284
19,49300,1656.1598879178284
19,49400,1656.1598879178284
19,49500,1656.1598879178284
19,49600,1656.1598879178284
19,49700,1656.1598879178284
19,49800,1656.1598879178284
19,49900,1656.1598879178284
19,50000,1656.1598879178284
20,200,2434.764132694149
20,300,2427.0982130466277
20,400,2427.0982130466277
20,500,2427.0982130466277
20,600,2427.0982130466277
20,700,2427.0982130466277
20,800,2427.0982130466277
20,900,2427.0982130466277
20,1000,2427.0982130466277
20,1100,2427.0982130466277
20,1200,2427.0982130466277
20,1300,2427.0982130466277
20,1400,2427.0982130466277
20,1500,2427.0982130466277
20,1600,2427.0982130466277
20,1700,2415.03433791724
20,1800,2415.03433791724
20,1900,2415.03433791724
20,2000,2415.03433791724
20,2100,2370.2757467804554
20,2200,2370.2757467804554
20,2300,2370.2757467804554
20,2400,2370.2757467804554
20,2500,2370.2757467804554
20,2600,2370.2757467804554
20,2700,2370.2757467804554
20,2800,2370.2757467804554
20,2900,2370.2757467804554
20,3000,2370.2757467804554
20,3100,2370.2757467804554
20,3200,2370.2757467804554
20,3300,2370.2757467804554
20,3400,2370.2757467804554
20,3500,2370.2757467804554
20,3600,2370.2757467804554
20,3700,2370.2757467804554
20,3800,2370.2757467804554
20,3900,2370.2757467804554
20,4000,2370.2757467804554
20,4100,2370.2757467804554
20,4200,2370.2757467804554
20,4300,2370.2757467804554
20,4400,2370.2757467804554
20,4500,2370.2757467804554
20,4600,2370.2757467804554
20,4700,2370.2757467804554
20,4800,2370.2757467804554
20,4900,2370.2757467804554
20,5000,2370.2757467804554
20,5100,2370.2757467804554
20,5200,2370.2757467804554
20,5300,2370.2757467804554
20,5400,2370.2757467804554
20,5500,2370.2757467804554
20,5600,2370.2757467804554
20,5700,2370.2757467804554
20,5800,2370.2757467804554
20,5900,2370.2757467804554
20,6000,2370.2757467804554
20,6100,2370.2757467804554
20,6200,2370.2757467804554
20,6300,2370.2757467804554
20,6400,2370.2757467804554
20,6500,2370.2757467804554
20,6600,2283.3485384438504
20,6700,2283.3485384438504
20,6800,2283.3485384438504
20,6900,2283.3485384438504
20,7000,2283.3485384438504
20,7100,2283.3485384438504
20,7200,2283.3485384438504
20,7300,2283.3485384438504
20,7400,2268.424094321424
20,7500,2268.424094321424
20,7600,2268.424094321424
20,7700,2268.424094321424
20,7800,2268.424094321424
20,7900,2268.424094321424
20,8000,2268.424094321424
20,8100,2268.424094321424
20,8200,2268.424094321424
20,8300,2268.424094321424
20,8400,2268.424094321424
20,8500,2268.424094321424
20,8600,2268.424094321424
20,8700,2268.424094321424
20,8800,2268.424094321424
20,8900,2268.424094321424
20,9000,2268.424094321424
20,9100,2268.424094321424
20,9200,2268.424094321424
20,9300,2268.424094321424
20,9400,2259.6086626294023
20,9500,2259.6086626294023
20,9600,2259.6086626294023
20,9700,2259.6086626294023
20,9800,2259.6086626294023
20,9900,2259.6086626294023
20,10000,2259.6086626294023
20,10100,2164.2865715266366
20,10200,2164.2865715266366
20,10300,2164.2865715266366
20,10400,2164.2865715266366
20,10500,2164.2865715266366
20,10600,2164.2865715266366
20,10700,2164.2865715266366
20,10800,2164.2865715266366
20,10900,2164.2865715266366
20,11000,2164.2865715266366
20,11100,2164.2865715266366
20,11200,2164.2865715266366
20,11300,2164.2865715266366
20,11400,2164.2865715266366
20,11500,2164.2865715266366
20,11600,2164.2865715266366
20,11700,2164.2865715266366
20,11800,2164.2865715266366
20,11900,2164.2865715266366
20,12000,2164.2865715266366
20,12100,2164.2865715266366
20,12200,2123.8388475106317
20,12300,2123.8388475106317
20,12400,2123.8388475106317
20,12500,2123.8388475106317
20,12600,2123.8388475106317
20,12700,2123.8388475106317
20,12800,2123.8388475106317
20,12900,2123.8388475106317
20,13000,2123.8388475106317
20,13100,2123.8388475106317
20,13200,2123.8388475106317
20,13300,2123.8388475106317
20,13400,2123.8388475106317
20,13500,2123.8388475106317
20,13600,2123.8388475106317
20,13700,2123.8388475106317
20,13800,2123.8388475106317
20,13900,2123.8388475106317
20,14000,2123.8388475106317
20,14100,2123.8388475106317
20,14200,2115.010244848333
20,14300,2115.010244848333
20,14400,2115.010244848333
20,14500,2115.010244848333
20,14600,2115.010244848333
20,14700,2115.010244848333
20,14800,2115.010244848333
20,14900,2115.010244848333
20,15000,2086.0738869433803
20,15100,2086.0738869433803
20,15200,2086.0738869433803
20,15300,2086.0738869433803
20,15400,2086.0738869433803
20,15500,2052.0749848366213
20,15600,2052.0749848366213
20,15700,2052.0749848366213
20,15800,2052.0749848366213
20,15900,2052.0749848366213
20,16000,2052.0749848366213
20,16100,2052.0749848366213
20,16200,2052.0749848366213
20,16300,2052.0749848366213
20,16400,2052.0749848366213
20,16500,2052.0749848366213
20,16600,2052.0749848366213
20,16700,2052.0749848366213
20,16800,2052.0749848366213
20,16900,2052.0749848366213
20,17000,2052.0749848366213
20,17100,2052.0749848366213
20,17200,2052.0749848366213
20,17300,2052.0749848366213
20,17400,2052.0749848366213
20,17500,2052.0749848366213
20,17600,2052.0749848366213
20,17700,2052.0749848366213
20,17800,2052.0749848366213
20,17900,2042.323146391735
20,18000,2003.8716764892297
20,18100,2003.8716764892297
20,18200,2003.8716764892297
20,18300,2003.8716764892297
20,18400,2003.8716764892297
20,18500,2003.8716764892297
20,18600,2003.8716764892297
20,18700,2003.8716764892297
20,18800,2003.8716764892297
20,18900,2000.8387617433982
20,19000,2000.8387617433982
20,19100,2000.8387617433982
20,19200,2000.8387617433982
20,19300,2000.8387617433982
20,19400,2000.8387617433982
20,19500,2000.8387617433982
20,19600,2000.8387617433982
20,19700,2000.8387617433982
20,19800,2000.8387617433982
20,19900,2000.8387617433982
20,20000,2000.8387617433982
20,20100,2000.8387617433982
20,20200,2000.8387617433982
20,20300,2000.8387617433982
20,20400,1999.2962062398815
20,20500,1999.2962062398815
20,20600,1999.2962062398815
20,20700,1997.3897941377436
20,20800,1996.6173671716442
20,20900,1978.243844325021
20,21000,1941.4417992249084
20,21100,1941.4417992249084
20,21200,1941.4417992249084
20,21300,1941.4417992249084
20,21400,1915.766668989509
20,21500,1915.766668989509
20,21600,1855.7016054743474
20,21700,1855.7016054743474
20,21800,1855.7016054743474
20,21900,1855.7016054743474
20,22000,1855.7016054743474
20,22100,1855.7016054743474
20,22200,1855.7016054743474
20,22300,1855.7016054743474
20,22400,1855.7016054743474
20,22500,1855.7016054743474
20,22600,1855.7016054743474
20,22700,1855.7016054743474
20,22800,1846.8030095317113
20,22900,1846.8030095317113
20,23000,1841.3565137364678
20,23100,1841.3565137364678
20,23200,1841.3565137364678
20,23300,1841.3565137364678
20,23400,1841.3565137364678
20,23500,1841.3565137364678
20,23600,1841.3565137364678
20,23700,1841.3565137364678
20,23800,1841.3565137364678
20,23900,1830.263127523274
20,24000,1830.263127523274
20,24100,1829.3767589068773
20,24200,1829.3767589068773
20,24300,1829.3767589068773
20,24400,1829.3767589068773
20,24500,1815.3708586865457
20,24600,1773.6138002098269
20,24700,1773.6138002098269
20,24800,1773.6138002098269
20,24900,1773.6138002098269
20,25000,1773.6138002098269
20,25100,1773.6138002098269
20,25200,1773.6138002098269
20,25300,1773.2989793599313
20,25400,1773.2989793599313
20,25500,1773.2989793599313
20,25600,1773.2989793599313
20,25700,1773.2989793599313
20,25800,1773.2989793599313
20,25900,1773.2989793599313
20,26000,1773.2989793599313
20,26100,1773.2989793599313
20,26200,1750.7566780707205
20,26300,1750.7566780707205
20,26400,1750.7566780707205
20,26500,1750.7566780707205
20,26600,1750.7566780707205
20,26700,1750.7566780707205
20,26800,1750.7566780707205
20,26900,1750.7566780707205
20,27000,1750.7566780707205
20,27100,1750.7566780707205
20,27200,1750.7566780707205
20,27300,1750.7566780707205
20,27400,1750.7566780707205
20,27500,1735.7664419562366
20,27600,1735.7664419562366
20,27700,1735.7664419562366
20,27800,1735.7664419562366
20,27900,1735.7664419562366
20,28000,1735.7664419562366
20,28100,1735.7664419562366
20,28200,1735.7664419562366
20,28300,1735.7664419562366
20,28400,1735.7664419562366
20,28500,1735.7664419562366
20,28600,1735.7664419562366
20,28700,1734.0310100735333
20,28800,1734.0310100735333
20,28900,1734.0310100735333
20,29000,1734.0310100735333
20,29100,1734.0310100735333
20,29200,1734.0310100735333
20,29300,1734.0310100735333
20,29400,1734.0310100735333
20,29500,1734.0310100735333
20,29600,1734.0310100735333
20,29700,1734.0310100735333
20,29800,1734.0310100735333
20,29900,1734.0310100735333
20,30000,1734.0310100735333
20,30100,1734.0310100735333
20,30200,1734.0310100735333
20,30300,1734.0310100735333
20,30400,1734.0310100735333
20,30500,1734.0310100735333
20,30600,1734.0310100735333
20,30700,1734.0310100735333
20,30800,1734.0310100735333
20,30900,1734.0310100735333
20,31000,1734.0310100735333
20,31100,1734.0310100735333
20,31200,1734.0310100735333
20,31300,1734.0310100735333
20,31400,1734.0310100735333
20,31500,1734.0310100735333
20,31600,1734.0310100735333
20,31700,1734.0310100735333
20,31800,1734.0310100735333
20,31900,1734.0310100735333
20,32000,1734.0310100735333
20,32100,1734.0310100735333
20,32200,1734.0310100735333
20,32300,1734.0310100735333
20,32400,1734.0310100735333
20,32500,1734.0310100735333
20,32600,1734.0310100735333
20,32700,1734.0310100735333
20,32800,1734.0310100735333
20,32900,1734.0310100735333
20,33000,1734.0310100735333
20,33100,1734.0310100735333
20,33200,1734.0310100735333
20,33300,1734.0310100735333
20,33400,1734.0310100735333
20,33500,1734.0310100735333
20,33600,1734.0310100735333
20,33700,1734.0310100735333
20,33800,1734.0310100735333
20,33900,1734.0310100735333
20,34000,1734.0310100735333
20,34100,1734.0310100735333
20,34200,1734.0310100735333
20,34300,1734.0310100735333
20,34400,1734.0310100735333
20,34500,1734.0310100735333
20,34600,1734.0310100735333
20,34700,1734.0310100735333
20,34800,1734.0310100735333
20,34900,1734.0310100735333
20,35000,1734.0310100735333
20,35100,1734.0310100735333
20,35200,1734.0310100735333
20,35300,1734.0310100735333
20,35400,1734.0310100735333
20,35500,1734.0310100735333
20,35600,1734.0310100735333
20,35700,1734.0310100735333
20,35800,1734.0310100735333
20,35900,1734.0310100735333
20,36000,1734.0310100735333
20,36100,1734.0310100735333
20,36200,1734.0310100735333
20,36300,1734.0310100735333
20,36400,1734.0310100735333
20,36500,1734.0310100735333
20,36600,1734.0310100735333
20,36700,1734.0310100735333
20,36800,1734.0310100735333
20,36900,1734.0310100735333
20,37000,1734.0310100735333
20,37100,1734.0310100735333
20,37200,1734.0310100735333
20,37300,1734.0310100735333
20,37400,1734.0310100735333
20,37500,1734.0310100735333
20,37600,1734.0310100735333
20,37700,1734.0310100735333
20,37800,1734.0310100735333
20,37900,1734.0310100735333
20,38000,1734.0310100735333
20,38100,1734.0310100735333
20,38200,1734.0310100735333
20,38300,1734.0310100735333
20,38400,1734.0310100735333
20,38500,1734.0310100735333
20,38600,1734.0310100735333
20,38700,1734.0310100735333
20,38800,1734.0310100735333
20,38900,1734.0310100735333
20,39000,1734.0310100735333
20,39100,1734.0310100735333
20,39200,1734.0310100735333
20,39300,1734.0310100735333
20,39400,1734.0310100735333
20,39500,1734.0310100735333
20,39600,1734.0310100735333
20,39700,1734.0310100735333
20,39800,1734.0310100735333
20,39900,1734.0310100735333
20,40000,1734.0310100735333
20,40100,1734.0310100735333
20,40200,1734.0310100735333
20,40300,1734.0310100735333
20,40400,1734.0310100735333
20,40500,1734.0310100735333
20,40600,1734.0310100735333
20,40700,1734.0310100735333
20,40800,1734.0310100735333
20,40900,1734.0310100735333
20,41000,1734.0310100735333
20,41100,1734.0310100735333
20,41200,1734.0310100735333
20,41300,1734.0310100735333
20,41400,1734.0310100735333
20,41500,1734.0310100735333
20,41600,1734.0310100735333
20,41700,1734.0310100735333
20,41800,1734.0310100735333
20,41900,1734.0310100735333
20,42000,1734.0310100735333
20,42100,1734.0310100735333
20,42200,1734.0310100735333
20,42300,1734.0310100735333
20,42400,1734.0310100735333
20,42500,1734.0310100735333
20,42600,1734.0310100735333
20,42700,1734.0310100735333
20,42800,1734.0310100735333
20,42900,1734.0310100735333
20,43000,1734.0310100735333
20,43100,1734.0310100735333
20,43200,1734.0310100735333
20,43300,1734.0310100735333
20,43400,1734.0310100735333
20,43500,1734.0310100735333
20,43600,1734.0310100735333
20,43700,1734.0310100735333
20,43800,1734.0310100735333
20,43900,1734.0310100735333
20,44000,1734.0310100735333
20,44100,1734.0310100735333
20,44200,1734.0310100735333
20,44300,1734.0310100735333
20,44400,1734.0310100735333
20,44500,1734.0310100735333
20,44600,1734.0310100735333
20,44700,1734.0310100735333
20,44800,1734.0310100735333
20,44900,1734.0310100735333
20,45000,1734.0310100735333
20,45100,1734.0310100735333
20,45200,1734.0310100735333
20,45300,1734.0310100735333
20,45400,1734.0310100735333
20,45500,1734.0310100735333
20,45600,1734.0310100735333
20,45700,1734.0310100735333
20,45800,1734.0310100735333
20,45900,1734.0310100735333
20,46000,1734.0310100735333
20,46100,1734.0310100735333
20,46200,1734.0310100735333
20,46300,1734.0310100735333
20,46400,1734.0310100735333
20,46500,1732.0351521823081
20,46600,1732.0351521823081
20,46700,1732.0351521823081
20,46800,1732.0351521823081
20,46900,1732.0351521823081
20,47000,1732.0351521823081
20,47100,1732.0351521823081
20,47200,1732.0351521823081
20,47300,1732.0351521823081
20,47400,1732.0351521823081
20,47500,1732.0351521823081
20,47600,1732.0351521823081
20,47700,1732.0351521823081
20,47800,1732.0351521823081
20,47900,1732.0351521823081
20,48000,1732.0351521823081
20,48100,1732.0351521823081
20,48200,1732.0351521823081
20,48300,1732.0351521823081
20,48400,1732.0351521823081
20,48500,1732.0351521823081
20,48600,1732.0351521823081
20,48700,1732.0351521823081
20,48800,1732.0351521823081
20,48900,1732.0351521823081
20,49000,1732.0351521823081
20,49100,1732.0351521823081
20,49200,1732.0351521823081
20,49300,1732.0351521823081
20,49400,1732.0351521823081
20,49500,1732.0351521823081
20,49600,1732.0351521823081
20,49700,1732.0351521823081
20,49800,1732.0351521823081
20,49900,1732.0351521823081
20,50000,1732.0351521823081
21,200,2433.362307464037
21,300,2433.362307464037
21,400,2433.362307464037
21,500,2433.362307464037
21,600,2370.737058919707
21,700,2370.737058919707
21,800,2370.737058919707
21,900,2370.737058919707
21,1000,2370.737058919707
21,1100,2370.737058919707
21,1200,2370.737058919707
21,1300,2370.737058919707
21,1400,2370.737058919707
21,1500,2370.737058919707
21,1600,2370.737058919707
21,1700,2370.737058919707
21,1800,2370.737058919707
21,1900,2370.737058919707
21,2000,2370.737058919707
21,2100,2352.5316136974625
21,2200,2352.5316136974625
21,2300,2352.5316136974625
21,2400,2352.5316136974625
21,2500,2341.1708821198786
21,2600,2315.323236200813
21,2700,2315.323236200813
21,2800,2315.323236200813
21,2900,2315.323236200813
21,3000,2315.323236200813
21,3100,2315.323236200813
21,3200,2281.1226364697636
21,3300,2281.1226364697636
21,3400,2281.1226364697636
21,3500,2194.2802922358546
21,3600,2194.2802922358546
21,3700,2194.2802922358546
21,3800,2194.2802922358546
21,3900,2126.1629681363493
21,4000,2126.1629681363493
21,4100,2126.1629681363493
21,4200,2126.1629681363493
21,4300,2126.1629681363493
21,4400,2126.1629681363493
21,4500,2126.1629681363493
21,4600,2126.1629681363493
21,4700,2126.1629681363493
21,4800,2126.1629681363493
21,4900,2126.1629681363493
21,5000,2126.1629681363493
21,5100,2126.1629681363493
21,5200,2126.1629681363493
21,5300,2126.1629681363493
21,5400,2126.1629681363493
21,5500,2126.1629681363493
21,5600,2126.1629681363493
21,5700,2126.1629681363493
21,5800,2126.1629681363493
21,5900,2126.1629681363493
21,6000,2126.1629681363493
21,6100,2126.1629681363493
21,6200,2126.1629681363493
21,6300,2126.1629681363493
21,6400,2126.1629681363493
21,6500,2126.1629681363493
21,6600,2126.1629681363493
21,6700,2126.1629681363493
21,6800,2126.1629681363493
21,6900,2126.1629681363493
21,7000,2126.1629681363493
21,7100,2126.1629681363493
21,7200,2126.1629681363493
21,7300,2126.1629681363493
21,7400,2126.1629681363493
21,7500,2126.1629681363493
21,7600,2126.1629681363493
21,7700,2126.1629681363493
21,7800,2126.1629681363493
21,7900,2126.1629681363493
21,8000,2126.1629681363493
21,8100,2087.200992662082
21,8200,2046.353406439775
21,8300,2046.353406439775
21,8400,2020.9199470222588
21,8500,2020.9199470222588
21,8600,2020.9199470222588
21,8700,2020.9199470222588
21,8800,2020.9199470222588
21,8900,1921.0506161259866
21,9000,1921.0506161259866
21,9100,1921.0506161259866
21,9200,1921.0506161259866
21,9300,1921.0506161259866
21,9400,1921.0506161259866
21,9500,1780.9402915223063
21,9600,1780.9402915223063
21,9700,1780.9402915223063
21,9800,1780.9402915223063
21,9900,1780.9402915223063
21,10000,1780.9402915223063
21,10100,1780.9402915223063
21,10200,1780.9402915223063
21,10300,1780.9402915223063
21,10400,1780.9402915223063
21,10500,1780.9402915223063
21,10600,1780.9402915223063
21,10700,1754.1911206506802
21,10800,1754.1911206506802
21,10900,1754.1911206506802
21,11000,1754.1911206506802
21,11100,1754.1911206506802
21,11200,1754.1911206506802
21,11300,1754.1911206506802
21,11400,1754.1911206506802
21,11500,1754.1911206506802
21,11600,1754.1911206506802
21,11700,1754.1911206506802
21,11800,1754.1911206506802
21,11900,1749.289335514561
21,12000,1749.289335514561
21,12100,1749.289335514561
21,12200,1749.289335514561
21,12300,1749.289335514561
21,12400,1749.289335514561
21,12500,1749.289335514561
21,12600,1749.289335514561
21,12700,1749.289335514561
21,12800,1749.289335514561
21,12900,1749.289335514561
21,13000,1749.289335514561
21,13100,1749.289335514561
21,13200,1749.289335514561
21,13300,1749.289335514561
21,13400,1749.289335514561
21,13500,1713.046708339097
21,13600,1713.046708339097
21,13700,1713.046708339097
21,13800,1713.046708339097
21,13900,1713.046708339097
21,14000,1713.046708339097
21,14100,1713.046708339097
21,14200,1713.046708339097
21,14300,1713.046708339097
21,14400,1713.046708339097
21,14500,1671.1347232166124
21,14600,1671.1347232166124
21,14700,1671.1347232166124
21,14800,1671.1347232166124
21,14900,1671.1347232166124
21,15000,1671.1347232166124
21,15100,1671.1347232166124
21,15200,1671.1347232166124
21,15300,1671.1347232166124
21,15400,1671.1347232166124
21,15500,1671.1347232166124
21,15600,1654.399001598593
21,15700,1654.399001598593
21,15800,1654.399001598593
21,15900,1654.399001598593
21,16000,1647.7165802651891
21,16100,1647.7165802651891
21,16200,1647.7165802651891
21,16300,1630.5608223674078
21,16400,1630.5608223674078
21,16500,1630.5608223674078
21,16600,1630.5608223674078
21,16700,1630.5608223674078
21,16800,1612.4218521643654
21,16900,1612.4218521643654
21,17000,1612.4218521643654
21,17100,1612.4218521643654
21,17200,1612.4218521643654
21,17300,1612.4218521643654
21,17400,1612.4218521643654
21,17500,1612.4218521643654
21,17600,1612.4218521643654
21,17700,1612.4218521643654
21,17800,1612.4218521643654
21,17900,1612.4218521643654
21,18000,1612.4218521643654
21,18100,1612.4218521643654
21,18200,1604.55075894353
21,18300,1604.55075894353
21,18400,1604.55075894353
21,18500,1604.55075894353
21,18600,1604.55075894353
21,18700,1599.958484470825
21,18800,1594.6203759011644
21,18900,1594.6203759011644
21,19000,1594.6203759011644
21,19100,1592.0873912499894
21,19200,1592.0873912499894
21,19300,1592.0873912499894
21,19400,1591.6642725925028
21,19500,1591.6642725925028
21,19600,1591.6642725925028
21,19700,1584.607164349334
21,19800,1584.607164349334
21,19900,1584.607164349334
21,20000,1584.607164349334
21,20100,1584.607164349334
21,20200,1579.263554947004
21,20300,1566.5405847315449
21,20400,1566.5405847315449
21,20500,1566.5405847315449
21,20600,1558.1523237753229
21,20700,1546.5324787385878
21,20800,1546.5324787385878
21,20900,1546.5324787385878
21,21000,1546.5324787385878
21,21100,1546.5324787385878
21,21200,1527.7088549956718
21,21300,1520.7291131148943
21,21400,1520.7291131148943
21,21500,1514.949525002224
21,21600,1514.312888965195
21,21700,1512.440310067095
21,21800,1512.440310067095
21,21900,1512.440310067095
21,22000,1512.440310067095
21,22100,1512.440310067095
21,22200,1512.440310067095
21,22300,1512.440310067095
21,22400,1512.440310067095
21,22500,1512.440310067095
21,22600,1512.440310067095
21,22700,1512.440310067095
21,22800,1512.440310067095
21,22900,1512.440310067095
21,23000,1512.440310067095
21,23100,1512.440310067095
21,23200,1512.440310067095
21,23300,1512.440310067095
21,23400,1512.440310067095
21,23500,1512.440310067095
21,23600,1512.440310067095
21,23700,1512.440310067095
21,23800,1512.440310067095
21,23900,1512.440310067095
21,24000,1512.440310067095
21,24100,1512.440310067095
21,24200,1512.440310067095
21,24300,1512.440310067095
21,24400,1512.440310067095
21,24500,1499.010052857933
21,24600,1499.010052857933
21,24700,1499.010052857933
21,24800,1499.010052857933
21,24900,1499.010052857933
21,25000,1499.010052857933
21,25100,1499.010052857933
21,25200,1499.010052857933
21,25300,1499.010052857933
21,25400,1499.010052857933
21,25500,1499.010052857933
21,25600,1499.010052857933
21,25700,1499.010052857933
21,25800,1499.010052857933
21,25900,1499.010052857933
21,26000,1499.010052857933
21,26100,1499.010052857933
21,26200,1499.010052857933
21,26300,1499.010052857933
21,26400,1499.010052857933
21,26500,1499.010052857933
21,26600,1499.010052857933
21,26700,1499.010052857933
21,26800,1499.010052857933
21,26900,1499.010052857933
21,27000,1499.010052857933
21,27100,1499.010052857933
21,27200,1499.010052857933
21,27300,1499.010052857933
21,27400,1499.010052857933
21,27500,1499.010052857933
21,27600,1499.010052857933
21,27700,1499.010052857933
21,27800,1499.010052857933
21,27900,1499.010052857933
21,28000,1499.010052857933
21,28100,1499.010052857933
21,28200,1499.010052857933
21,28300,1499.010052857933
21,28400,1499.010052857933
21,28500,1499.010052857933
21,28600,1499.010052857933
21,28700,1499.010052857933
21,28800,1499.010052857933
21,28900,1499.010052857933
21,29000,1499.010052857933
21,29100,1499.010052857933
21,29200,1499.010052857933
21,29300,1499.010052857933
21,29400,1499.010052857933
21,29500,1499.010052857933
21,29600,1499.010052857933
21,29700,1499.010052857933
21,29800,1499.010052857933
21,29900,1499.010052857933
21,30000,1499.010052857933
21,30100,1499.010052857933
21,30200,1499.010052857933
21,30300,1499.010052857933
21,30400,1464.0875731516496
21,30500,1464.0875731516496
21,30600,1464.0875731516496
21,30700,1464.0875731516496
21,30800,1464.0875731516496
21,30900,1464.0875731516496
21,31000,1464.0875731516496
21,31100,1464.0875731516496
21,31200,1450.5826697616187
21,31300,1450.5826697616187
21,31400,1450.5826697616187
21,31500,1450.5826697616187
21,31600,1450.5826697616187
21,31700,1450.5826697616187
21,31800,1450.5826697616187
21,31900,1450.5826697616187
21,32000,1450.5826697616187
21,32100,1450.5826697616187
21,32200,1450.5826697616187
21,32300,1450.5826697616187
21,32400,1450.5826697616187
21,32500,1450.5826697616187
21,32600,1450.5826697616187
21,32700,1450.5826697616187
21,32800,1450.5826697616187
21,32900,1450.5826697616187
21,33000,1450.5826697616187
21,33100,1450.5826697616187
21,33200,1450.5826697616187
21,33300,1450.5826697616187
21,33400,1450.5826697616187
21,33500,1450.5826697616187
21,33600,1450.5826697616187
21,33700,1450.5826697616187
21,33800,1450.5826697616187
21,33900,1450.5826697616187
21,34000,1450.5826697616187
21,34100,1450.5826697616187
21,34200,1450.5826697616187
21,34300,1450.5826697616187
21,34400,1450.5826697616187
21,34500,1450.5826697616187
21,34600,1450.5826697616187
21,34700,1450.5826697616187
21,34800,1450.5826697616187
21,34900,1450.5826697616187
21,35000,1450.5826697616187
21,35100,1450.5826697616187
21,35200,1450.5826697616187
21,35300,1450.5826697616187
21,35400,1450.5826697616187
21,35500,1450.5826697616187
21,35600,1450.5826697616187
21,35700,1450.5826697616187
21,35800,1450.5826697616187
21,35900,1450.5826697616187
21,36000,1450.5826697616187
21,36100,1450.5826697616187
21,36200,1450.5826697616187
21,36300,1450.5826697616187
21,36400,1450.5826697616187
21,36500,1450.5826697616187
21,36600,1450.5826697616187
21,36700,1450.5826697616187
21,36800,1450.5826697616187
21,36900,1450.5826697616187
21,37000,1450.5826697616187
21,37100,1450.5826697616187
21,37200,1450.5826697616187
21,37300,1450.5826697616187
21,37400,1450.5826697616187
21,37500,1450.5826697616187
21,37600,1450.5826697616187
21,37700,1450.5826697616187
21,37800,1450.5826697616187
21,37900,1450.5826697616187
21,38000,1450.5826697616187
21,38100,1450.5826697616187
21,38200,1450.5826697616187
21,38300,1450.5826697616187
21,38400,1450.5826697616187
21,38500,1450.5826697616187
21,38600,1450.5826697616187
21,38700,1450.5826697616187
21,38800,1450.5826697616187
21,38900,1450.5826697616187
21,39000,1450.5826697616187
21,39100,1450.5826697616187
21,39200,1450.5826697616187
21,39300,1450.5826697616187
21,39400,1450.5826697616187
21,39500,1450.5826697616187
21,39600,1450.5826697616187
21,39700,1450.5826697616187
21,39800,1450.5826697616187
21,39900,1450.5826697616187
21,40000,1450.5826697616187
21,40100,1450.5826697616187
21,40200,1450.5826697616187
21,40300,1450.5826697616187
21,40400,1450.5826697616187
21,40500,1450.5826697616187
21,40600,1450.5826697616187
21,40700,1450.5826697616187
21,40800,1450.5826697616187
21,40900,1450.5826697616187
21,41000,1450.5826697616187
21,41100,1450.5826697616187
21,41200,1450.5826697616187
21,41300,1450.5826697616187
21,41400,1450.5826697616187
21,41500,1450.5826697616187
21,41600,1450.5826697616187
21,41700,1450.5826697616187
21,41800,1450.5826697616187
21,41900,1450.5826697616187
21,42000,1450.5826697616187
21,42100,1450.5826697616187
21,42200,1450.5826697616187
21,42300,1450.5826697616187
21,42400,1450.5826697616187
21,42500,1450.5826697616187
21,42600,1450.5826697616187
21,42700,1450.5826697616187
21,42800,1450.5826697616187
21,42900,1450.5826697616187
21,43000,1450.5826697616187
21,43100,1450.5826697616187
21,43200,1450.5826697616187
21,43300,1450.5826697616187
21,43400,1450.5826697616187
21,43500,1450.5826697616187
21,43600,1450.5826697616187
21,43700,1450.5826697616187
21,43800,1450.5826697616187
21,43900,1450.5826697616187
21,44000,1450.5826697616187
21,44100,1450.5826697616187
21,44200,1450.5826697616187
21,44300,1450.5826697616187
21,44400,1450.5826697616187
21,44500,1450.5826697616187
21,44600,1450.5826697616187
21,44700,1450.5826697616187
21,44800,1450.5826697616187
21,44900,1450.5826697616187
21,45000,1450.5826697616187
21,45100,1450.5826697616187
21,45200,1450.5826697616187
21,45300,1450.5826697616187
21,45400,1450.5826697616187
21,45500,1450.5826697616187
21,45600,1450.5826697616187
21,45700,1450.5826697616187
21,45800,1450.5826697616187
21,45900,1450.5826697616187
21,46000,1450.5826697616187
21,46100,1450.5826697616187
21,46200,1450.5826697616187
21,46300,1450.5826697616187
21,46400,1450.5826697616187
21,46500,1450.5826697616187
21,46600,1450.5826697616187
21,46700,1450.5826697616187
21,46800,1450.5826697616187
21,46900,1450.5826697616187
21,47000,1450.5826697616187
21,47100,1450.5826697616187
21,47200,1450.5826697616187
21,47300,1450.5826697616187
21,47400,1450.5826697616187
21,47500,1450.5826697616187
21,47600,1450.5826697616187
21,47700,1450.5826697616187
21,47800,1450.5826697616187
21,47900,1450.5826697616187
21,48000,1450.5826697616187
21,48100,1450.5826697616187
21,48200,1450.5826697616187
21,48300,1450.5826697616187
21,48400,1450.5826697616187
21,48500,1450.5826697616187
21,48600,1450.5826697616187
21,48700,1450.5826697616187
21,48800,1450.5826697616187
21,48900,1450.5826697616187
21,49000,1450.5826697616187
21,49100,1450.5826697616187
21,49200,1450.5826697616187
21,49300,1450.5826697616187
21,49400,1450.5826697616187
21,49500,1450.5826697616187
21,49600,1450.5826697616187
21,49700,1450.5826697616187
21,49800,1450.5826697616187
21,49900,1450.5826697616187
21,50000,1450.5826697616187
22,200,2492.558689771584
22,300,2492.558689771584
22,400,2492.558689771584
22,500,2492.558689771584
22,600,2492.558689771584
22,700,2485.5215940312582
22,800,2485.5215940312582
22,900,2485.5215940312582
22,1000,2447.0020242681426
22,1100,2447.0020242681426
22,1200,2447.0020242681426
22,1300,2447.0020242681426
22,1400,2447.0020242681426
22,1500,2351.3487008981083
22,1600,2345.4597032380325
22,1700,2345.4597032380325
22,1800,2345.4597032380325
22,1900,2345.4597032380325
22,2000,2345.4597032380325
22,2100,2345.4597032380325
22,2200,2345.4597032380325
22,2300,2345.4597032380325
22,2400,2345.4597032380325
22,2500,2345.4597032380325
22,2600,2345.4597032380325
22,2700,2345.4597032380325
22,2800,2345.4597032380325
22,2900,2345.4597032380325
22,3000,2257.683105501295
22,3100,2257.683105501295
22,3200,2257.683105501295
22,3300,2257.683105501295
22,3400,2257.683105501295
22,3500,2257.683105501295
22,3600,2257.683105501295
22,3700,2257.683105501295
22,3800,2257.683105501295
22,3900,2257.683105501295
22,4000,2257.683105501295
22,4100,2257.683105501295
22,4200,2239.4261160092506
22,4300,2239.4261160092506
22,4400,2239.4261160092506
22,4500,2239.4261160092506
22,4600,2239.4261160092506
22,4700,2239.4261160092506
22,4800,2239.4261160092506
22,4900,2228.5304983132864
22,5000,2228.5304983132864
22,5100,2228.5304983132864
22,5200,2228.5304983132864
22,5300,2228.5304983132864
22,5400,2228.5304983132864
22,5500,2228.5304983132864
22,5600,2216.22290491541
22,5700,2216.22290491541
22,5800,2216.22290491541
22,5900,2216.22290491541
22,6000,2216.22290491541
22,6100,2216.22290491541
22,6200,2216.22290491541
22,6300,2216.22290491541
22,6400,2207.0929576104645
22,6500,2207.0929576104645
22,6600,2207.0929576104645
22,6700,2207.0929576104645
22,6800,2207.0929576104645
22,6900,2207.0929576104645
22,7000,2207.0929576104645
22,7100,2207.0929576104645
22,7200,2207.0929576104645
22,7300,2149.508035863334
22,7400,2140.699672104476
22,7500,2140.699672104476
22,7600,2140.699672104476
22,7700,2140.699672104476
22,7800,2140.699672104476
22,7900,2140.699672104476
22,8000,2140.699672104476
22,8100,2140.699672104476
22,8200,2140.699672104476
22,8300,2140.699672104476
22,8400,2140.699672104476
22,8500,2140.699672104476
22,8600,2138.2278490342096
22,8700,2138.2278490342096
22,8800,2138.2278490342096
22,8900,2138.2278490342096
22,9000,2138.2278490342096
22,9100,2091.0129892764326
22,9200,2091.0129892764326
22,9300,2091.0129892764326
22,9400,2091.0129892764326
22,9500,2091.0129892764326
22,9600,2091.0129892764326
22,9700,2091.0129892764326
22,9800,2091.0129892764326
22,9900,2091.0129892764326
22,10000,2091.0129892764326
22,10100,2087.0042219793745
22,10200,2059.2493928222398
22,10300,2059.2493928222398
22,10400,2059.2493928222398
22,10500,2059.2493928222398
22,10600,2059.2493928222398
22,10700,2031.734228421501
22,10800,2031.734228421501
22,10900,2031.734228421501
22,11000,2031.734228421501
22,11100,1990.440720706537
22,11200,1990.440720706537
22,11300,1990.440720706537
22,11400,1990.440720706537
22,11500,1990.440720706537
22,11600,1990.440720706537
22,11700,1990.440720706537
22,11800,1949.453026908052
22,11900,1949.453026908052
22,12000,1949.453026908052
22,12100,1949.453026908052
22,12200,1949.453026908052
22,12300,1949.453026908052
22,12400,1949.453026908052
22,12500,1949.453026908052
22,12600,1949.453026908052
22,12700,1949.453026908052
22,12800,1901.8146471940977
22,12900,1883.5563248079497
22,13000,1883.5563248079497
22,13100,1883.5563248079497
22,13200,1883.5563248079497
22,13300,1883.5563248079497
22,13400,1883.5563248079497
22,13500,1854.040200903335
22,13600,1854.040200903335
22,13700,1804.5608356568168
22,13800,1774.2330935402051
22,13900,1752.9232480486044
22,14000,1752.9232480486044
22,14100,1752.9232480486044
22,14200,1752.9232480486044
22,14300,1739.210464603938
22,14400,1739.210464603938
22,14500,1739.210464603938
22,14600,1739.210464603938
22,14700,1739.210464603938
22,14800,1739.210464603938
22,14900,1733.9282812807355
22,15000,1733.9282812807355
22,15100,1733.9282812807355
22,15200,1733.9282812807355
22,15300,1725.0804027977706
22,15400,1725.0804027977706
22,15500,1717.2065403637475
22,15600,1689.3877741814672
22,15700,1689.3877741814672
22,15800,1689.3877741814672
22,15900,1689.3877741814672
22,16000,1689.3877741814672
22,16100,1684.9887902447476
22,16200,1684.9887902447476
22,16300,1682.3213680921726
22,16400,1682.3213680921726
22,16500,1680.7210111938707
22,16600,1680.7210111938707
22,16700,1680.7210111938707
22,16800,1680.7210111938707
22,16900,1680.7210111938707
22,17000,1677.3573750880128
22,17100,1677.3573750880128
22,17200,1677.3573750880128
22,17300,1677.3573750880128
22,17400,1677.3573750880128
22,17500,1677.3573750880128
22,17600,1677.3573750880128
22,17700,1677.3573750880128
22,17800,1677.3573750880128
22,17900,1677.3573750880128
22,18000,1677.3573750880128
22,18100,1669.666428977178
22,18200,1669.666428977178
22,18300,1669.666428977178
22,18400,1669.666428977178
22,18500,1669.666428977178
22,18600,1669.666428977178
22,18700,1668.799530637617
22,18800,1668.799530637617
22,18900,1668.799530637617
22,19000,1668.799530637617
22,19100,1668.799530637617
22,19200,1668.799530637617
22,19300,1668.799530637617
22,19400,1668.799530637617
22,19500,1668.799530637617
22,19600,1668.799530637617
22,19700,1668.799530637617
22,19800,1668.799530637617
22,19900,1668.799530637617
22,20000,1668.799530637617
22,20100,1668.799530637617
22,20200,1668.799530637617
22,20300,1668.799530637617
22,20400,1668.799530637617
22,20500,1668.799530637617
22,20600,1668.799530637617
22,20700,1668.799530637617
22,20800,1668.799530637617
22,20900,1668.799530637617
22,21000,1668.799530637617
22,21100,1668.799530637617
22,21200,1668.799530637617
22,21300,1668.799530637617
22,21400,1668.799530637617
22,21500,1668.799530637617
22,21600,1668.799530637617
22,21700,1668.799530637617
22,21800,1668.799530637617
22,21900,1668.799530637617
22,22000,1668.799530637617
22,22100,1668.799530637617
22,22200,1668.799530637617
22,22300,1668.799530637617
22,22400,1668.799530637617
22,22500,1668.799530637617
22,22600,1668.799530637617
22,22700,1668.799530637617
22,22800,1668.799530637617
22,22900,1668.799530637617
22,23000,1668.799530637617
22,23100,1668.799530637617
22,23200,1650.595315610231
22,23300,1650.595315610231
22,23400,1650.5919351440239
22,23500,1650.5919351440239
22,23600,1650.5919351440239
22,23700,1650.5919351440239
22,23800,1650.5919351440239
22,23900,1650.5919351440239
22,24000,1650.5919351440239
22,24100,1650.5919351440239
22,24200,1650.5919351440239
22,24300,1650.5919351440239
22,24400,1650.5919351440239
22,24500,1650.5919351440239
22,24600,1650.5919351440239
22,24700,1650.5919351440239
22,24800,1650.5919351440239
22,24900,1650.5919351440239
22,25000,1650.5919351440239
22,25100,1650.5919351440239
22,25200,1650.5919351440239
22,25300,1650.5919351440239
22,25400,1650.5919351440239
22,25500,1650.5919351440239
22,25600,1650.5919351440239
22,25700,1650.5919351440239
22,25800,1650.5919351440239
22,25900,1650.5919351440239
22,26000,1650.5919351440239
22,26100,1650.5919351440239
22,26200,1650.5919351440239
22,26300,1650.5919351440239
22,26400,1650.5919351440239
22,26500,1650.5919351440239
22,26600,1650.5919351440239
22,26700,1650.5919351440239
22,26800,1650.5919351440239
22,26900,1650.5919351440239
22,27000,1650.5919351440239
22,27100,1650.5919351440239
22,27200,1650.5919351440239
22,27300,1650.5919351440239
22,27400,1650.5919351440239
22,27500,1650.5919351440239
22,27600,1650.5919351440239
22,27700,1650.5919351440239
22,27800,1650.5919351440239
22,27900,1650.5919351440239
22,28000,1650.5919351440239
22,28100,1650.5919351440239
22,28200,1650.5919351440239
22,28300,1650.5919351440239
22,28400,1650.5919351440239
22,28500,1650.5919351440239
22,28600,1650.5919351440239
22,28700,1650.5919351440239
22,28800,1650.5919351440239
22,28900,1650.5919351440239
22,29000,1650.5919351440239
22,29100,1650.5919351440239
22,29200,1650.5919351440239
22,29300,1650.5919351440239
22,29400,1650.5919351440239
22,29500,1650.5919351440239
22,29600,1650.5919351440239
22,29700,1650.5919351440239
22,29800,1650.5919351440239
22,29900,1650.5919351440239
22,30000,1650.5919351440239
22,30100,1650.5919351440239
22,30200,1650.5919351440239
22,30300,1650.5919351440239
22,30400,1650.5919351440239
22,30500,1650.5919351440239
22,30600,1650.5919351440239
22,30700,1650.5919351440239
22,30800,1650.5919351440239
22,30900,1650.5919351440239
22,31000,1650.5919351440239
22,31100,1650.5919351440239
22,31200,1650.5919351440239
22,31300,1650.5919351440239
22,31400,1650.5919351440239
22,31500,1650.5919351440239
22,31600,1650.5919351440239
22,31700,1650.5919351440239
22,31800,1650.5919351440239
22,31900,1650.5919351440239
22,32000,1650.5919351440239
22,32100,1650.5919351440239
22,32200,1650.5919351440239
22,32300,1650.5919351440239
22,32400,1650.5919351440239
22,32500,1650.5919351440239
22,32600,1650.5919351440239
22,32700,1650.5919351440239
22,32800,1650.5919351440239
22,32900,1650.5919351440239
22,33000,1650.5919351440239
22,33100,1650.5919351440239
22,33200,1650.5919351440239
22,33300,1650.5919351440239
22,33400,1650.5919351440239
22,33500,1650.5919351440239
22,33600,1650.5919351440239
22,33700,1650.5919351440239
22,33800,1650.5919351440239
22,33900,1650.5919351440239
22,34000,1650.5919351440239
22,34100,1650.5919351440239
22,34200,1650.5919351440239
22,34300,1650.5919351440239
22,34400,1650.5919351440239
22,34500,1650.5919351440239
22,34600,1650.5919351440239
22,34700,1650.5919351440239
22,34800,1650.5919351440239
22,34900,1650.5919351440239
22,35000,1650.5919351440239
22,35100,1650.5919351440239
22,35200,1650.5919351440239
22,35300,1650.5919351440239
22,35400,1650.5919351440239
22,35500,1650.5919351440239
22,35600,1650.5919351440239
22,35700,1650.5919351440239
22,35800,1650.5919351440239
22,35900,1650.5919351440239
22,36000,1650.5919351440239
22,36100,1650.5919351440239
22,36200,1650.5919351440239
22,36300,1650.5919351440239
22,36400,1650.5919351440239
22,36500,1650.5919351440239
22,36600,1650.5919351440239
22,36700,1650.5919351440239
22,36800,1650.5919351440239
22,36900,1650.5919351440239
22,37000,1650.5919351440239
22,37100,1650.5919351440239
22,37200,1650.5919351440239
22,37300,1650.5919351440239
22,37400,1650.5919351440239
22,37500,1650.5919351440239
22,37600,1650.5919351440239
22,37700,1650.5919351440239
22,37800,1650.5919351440239
22,37900,1650.5919351440239
22,38000,1650.5919351440239
22,38100,1650.5919351440239
22,38200,1650.5919351440239
22,38300,1650.5919351440239
22,38400,1650.5919351440239
22,38500,1650.5919351440239
22,38600,1650.5919351440239
22,38700,1650.5919351440239
22,38800,1650.5919351440239
22,38900,1650.5919351440239
22,39000,1650.5919351440239
22,39100,1650.5919351440239
22,39200,1650.5919351440239
22,39300,1650.5919351440239
22,39400,1650.5919351440239
22,39500,1650.5919351440239
22,39600,1650.5919351440239
22,39700,1650.5919351440239
22,39800,1650.5919351440239
22,39900,1650.5919351440239
22,40000,1650.5919351440239
22,40100,1650.5919351440239
22,40200,1650.5919351440239
22,40300,1650.5919351440239
22,40400,1650.5919351440239
22,40500,1650.5919351440239
22,40600,1650.5919351440239
22,40700,1650.5919351440239
22,40800,1650.5919351440239
22,40900,1650.5919351440239
22,41000,1650.5919351440239
22,41100,1650.5919351440239
22,41200,1650.5919351440239
22,41300,1650.5919351440239
22,41400,1650.5919351440239
22,41500,1650.5919351440239
22,41600,1650.5919351440239
22,41700,1650.5919351440239
22,41800,1650.5919351440239
22,41900,1650.5919351440239
22,42000,1650.5919351440239
22,42100,1650.5919351440239
22,42200,1650.5919351440239
22,42300,1650.5919351440239
22,42400,1650.5919351440239
22,42500,1650.5919351440239
22,42600,1650.5919351440239
22,42700,1650.5919351440239
22,42800,1650.5919351440239
22,42900,1650.5919351440239
22,43000,1650.5919351440239
22,43100,1650.5919351440239
22,43200,1650.5919351440239
22,43300,1650.5919351440239
22,43400,1650.5919351440239
22,43500,1650.5919351440239
22,43600,1650.5919351440239
22,43700,1650.5919351440239
22,43800,1650.5919351440239
22,43900,1650.5919351440239
22,44000,1650.5919351440239
22,44100,1650.5919351440239
22,44200,1650.5919351440239
22,44300,1650.5919351440239
22,44400,1650.5919351440239
22,44500,1650.5919351440239
22,44600,1650.5919351440239
22,44700,1650.5919351440239
22,44800,1650.5919351440239
22,44900,1650.5919351440239
22,45000,1650.5919351440239
22,45100,1650.5919351440239
22,45200,1650.5919351440239
22,45300,1650.5919351440239
22,45400,1650.5919351440239
22,45500,1650.5919351440239
22,45600,1650.5919351440239
22,45700,1650.5919351440239
22,45800,1650.5919351440239
22,45900,1650.5919351440239
22,46000,1650.5919351440239
22,46100,1650.5919351440239
22,46200,1650.5919351440239
22,46300,1650.5919351440239
22,46400,1650.5919351440239
22,46500,1650.5919351440239
22,46600,1650.5919351440239
22,46700,1650.5919351440239
22,46800,1650.5919351440239
22,46900,1650.5919351440239
22,47000,1650.5919351440239
22,47100,1650.5919351440239
22,47200,1650.5919351440239
22,47300,1650.5919351440239
22,47400,1650.5919351440239
22,47500,1650.5919351440239
22,47600,1650.5919351440239
22,47700,1650.5919351440239
22,47800,1650.5919351440239
22,47900,1650.5919351440239
22,48000,1650.5919351440239
22,48100,1650.5919351440239
22,48200,1650.5919351440239
22,48300,1650.5919351440239
22,48400,1650.5919351440239
22,48500,1650.5919351440239
22,48600,1650.5919351440239
22,48700,1650.5919351440239
22,48800,1650.5919351440239
22,48900,1650.5919351440239
22,49000,1650.5919351440239
22,49100,1650.5919351440239
22,49200,1650.5919351440239
22,49300,1650.5919351440239
22,49400,1650.5919351440239
22,49500,1650.5919351440239
22,49600,1650.5919351440239
22,49700,1650.5919351440239
22,49800,1650.5919351440239
22,49900,1650.5919351440239
22,50000,1650.5919351440239
23,200,2495.842944517748
23,300,2495.842944517748
23,400,2495.842944517748
23,500,2495.842944517748
23,600,2495.842944517748
23,700,2409.3187542474843
23,800,2409.3187542474843
23,900,2409.3187542474843
23,1000,2409.3187542474843
23,1100,2409.3187542474843
23,1200,2409.3187542474843
23,1300,2409.3187542474843
23,1400,2409.3187542474843
23,1500,2409.3187542474843
23,1600,2409.3187542474843
23,1700,2409.3187542474843
23,1800,2409.3187542474843
23,1900,2409.3187542474843
23,2000,2409.3187542474843
23,2100,2409.3187542474843
23,2200,2409.3187542474843
23,2300,2408.9333272836598
23,2400,2408.9333272836598
23,2500,2408.9333272836598
23,2600,2408.9333272836598
23,2700,2408.9333272836598
23,2800,2408.9333272836598
23,2900,2408.9333272836598
23,3000,2408.9333272836598
23,3100,2408.9333272836598
23,3200,2408.9333272836598
23,3300,2408.9333272836598
23,3400,2408.9333272836598
23,3500,2408.9333272836598
23,3600,2408.9333272836598
23,3700,2408.9333272836598
23,3800,2408.9333272836598
23,3900,2408.9333272836598
23,4000,2408.9333272836598
23,4100,2408.9333272836598
23,4200,2408.9333272836598
23,4300,2408.9333272836598
23,4400,2408.9333272836598
23,4500,2408.9333272836598
23,4600,2408.9333272836598
23,4700,2408.9333272836598
23,4800,2408.9333272836598
23,4900,2408.9333272836598
23,5000,2408.9333272836598
23,5100,2408.9333272836598
23,5200,2408.9333272836598
23,5300,2408.9333272836598
23,5400,2408.9333272836598
23,5500,2408.9333272836598
23,5600,2408.9333272836598
23,5700,2408.9333272836598
23,5800,2408.9333272836598
23,5900,2408.9333272836598
23,6000,2408.9333272836598
23,6100,2392.934955181876
23,6200,2392.934955181876
23,6300,2392.934955181876
23,6400,2392.934955181876
23,6500,2392.934955181876
23,6600,2392.934955181876
23,6700,2392.934955181876
23,6800,2392.934955181876
23,6900,2392.934955181876
23,7000,2392.934955181876
23,7100,2392.934955181876
23,7200,2392.934955181876
23,7300,2342.797099202699
23,7400,2272.864028964546
23,7500,2272.864028964546
23,7600,2272.864028964546
23,7700,2272.864028964546
23,7800,2272.864028964546
23,7900,2272.864028964546
23,8000,2272.864028964546
23,8100,2272.864028964546
23,8200,2272.864028964546
23,8300,2272.864028964546
23,8400,2272.864028964546
23,8500,2272.864028964546
23,8600,2272.864028964546
23,8700,2272.864028964546
23,8800,2272.864028964546
23,8900,2272.864028964546
23,9000,2272.864028964546
23,9100,2272.864028964546
23,9200,2272.864028964546
23,9300,2272.864028964546
23,9400,2272.864028964546
23,9500,2272.864028964546
23,9600,2272.864028964546
23,9700,2272.864028964546
23,9800,2272.864028964546
23,9900,2272.864028964546
23,10000,2272.864028964546
23,10100,2272.864028964546
23,10200,2272.864028964546
23,10300,2272.864028964546
23,10400,2272.864028964546
23,10500,2272.864028964546
23,10600,2272.864028964546
23,10700,2272.864028964546
23,10800,2272.864028964546
23,10900,2272.864028964546
23,11000,2272.864028964546
23,11100,2272.864028964546
23,11200,2272.864028964546
23,11300,2272.864028964546
23,11400,2272.864028964546
23,11500,2240.9359857413397
23,11600,2240.9359857413397
23,11700,2240.9359857413397
23,11800,2240.9359857413397
23,11900,2240.9359857413397
23,12000,2240.9359857413397
23,12100,2240.9359857413397
23,12200,2240.9359857413397
23,12300,2240.9359857413397
23,12400,2240.9359857413397
23,12500,2240.9359857413397
23,12600,2240.9359857413397
23,12700,2240.9359857413397
23,12800,2240.9359857413397
23,12900,2240.9359857413397
23,13000,2240.9359857413397
23,13100,2240.9359857413397
23,13200,2148.2110503424187
23,13300,2148.2110503424187
23,13400,2093.208420362402
23,13500,2093.208420362402
23,13600,2093.208420362402
23,13700,2093.208420362402
23,13800,2093.208420362402
23,13900,2093.208420362402
23,14000,2093.208420362402
23,14100,2093.208420362402
23,14200,2060.1248128403
23,14300,2060.1248128403
23,14400,2060.1248128403
23,14500,2060.1248128403
23,14600,2060.1248128403
23,14700,2060.1248128403
23,14800,2060.1248128403
23,14900,2060.1248128403
23,15000,2060.1248128403
23,15100,2060.1248128403
23,15200,2060.1248128403
23,15300,2060.1248128403
23,15400,2060.1248128403
23,15500,2060.1248128403
23,15600,2060.1248128403
23,15700,2060.1248128403
23,15800,2060.1248128403
23,15900,2060.1248128403
23,16000,2060.1248128403
23,16100,2060.1248128403
23,16200,2060.1248128403
23,16300,2060.1248128403
23,16400,2060.1248128403
23,16500,2060.1248128403
23,16600,2060.1248128403
23,16700,2060.1248128403
23,16800,2060.1248128403
23,16900,2056.0792801789325
23,17000,2056.0792801789325
23,17100,2056.0792801789325
23,17200,2056.0792801789325
23,17300,2056.0792801789325
23,17400,1976.2587469588225
23,17500,1957.2330574372704
23,17600,1957.2330574372704
23,17700,1957.2330574372704
23,17800,1933.8087307799842
23,17900,1933.8087307799842
23,18000,1933.8087307799842
23,18100,1933.8087307799842
23,18200,1927.7359428545128
23,18300,1927.7359428545128
23,18400,1927.7359428545128
23,18500,1927.7359428545128
23,18600,1894.9495374631792
23,18700,1894.9495374631792
23,18800,1894.9495374631792
23,18900,1894.9495374631792
23,19000,1894.9495374631792
23,19100,1894.9495374631792
23,19200,1888.1058833084962
23,19300,1888.1058833084962
23,19400,1888.1058833084962
23,19500,1888.1058833084962
23,19600,1888.1058833084962
23,19700,1888.1058833084962
23,19800,1888.1058833084962
23,19900,1888.1058833084962
23,20000,1888.1058833084962
23,20100,1888.1058833084962
23,20200,1888.1058833084962
23,20300,1885.9928643773706
23,20400,1885.9928643773706
23,20500,1885.9928643773706
23,20600,1885.9928643773706
23,20700,1885.9928643773706
23,20800,1885.9928643773706
23,20900,1836.3806265074245
23,21000,1836.3806265074245
23,21100,1836.3806265074245
23,21200,1836.3806265074245
23,21300,1836.3806265074245
23,21400,1836.3806265074245
23,21500,1836.3806265074245
23,21600,1836.3806265074245
23,21700,1836.3806265074245
23,21800,1836.3806265074245
23,21900,1836.3806265074245
23,22000,1836.3806265074245
23,22100,1836.3806265074245
23,22200,1836.3806265074245
23,22300,1836.3806265074245
23,22400,1836.3806265074245
23,22500,1836.3806265074245
23,22600,1836.3806265074245
23,22700,1836.3806265074245
23,22800,1836.3806265074245
23,22900,1836.3806265074245
23,23000,1836.3806265074245
23,23100,1836.3806265074245
23,23200,1836.3806265074245
23,23300,1836.3806265074245
23,23400,1836.3806265074245
23,23500,1827.3631981303793
23,23600,1827.3631981303793
23,23700,1826.1613171766544
23,23800,1806.8892976002471
23,23900,1806.8892976002471
23,24000,1800.996318592393
23,24100,1800.996318592393
23,24200,1800.996318592393
23,24300,1800.996318592393
23,24400,1794.491801316116
23,24500,1794.491801316116
23,24600,1788.9383179504543
23,24700,1778.4306156310372
23,24800,1778.4306156310372
23,24900,1778.4306156310372
23,25000,1778.4306156310372
23,25100,1778.4306156310372
23,25200,1778.4306156310372
23,25300,1778.4306156310372
23,25400,1778.4306156310372
23,25500,1778.4306156310372
23,25600,1778.4306156310372
23,25700,1778.4306156310372
23,25800,1778.4306156310372
23,25900,1778.4306156310372
23,26000,1778.4306156310372
23,26100,1778.4306156310372
23,26200,1778.4306156310372
23,26300,1778.4306156310372
23,26400,1778.4306156310372
23,26500,1778.4306156310372
23,26600,1778.4306156310372
23,26700,1778.4306156310372
23,26800,1778.4306156310372
23,26900,1778.4306156310372
23,27000,1778.4306156310372
23,27100,1778.4306156310372
23,27200,1778.4306156310372
23,27300,1778.4306156310372
23,27400,1778.4306156310372
23,27500,1778.4306156310372
23,27600,1778.4306156310372
23,27700,1778.4306156310372
23,27800,1778.4306156310372
23,27900,1778.4306156310372
23,28000,1778.4306156310372
23,28100,1778.4306156310372
23,28200,1778.4306156310372
23,28300,1778.4306156310372
23,28400,1778.4306156310372
23,28500,1778.4306156310372
23,28600,1778.4306156310372
23,28700,1778.4306156310372
23,28800,1778.4306156310372
23,28900,1778.4306156310372
23,29000,1778.4306156310372
23,29100,1778.4306156310372
23,29200,1778.4306156310372
23,29300,1778.4306156310372
23,29400,1778.4306156310372
23,29500,1778.4306156310372
23,29600,1778.4306156310372
23,29700,1778.4306156310372
23,29800,1778.4306156310372
23,29900,1778.4306156310372
23,30000,1778.4306156310372
23,30100,1778.4306156310372
23,30200,1778.4306156310372
23,30300,1778.4306156310372
23,30400,1778.4306156310372
23,30500,1778.4306156310372
23,30600,1778.4306156310372
23,30700,1778.4306156310372
23,30800,1762.320808861447
23,30900,1762.320808861447
23,31000,1762.320808861447
23,31100,1762.320808861447
23,31200,1762.320808861447
23,31300,1762.320808861447
23,31400,1762.320808861447
23,31500,1762.320808861447
23,31600,1762.320808861447
23,31700,1762.320808861447
23,31800,1762.320808861447
23,31900,1762.320808861447
23,32000,1747.740567305903
23,32100,1747.740567305903
23,32200,1747.740567305903
23,32300,1747.740567305903
23,32400,1747.740567305903
23,32500,1747.740567305903
23,32600,1747.740567305903
23,32700,1747.740567305903
23,32800,1747.740567305903
23,32900,1747.740567305903
23,33000,1747.740567305903
23,33100,1747.740567305903
23,33200,1747.740567305903
23,33300,1747.740567305903
23,33400,1747.740567305903
23,33500,1747.740567305903
23,33600,1747.740567305903
23,33700,1747.740567305903
23,33800,1747.740567305903
23,33900,1747.740567305903
23,34000,1747.740567305903
23,34100,1747.740567305903
23,34200,1747.740567305903
23,34300,1747.740567305903
23,34400,1747.740567305903
23,34500,1747.740567305903
23,34600,1747.740567305903
23,34700,1747.740567305903
23,34800,1747.740567305903
23,34900,1747.740567305903
23,35000,1747.740567305903
23,35100,1747.740567305903
23,35200,1747.740567305903
23,35300,1747.740567305903
23,35400,1747.740567305903
23,35500,1747.740567305903
23,35600,1747.740567305903
23,35700,1747.740567305903
23,35800,1747.740567305903
23,35900,1747.740567305903
23,36000,1747.740567305903
23,36100,1747.740567305903
23,36200,1747.740567305903
23,36300,1747.740567305903
23,36400,1747.740567305903
23,36500,1747.740567305903
23,36600,1747.740567305903
23,36700,1747.740567305903
23,36800,1747.740567305903
23,36900,1747.740567305903
23,37000,1747.740567305903
23,37100,1747.740567305903
23,37200,1747.740567305903
23,37300,1747.740567305903
23,37400,1747.740567305903
23,37500,1747.740567305903
23,37600,1747.740567305903
23,37700,1747.740567305903
23,37800,1747.740567305903
23,37900,1747.740567305903
23,38000,1747.740567305903
23,38100,1747.740567305903
23,38200,1747.740567305903
23,38300,1747.740567305903
23,38400,1747.740567305903
23,38500,1747.740567305903
23,38600,1747.740567305903
23,38700,1747.740567305903
23,38800,1747.740567305903
23,38900,1747.740567305903
23,39000,1747.740567305903
23,39100,1747.740567305903
23,39200,1747.740567305903
23,39300,1747.740567305903
23,39400,1747.740567305903
23,39500,1747.740567305903
23,39600,1747.740567305903
23,39700,1747.740567305903
23,39800,1747.740567305903
23,39900,1747.740567305903
23,40000,1747.740567305903
23,40100,1747.740567305903
23,40200,1747.740567305903
23,40300,1747.740567305903
23,40400,1747.740567305903
23,40500,1747.740567305903
23,40600,1747.740567305903
23,40700,1747.740567305903
23,40800,1747.740567305903
23,40900,1747.740567305903
23,41000,1747.740567305903
23,41100,1747.740567305903
23,41200,1747.740567305903
23,41300,1747.740567305903
23,41400,1747.740567305903
23,41500,1747.740567305903
23,41600,1747.740567305903
23,41700,1747.740567305903
23,41800,1747.740567305903
23,41900,1747.740567305903
23,42000,1747.740567305903
23,42100,1747.740567305903
23,42200,1747.740567305903
23,42300,1747.740567305903
23,42400,1747.740567305903
23,42500,1747.740567305903
23,42600,1747.740567305903
23,42700,1747.740567305903
23,42800,1747.740567305903
23,42900,1747.740567305903
23,43000,1747.740567305903
23,43100,1747.740567305903
23,43200,1747.740567305903
23,43300,1747.740567305903
23,43400,1747.740567305903
23,43500,1747.740567305903
23,43600,1747.740567305903
23,43700,1747.740567305903
23,43800,1747.740567305903
23,43900,1747.740567305903
23,44000,1747.740567305903
23,44100,1747.740567305903
23,44200,1747.740567305903
23,44300,1747.740567305903
23,44400,1747.740567305903
23,44500,1747.740567305903
23,44600,1747.740567305903
23,44700,1747.740567305903
23,44800,1747.740567305903
23,44900,1747.740567305903
23,45000,1747.740567305903
23,45100,1747.740567305903
23,45200,1747.740567305903
23,45300,1747.740567305903
23,45400,1747.740567305903
23,45500,1747.740567305903
23,45600,1747.740567305903
23,45700,1747.740567305903
23,45800,1747.740567305903
23,45900,1747.740567305903
23,46000,1747.740567305903
23,46100,1747.740567305903
23,46200,1747.740567305903
23,46300,1747.740567305903
23,46400,1747.740567305903
23,46500,1747.740567305903
23,46600,1747.740567305903
23,46700,1747.740567305903
23,46800,1747.740567305903
23,46900,1747.740567305903
23,47000,1747.740567305903
23,47100,1747.740567305903
23,47200,1747.740567305903
23,47300,1747.740567305903
23,47400,1747.740567305903
23,47500,1747.740567305903
23,47600,1747.740567305903
23,47700,1747.740567305903
23,47800,1747.740567305903
23,47900,1747.740567305903
23,48000,1747.740567305903
23,48100,1747.740567305903
23,48200,1747.740567305903
23,48300,1747.740567305903
23,48400,1747.740567305903
23,48500,1747.740567305903
23,48600,1747.740567305903
23,48700,1747.740567305903
23,48800,1747.740567305903
23,48900,1747.740567305903
23,49000,1747.740567305903
23,49100,1747.740567305903
23,49200,1747.740567305903
23,49300,1747.740567305903
23,49400,1747.740567305903
23,49500,1747.740567305903
23,49600,1747.740567305903
23,49700,1747.740567305903
23,49800,1747.740567305903
23,49900,1747.740567305903
23,50000,1747.740567305903
24,200,2531.1652014274364
24,300,2506.235802214344
24,400,2506.235802214344
24,500,2506.235802214344
24,600,2506.235802214344
24,700,2506.235802214344
24,800,2506.235802214344
24,900,2506.235802214344
24,1000,2506.235802214344
24,1100,2506.235802214344
24,1200,2506.235802214344
24,1300,2500.8008824795297
24,1400,2433.7789079637623
24,1500,2433.7789079637623
24,1600,2433.7789079637623
24,1700,2433.7789079637623
24,1800,2429.484257606258
24,1900,2429.484257606258
24,2000,2429.484257606258
24,2100,2428.291434790712
24,2200,2428.291434790712
24,2300,2428.291434790712
24,2400,2419.90379897958
24,2500,2419.90379897958
24,2600,2419.90379897958
24,2700,2419.90379897958
24,2800,2419.90379897958
24,2900,2419.90379897958
24,3000,2395.940742294468
24,3100,2395.940742294468
24,3200,2395.940742294468
24,3300,2395.940742294468
24,3400,2395.940742294468
24,3500,2395.940742294468
24,3600,2395.940742294468
24,3700,2395.940742294468
24,3800,2395.940742294468
24,3900,2395.4423260674216
24,4000,2395.4423260674216
24,4100,2395.4423260674216
24,4200,2395.4423260674216
24,4300,2395.4423260674216
24,4400,2395.4423260674216
24,4500,2395.4423260674216
24,4600,2395.4423260674216
24,4700,2395.4423260674216
24,4800,2392.3327461312674
24,4900,2392.3327461312674
24,5000,2392.3327461312674
24,5100,2392.3327461312674
24,5200,2391.187764695295
24,5300,2256.3023952566978
24,5400,2256.3023952566978
24,5500,2256.3023952566978
24,5600,2256.3023952566978
24,5700,2256.3023952566978
24,5800,2256.3023952566978
24,5900,2256.3023952566978
24,6000,2256.3023952566978
24,6100,2256.3023952566978
24,6200,2256.3023952566978
24,6300,2256.3023952566978
24,6400,2256.3023952566978
24,6500,2256.3023952566978
24,6600,2256.3023952566978
24,6700,2256.3023952566978
24,6800,2256.3023952566978
24,6900,2256.3023952566978
24,7000,2256.3023952566978
24,7100,2256.3023952566978
24,7200,2256.3023952566978
24,7300,2256.3023952566978
24,7400,2256.3023952566978
24,7500,2256.3023952566978
24,7600,2256.3023952566978
24,7700,2256.3023952566978
24,7800,2256.3023952566978
24,7900,2249.6243193518117
24,8000,2249.6243193518117
24,8100,2249.6243193518117
24,8200,2249.6243193518117
24,8300,2153.0317946535447
24,8400,2153.0317946535447
24,8500,2153.0317946535447
24,8600,2153.0317946535447
24,8700,2153.0317946535447
24,8800,2153.0317946535447
24,8900,2153.0317946535447
24,9000,2153.0317946535447
24,9100,2153.0317946535447
24,9200,2153.0317946535447
24,9300,2153.0317946535447
24,9400,2153.0317946535447
24,9500,2153.0317946535447
24,9600,2153.0317946535447
24,9700,2153.0317946535447
24,9800,2153.0317946535447
24,9900,2153.0317946535447
24,10000,2153.0317946535447
24,10100,2153.0317946535447
24,10200,2153.0317946535447
24,10300,2153.0317946535447
24,10400,2153.0317946535447
24,10500,2153.0317946535447
24,10600,2098.00315180457
24,10700,2098.00315180457
24,10800,2098.00315180457
24,10900,2098.00315180457
24,11000,2098.00315180457
24,11100,2098.00315180457
24,11200,2098.00315180457
24,11300,2098.00315180457
24,11400,2098.00315180457
24,11500,2098.00315180457
24,11600,2098.00315180457
24,11700,2098.00315180457
24,11800,2098.00315180457
24,11900,2098.00315180457
24,12000,2076.217297643793
24,12100,2076.217297643793
24,12200,2076.217297643793
24,12300,2076.217297643793
24,12400,2076.217297643793
24,12500,2076.217297643793
24,12600,2076.217297643793
24,12700,2076.217297643793
24,12800,2072.9348471522717
24,12900,2072.9348471522717
24,13000,2072.9348471522717
24,13100,2072.9348471522717
24,13200,2072.9348471522717
24,13300,2072.9348471522717
24,13400,2072.9348471522717
24,13500,2072.9348471522717
24,13600,2072.9348471522717
24,13700,2072.9348471522717
24,13800,2053.6601766884105
24,13900,2053.6601766884105
24,14000,2053.6601766884105
24,14100,2053.6601766884105
24,14200,2053.6601766884105
24,14300,2053.6601766884105
24,14400,2053.6601766884105
24,14500,2053.6601766884105
24,14600,2053.6601766884105
24,14700,2053.6601766884105
24,14800,2053.6601766884105
24,14900,2053.6601766884105
24,15000,2053.6601766884105
24,15100,2053.6601766884105
24,15200,2053.6601766884105
24,15300,2053.6601766884105
24,15400,2053.6601766884105
24,15500,2053.6601766884105
24,15600,2053.6601766884105
24,15700,2053.6601766884105
24,15800,2053.6601766884105
24,15900,2053.6601766884105
24,16000,2039.5308403033896
24,16100,2039.5308403033896
24,16200,2033.575761338561
24,16300,2033.575761338561
24,16400,2033.575761338561
24,16500,2011.7266413222962
24,16600,2011.7266413222962
24,16700,2011.7266413222962
24,16800,2011.7266413222962
24,16900,2011.7266413222962
24,17000,2011.7266413222962
24,17100,2011.7266413222962
24,17200,2011.7266413222962
24,17300,2004.063241417179
24,17400,2004.063241417179
24,17500,2004.063241417179
24,17600,2004.063241417179
24,17700,2004.063241417179
24,17800,2004.063241417179
24,17900,2004.063241417179
24,18000,2000.3182475238427
24,18100,1953.9599012622216
24,18200,1953.9599012622216
24,18300,1913.5512886891272
24,18400,1913.5512886891272
24,18500,1913.5512886891272
24,18600,1913.5512886891272
24,18700,1913.5512886891272
24,18800,1913.5512886891272
24,18900,1913.5512886891272
24,19000,1913.5512886891272
24,19100,1913.5512886891272
24,19200,1913.5512886891272
24,19300,1913.5512886891272
24,19400,1913.5512886891272
24,19500,1913.5512886891272
24,19600,1913.5512886891272
24,19700,1913.5512886891272
24,19800,1905.8878887840099
24,19900,1878.076414280523
24,20000,1875.0500789867249
24,20100,1875.0500789867249
24,20200,1865.7596866295992
24,20300,1865.7596866295992
24,20400,1865.7596866295992
24,20500,1851.2467731966533
24,20600,1851.2467731966533
24,20700,1851.2467731966533
24,20800,1851.2467731966533
24,20900,1846.7321232332013
24,21000,1846.7321232332013
24,21100,1846.7321232332013
24,21200,1846.7321232332013
24,21300,1846.7321232332013
24,21400,1845.4101156329618
24,21500,1845.4101156329618
24,21600,1842.6429809539611
24,21700,1822.7252360427321
24,21800,1822.7252360427321
24,21900,1822.7252360427321
24,22000,1822.7252360427321
24,22100,1822.7252360427321
24,22200,1806.4155303513983
24,22300,1806.4155303513983
24,22400,1806.4155303513983
24,22500,1806.4155303513983
24,22600,1744.17714963955
24,22700,1738.6176161932262
24,22800,1738.6176161932262
24,22900,1733.2902988884302
24,23000,1733.2902988884302
24,23100,1733.2902988884302
24,23200,1733.2902988884302
24,23300,1733.2902988884302
24,23400,1702.4446234869997
24,23500,1702.4446234869997
24,23600,1702.4446234869997
24,23700,1668.9785376996551
24,23800,1668.9785376996551
24,23900,1668.9785376996551
24,24000,1668.9785376996551
24,24100,1668.9785376996551
24,24200,1668.9785376996551
24,24300,1636.27253795245
24,24400,1636.27253795245
24,24500,1636.27253795245
24,24600,1636.27253795245
24,24700,1636.27253795245
24,24800,1636.27253795245
24,24900,1636.27253795245
24,25000,1636.27253795245
24,25100,1636.27253795245
24,25200,1636.27253795245
24,25300,1636.27253795245
24,25400,1636.27253795245
24,25500,1636.27253795245
24,25600,1636.27253795245
24,25700,1636.27253795245
24,25800,1636.27253795245
24,25900,1631.856050113502
24,26000,1621.6280577799766
24,26100,1621.6280577799766
24,26200,1621.6280577799766
24,26300,1621.6280577799766
24,26400,1621.6280577799766
24,26500,1621.6280577799766
24,26600,1621.6280577799766
24,26700,1621.6280577799766
24,26800,1621.6280577799766
24,26900,1621.6280577799766
24,27000,1621.6280577799766
24,27100,1621.6280577799766
24,27200,1621.6280577799766
24,27300,1621.6280577799766
24,27400,1621.6280577799766
24,27500,1621.6280577799766
24,27600,1621.6280577799766
24,27700,1621.6280577799766
24,27800,1621.6280577799766
24,27900,1621.6280577799766
24,28000,1621.6280577799766
24,28100,1621.6280577799766
24,28200,1621.6280577799766
24,28300,1621.6280577799766
24,28400,1621.6280577799766
24,28500,1621.6280577799766
24,28600,1621.6280577799766
24,28700,1621.6280577799766
24,28800,1621.6280577799766
24,28900,1621.6280577799766
24,29000,1621.6280577799766
24,29100,1621.6280577799766
24,29200,1621.6280577799766
24,29300,1621.6280577799766
24,29400,1621.6280577799766
24,29500,1621.6280577799766
24,29600,1621.6280577799766
24,29700,1621.6280577799766
24,29800,1621.6280577799766
24,29900,1621.6280577799766
24,30000,1621.6280577799766
24,30100,1621.6280577799766
24,30200,1621.6280577799766
24,30300,1621.6280577799766
24,30400,1621.6280577799766
24,30500,1621.6280577799766
24,30600,1621.6280577799766
24,30700,1621.6280577799766
24,30800,1621.6280577799766
24,30900,1621.6280577799766
24,31000,1621.6280577799766
24,31100,1621.6280577799766
24,31200,1621.6280577799766
24,31300,1621.6280577799766
24,31400,1621.6280577799766
24,31500,1621.6280577799766
24,31600,1621.6280577799766
24,31700,1621.6280577799766
24,31800,1621.6280577799766
24,31900,1621.6280577799766
24,32000,1621.6280577799766
24,32100,1621.6280577799766
24,32200,1621.6280577799766
24,32300,1621.6280577799766
24,32400,1621.6280577799766
24,32500,1621.6280577799766
24,32600,1621.6280577799766
24,32700,1621.6280577799766
24,32800,1621.6280577799766
24,32900,1621.6280577799766
24,33000,1621.6280577799766
24,33100,1621.6280577799766
24,33200,1621.6280577799766
24,33300,1621.6280577799766
24,33400,1621.6280577799766
24,33500,1621.6280577799766
24,33600,1621.6280577799766
24,33700,1621.6280577799766
24,33800,1621.6280577799766
24,33900,1621.6280577799766
24,34000,1621.6280577799766
24,34100,1621.6280577799766
24,34200,1621.6280577799766
24,34300,1621.6280577799766
24,34400,1621.6280577799766
24,34500,1621.6280577799766
24,34600,1621.6280577799766
24,34700,1621.6280577799766
24,34800,1621.6280577799766
24,34900,1621.6280577799766
24,35000,1621.6280577799766
24,35100,1621.6280577799766
24,35200,1621.6280577799766
24,35300,1621.6280577799766
24,35400,1621.6280577799766
24,35500,1621.6280577799766
24,35600,1621.6280577799766
24,35700,1621.6280577799766
24,35800,1621.6280577799766
24,35900,1621.6280577799766
24,36000,1621.6280577799766
24,36100,1621.6280577799766
24,36200,1621.6280577799766
24,36300,1621.6280577799766
24,36400,1621.6280577799766
24,36500,1621.6280577799766
24,36600,1621.6280577799766
24,36700,1621.6280577799766
24,36800,1621.6280577799766
24,36900,1621.6280577799766
24,37000,1621.6280577799766
24,37100,1621.6280577799766
24,37200,1621.6280577799766
24,37300,1621.6280577799766
24,37400,1621.6280577799766
24,37500,1621.6280577799766
24,37600,1621.6280577799766
24,37700,1621.6280577799766
24,37800,1621.6280577799766
24,37900,1621.6280577799766
24,38000,1621.6280577799766
24,38100,1621.6280577799766
24,38200,1621.6280577799766
24,38300,1621.6280577799766
24,38400,1621.6280577799766
24,38500,1621.6280577799766
24,38600,1621.6280577799766
24,38700,1621.6280577799766
24,38800,1621.6280577799766
24,38900,1621.6280577799766
24,39000,1621.6280577799766
24,39100,1621.6280577799766
24,39200,1621.6280577799766
24,39300,1621.6280577799766
24,39400,1621.6280577799766
24,39500,1621.6280577799766
24,39600,1621.6280577799766
24,39700,1621.6280577799766
24,39800,1621.6280577799766
24,39900,1621.6280577799766
24,40000,1621.6280577799766
24,40100,1621.6280577799766
24,40200,1621.6280577799766
24,40300,1621.6280577799766
24,40400,1621.6280577799766
24,40500,1621.6280577799766
24,40600,1621.6280577799766
24,40700,1621.6280577799766
24,40800,1621.6280577799766
24,40900,1621.6280577799766
24,41000,1621.6280577799766
24,41100,1621.6280577799766
24,41200,1621.6280577799766
24,41300,1621.6280577799766
24,41400,1621.6280577799766
24,41500,1621.6280577799766
24,41600,1621.6280577799766
24,41700,1621.6280577799766
24,41800,1621.6280577799766
24,41900,1621.6280577799766
24,42000,1621.6280577799766
24,42100,1621.6280577799766
24,42200,1621.6280577799766
24,42300,1621.6280577799766
24,42400,1621.6280577799766
24,42500,1621.6280577799766
24,42600,1621.6280577799766
24,42700,1621.6280577799766
24,42800,1621.6280577799766
24,42900,1621.6280577799766
24,43000,1621.6280577799766
24,43100,1621.6280577799766
24,43200,1621.6280577799766
24,43300,1621.6280577799766
24,43400,1621.6280577799766
24,43500,1621.6280577799766
24,43600,1621.6280577799766
24,43700,1621.6280577799766
24,43800,1621.6280577799766
24,43900,1621.6280577799766
24,44000,1621.6280577799766
24,44100,1621.6280577799766
24,44200,1621.6280577799766
24,44300,1621.6280577799766
24,44400,1621.6280577799766
24,44500,1621.6280577799766
24,44600,1621.6280577799766
24,44700,1621.6280577799766
24,44800,1621.6280577799766
24,44900,1621.6280577799766
24,45000,1621.6280577799766
24,45100,1621.6280577799766
24,45200,1621.6280577799766
24,45300,1621.6280577799766
24,45400,1621.6280577799766
24,45500,1621.6280577799766
24,45600,1621.6280577799766
24,45700,1621.6280577799766
24,45800,1621.6280577799766
24,45900,1621.6280577799766
24,46000,1621.6280577799766
24,46100,1621.6280577799766
24,46200,1621.6280577799766
24,46300,1621.6280577799766
24,46400,1621.6280577799766
24,46500,1621.6280577799766
24,46600,1621.6280577799766
24,46700,1621.6280577799766
24,46800,1621.6280577799766
24,46900,1621.6280577799766
24,47000,1621.6280577799766
24,47100,1621.6280577799766
24,47200,1621.6280577799766
24,47300,1621.6280577799766
24,47400,1621.6280577799766
24,47500,1621.6280577799766
24,47600,1621.6280577799766
24,47700,1621.6280577799766
24,47800,1621.6280577799766
24,47900,1621.6280577799766
24,48000,1621.6280577799766
24,48100,1621.6280577799766
24,48200,1621.6280577799766
24,48300,1621.6280577799766
24,48400,1621.6280577799766
24,48500,1621.6280577799766
24,48600,1621.6280577799766
24,48700,1621.6280577799766
24,48800,1621.6280577799766
24,48900,1621.6280577799766
24,49000,1621.6280577799766
24,49100,1621.6280577799766
24,49200,1621.6280577799766
24,49300,1621.6280577799766
24,49400,1621.6280577799766
24,49500,1621.6280577799766
24,49600,1621.6280577799766
24,49700,1621.6280577799766
24,49800,1621.6280577799766
24,49900,1621.6280577799766
24,50000,1621.6280577799766
25,200,2543.708745216971
25,300,2543.708745216971
25,400,2543.708745216971
25,500,2543.708745216971
25,600,2543.708745216971
25,700,2543.708745216971
25,800,2518.971691230021
25,900,2518.971691230021
25,1000,2518.971691230021
25,1100,2518.971691230021
25,1200,2518.971691230021
25,1300,2518.971691230021
25,1400,2518.971691230021
25,1500,2518.971691230021
25,1600,2518.971691230021
25,1700,2474.537164204378
25,1800,2342.97583347977
25,1900,2342.97583347977
25,2000,2342.97583347977
25,2100,2342.97583347977
25,2200,2342.97583347977
25,2300,2342.97583347977
25,2400,2342.97583347977
25,2500,2342.97583347977
25,2600,2342.97583347977
25,2700,2342.97583347977
25,2800,2342.97583347977
25,2900,2342.97583347977
25,3000,2342.97583347977
25,3100,2342.97583347977
25,3200,2342.97583347977
25,3300,2342.97583347977
25,3400,2342.97583347977
25,3500,2342.97583347977
25,3600,2342.97583347977
25,3700,2342.97583347977
25,3800,2342.97583347977
25,3900,2342.97583347977
25,4000,2342.97583347977
25,4100,2342.97583347977
25,4200,2342.97583347977
25,4300,2342.97583347977
25,4400,2342.97583347977
25,4500,2342.97583347977
25,4600,2342.97583347977
25,4700,2342.97583347977
25,4800,2342.97583347977
25,4900,2342.97583347977
25,5000,2342.97583347977
25,5100,2342.97583347977
25,5200,2342.97583347977
25,5300,2342.97583347977
25,5400,2342.97583347977
25,5500,2342.97583347977
25,5600,2342.97583347977
25,5700,2342.97583347977
25,5800,2342.97583347977
25,5900,2342.97583347977
25,6000,2342.97583347977
25,6100,2342.97583347977
25,6200,2342.97583347977
25,6300,2342.97583347977
25,6400,2342.97583347977
25,6500,2342.97583347977
25,6600,2252.1916009260726
25,6700,2252.1916009260726
25,6800,2252.1916009260726
25,6900,2252.1916009260726
25,7000,2252.1916009260726
25,7100,2252.1916009260726
25,7200,2252.1916009260726
25,7300,2252.1916009260726
25,7400,2252.1916009260726
25,7500,2252.1916009260726
25,7600,2252.1916009260726
25,7700,2252.1916009260726
25,7800,2252.1916009260726
25,7900,2252.1916009260726
25,8000,2252.1916009260726
25,8100,2252.1916009260726
25,8200,2252.1916009260726
25,8300,2252.1916009260726
25,8400,2252.1916009260726
25,8500,2252.1916009260726
25,8600,2252.1916009260726
25,8700,2252.1916009260726
25,8800,2252.1916009260726
25,8900,2252.1916009260726
25,9000,2252.1916009260726
25,9100,2252.1916009260726
25,9200,2252.1916009260726
25,9300,2252.1916009260726
25,9400,2252.1916009260726
25,9500,2252.1916009260726
25,9600,2252.1916009260726
25,9700,2240.558865908103
25,9800,2240.558865908103
25,9900,2240.558865908103
25,10000,2240.558865908103
25,10100,2240.558865908103
25,10200,2240.558865908103
25,10300,2240.558865908103
25,10400,2240.558865908103
25,10500,2240.558865908103
25,10600,2240.558865908103
25,10700,2240.558865908103
25,10800,2240.558865908103
25,10900,2240.558865908103
25,11000,2240.558865908103
25,11100,2240.558865908103
25,11200,2240.558865908103
25,11300,2240.558865908103
25,11400,2240.558865908103
25,11500,2240.558865908103
25,11600,2240.558865908103
25,11700,2240.558865908103
25,11800,2240.558865908103
25,11900,2226.6552825383424
25,12000,2226.6552825383424
25,12100,2226.6552825383424
25,12200,2226.6552825383424
25,12300,2226.6552825383424
25,12400,2214.595421286218
25,12500,2214.595421286218
25,12600,2199.64955834281
25,12700,2199.64955834281
25,12800,2199.64955834281
25,12900,2199.64955834281
25,13000,2199.64955834281
25,13100,2199.64955834281
25,13200,2199.64955834281
25,13300,2199.64955834281
25,13400,2199.64955834281
25,13500,2199.64955834281
25,13600,2199.64955834281
25,13700,2199.64955834281
25,13800,2199.64955834281
25,13900,2199.64955834281
25,14000,2199.64955834281
25,14100,2199.64955834281
25,14200,2199.64955834281
25,14300,2199.64955834281
25,14400,2199.64955834281
25,14500,2199.64955834281
25,14600,2199.64955834281
25,14700,2199.64955834281
25,14800,2199.64955834281
25,14900,2199.64955834281
25,15000,2199.64955834281
25,15100,2199.64955834281
25,15200,2199.64955834281
25,15300,2199.64955834281
25,15400,2199.64955834281
25,15500,2199.64955834281
25,15600,2199.64955834281
25,15700,2199.64955834281
25,15800,2199.64955834281
25,15900,2199.64955834281
25,16000,2199.64955834281
25,16100,2199.64955834281
25,16200,2199.64955834281
25,16300,2121.9164040882524
25,16400,2121.9164040882524
25,16500,2121.9164040882524
25,16600,2121.9164040882524
25,16700,2121.9164040882524
25,16800,2121.9164040882524
25,16900,2121.9164040882524
25,17000,2121.9164040882524
25,17100,2117.9832113396565
25,17200,2117.9832113396565
25,17300,2117.9832113396565
25,17400,2117.9832113396565
25,17500,2117.9832113396565
25,17600,2117.9832113396565
25,17700,2117.9832113396565
25,17800,2117.9832113396565
25,17900,2117.9832113396565
25,18000,2117.9832113396565
25,18100,2117.9832113396565
25,18200,2117.9832113396565
25,18300,2117.9832113396565
25,18400,2117.9832113396565
25,18500,2117.9832113396565
25,18600,2117.9832113396565
25,18700,2117.9832113396565
25,18800,2117.9832113396565
25,18900,2117.9832113396565
25,19000,2117.9832113396565
25,19100,2117.9832113396565
25,19200,2117.9832113396565
25,19300,2117.9832113396565
25,19400,2117.9832113396565
25,19500,2107.3742930207572
25,19600,2107.3742930207572
25,19700,2107.3742930207572
25,19800,2107.3742930207572
25,19900,2107.3742930207572
25,20000,2107.3742930207572
25,20100,2107.3742930207572
25,20200,2104.7801775436233
25,20300,2104.7801775436233
25,20400,2104.7801775436233
25,20500,2075.318014716393
25,20600,2075.318014716393
25,20700,2075.318014716393
25,20800,2075.318014716393
25,20900,2075.318014716393
25,21000,2075.318014716393
25,21100,2075.318014716393
25,21200,2075.318014716393
25,21300,2075.318014716393
25,21400,2075.318014716393
25,21500,2075.318014716393
25,21600,2075.318014716393
25,21700,2075.318014716393
25,21800,2075.318014716393
25,21900,2075.318014716393
25,22000,2075.318014716393
25,22100,2075.318014716393
25,22200,2075.318014716393
25,22300,2075.318014716393
25,22400,2075.318014716393
25,22500,2075.318014716393
25,22600,2075.318014716393
25,22700,2075.318014716393
25,22800,2075.318014716393
25,22900,2075.318014716393
25,23000,2075.318014716393
25,23100,2075.318014716393
25,23200,2075.318014716393
25,23300,2075.318014716393
25,23400,2075.318014716393
25,23500,2075.318014716393
25,23600,2075.318014716393
25,23700,2075.318014716393
25,23800,2075.318014716393
25,23900,2075.318014716393
25,24000,2075.318014716393
25,24100,2075.318014716393
25,24200,2075.318014716393
25,24300,2075.318014716393
25,24400,2075.318014716393
25,24500,2075.318014716393
25,24600,2075.318014716393
25,24700,2075.318014716393
25,24800,2075.318014716393
25,24900,2075.318014716393
25,25000,2075.318014716393
25,25100,1994.4331210007324
25,25200,1994.4331210007324
25,25300,1994.4331210007324
25,25400,1994.4331210007324
25,25500,1994.4331210007324
25,25600,1994.4331210007324
25,25700,1969.5242229023945
25,25800,1969.5242229023945
25,25900,1969.5242229023945
25,26000,1969.5242229023945
25,26100,1942.4021120841203
25,26200,1930.0254553294108
25,26300,1928.789449620346
25,26400,1925.812609405338
25,26500,1925.812609405338
25,26600,1925.812609405338
25,26700,1921.1127011354872
25,26800,1921.1127011354872
25,26900,1921.1127011354872
25,27000,1921.1127011354872
25,27100,1921.1127011354872
25,27200,1921.1127011354872
25,27300,1921.1127011354872
25,27400,1921.1127011354872
25,27500,1921.1127011354872
25,27600,1921.1127011354872
25,27700,1921.1127011354872
25,27800,1921.1127011354872
25,27900,1921.1127011354872
25,28000,1921.1127011354872
25,28100,1921.1127011354872
25,28200,1921.1127011354872
25,28300,1921.1127011354872
25,28400,1921.1127011354872
25,28500,1921.1127011354872
25,28600,1895.7785746428292
25,28700,1895.7785746428292
25,28800,1895.7785746428292
25,28900,1895.7785746428292
25,29000,1895.7785746428292
25,29100,1895.7785746428292
25,29200,1895.7785746428292
25,29300,1895.7785746428292
25,29400,1895.7785746428292
25,29500,1895.7785746428292
25,29600,1895.7785746428292
25,29700,1895.7785746428292
25,29800,1895.7785746428292
25,29900,1895.7785746428292
25,30000,1895.7785746428292
25,30100,1895.7785746428292
25,30200,1895.7785746428292
25,30300,1895.7785746428292
25,30400,1895.7785746428292
25,30500,1894.5412088166852
25,30600,1894.5412088166852
25,30700,1894.5412088166852
25,30800,1894.5412088166852
25,30900,1894.5412088166852
25,31000,1894.5412088166852
25,31100,1894.5412088166852
25,31200,1894.5412088166852
25,31300,1894.5412088166852
25,31400,1894.5412088166852
25,31500,1894.5412088166852
25,31600,1894.5412088166852
25,31700,1894.5412088166852
25,31800,1894.5412088166852
25,31900,1894.5412088166852
25,32000,1894.5412088166852
25,32100,1894.5412088166852
25,32200,1894.5412088166852
25,32300,1894.5412088166852
25,32400,1894.5412088166852
25,32500,1894.5412088166852
25,32600,1894.5412088166852
25,32700,1894.5412088166852
25,32800,1894.5412088166852
25,32900,1894.5412088166852
25,33000,1894.5412088166852
25,33100,1894.5412088166852
25,33200,1886.6753859375265
25,33300,1886.6753859375265
25,33400,1886.6753859375265
25,33500,1886.6753859375265
25,33600,1886.6753859375265
25,33700,1886.6753859375265
25,33800,1886.6753859375265
25,33900,1886.6753859375265
25,34000,1886.6753859375265
25,34100,1886.6753859375265
25,34200,1886.6753859375265
25,34300,1886.6753859375265
25,34400,1886.6753859375265
25,34500,1886.6753859375265
25,34600,1886.6753859375265
25,34700,1886.6753859375265
25,34800,1886.6753859375265
25,34900,1886.6753859375265
25,35000,1886.6753859375265
25,35100,1886.6753859375265
25,35200,1886.6753859375265
25,35300,1886.6753859375265
25,35400,1886.6753859375265
25,35500,1886.6753859375265
25,35600,1886.6753859375265
25,35700,1886.6753859375265
25,35800,1886.6753859375265
25,35900,1886.6753859375265
25,36000,1886.6753859375265
25,36100,1886.6753859375265
25,36200,1886.6753859375265
25,36300,1886.6753859375265
25,36400,1886.6753859375265
25,36500,1886.6753859375265
25,36600,1886.6753859375265
25,36700,1886.6753859375265
25,36800,1886.6753859375265
25,36900,1886.6753859375265
25,37000,1886.6753859375265
25,37100,1886.6753859375265
25,37200,1886.6753859375265
25,37300,1886.6753859375265
25,37400,1868.3922864736485
25,37500,1868.3922864736485
25,37600,1868.3922864736485
25,37700,1868.3922864736485
25,37800,1868.3922864736485
25,37900,1868.3922864736485
25,38000,1868.3922864736485
25,38100,1868.3922864736485
25,38200,1868.3922864736485
25,38300,1868.3922864736485
25,38400,1868.3922864736485
25,38500,1868.3922864736485
25,38600,1868.3922864736485
25,38700,1868.3922864736485
25,38800,1868.3922864736485
25,38900,1868.3922864736485
25,39000,1868.3922864736485
25,39100,1868.3922864736485
25,39200,1868.3922864736485
25,39300,1868.3922864736485
25,39400,1868.3922864736485
25,39500,1868.3922864736485
25,39600,1868.3922864736485
25,39700,1868.3922864736485
25,39800,1868.3922864736485
25,39900,1868.3922864736485
25,40000,1868.3922864736485
25,40100,1868.3922864736485
25,40200,1868.3922864736485
25,40300,1868.3922864736485
25,40400,1868.3922864736485
25,40500,1868.3922864736485
25,40600,1868.3922864736485
25,40700,1868.3922864736485
25,40800,1868.3922864736485
25,40900,1868.3922864736485
25,41000,1868.3922864736485
25,41100,1868.3922864736485
25,41200,1868.3922864736485
25,41300,1868.3922864736485
25,41400,1868.3922864736485
25,41500,1868.3922864736485
25,41600,1868.3922864736485
25,41700,1868.3922864736485
25,41800,1868.3922864736485
25,41900,1868.3922864736485
25,42000,1868.3922864736485
25,42100,1868.3922864736485
25,42200,1868.3922864736485
25,42300,1868.3922864736485
25,42400,1868.3922864736485
25,42500,1868.3922864736485
25,42600,1868.3922864736485
25,42700,1868.3922864736485
25,42800,1868.3922864736485
25,42900,1868.3922864736485
25,43000,1868.3922864736485
25,43100,1868.3922864736485
25,43200,1868.3922864736485
25,43300,1868.3922864736485
25,43400,1868.3922864736485
25,43500,1868.3922864736485
25,43600,1868.3922864736485
25,43700,1868.3922864736485
25,43800,1868.3922864736485
25,43900,1868.3922864736485
25,44000,1868.3922864736485
25,44100,1868.3922864736485
25,44200,1868.3922864736485
25,44300,1868.3922864736485
25,44400,1868.3922864736485
25,44500,1868.3922864736485
25,44600,1868.3922864736485
25,44700,1868.3922864736485
25,44800,1868.3922864736485
25,44900,1868.3922864736485
25,45000,1868.3922864736485
25,45100,1868.3922864736485
25,45200,1868.3922864736485
25,45300,1868.3922864736485
25,45400,1868.3922864736485
25,45500,1868.3922864736485
25,45600,1868.3922864736485
25,45700,1868.3922864736485
25,45800,1868.3922864736485
25,45900,1868.3922864736485
25,46000,1857.1010714914753
25,46100,1857.1010714914753
25,46200,1857.1010714914753
25,46300,1857.1010714914753
25,46400,1857.1010714914753
25,46500,1857.1010714914753
25,46600,1857.1010714914753
25,46700,1857.1010714914753
25,46800,1857.1010714914753
25,46900,1857.1010714914753
25,47000,1857.1010714914753
25,47100,1857.1010714914753
25,47200,1857.1010714914753
25,47300,1857.1010714914753
25,47400,1857.1010714914753
25,47500,1857.1010714914753
25,47600,1857.1010714914753
25,47700,1857.1010714914753
25,47800,1857.1010714914753
25,47900,1857.1010714914753
25,48000,1857.1010714914753
25,48100,1857.1010714914753
25,48200,1857.1010714914753
25,48300,1857.1010714914753
25,48400,1857.1010714914753
25,48500,1857.1010714914753
25,48600,1857.1010714914753
25,48700,1857.1010714914753
25,48800,1857.1010714914753
25,48900,1857.1010714914753
25,49000,1857.1010714914753
25,49100,1857.1010714914753
25,49200,1857.1010714914753
25,49300,1857.1010714914753
25,49400,1857.1010714914753
25,49500,1857.1010714914753
25,49600,1857.1010714914753
25,49700,1857.1010714914753
25,49800,1857.1010714914753
25,49900,1857.1010714914753
25,50000,1857.1010714914753
26,200,2530.4486268435685
26,300,2530.4486268435685
26,400,2513.7434118640813
26,500,2500.51863930984
26,600,2500.51863930984
26,700,2500.51863930984
26,800,2500.51863930984
26,900,2500.51863930984
26,1000,2500.51863930984
26,1100,2491.512511321637
26,1200,2491.512511321637
26,1300,2490.0689976270423
26,1400,2490.0689976270423
26,1500,2490.0689976270423
26,1600,2482.565220254931
26,1700,2482.565220254931
26,1800,2469.9615587099306
26,1900,2431.908988651692
26,2000,2431.908988651692
26,2100,2431.908988651692
26,2200,2400.177015346487
26,2300,2400.177015346487
26,2400,2400.177015346487
26,2500,2400.177015346487
26,2600,2400.177015346487
26,2700,2400.177015346487
26,2800,2400.177015346487
26,2900,2400.177015346487
26,3000,2400.177015346487
26,3100,2400.177015346487
26,3200,2400.177015346487
26,3300,2400.177015346487
26,3400,2400.177015346487
26,3500,2400.177015346487
26,3600,2400.177015346487
26,3700,2400.177015346487
26,3800,2400.177015346487
26,3900,2400.177015346487
26,4000,2400.177015346487
26,4100,2400.177015346487
26,4200,2400.177015346487
26,4300,2400.177015346487
26,4400,2400.177015346487
26,4500,2400.177015346487
26,4600,2400.177015346487
26,4700,2400.177015346487
26,4800,2400.177015346487
26,4900,2400.177015346487
26,5000,2400.177015346487
26,5100,2400.177015346487
26,5200,2400.177015346487
26,5300,2400.177015346487
26,5400,2400.177015346487
26,5500,2400.177015346487
26,5600,2400.177015346487
26,5700,2400.177015346487
26,5800,2400.177015346487
26,5900,2400.177015346487
26,6000,2400.177015346487
26,6100,2400.177015346487
26,6200,2400.177015346487
26,6300,2400.177015346487
26,6400,2400.177015346487
26,6500,2400.177015346487
26,6600,2400.177015346487
26,6700,2400.177015346487
26,6800,2330.143798665973
26,6900,2330.143798665973
26,7000,2330.143798665973
26,7100,2330.143798665973
26,7200,2330.143798665973
26,7300,2330.143798665973
26,7400,2330.143798665973
26,7500,2330.143798665973
26,7600,2330.143798665973
26,7700,2330.143798665973
26,7800,2330.143798665973
26,7900,2330.143798665973
26,8000,2330.143798665973
26,8100,2330.143798665973
26,8200,2330.143798665973
26,8300,2330.143798665973
26,8400,2330.143798665973
26,8500,2330.143798665973
26,8600,2330.143798665973
26,8700,2330.143798665973
26,8800,2330.143798665973
26,8900,2330.143798665973
26,9000,2330.143798665973
26,9100,2330.143798665973
26,9200,2330.143798665973
26,9300,2330.143798665973
26,9400,2330.143798665973
26,9500,2330.143798665973
26,9600,2330.143798665973
26,9700,2330.143798665973
26,9800,2330.143798665973
26,9900,2330.143798665973
26,10000,2330.143798665973
26,10100,2330.143798665973
26,10200,2330.143798665973
26,10300,2330.143798665973
26,10400,2330.143798665973
26,10500,2330.143798665973
26,10600,2330.143798665973
26,10700,2330.143798665973
26,10800,2297.5966350242566
26,10900,2297.5966350242566
26,11000,2297.5966350242566
26,11100,2297.5966350242566
26,11200,2297.5966350242566
26,11300,2297.5966350242566
26,11400,2297.5966350242566
26,11500,2287.005336614361
26,11600,2287.005336614361
26,11700,2287.005336614361
26,11800,2255.3128664593205
26,11900,2255.3128664593205
26,12000,2255.3128664593205
26,12100,2255.3128664593205
26,12200,2255.3128664593205
26,12300,2255.3128664593205
26,12400,2255.3128664593205
26,12500,2255.3128664593205
26,12600,2255.3128664593205
26,12700,2255.3128664593205
26,12800,2255.3128664593205
26,12900,2255.3128664593205
26,13000,2255.3128664593205
26,13100,2255.3128664593205
26,13200,2255.3128664593205
26,13300,2255.3128664593205
26,13400,2255.3128664593205
26,13500,2255.3128664593205
26,13600,2255.3128664593205
26,13700,2241.3151034113016
26,13800,2241.3151034113016
26,13900,2241.3151034113016
26,14000,2241.3151034113016
26,14100,2236.265274764789
26,14200,2236.265274764789
26,14300,2236.265274764789
26,14400,2236.265274764789
26,14500,2222.767161723025
26,14600,2222.767161723025
26,14700,2222.767161723025
26,14800,2222.767161723025
26,14900,2222.767161723025
26,15000,2222.767161723025
26,15100,2222.767161723025
26,15200,2222.767161723025
26,15300,2222.767161723025
26,15400,2222.767161723025
26,15500,2222.767161723025
26,15600,2222.767161723025
26,15700,2222.767161723025
26,15800,2222.767161723025
26,15900,2222.767161723025
26,16000,2222.767161723025
26,16100,2222.767161723025
26,16200,2222.767161723025
26,16300,2222.767161723025
26,16400,2222.767161723025
26,16500,2205.917294034524
26,16600,2205.917294034524
26,16700,2110.5075034899446
26,16800,2110.5075034899446
26,16900,2110.5075034899446
26,17000,2110.5075034899446
26,17100,2110.5075034899446
26,17200,2110.5075034899446
26,17300,2110.5075034899446
26,17400,2110.5075034899446
26,17500,2110.5075034899446
26,17600,2110.5075034899446
26,17700,2110.5075034899446
26,17800,2110.5075034899446
26,17900,2110.5075034899446
26,18000,2110.5075034899446
26,18100,2110.5075034899446
26,18200,2100.0596732052477
26,18300,2100.0596732052477
26,18400,2100.0596732052477
26,18500,2100.0596732052477
26,18600,2093.4918740659655
26,18700,2093.4918740659655
26,18800,2081.087723410094
26,18900,2048.7821326953804
26,19000,2048.7821326953804
26,19100,2048.7821326953804
26,19200,2009.175862919606
26,19300,1975.798281130659
26,19400,1975.798281130659
26,19500,1975.798281130659
26,19600,1975.798281130659
26,19700,1975.798281130659
26,19800,1975.798281130659
26,19900,1975.798281130659
26,20000,1975.798281130659
26,20100,1956.786822405503
26,20200,1956.786822405503
26,20300,1913.7045612271643
26,20400,1913.7045612271643
26,20500,1894.7776410584372
26,20600,1894.7776410584372
26,20700,1894.7776410584372
26,20800,1894.7776410584372
26,20900,1892.580758003212
26,21000,1886.0913136259283
26,21100,1886.0913136259283
26,21200,1869.8763811981842
26,21300,1869.8763811981842
26,21400,1869.3143343218267
26,21500,1869.3143343218267
26,21600,1865.7054604160112
26,21700,1865.7054604160112
26,21800,1865.7054604160112
26,21900,1865.7054604160112
26,22000,1865.7054604160112
26,22100,1865.2944597803505
26,22200,1865.2944597803505
26,22300,1865.2944597803505
26,22400,1865.2944597803505
26,22500,1865.2944597803505
26,22600,1865.2944597803505
26,22700,1865.2944597803505
26,22800,1865.2944597803505
26,22900,1865.2944597803505
26,23000,1839.513294222474
26,23100,1839.513294222474
26,23200,1839.513294222474
26,23300,1839.513294222474
26,23400,1839.513294222474
26,23500,1837.9134651789698
26,23600,1837.9134651789698
26,23700,1837.9134651789698
26,23800,1837.9134651789698
26,23900,1837.9134651789698
26,24000,1837.9134651789698
26,24100,1837.9134651789698
26,24200,1837.9134651789698
26,24300,1837.9134651789698
26,24400,1837.9134651789698
26,24500,1837.9134651789698
26,24600,1837.9134651789698
26,24700,1837.9134651789698
26,24800,1837.9134651789698
26,24900,1837.9134651789698
26,25000,1837.9134651789698
26,25100,1837.9134651789698
26,25200,1837.9134651789698
26,25300,1818.7003742497457
26,25400,1789.9377523786138
26,25500,1789.9377523786138
26,25600,1788.899970211467
26,25700,1788.899970211467
26,25800,1788.899970211467
26,25900,1787.0297551993388
26,26000,1787.0297551993388
26,26100,1787.0297551993388
26,26200,1773.7396067782074
26,26300,1773.7396067782074
26,26400,1761.5100492790998
26,26500,1761.5100492790998
26,26600,1761.5100492790998
26,26700,1761.5100492790998
26,26800,1761.5100492790998
26,26900,1761.5100492790998
26,27000,1761.5100492790998
26,27100,1761.5100492790998
26,27200,1761.5100492790998
26,27300,1761.5100492790998
26,27400,1761.5100492790998
26,27500,1761.5100492790998
26,27600,1761.5100492790998
26,27700,1761.5100492790998
26,27800,1761.5100492790998
26,27900,1761.5100492790998
26,28000,1761.5100492790998
26,28100,1761.5100492790998
26,28200,1761.5100492790998
26,28300,1761.5100492790998
26,28400,1761.5100492790998
26,28500,1761.5100492790998
26,28600,1761.5100492790998
26,28700,1761.5100492790998
26,28800,1761.5100492790998
26,28900,1761.5100492790998
26,29000,1761.5100492790998
26,29100,1761.5100492790998
26,29200,1761.5100492790998
26,29300,1761.5100492790998
26,29400,1761.5100492790998
26,29500,1761.5100492790998
26,29600,1761.5100492790998
26,29700,1761.5100492790998
26,29800,1761.5100492790998
26,29900,1761.5100492790998
26,30000,1761.5100492790998
26,30100,1761.5100492790998
26,30200,1761.5100492790998
26,30300,1761.5100492790998
26,30400,1761.5100492790998
26,30500,1761.5100492790998
26,30600,1761.5100492790998
26,30700,1761.5100492790998
26,30800,1761.5100492790998
26,30900,1761.5100492790998
26,31000,1761.5100492790998
26,31100,1761.5100492790998
26,31200,1761.5100492790998
26,31300,1761.5100492790998
26,31400,1761.5100492790998
26,31500,1761.5100492790998
26,31600,1761.5100492790998
26,31700,1761.5100492790998
26,31800,1761.5100492790998
26,31900,1761.5100492790998
26,32000,1761.5100492790998
26,32100,1761.5100492790998
26,32200,1761.5100492790998
26,32300,1761.5100492790998
26,32400,1761.5100492790998
26,32500,1761.5100492790998
26,32600,1761.5100492790998
26,32700,1761.5100492790998
26,32800,1761.5100492790998
26,32900,1761.5100492790998
26,33000,1761.5100492790998
26,33100,1761.5100492790998
26,33200,1761.5100492790998
26,33300,1761.0990486434391
26,33400,1761.0990486434391
26,33500,1761.0990486434391
26,33600,1761.0990486434391
26,33700,1761.0990486434391
26,33800,1761.0990486434391
26,33900,1761.0990486434391
26,34000,1761.0990486434391
26,34100,1761.0990486434391
26,34200,1761.0990486434391
26,34300,1761.0990486434391
26,34400,1761.0990486434391
26,34500,1761.0990486434391
26,34600,1761.0990486434391
26,34700,1761.0990486434391
26,34800,1761.0990486434391
26,34900,1761.0990486434391
26,35000,1761.0990486434391
26,35100,1761.0990486434391
26,35200,1761.0990486434391
26,35300,1761.0990486434391
26,35400,1761.0990486434391
26,35500,1761.0990486434391
26,35600,1761.0990486434391
26,35700,1761.0990486434391
26,35800,1761.0990486434391
26,35900,1761.0990486434391
26,36000,1761.0990486434391
26,36100,1761.0990486434391
26,36200,1761.0990486434391
26,36300,1761.0990486434391
26,36400,1761.0990486434391
26,36500,1761.0990486434391
26,36600,1761.0990486434391
26,36700,1761.0990486434391
26,36800,1761.0990486434391
26,36900,1761.0990486434391
26,37000,1761.0990486434391
26,37100,1761.0990486434391
26,37200,1761.0990486434391
26,37300,1761.0990486434391
26,37400,1761.0990486434391
26,37500,1761.0990486434391
26,37600,1761.0990486434391
26,37700,1761.0990486434391
26,37800,1761.0990486434391
26,37900,1761.0990486434391
26,38000,1761.0990486434391
26,38100,1761.0990486434391
26,38200,1761.0990486434391
26,38300,1761.0990486434391
26,38400,1761.0990486434391
26,38500,1761.0990486434391
26,38600,1761.0990486434391
26,38700,1761.0990486434391
26,38800,1761.0990486434391
26,38900,1761.0990486434391
26,39000,1761.0990486434391
26,39100,1761.0990486434391
26,39200,1761.0990486434391
26,39300,1761.0990486434391
26,39400,1761.0990486434391
26,39500,1761.0990486434391
26,39600,1761.0990486434391
26,39700,1761.0990486434391
26,39800,1761.0990486434391
26,39900,1761.0990486434391
26,40000,1761.0990486434391
26,40100,1761.0990486434391
26,40200,1761.0990486434391
26,40300,1761.0990486434391
26,40400,1761.0990486434391
26,40500,1761.0990486434391
26,40600,1761.0990486434391
26,40700,1761.0990486434391
26,40800,1761.0990486434391
26,40900,1761.0990486434391
26,41000,1761.0990486434391
26,41100,1761.0990486434391
26,41200,1761.0990486434391
26,41300,1761.0990486434391
26,41400,1761.0990486434391
26,41500,1761.0990486434391
26,41600,1761.0990486434391
26,41700,1761.0990486434391
26,41800,1761.0990486434391
26,41900,1761.0990486434391
26,42000,1761.0990486434391
26,42100,1761.0990486434391
26,42200,1761.0990486434391
26,42300,1761.0990486434391
26,42400,1761.0990486434391
26,42500,1761.0990486434391
26,42600,1761.0990486434391
26,42700,1761.0990486434391
26,42800,1761.0990486434391
26,42900,1761.0990486434391
26,43000,1761.0990486434391
26,43100,1761.0990486434391
26,43200,1761.0990486434391
26,43300,1761.0990486434391
26,43400,1761.0990486434391
26,43500,1761.0990486434391
26,43600,1761.0990486434391
26,43700,1761.0990486434391
26,43800,1761.0990486434391
26,43900,1761.0990486434391
26,44000,1761.0990486434391
26,44100,1761.0990486434391
26,44200,1761.0990486434391
26,44300,1761.0990486434391
26,44400,1761.0990486434391
26,44500,1761.0990486434391
26,44600,1761.0990486434391
26,44700,1761.0990486434391
26,44800,1761.0990486434391
26,44900,1761.0990486434391
26,45000,1761.0990486434391
26,45100,1761.0990486434391
26,45200,1761.0990486434391
26,45300,1761.0990486434391
26,45400,1761.0990486434391
26,45500,1761.0990486434391
26,45600,1761.0990486434391
26,45700,1761.0990486434391
26,45800,1761.0990486434391
26,45900,1761.0990486434391
26,46000,1761.0990486434391
26,46100,1761.0990486434391
26,46200,1761.0990486434391
26,46300,1761.0990486434391
26,46400,1761.0990486434391
26,46500,1761.0990486434391
26,46600,1761.0990486434391
26,46700,1761.0990486434391
26,46800,1761.0990486434391
26,46900,1761.0990486434391
26,47000,1761.0990486434391
26,47100,1761.0990486434391
26,47200,1761.0990486434391
26,47300,1761.0990486434391
26,47400,1761.0990486434391
26,47500,1761.0990486434391
26,47600,1761.0990486434391
26,47700,1761.0990486434391
26,47800,1761.0990486434391
26,47900,1761.0990486434391
26,48000,1761.0990486434391
26,48100,1761.0990486434391
26,48200,1761.0990486434391
26,48300,1761.0990486434391
26,48400,1761.0990486434391
26,48500,1761.0990486434391
26,48600,1761.0990486434391
26,48700,1761.0990486434391
26,48800,1761.0990486434391
26,48900,1761.0990486434391
26,49000,1761.0990486434391
26,49100,1761.0990486434391
26,49200,1761.0990486434391
26,49300,1761.0990486434391
26,49400,1761.0990486434391
26,49500,1761.0990486434391
26,49600,1761.0990486434391
26,49700,1761.0990486434391
26,49800,1761.0990486434391
26,49900,1761.0990486434391
26,50000,1761.0990486434391
27,200,2461.7421213133234
27,300,2461.7421213133234
27,400,2461.7421213133234
27,500,2461.7421213133234
27,600,2461.7421213133234
27,700,2461.7421213133234
27,800,2461.7421213133234
27,900,2461.7421213133234
27,1000,2461.7421213133234
27,1100,2461.7421213133234
27,1200,2461.7421213133234
27,1300,2461.7421213133234
27,1400,2461.7421213133234
27,1500,2461.7421213133234
27,1600,2461.7421213133234
27,1700,2461.7421213133234
27,1800,2461.7421213133234
27,1900,2461.7421213133234
27,2000,2461.7421213133234
27,2100,2461.7421213133234
27,2200,2407.138953873488
27,2300,2407.138953873488
27,2400,2407.138953873488
27,2500,2407.138953873488
27,2600,2407.138953873488
27,2700,2407.138953873488
27,2800,2407.138953873488
27,2900,2407.138953873488
27,3000,2407.138953873488
27,3100,2407.138953873488
27,3200,2407.138953873488
27,3300,2407.138953873488
27,3400,2407.138953873488
27,3500,2407.138953873488
27,3600,2407.138953873488
27,3700,2407.138953873488
27,3800,2407.138953873488
27,3900,2407.138953873488
27,4000,2407.138953873488
27,4100,2407.138953873488
27,4200,2407.138953873488
27,4300,2407.138953873488
27,4400,2407.138953873488
27,4500,2407.138953873488
27,4600,2407.138953873488
27,4700,2347.414575501828
27,4800,2347.414575501828
27,4900,2347.414575501828
27,5000,2347.414575501828
27,5100,2347.414575501828
27,5200,2347.414575501828
27,5300,2347.414575501828
27,5400,2347.414575501828
27,5500,2347.414575501828
27,5600,2347.414575501828
27,5700,2347.414575501828
27,5800,2347.414575501828
27,5900,2347.414575501828
27,6000,2347.414575501828
27,6100,2347.414575501828
27,6200,2347.414575501828
27,6300,2347.414575501828
27,6400,2347.414575501828
27,6500,2347.414575501828
27,6600,2347.414575501828
27,6700,2347.414575501828
27,6800,2347.414575501828
27,6900,2347.414575501828
27,7000,2347.414575501828
27,7100,2347.414575501828
27,7200,2347.414575501828
27,7300,2347.414575501828
27,7400,2347.414575501828
27,7500,2347.414575501828
27,7600,2347.414575501828
27,7700,2347.414575501828
27,7800,2347.414575501828
27,7900,2347.414575501828
27,8000,2347.414575501828
27,8100,2347.414575501828
27,8200,2347.414575501828
27,8300,2347.414575501828
27,8400,2347.414575501828
27,8500,2347.414575501828
27,8600,2347.414575501828
27,8700,2347.414575501828
27,8800,2347.414575501828
27,8900,2347.414575501828
27,9000,2347.414575501828
27,9100,2347.414575501828
27,9200,2347.414575501828
27,9300,2347.414575501828
27,9400,2347.414575501828
27,9500,2347.414575501828
27,9600,2347.414575501828
27,9700,2347.414575501828
27,9800,2347.414575501828
27,9900,2347.414575501828
27,10000,2347.414575501828
27,10100,2347.414575501828
27,10200,2347.414575501828
27,10300,2347.414575501828
27,10400,2347.414575501828
27,10500,2347.414575501828
27,10600,2347.414575501828
27,10700,2347.414575501828
27,10800,2347.414575501828
27,10900,2347.414575501828
27,11000,2347.414575501828
27,11100,2347.414575501828
27,11200,2327.1613801002254
27,11300,2327.1613801002254
27,11400,2327.1613801002254
27,11500,2327.1613801002254
27,11600,2327.1613801002254
27,11700,2327.1613801002254
27,11800,2327.1613801002254
27,11900,2327.1613801002254
27,12000,2327.1613801002254
27,12100,2327.1613801002254
27,12200,2327.1613801002254
27,12300,2327.1613801002254
27,12400,2327.1613801002254
27,12500,2318.2328262314268
27,12600,2318.2328262314268
27,12700,2318.2328262314268
27,12800,2291.5095561335634
27,12900,2291.5095561335634
27,13000,2291.5095561335634
27,13100,2291.5095561335634
27,13200,2291.5095561335634
27,13300,2291.5095561335634
27,13400,2291.5095561335634
27,13500,2291.5095561335634
27,13600,2291.5095561335634
27,13700,2291.5095561335634
27,13800,2291.5095561335634
27,13900,2291.5095561335634
27,14000,2291.5095561335634
27,14100,2291.5095561335634
27,14200,2291.5095561335634
27,14300,2291.5095561335634
27,14400,2291.5095561335634
27,14500,2291.5095561335634
27,14600,2291.5095561335634
27,14700,2291.5095561335634
27,14800,2291.5095561335634
27,14900,2291.5095561335634
27,15000,2258.6429403326138
27,15100,2258.6429403326138
27,15200,2258.6429403326138
27,15300,2258.6429403326138
27,15400,2258.6429403326138
27,15500,2258.6429403326138
27,15600,2258.6429403326138
27,15700,2258.6429403326138
27,15800,2258.6429403326138
27,15900,2258.6429403326138
27,16000,2258.6429403326138
27,16100,2258.6429403326138
27,16200,2258.6429403326138
27,16300,2258.6429403326138
27,16400,2258.6429403326138
27,16500,2258.6429403326138
27,16600,2258.6429403326138
27,16700,2258.6429403326138
27,16800,2166.2529829327787
27,16900,2166.2529829327787
27,17000,2166.2529829327787
27,17100,2166.2529829327787
27,17200,2166.2529829327787
27,17300,2166.2529829327787
27,17400,2166.2529829327787
27,17500,2166.2529829327787
27,17600,2166.2529829327787
27,17700,2162.356493377527
27,17800,2162.356493377527
27,17900,2162.356493377527
27,18000,2162.356493377527
27,18100,2145.4141671344114
27,18200,2118.6899825811615
27,18300,2118.6899825811615
27,18400,2118.6899825811615
27,18500,2118.6899825811615
27,18600,2118.6899825811615
27,18700,2099.4840359988084
27,18800,2093.883866170722
27,18900,2093.883866170722
27,19000,2093.883866170722
27,19100,2093.883866170722
27,19200,2093.883866170722
27,19300,2093.883866170722
27,19400,2093.883866170722
27,19500,2083.770010142124
27,19600,2083.770010142124
27,19700,2083.770010142124
27,19800,2083.770010142124
27,19900,2083.770010142124
27,20000,2083.770010142124
27,20100,2083.770010142124
27,20200,2083.770010142124
27,20300,2083.770010142124
27,20400,2083.770010142124
27,20500,2083.770010142124
27,20600,2083.770010142124
27,20700,2083.770010142124
27,20800,2083.770010142124
27,20900,2083.770010142124
27,21000,2083.770010142124
27,21100,2083.770010142124
27,21200,2083.770010142124
27,21300,2083.770010142124
27,21400,2083.770010142124
27,21500,2083.770010142124
27,21600,2054.068226306325
27,21700,2054.068226306325
27,21800,2052.2208664765235
27,21900,2052.2208664765235
27,22000,2052.2208664765235
27,22100,2052.2208664765235
27,22200,2052.2208664765235
27,22300,2014.716401656819
27,22400,2014.716401656819
27,22500,2014.716401656819
27,22600,2014.716401656819
27,22700,2014.716401656819
27,22800,2014.716401656819
27,22900,2014.716401656819
27,23000,2014.716401656819
27,23100,2008.2390787137974
27,23200,2008.2390787137974
27,23300,2008.2390787137974
27,23400,2006.3917188839962
27,23500,2006.3917188839962
27,23600,2006.3917188839962
27,23700,2006.3917188839962
27,23800,2006.3917188839962
27,23900,2006.3917188839962
27,24000,2006.3917188839962
27,24100,2006.3917188839962
27,24200,2006.3917188839962
27,24300,2006.3917188839962
27,24400,2006.3917188839962
27,24500,2006.3917188839962
27,24600,2006.3917188839962
27,24700,2006.3917188839962
27,24800,2006.3917188839962
27,24900,1966.4722002976819
27,25000,1965.699115578838
27,25100,1965.699115578838
27,25200,1961.499666388378
27,25300,1961.499666388378
27,25400,1948.2116439507477
27,25500,1948.2116439507477
27,25600,1948.2116439507477
27,25700,1941.3352516416583
27,25800,1941.3352516416583
27,25900,1941.3352516416583
27,26000,1941.3352516416583
27,26100,1941.3352516416583
27,26200,1941.2987324588285
27,26300,1941.2987324588285
27,26400,1925.4672103832527
27,26500,1925.4672103832527
27,26600,1925.4672103832527
27,26700,1925.4672103832527
27,26800,1925.4672103832527
27,26900,1925.4672103832527
27,27000,1925.4672103832527
27,27100,1925.4672103832527
27,27200,1925.4672103832527
27,27300,1925.4672103832527
27,27400,1925.4672103832527
27,27500,1925.4672103832527
27,27600,1925.4672103832527
27,27700,1925.4672103832527
27,27800,1925.4672103832527
27,27900,1925.4672103832527
27,28000,1925.4672103832527
27,28100,1925.4672103832527
27,28200,1925.4672103832527
27,28300,1925.4672103832527
27,28400,1925.4672103832527
27,28500,1925.4672103832527
27,28600,1925.4672103832527
27,28700,1925.4672103832527
27,28800,1925.4672103832527
27,28900,1925.4672103832527
27,29000,1925.4672103832527
27,29100,1925.4672103832527
27,29200,1916.3492840347694
27,29300,1916.3492840347694
27,29400,1916.3492840347694
27,29500,1916.3492840347694
27,29600,1916.3492840347694
27,29700,1916.3492840347694
27,29800,1916.2193214997294
27,29900,1916.2193214997294
27,30000,1916.2193214997294
27,30100,1916.2193214997294
27,30200,1916.2193214997294
27,30300,1916.2193214997294
27,30400,1916.2193214997294
27,30500,1916.2193214997294
27,30600,1916.2193214997294
27,30700,1916.2193214997294
27,30800,1916.2193214997294
27,30900,1916.2193214997294
27,31000,1916.2193214997294
27,31100,1916.2193214997294
27,31200,1916.2193214997294
27,31300,1916.2193214997294
27,31400,1916.2193214997294
27,31500,1916.2193214997294
27,31600,1916.2193214997294
27,31700,1916.2193214997294
27,31800,1916.2193214997294
27,31900,1916.2193214997294
27,32000,1916.2193214997294
27,32100,1916.2193214997294
27,32200,1916.2193214997294
27,32300,1916.2193214997294
27,32400,1916.2193214997294
27,32500,1916.2193214997294
27,32600,1916.2193214997294
27,32700,1916.2193214997294
27,32800,1916.2193214997294
27,32900,1916.2193214997294
27,33000,1916.2193214997294
27,33100,1916.2193214997294
27,33200,1916.2193214997294
27,33300,1916.2193214997294
27,33400,1916.2193214997294
27,33500,1916.2193214997294
27,33600,1916.2193214997294
27,33700,1916.2193214997294
27,33800,1916.2193214997294
27,33900,1916.2193214997294
27,34000,1916.2193214997294
27,34100,1916.2193214997294
27,34200,1916.2193214997294
27,34300,1916.2193214997294
27,34400,1916.2193214997294
27,34500,1916.2193214997294
27,34600,1916.2193214997294
27,34700,1911.9058336944424
27,34800,1911.9058336944424
27,34900,1911.9058336944424
27,35000,1911.9058336944424
27,35100,1911.9058336944424
27,35200,1911.9058336944424
27,35300,1911.9058336944424
27,35400,1911.9058336944424
27,35500,1911.9058336944424
27,35600,1911.9058336944424
27,35700,1911.9058336944424
27,35800,1911.9058336944424
27,35900,1911.9058336944424
27,36000,1911.9058336944424
27,36100,1911.9058336944424
27,36200,1911.9058336944424
27,36300,1911.9058336944424
27,36400,1911.9058336944424
27,36500,1911.9058336944424
27,36600,1911.9058336944424
27,36700,1911.9058336944424
27,36800,1911.9058336944424
27,36900,1911.9058336944424
27,37000,1911.9058336944424
27,37100,1911.9058336944424
27,37200,1911.9058336944424
27,37300,1911.9058336944424
27,37400,1911.9058336944424
27,37500,1911.9058336944424
27,37600,1911.9058336944424
27,37700,1911.9058336944424
27,37800,1911.9058336944424
27,37900,1911.9058336944424
27,38000,1911.9058336944424
27,38100,1911.9058336944424
27,38200,1911.9058336944424
27,38300,1911.9058336944424
27,38400,1911.9058336944424
27,38500,1911.9058336944424
27,38600,1911.9058336944424
27,38700,1911.9058336944424
27,38800,1911.9058336944424
27,38900,1911.9058336944424
27,39000,1911.9058336944424
27,39100,1911.9058336944424
27,39200,1911.9058336944424
27,39300,1911.9058336944424
27,39400,1911.9058336944424
27,39500,1911.9058336944424
27,39600,1911.9058336944424
27,39700,1911.9058336944424
27,39800,1911.9058336944424
27,39900,1911.9058336944424
27,40000,1911.9058336944424
27,40100,1911.9058336944424
27,40200,1911.9058336944424
27,40300,1911.9058336944424
27,40400,1911.9058336944424
27,40500,1911.9058336944424
27,40600,1911.9058336944424
27,40700,1911.9058336944424
27,40800,1911.9058336944424
27,40900,1911.9058336944424
27,41000,1911.9058336944424
27,41100,1911.9058336944424
27,41200,1911.9058336944424
27,41300,1911.9058336944424
27,41400,1911.9058336944424
27,41500,1907.8086523310728
27,41600,1907.8086523310728
27,41700,1907.8086523310728
27,41800,1907.8086523310728
27,41900,1907.8086523310728
27,42000,1907.8086523310728
27,42100,1907.8086523310728
27,42200,1907.8086523310728
27,42300,1899.9348242592835
27,42400,1899.9348242592835
27,42500,1899.9348242592835
27,42600,1899.9348242592835
27,42700,1899.9348242592835
27,42800,1899.9348242592835
27,42900,1899.9348242592835
27,43000,1881.2739115601037
27,43100,1881.2739115601037
27,43200,1872.2471017049868
27,43300,1872.2471017049868
27,43400,1872.2471017049868
27,43500,1872.2471017049868
27,43600,1872.2471017049868
27,43700,1872.2471017049868
27,43800,1872.2471017049868
27,43900,1872.2471017049868
27,44000,1872.2471017049868
27,44100,1872.2471017049868
27,44200,1872.2471017049868
27,44300,1872.2471017049868
27,44400,1872.2471017049868
27,44500,1872.2471017049868
27,44600,1872.2471017049868
27,44700,1872.2471017049868
27,44800,1872.2471017049868
27,44900,1872.2471017049868
27,45000,1872.2471017049868
27,45100,1872.2471017049868
27,45200,1872.2471017049868
27,45300,1872.2471017049868
27,45400,1872.2471017049868
27,45500,1872.2471017049868
27,45600,1872.2471017049868
27,45700,1872.2471017049868
27,45800,1872.2471017049868
27,45900,1872.2471017049868
27,46000,1872.2471017049868
27,46100,1872.2471017049868
27,46200,1872.2471017049868
27,46300,1872.2471017049868
27,46400,1872.2471017049868
27,46500,1872.2471017049868
27,46600,1872.2471017049868
27,46700,1872.2471017049868
27,46800,1872.2471017049868
27,46900,1872.2471017049868
27,47000,1872.2471017049868
27,47100,1872.2471017049868
27,47200,1872.2471017049868
27,47300,1872.2471017049868
27,47400,1872.2471017049868
27,47500,1872.2471017049868
27,47600,1872.2471017049868
27,47700,1872.2471017049868
27,47800,1872.2471017049868
27,47900,1872.2471017049868
27,48000,1872.2471017049868
27,48100,1872.2471017049868
27,48200,1872.2471017049868
27,48300,1872.2471017049868
27,48400,1872.2471017049868
27,48500,1872.2471017049868
27,48600,1872.2471017049868
27,48700,1872.2471017049868
27,48800,1872.2471017049868
27,48900,1872.2471017049868
27,49000,1872.2471017049868
27,49100,1872.2471017049868
27,49200,1872.2471017049868
27,49300,1872.2471017049868
27,49400,1872.2471017049868
27,49500,1872.2471017049868
27,49600,1872.2471017049868
27,49700,1872.2471017049868
27,49800,1872.2471017049868
27,49900,1872.2471017049868
27,50000,1872.2471017049868
28,200,2319.712015386704
28,300,2319.712015386704
28,400,2319.712015386704
28,500,2319.712015386704
28,600,2319.712015386704
28,700,2319.712015386704
28,800,2319.712015386704
28,900,2319.712015386704
28,1000,2319.712015386704
28,1100,2319.712015386704
28,1200,2319.712015386704
28,1300,2319.712015386704
28,1400,2319.712015386704
28,1500,2319.712015386704
28,1600,2319.712015386704
28,1700,2319.712015386704
28,1800,2319.712015386704
28,1900,2319.712015386704
28,2000,2319.712015386704
28,2100,2319.712015386704
28,2200,2319.712015386704
28,2300,2319.712015386704
28,2400,2319.712015386704
28,2500,2319.712015386704
28,2600,2319.712015386704
28,2700,2319.712015386704
28,2800,2319.712015386704
28,2900,2319.712015386704
28,3000,2319.712015386704
28,3100,2319.712015386704
28,3200,2319.712015386704
28,3300,2319.712015386704
28,3400,2319.712015386704
28,3500,2319.712015386704
28,3600,2319.712015386704
28,3700,2319.712015386704
28,3800,2319.712015386704
28,3900,2319.712015386704
28,4000,2319.712015386704
28,4100,2319.712015386704
28,4200,2319.712015386704
28,4300,2319.712015386704
28,4400,2319.712015386704
28,4500,2319.712015386704
28,4600,2319.712015386704
28,4700,2319.712015386704
28,4800,2319.712015386704
28,4900,2319.712015386704
28,5000,2319.712015386704
28,5100,2319.712015386704
28,5200,2319.712015386704
28,5300,2319.712015386704
28,5400,2319.712015386704
28,5500,2319.712015386704
28,5600,2319.712015386704
28,5700,2319.712015386704
28,5800,2319.712015386704
28,5900,2319.712015386704
28,6000,2319.712015386704
28,6100,2319.712015386704
28,6200,2319.712015386704
28,6300,2319.712015386704
28,6400,2319.712015386704
28,6500,2319.712015386704
28,6600,2319.712015386704
28,6700,2319.712015386704
28,6800,2319.712015386704
28,6900,2318.5006950341276
28,7000,2318.5006950341276
28,7100,2318.5006950341276
28,7200,2318.5006950341276
28,7300,2318.5006950341276
28,7400,2318.5006950341276
28,7500,2318.5006950341276
28,7600,2318.5006950341276
28,7700,2318.5006950341276
28,7800,2318.5006950341276
28,7900,2318.5006950341276
28,8000,2318.5006950341276
28,8100,2245.2228415533405
28,8200,2245.2228415533405
28,8300,2245.2228415533405
28,8400,2245.2228415533405
28,8500,2245.2228415533405
28,8600,2245.2228415533405
28,8700,2245.2228415533405
28,8800,2245.2228415533405
28,8900,2245.2228415533405
28,9000,2245.2228415533405
28,9100,2245.2228415533405
28,9200,2245.2228415533405
28,9300,2245.2228415533405
28,9400,2245.2228415533405
28,9500,2245.2228415533405
28,9600,2245.2228415533405
28,9700,2245.2228415533405
28,9800,2245.2228415533405
28,9900,2245.2228415533405
28,10000,2245.2228415533405
28,10100,2245.2228415533405
28,10200,2245.2228415533405
28,10300,2245.2228415533405
28,10400,2245.2228415533405
28,10500,2245.2228415533405
28,10600,2245.2228415533405
28,10700,2245.2228415533405
28,10800,2245.2228415533405
28,10900,2245.2228415533405
28,11000,2245.2228415533405
28,11100,2245.2228415533405
28,11200,2245.2228415533405
28,11300,2245.2228415533405
28,11400,2245.2228415533405
28,11500,2245.2228415533405
28,11600,2245.2228415533405
28,11700,2245.2228415533405
28,11800,2245.2228415533405
28,11900,2245.2228415533405
28,12000,2245.2228415533405
28,12100,2245.2228415533405
28,12200,2245.2228415533405
28,12300,2245.2228415533405
28,12400,2245.2228415533405
28,12500,2245.2228415533405
28,12600,2245.2228415533405
28,12700,2245.2228415533405
28,12800,2245.2228415533405
28,12900,2237.531532990066
28,13000,2237.531532990066
28,13100,2237.531532990066
28,13200,2237.531532990066
28,13300,2237.531532990066
28,13400,2237.531532990066
28,13500,2237.531532990066
28,13600,2237.531532990066
28,13700,2237.531532990066
28,13800,2237.531532990066
28,13900,2237.531532990066
28,14000,2237.531532990066
28,14100,2237.531532990066
28,14200,2173.648590830689
28,14300,2173.648590830689
28,14400,2173.648590830689
28,14500,2173.648590830689
28,14600,2173.648590830689
28,14700,2173.648590830689
28,14800,2173.648590830689
28,14900,2173.648590830689
28,15000,2173.648590830689
28,15100,2173.648590830689
28,15200,2173.648590830689
28,15300,2173.648590830689
28,15400,2173.648590830689
28,15500,2173.648590830689
28,15600,2173.648590830689
28,15700,2173.648590830689
28,15800,2173.648590830689
28,15900,2173.648590830689
28,16000,2173.648590830689
28,16100,2173.648590830689
28,16200,2173.648590830689
28,16300,2173.648590830689
28,16400,2173.648590830689
28,16500,2173.648590830689
28,16600,2173.648590830689
28,16700,2173.648590830689
28,16800,2130.0345805727325
28,16900,2130.0345805727325
28,17000,2130.0345805727325
28,17100,2130.0345805727325
28,17200,2130.0345805727325
28,17300,2130.0345805727325
28,17400,2130.0345805727325
28,17500,2130.0345805727325
28,17600,2130.0345805727325
28,17700,2130.0345805727325
28,17800,2122.922896500231
28,17900,2122.922896500231
28,18000,2122.922896500231
28,18100,2122.922896500231
28,18200,2122.922896500231
28,18300,2122.922896500231
28,18400,2122.922896500231
28,18500,2122.922896500231
28,18600,2122.922896500231
28,18700,2122.922896500231
28,18800,2122.922896500231
28,18900,2118.2664196248165
28,19000,2118.2664196248165
28,19100,2118.2664196248165
28,19200,2118.2664196248165
28,19300,2118.2664196248165
28,19400,2118.2664196248165
28,19500,2118.2664196248165
28,19600,2118.2664196248165
28,19700,2118.2664196248165
28,19800,2118.2664196248165
28,19900,2056.4162710492683
28,20000,2056.4162710492683
28,20100,2056.4162710492683
28,20200,2056.4162710492683
28,20300,2056.4162710492683
28,20400,2056.4162710492683
28,20500,2056.4162710492683
28,20600,2056.4162710492683
28,20700,2056.4162710492683
28,20800,2056.4162710492683
28,20900,2034.087814505829
28,21000,2034.087814505829
28,21100,2034.087814505829
28,21200,2034.087814505829
28,21300,2034.087814505829
28,21400,2034.087814505829
28,21500,2034.087814505829
28,21600,1991.3258244023286
28,21700,1991.3258244023286
28,21800,1991.3258244023286
28,21900,1991.3258244023286
28,22000,1991.3258244023286
28,22100,1991.3258244023286
28,22200,1991.3258244023286
28,22300,1991.3258244023286
28,22400,1991.3258244023286
28,22500,1986.949205286151
28,22600,1986.949205286151
28,22700,1986.949205286151
28,22800,1986.949205286151
28,22900,1986.949205286151
28,23000,1986.949205286151
28,23100,1986.949205286151
28,23200,1986.949205286151
28,23300,1986.949205286151
28,23400,1986.949205286151
28,23500,1986.949205286151
28,23600,1986.949205286151
28,23700,1986.949205286151
28,23800,1986.949205286151
28,23900,1986.949205286151
28,24000,1986.949205286151
28,24100,1986.949205286151
28,24200,1966.1736960384826
28,24300,1966.1736960384826
28,24400,1966.1736960384826
28,24500,1966.1736960384826
28,24600,1966.1736960384826
28,24700,1966.1736960384826
28,24800,1965.1626625591582
28,24900,1965.1626625591582
28,25000,1965.1626625591582
28,25100,1965.1626625591582
28,25200,1965.1626625591582
28,25300,1965.1626625591582
28,25400,1962.3751125817228
28,25500,1962.3751125817228
28,25600,1962.3751125817228
28,25700,1962.3751125817228
28,25800,1962.3751125817228
28,25900,1941.5436087860178
28,26000,1936.0687962894533
28,26100,1936.0687962894533
28,26200,1936.0687962894533
28,26300,1897.5851430498667
28,26400,1897.5851430498667
28,26500,1897.5851430498667
28,26600,1897.5851430498667
28,26700,1897.5851430498667
28,26800,1897.5851430498667
28,26900,1897.5851430498667
28,27000,1897.5851430498667
28,27100,1897.5851430498667
28,27200,1897.5851430498667
28,27300,1897.5851430498667
28,27400,1897.5851430498667
28,27500,1897.5851430498667
28,27600,1897.5851430498667
28,27700,1897.5851430498667
28,27800,1897.5851430498667
28,27900,1897.5851430498667
28,28000,1897.5851430498667
28,28100,1897.5851430498667
28,28200,1897.5851430498667
28,28300,1897.5851430498667
28,28400,1897.5851430498667
28,28500,1897.5851430498667
28,28600,1897.5851430498667
28,28700,1897.5851430498667
28,28800,1897.5851430498667
28,28900,1897.5851430498667
28,29000,1897.5851430498667
28,29100,1897.5851430498667
28,29200,1897.5851430498667
28,29300,1897.5851430498667
28,29400,1897.5851430498667
28,29500,1897.5851430498667
28,29600,1897.5851430498667
28,29700,1897.5851430498667
28,29800,1897.5851430498667
28,29900,1897.5851430498667
28,30000,1897.5851430498667
28,30100,1897.5851430498667
28,30200,1897.5851430498667
28,30300,1897.5851430498667
28,30400,1897.5851430498667
28,30500,1897.5851430498667
28,30600,1897.5851430498667
28,30700,1897.5851430498667
28,30800,1897.5851430498667
28,30900,1885.0707322491583
28,31000,1885.0707322491583
28,31100,1881.5177064993134
28,31200,1881.5177064993134
28,31300,1881.5177064993134
28,31400,1881.5177064993134
28,31500,1881.5177064993134
28,31600,1881.5177064993134
28,31700,1881.5177064993134
28,31800,1881.5177064993134
28,31900,1881.5177064993134
28,32000,1881.5177064993134
28,32100,1881.5177064993134
28,32200,1881.5177064993134
28,32300,1881.5177064993134
28,32400,1881.5177064993134
28,32500,1873.1588713234212
28,32600,1873.1588713234212
28,32700,1873.1588713234212
28,32800,1873.1588713234212
28,32900,1873.1588713234212
28,33000,1873.1588713234212
28,33100,1873.1588713234212
28,33200,1873.1588713234212
28,33300,1873.1588713234212
28,33400,1873.1588713234212
28,33500,1846.7923549376942
28,33600,1846.7923549376942
28,33700,1846.7923549376942
28,33800,1846.7923549376942
28,33900,1846.7923549376942
28,34000,1801.6758092546165
28,34100,1791.0436186422678
28,34200,1779.6724452881945
28,34300,1779.6724452881945
28,34400,1779.6724452881945
28,34500,1779.6724452881945
28,34600,1779.6724452881945
28,34700,1779.6724452881945
28,34800,1779.6724452881945
28,34900,1779.6724452881945
28,35000,1779.6724452881945
28,35100,1773.4787640966863
28,35200,1773.4787640966863
28,35300,1773.4787640966863
28,35400,1773.4787640966863
28,35500,1773.4059348526287
28,35600,1773.4059348526287
28,35700,1773.4059348526287
28,35800,1773.4059348526287
28,35900,1773.4059348526287
28,36000,1773.4059348526287
28,36100,1773.4059348526287
28,36200,1773.4059348526287
28,36300,1773.4059348526287
28,36400,1773.4059348526287
28,36500,1773.4059348526287
28,36600,1767.005032524861
28,36700,1767.005032524861
28,36800,1767.005032524861
28,36900,1767.005032524861
28,37000,1767.005032524861
28,37100,1767.005032524861
28,37200,1767.005032524861
28,37300,1767.005032524861
28,37400,1767.005032524861
28,37500,1767.005032524861
28,37600,1767.005032524861
28,37700,1767.005032524861
28,37800,1767.005032524861
28,37900,1767.005032524861
28,38000,1767.005032524861
28,38100,1767.005032524861
28,38200,1767.005032524861
28,38300,1767.005032524861
28,38400,1767.005032524861
28,38500,1767.005032524861
28,38600,1767.005032524861
28,38700,1767.005032524861
28,38800,1767.005032524861
28,38900,1759.158318768875
28,39000,1750.7611464909648
28,39100,1750.7611464909648
28,39200,1750.7611464909648
28,39300,1750.7611464909648
28,39400,1750.7611464909648
28,39500,1750.7611464909648
28,39600,1750.7611464909648
28,39700,1750.7611464909648
28,39800,1750.7611464909648
28,39900,1750.7611464909648
28,40000,1750.7611464909648
28,40100,1750.7611464909648
28,40200,1750.7611464909648
28,40300,1750.7611464909648
28,40400,1750.7611464909648
28,40500,1750.7611464909648
28,40600,1750.7611464909648
28,40700,1750.7611464909648
28,40800,1750.7611464909648
28,40900,1750.7611464909648
28,41000,1750.7611464909648
28,41100,1750.7611464909648
28,41200,1750.7611464909648
28,41300,1750.7611464909648
28,41400,1750.7611464909648
28,41500,1750.7611464909648
28,41600,1750.7611464909648
28,41700,1750.7611464909648
28,41800,1750.7611464909648
28,41900,1750.7611464909648
28,42000,1750.7611464909648
28,42100,1750.7611464909648
28,42200,1750.7611464909648
28,42300,1750.7611464909648
28,42400,1750.7611464909648
28,42500,1750.7611464909648
28,42600,1750.7611464909648
28,42700,1750.7611464909648
28,42800,1750.7611464909648
28,42900,1750.7611464909648
28,43000,1750.7611464909648
28,43100,1750.7611464909648
28,43200,1750.7611464909648
28,43300,1750.7611464909648
28,43400,1750.7611464909648
28,43500,1750.7611464909648
28,43600,1750.7611464909648
28,43700,1750.7611464909648
28,43800,1750.7611464909648
28,43900,1750.7611464909648
28,44000,1750.7611464909648
28,44100,1750.7611464909648
28,44200,1750.7611464909648
28,44300,1750.7611464909648
28,44400,1750.7611464909648
28,44500,1750.7611464909648
28,44600,1750.7611464909648
28,44700,1750.7611464909648
28,44800,1750.7611464909648
28,44900,1750.7611464909648
28,45000,1750.7611464909648
28,45100,1750.7611464909648
28,45200,1750.7611464909648
28,45300,1750.7611464909648
28,45400,1750.7611464909648
28,45500,1750.7611464909648
28,45600,1750.7611464909648
28,45700,1750.7611464909648
28,45800,1750.7611464909648
28,45900,1750.7611464909648
28,46000,1750.7611464909648
28,46100,1750.7611464909648
28,46200,1750.7611464909648
28,46300,1750.7611464909648
28,46400,1750.7611464909648
28,46500,1750.7611464909648
28,46600,1750.7611464909648
28,46700,1750.7611464909648
28,46800,1750.7611464909648
28,46900,1750.7611464909648
28,47000,1750.7611464909648
28,47100,1750.7611464909648
28,47200,1750.7611464909648
28,47300,1750.7611464909648
28,47400,1750.7611464909648
28,47500,1750.7611464909648
28,47600,1750.7611464909648
28,47700,1750.7611464909648
28,47800,1750.7611464909648
28,47900,1750.7611464909648
28,48000,1750.7611464909648
28,48100,1750.7611464909648
28,48200,1750.7611464909648
28,48300,1750.7611464909648
28,48400,1750.7611464909648
28,48500,1750.7611464909648
28,48600,1750.7611464909648
28,48700,1750.7611464909648
28,48800,1750.7611464909648
28,48900,1750.7611464909648
28,49000,1750.7611464909648
28,49100,1750.7611464909648
28,49200,1750.7611464909648
28,49300,1750.7611464909648
28,49400,1750.7611464909648
28,49500,1750.7611464909648
28,49600,1750.7611464909648
28,49700,1750.7611464909648
28,49800,1750.7611464909648
28,49900,1750.7611464909648
28,50000,1750.7611464909648
29,200,2562.2476941183045
29,300,2562.2476941183045
29,400,2550.548548804977
29,500,2550.548548804977
29,600,2546.380499532798
29,700,2546.380499532798
29,800,2546.380499532798
29,900,2546.380499532798
29,1000,2501.3455519422096
29,1100,2501.3455519422096
29,1200,2501.3455519422096
29,1300,2501.3455519422096
29,1400,2439.0069199977233
29,1500,2439.0069199977233
29,1600,2401.981011808643
29,1700,2401.981011808643
29,1800,2401.981011808643
29,1900,2401.981011808643
29,2000,2401.981011808643
29,2100,2401.981011808643
29,2200,2401.981011808643
29,2300,2401.981011808643
29,2400,2401.981011808643
29,2500,2401.981011808643
29,2600,2401.981011808643
29,2700,2366.102569300402
29,2800,2366.102569300402
29,2900,2366.102569300402
29,3000,2366.102569300402
29,3100,2366.102569300402
29,3200,2366.102569300402
29,3300,2366.102569300402
29,3400,2366.102569300402
29,3500,2366.102569300402
29,3600,2366.102569300402
29,3700,2366.102569300402
29,3800,2366.102569300402
29,3900,2366.102569300402
29,4000,2366.102569300402
29,4100,2366.102569300402
29,4200,2366.102569300402
29,4300,2366.102569300402
29,4400,2366.102569300402
29,4500,2366.102569300402
29,4600,2366.102569300402
29,4700,2366.102569300402
29,4800,2338.507200761784
29,4900,2338.507200761784
29,5000,2338.507200761784
29,5100,2338.507200761784
29,5200,2338.507200761784
29,5300,2338.507200761784
29,5400,2338.507200761784
29,5500,2338.507200761784
29,5600,2338.507200761784
29,5700,2338.507200761784
29,5800,2338.507200761784
29,5900,2338.507200761784
29,6000,2338.507200761784
29,6100,2338.507200761784
29,6200,2338.507200761784
29,6300,2338.507200761784
29,6400,2338.507200761784
29,6500,2338.507200761784
29,6600,2298.522373028098
29,6700,2298.522373028098
29,6800,2298.522373028098
29,6900,2298.522373028098
29,7000,2298.522373028098
29,7100,2298.522373028098
29,7200,2298.522373028098
29,7300,2298.522373028098
29,7400,2298.522373028098
29,7500,2298.522373028098
29,7600,2298.522373028098
29,7700,2298.522373028098
29,7800,2298.522373028098
29,7900,2298.522373028098
29,8000,2297.460646002102
29,8100,2297.460646002102
29,8200,2297.460646002102
29,8300,2297.460646002102
29,8400,2286.5893878581637
29,8500,2286.5893878581637
29,8600,2286.5893878581637
29,8700,2286.5893878581637
29,8800,2286.5893878581637
29,8900,2286.5893878581637
29,9000,2286.5893878581637
29,9100,2286.5893878581637
29,9200,2286.5893878581637
29,9300,2251.978754359706
29,9400,2251.978754359706
29,9500,2251.978754359706
29,9600,2251.978754359706
29,9700,2251.978754359706
29,9800,2251.978754359706
29,9900,2251.978754359706
29,10000,2251.978754359706
29,10100,2251.978754359706
29,10200,2251.978754359706
29,10300,2251.978754359706
29,10400,2251.978754359706
29,10500,2251.978754359706
29,10600,2251.978754359706
29,10700,2251.978754359706
29,10800,2173.9432671945747
29,10900,2173.9432671945747
29,11000,2173.9432671945747
29,11100,2173.9432671945747
29,11200,2173.9432671945747
29,11300,2114.667323223883
29,11400,2114.667323223883
29,11500,2114.667323223883
29,11600,2114.667323223883
29,11700,2096.4902831022496
29,11800,2096.4902831022496
29,11900,2096.4902831022496
29,12000,2096.4902831022496
29,12100,2096.4902831022496
29,12200,2096.4902831022496
29,12300,2096.4902831022496
29,12400,2096.4902831022496
29,12500,2096.4902831022496
29,12600,2096.4902831022496
29,12700,2096.4902831022496
29,12800,2096.4902831022496
29,12900,2096.4902831022496
29,13000,2024.7669241702506
29,13100,2024.7669241702506
29,13200,2024.7669241702506
29,13300,2024.7669241702506
29,13400,2024.7669241702506
29,13500,2024.7669241702506
29,13600,2024.7669241702506
29,13700,2024.7669241702506
29,13800,2024.7669241702506
29,13900,2024.7669241702506
29,14000,2024.7669241702506
29,14100,2024.7669241702506
29,14200,2024.7669241702506
29,14300,2024.7669241702506
29,14400,2024.7669241702506
29,14500,2024.7669241702506
29,14600,2024.7669241702506
29,14700,2024.7669241702506
29,14800,2024.7669241702506
29,14900,2024.7669241702506
29,15000,2024.7669241702506
29,15100,2008.506489913399
29,15200,2008.506489913399
29,15300,2008.506489913399
29,15400,2008.506489913399
29,15500,2008.506489913399
29,15600,2008.506489913399
29,15700,2008.506489913399
29,15800,2008.506489913399
29,15900,2008.506489913399
29,16000,2008.506489913399
29,16100,2008.506489913399
29,16200,2008.506489913399
29,16300,2008.506489913399
29,16400,2008.506489913399
29,16500,2008.506489913399
29,16600,2008.506489913399
29,16700,2008.506489913399
29,16800,2008.506489913399
29,16900,1964.67761202408
29,17000,1964.67761202408
29,17100,1964.67761202408
29,17200,1964.67761202408
29,17300,1964.67761202408
29,17400,1964.281762183059
29,17500,1964.281762183059
29,17600,1935.3761853811945
29,17700,1933.1819440503248
29,17800,1900.4103148081397
29,17900,1900.4103148081397
29,18000,1900.4103148081397
29,18100,1900.4103148081397
29,18200,1900.4103148081397
29,18300,1900.4103148081397
29,18400,1867.30714159171
29,18500,1867.30714159171
29,18600,1867.30714159171
29,18700,1858.7499063773632
29,18800,1858.7499063773632
29,18900,1858.7499063773632
29,19000,1858.7499063773632
29,19100,1858.7499063773632
29,19200,1858.7499063773632
29,19300,1858.7499063773632
29,19400,1812.7229375445643
29,19500,1812.7229375445643
29,19600,1812.7229375445643
29,19700,1812.7229375445643
29,19800,1804.165702330217
29,19900,1804.165702330217
29,20000,1804.165702330217
29,20100,1804.165702330217
29,20200,1804.165702330217
29,20300,1804.165702330217
29,20400,1804.165702330217
29,20500,1801.8751094203765
29,20600,1795.1350257276329
29,20700,1793.2552757594883
29,20800,1793.2552757594883
29,20900,1793.2552757594883
29,21000,1758.342804744674
29,21100,1758.342804744674
29,21200,1758.342804744674
29,21300,1758.342804744674
29,21400,1758.342804744674
29,21500,1758.342804744674
29,21600,1758.342804744674
29,21700,1758.342804744674
29,21800,1758.342804744674
29,21900,1758.342804744674
29,22000,1758.342804744674
29,22100,1758.342804744674
29,22200,1758.342804744674
29,22300,1758.342804744674
29,22400,1758.342804744674
29,22500,1758.342804744674
29,22600,1758.342804744674
29,22700,1758.342804744674
29,22800,1758.342804744674
29,22900,1758.342804744674
29,23000,1758.342804744674
29,23100,1758.342804744674
29,23200,1758.342804744674
29,23300,1758.342804744674
29,23400,1758.342804744674
29,23500,1758.342804744674
29,23600,1758.342804744674
29,23700,1758.342804744674
29,23800,1758.342804744674
29,23900,1758.342804744674
29,24000,1758.342804744674
29,24100,1758.342804744674
29,24200,1758.342804744674
29,24300,1758.342804744674
29,24400,1758.342804744674
29,24500,1758.342804744674
29,24600,1758.342804744674
29,24700,1739.9963538344816
29,24800,1739.9963538344816
29,24900,1739.554480168291
29,25000,1738.4631256551213
29,25100,1738.4631256551213
29,25200,1738.4631256551213
29,25300,1738.4631256551213
29,25400,1738.4631256551213
29,25500,1709.6887443743547
29,25600,1703.0724514541764
29,25700,1703.0724514541764
29,25800,1703.0724514541764
29,25900,1700.336216559749
29,26000,1695.1620949157775
29,26100,1695.1620949157775
29,26200,1695.1620949157775
29,26300,1695.1620949157775
29,26400,1694.304134842823
29,26500,1694.304134842823
29,26600,1694.304134842823
29,26700,1694.304134842823
29,26800,1694.304134842823
29,26900,1694.304134842823
29,27000,1694.304134842823
29,27100,1694.304134842823
29,27200,1694.304134842823
29,27300,1694.304134842823
29,27400,1677.3998160731855
29,27500,1675.7469535533612
29,27600,1675.7469535533612
29,27700,1675.7469535533612
29,27800,1675.7469535533612
29,27900,1675.7469535533612
29,28000,1675.7469535533612
29,28100,1675.7469535533612
29,28200,1675.7469535533612
29,28300,1675.7469535533612
29,28400,1675.7469535533612
29,28500,1675.7469535533612
29,28600,1675.7469535533612
29,28700,1675.7469535533612
29,28800,1675.7469535533612
29,28900,1675.7469535533612
29,29000,1675.7469535533612
29,29100,1675.7469535533612
29,29200,1675.7469535533612
29,29300,1675.7469535533612
29,29400,1675.7469535533612
29,29500,1675.7469535533612
29,29600,1675.7469535533612
29,29700,1675.7469535533612
29,29800,1675.7469535533612
29,29900,1675.7469535533612
29,30000,1675.7469535533612
29,30100,1675.7469535533612
29,30200,1675.7469535533612
29,30300,1675.7469535533612
29,30400,1675.7469535533612
29,30500,1675.7469535533612
29,30600,1675.7469535533612
29,30700,1675.7469535533612
29,30800,1675.7469535533612
29,30900,1675.7469535533612
29,31000,1675.7469535533612
29,31100,1675.7469535533612
29,31200,1675.7469535533612
29,31300,1675.7469535533612
29,31400,1675.7469535533612
29,31500,1675.7469535533612
29,31600,1675.7469535533612
29,31700,1675.7469535533612
29,31800,1675.7469535533612
29,31900,1675.7469535533612
29,32000,1675.7469535533612
29,32100,1675.7469535533612
29,32200,1675.7469535533612
29,32300,1673.3129163458764
29,32400,1658.973500015861
29,32500,1658.973500015861
29,32600,1658.973500015861
29,32700,1658.973500015861
29,32800,1658.973500015861
29,32900,1658.973500015861
29,33000,1658.973500015861
29,33100,1658.973500015861
29,33200,1658.973500015861
29,33300,1658.973500015861
29,33400,1658.973500015861
29,33500,1658.973500015861
29,33600,1658.973500015861
29,33700,1658.973500015861
29,33800,1658.973500015861
29,33900,1658.973500015861
29,34000,1658.973500015861
29,34100,1658.973500015861
29,34200,1658.3160911155792
29,34300,1658.3160911155792
29,34400,1658.3160911155792
29,34500,1658.3160911155792
29,34600,1658.3160911155792
29,34700,1658.3160911155792
29,34800,1658.3160911155792
29,34900,1658.3160911155792
29,35000,1658.3160911155792
29,35100,1658.3160911155792
29,35200,1658.3160911155792
29,35300,1658.3160911155792
29,35400,1658.3160911155792
29,35500,1658.3160911155792
29,35600,1658.3160911155792
29,35700,1658.3160911155792
29,35800,1658.3160911155792
29,35900,1658.3160911155792
29,36000,1658.3160911155792
29,36100,1658.3160911155792
29,36200,1658.3160911155792
29,36300,1658.3160911155792
29,36400,1658.3160911155792
29,36500,1658.3160911155792
29,36600,1658.3160911155792
29,36700,1658.3160911155792
29,36800,1658.3160911155792
29,36900,1658.3160911155792
29,37000,1658.3160911155792
29,37100,1658.3160911155792
29,37200,1658.3160911155792
29,37300,1658.3160911155792
29,37400,1658.3160911155792
29,37500,1658.3160911155792
29,37600,1658.3160911155792
29,37700,1658.3160911155792
29,37800,1658.3160911155792
29,37900,1658.3160911155792
29,38000,1658.3160911155792
29,38100,1658.3160911155792
29,38200,1658.3160911155792
29,38300,1658.3160911155792
29,38400,1658.3160911155792
29,38500,1658.3160911155792
29,38600,1658.3160911155792
29,38700,1658.3160911155792
29,38800,1658.3160911155792
29,38900,1658.3160911155792
29,39000,1658.3160911155792
29,39100,1658.3160911155792
29,39200,1658.3160911155792
29,39300,1658.3160911155792
29,39400,1658.3160911155792
29,39500,1658.3160911155792
29,39600,1658.3160911155792
29,39700,1658.3160911155792
29,39800,1658.3160911155792
29,39900,1658.3160911155792
29,40000,1658.3160911155792
29,40100,1658.3160911155792
29,40200,1658.3160911155792
29,40300,1658.3160911155792
29,40400,1658.3160911155792
29,40500,1658.3160911155792
29,40600,1658.3160911155792
29,40700,1658.3160911155792
29,40800,1658.3160911155792
29,40900,1658.3160911155792
29,41000,1658.3160911155792
29,41100,1658.3160911155792
29,41200,1658.3160911155792
29,41300,1658.3160911155792
29,41400,1658.3160911155792
29,41500,1658.3160911155792
29,41600,1658.3160911155792
29,41700,1658.3160911155792
29,41800,1658.3160911155792
29,41900,1658.3160911155792
29,42000,1658.3160911155792
29,42100,1658.3160911155792
29,42200,1658.3160911155792
29,42300,1658.3160911155792
29,42400,1658.3160911155792
29,42500,1658.3160911155792
29,42600,1658.3160911155792
29,42700,1658.3160911155792
29,42800,1658.3160911155792
29,42900,1658.3160911155792
29,43000,1658.3160911155792
29,43100,1658.3160911155792
29,43200,1658.3160911155792
29,43300,1658.3160911155792
29,43400,1658.3160911155792
29,43500,1658.3160911155792
29,43600,1658.3160911155792
29,43700,1658.3160911155792
29,43800,1658.3160911155792
29,43900,1658.3160911155792
29,44000,1658.3160911155792
29,44100,1658.3160911155792
29,44200,1658.3160911155792
29,44300,1658.3160911155792
29,44400,1658.3160911155792
29,44500,1658.3160911155792
29,44600,1658.3160911155792
29,44700,1658.3160911155792
29,44800,1658.3160911155792
29,44900,1658.3160911155792
29,45000,1658.3160911155792
29,45100,1658.3160911155792
29,45200,1658.3160911155792
29,45300,1658.3160911155792
29,45400,1658.3160911155792
29,45500,1658.3160911155792
29,45600,1658.3160911155792
29,45700,1658.3160911155792
29,45800,1658.3160911155792
29,45900,1658.3160911155792
29,46000,1658.3160911155792
29,46100,1658.3160911155792
29,46200,1658.3160911155792
29,46300,1658.3160911155792
29,46400,1658.3160911155792
29,46500,1658.3160911155792
29,46600,1658.3160911155792
29,46700,1658.3160911155792
29,46800,1658.3160911155792
29,46900,1658.3160911155792
29,47000,1658.3160911155792
29,47100,1658.3160911155792
29,47200,1658.3160911155792
29,47300,1658.3160911155792
29,47400,1658.3160911155792
29,47500,1658.3160911155792
29,47600,1658.3160911155792
29,47700,1658.3160911155792
29,47800,1658.3160911155792
29,47900,1658.3160911155792
29,48000,1658.3160911155792
29,48100,1658.3160911155792
29,48200,1658.3160911155792
29,48300,1658.3160911155792
29,48400,1658.3160911155792
29,48500,1658.3160911155792
29,48600,1658.3160911155792
29,48700,1658.3160911155792
29,48800,1658.3160911155792
29,48900,1658.3160911155792
29,49000,1658.3160911155792
29,49100,1658.3160911155792
29,49200,1658.3160911155792
29,49300,1658.3160911155792
29,49400,1658.3160911155792
29,49500,1658.3160911155792
29,49600,1658.3160911155792
29,49700,1658.3160911155792
29,49800,1658.3160911155792
29,49900,1658.3160911155792
29,50000,1658.3160911155792
